rec_cc,sup_cc,yr,tiv
2,20,1950,342.0
2,20,1951,413.25
2,20,1952,623.25
2,20,1953,413.25
2,20,1954,432.25
2,20,1955,361.0
2,20,1956,382.0
2,20,1957,382.0
2,20,1958,382.0
2,20,1959,397.0
2,20,1960,382.0
2,20,1961,938.25
2,20,1962,938.25
2,20,1963,938.25
2,20,1964,938.25
2,20,1965,52.88
2,20,1970,33.5
2,20,1971,143.5
2,20,1972,33.5
2,20,1973,33.5
2,20,1974,33.5
2,20,1975,33.5
2,20,1979,0.7
2,20,1983,113.94
2,20,1984,113.94
2,20,1985,211.74
2,20,1986,212.34
2,20,1987,211.74
2,20,1988,131.94
2,20,1989,3.6
2,20,1991,12.5
2,20,1993,71.4
2,20,1994,71.4
2,20,1995,170.7
2,20,1997,5.1
2,20,1998,5.1
2,20,1999,374.0
2,20,2000,374.0
2,20,2001,398.5
2,20,2002,1234.2
2,20,2003,1035.4
2,20,2004,1010.9
2,20,2005,1209.7
2,20,2006,1209.7
2,20,2007,1401.7
2,20,2008,764.8
2,20,2009,930.7
2,20,2010,738.7
2,20,2011,672.8
2,20,2012,651.4
2,20,2013,461.6
2,20,2014,374.0
2,20,2015,376.0
2,20,2016,374.0
2,20,2021,6.0
2,20,2022,131.5
2,20,2023,130.0
2,20,2024,130.0
2,20,2025,189.0
2,135,2001,4.4
2,140,2021,13.5
2,140,2022,13.5
2,200,1950,3580.0
2,200,1951,3580.0
2,200,1952,6040.0
2,200,1953,9870.0
2,200,1954,9870.0
2,200,1955,9870.0
2,200,1956,10050.0
2,200,1957,9870.0
2,200,1958,6040.0
2,200,1959,6040.0
2,200,1960,2760.0
2,200,1971,4009.3
2,200,1972,4009.3
2,200,1973,3919.3
2,200,1974,3919.3
2,200,1975,2955.4
2,200,1976,2955.4
2,200,1977,2680.0
2,200,1978,2680.0
2,200,1979,2680.0
2,200,1980,2680.0
2,200,1981,2898.68
2,200,1982,2830.0
2,200,1983,4133.34
2,200,1984,3949.0
2,200,1985,1350.34
2,200,1986,1038.0
2,200,1987,5376.02
2,200,1988,5345.2
2,200,1989,5554.4
2,200,1990,3306.2
2,200,1991,1266.6
2,200,1992,3315.1
2,200,1993,3421.08
2,200,1994,3403.2799999999997
2,200,1995,3398.18
2,200,1996,3380.1
2,200,1997,2957.0
2,200,1998,2057.0
2,200,1999,2387.0
2,200,2000,2376.5
2,200,2001,2345.0
2,200,2002,3363.0
2,200,2003,2349.0
2,200,2004,3363.0
2,200,2005,3363.0
2,200,2006,3208.0
2,200,2007,3208.0
2,200,2008,3626.0
2,200,2009,3242.0
2,200,2010,1235.0
2,200,2011,1235.0
2,200,2012,1685.52
2,200,2013,1229.52
2,200,2015,384.0
2,200,2016,432.0
2,200,2017,384.0
2,200,2018,384.0
2,200,2019,1432.0
2,200,2020,1400.0
2,200,2021,1018.0
2,200,2022,1384.0
2,200,2023,1384.0
2,200,2024,1384.0
2,200,2025,1384.0
2,210,1976,510.0
2,210,1977,510.0
2,210,1979,510.0
2,210,1980,510.0
2,210,1981,510.0
2,210,1982,510.0
2,210,1983,510.0
2,210,1984,515.0
2,210,1985,510.0
2,210,1986,510.0
2,210,1987,510.0
2,210,1988,510.0
2,210,1989,510.0
2,210,1990,510.0
2,210,1991,510.0
2,210,1992,510.0
2,210,2007,16.8
2,210,2008,16.8
2,210,2009,16.8
2,210,2012,954.8
2,210,2013,939.4
2,210,2014,939.4
2,210,2015,939.4
2,210,2016,939.4
2,210,2017,939.4
2,210,2018,939.4
2,210,2019,1035.4
2,210,2020,939.4
2,210,2021,1035.4
2,210,2022,939.4
2,210,2023,939.4
2,210,2024,939.4
2,210,2025,939.4
2,220,1960,50.0
2,220,1961,550.0
2,220,1962,500.0
2,220,1963,650.0
2,220,1964,650.0
2,220,1965,650.0
2,220,1966,650.0
2,220,1967,500.0
2,220,1968,500.0
2,220,1969,500.0
2,220,1970,500.0
2,220,1971,18.0
2,220,1972,18.0
2,220,1973,18.0
2,220,1974,18.0
2,220,1977,430.5
2,220,1978,430.5
2,220,1979,430.5
2,220,1980,430.5
2,220,1981,430.5
2,220,1982,430.5
2,220,1983,430.5
2,220,1984,328.25
2,220,1985,472.25
2,220,1986,632.25
2,220,1987,632.25
2,220,1988,488.25
2,220,1989,632.25
2,220,1990,346.75
2,220,1991,346.75
2,220,1992,346.75
2,220,1993,202.75
2,220,1995,304.0
2,220,1996,304.0
2,220,1998,144.0
2,220,2005,556.0
2,220,2006,712.0
2,220,2007,712.0
2,220,2008,677.8
2,220,2009,712.0
2,220,2010,575.8
2,220,2011,575.8
2,220,2012,833.8
2,220,2013,731.8
2,220,2014,712.0
2,220,2015,658.0
2,220,2016,814.0
2,220,2017,814.0
2,220,2018,658.0
2,220,2019,742.6
2,220,2020,1030.6
2,220,2021,844.0
2,220,2022,1102.0
2,220,2023,946.0
2,220,2024,1150.0
2,220,2025,438.0
2,225,1962,11.7
2,225,1963,11.7
2,225,1964,11.7
2,225,1965,11.7
2,225,1966,11.7
2,225,1967,11.7
2,225,1970,6.4
2,225,1971,10.4
2,225,1972,10.4
2,225,1978,1.6
2,225,1979,2.5
2,225,1989,80.0
2,225,1990,80.0
2,225,1999,1496.0
2,225,2000,1496.0
2,225,2001,1496.0
2,225,2002,1496.0
2,225,2003,1680.8
2,225,2004,1704.8
2,225,2005,1691.8999999999999
2,225,2006,1680.8
2,225,2007,1704.8
2,225,2008,1680.8
2,225,2009,1496.0
2,225,2010,1520.0
2,225,2011,1496.0
2,225,2012,1496.0
2,225,2013,1496.0
2,225,2014,1496.0
2,225,2015,1504.0
2,225,2016,1496.0
2,230,1986,41.8
2,230,1987,41.8
2,230,1988,41.8
2,230,1989,41.8
2,230,1990,41.8
2,230,2007,306.0
2,230,2008,306.0
2,230,2009,306.0
2,230,2010,306.0
2,230,2011,306.0
2,230,2012,306.0
2,230,2013,306.0
2,230,2014,306.0
2,230,2019,159.6
2,230,2020,159.6
2,230,2021,37.5
2,255,1977,71.4
2,255,1978,71.4
2,255,1979,71.4
2,255,1980,341.4
2,255,1981,341.4
2,255,1988,1.75
2,255,1990,8.4
2,255,1991,143.55
2,255,1992,31.950000000000003
2,255,1993,87.5
2,255,1994,22.05
2,255,1999,17.8
2,255,2006,1394.5
2,255,2007,1124.5
2,255,2008,1454.5
2,255,2009,1191.75
2,255,2010,1673.75
2,255,2011,1175.5
2,255,2012,1505.5
2,255,2013,1175.5
2,255,2014,1606.5
2,255,2015,2110.25
2,255,2016,928.15
2,255,2017,985.75
2,255,2018,925.75
2,255,2019,985.75
2,255,2020,925.75
2,255,2021,985.75
2,255,2022,965.75
2,255,2023,965.75
2,255,2024,1025.75
2,255,2025,925.75
2,290,1986,5.44
2,290,2009,24.75
2,290,2010,24.75
2,290,2011,24.75
2,290,2012,16.5
2,290,2013,121.0
2,305,2000,9.9
2,305,2001,9.9
2,305,2006,9.9
2,305,2007,9.9
2,305,2009,3.0
2,305,2010,2.0
2,305,2011,2.0
2,305,2024,1.5
2,316,2015,84.0
2,316,2016,84.0
2,316,2017,84.0
2,316,2018,84.0
2,325,1977,205.0
2,325,1979,205.0
2,325,1980,205.0
2,325,1981,205.0
2,325,1982,205.0
2,325,1983,205.0
2,325,1984,205.0
2,325,1985,370.0
2,325,1986,205.0
2,325,1987,205.0
2,325,1988,205.0
2,325,1989,205.0
2,325,1990,206.68
2,325,1991,333.0
2,325,1992,333.0
2,325,1993,651.12
2,325,1994,651.12
2,325,1995,651.12
2,325,1996,651.12
2,325,1997,651.12
2,325,1998,651.12
2,325,1999,651.12
2,325,2000,22.0
2,325,2001,22.0
2,325,2004,5.5
2,325,2008,336.0
2,325,2009,336.0
2,325,2010,336.0
2,325,2011,336.0
2,325,2012,336.0
2,325,2013,336.0
2,325,2014,336.0
2,325,2020,173.25
2,325,2021,465.75
2,325,2022,573.75
2,325,2023,599.75
2,325,2024,599.75
2,325,2025,573.75
2,355,2002,2.9
2,355,2003,6.6
2,355,2014,6.1
2,359,1997,217.42
2,365,2012,17.4
2,369,2003,50.0
2,369,2005,1.6
2,380,2004,15.0
2,380,2008,112.5
2,380,2010,255.0
2,380,2012,112.5
2,380,2014,255.0
2,380,2015,255.0
2,380,2016,255.0
2,380,2017,255.0
2,380,2018,380.64
2,380,2019,380.64
2,380,2020,388.14
2,380,2021,380.64
2,380,2022,270.0
2,380,2023,255.0
2,380,2024,255.0
2,380,2025,255.0
2,385,1962,120.0
2,385,1964,120.0
2,385,1967,120.0
2,385,1968,120.0
2,385,1991,25.6
2,385,1992,25.6
2,385,1993,25.6
2,385,1994,26.4
2,385,1999,4.8
2,385,2000,4.8
2,385,2001,4.8
2,385,2002,4.8
2,385,2004,10.0
2,385,2017,66.4
2,385,2018,66.4
2,385,2019,484.0
2,385,2021,484.0
2,385,2022,484.0
2,385,2023,510.4
2,385,2024,510.4
2,385,2025,484.0
2,390,1993,309.28
2,390,1994,310.0
2,390,1995,49.28
2,390,1996,49.28
2,483,1987,19.560000000000002
2,560,1996,0.9
2,560,2003,0.72
2,560,2004,235.98
2,560,2005,235.98
2,560,2006,235.98
2,560,2007,235.98
2,560,2008,235.98
2,560,2009,139.14
2,560,2010,184.14
2,560,2011,4.86
2,560,2019,96.0
2,560,2020,96.0
2,560,2021,96.0
2,651,1977,102.72
2,651,1978,102.72
2,651,1979,20.8
2,651,1980,20.8
2,663,1994,35.6
2,663,2016,88.2
2,663,2017,88.2
2,663,2020,182.4
2,663,2021,182.4
2,663,2022,182.4
2,666,1985,57.6
2,666,1987,67.2
2,666,1988,4.8
2,666,1989,4.8
2,666,1990,4.8
2,666,1991,390.9
2,666,1992,390.9
2,666,1993,454.5
2,666,1994,332.1
2,666,1995,377.1
2,666,1996,332.1
2,666,1997,358.5
2,666,1998,63.0
2,666,2000,303.8
2,666,2001,394.0
2,666,2002,430.65
2,666,2003,334.4
2,666,2004,415.85
2,666,2005,378.25
2,666,2006,137.25
2,666,2007,131.85
2,666,2008,15.0
2,666,2009,128.25
2,666,2010,128.25
2,666,2011,250.0
2,666,2012,250.0
2,666,2013,250.0
2,666,2014,250.0
2,666,2015,250.0
2,666,2016,257.5
2,666,2017,257.5
2,666,2018,85.0
2,666,2019,85.0
2,666,2020,72.0
2,666,2021,396.53999999999996
2,666,2022,277.03999999999996
2,666,2023,304.34
2,666,2024,304.34
2,666,2025,80.0
2,670,2006,17.8
2,713,1967,12.0
2,732,2014,40.8
2,740,1991,648.0
2,740,1992,648.0
2,740,1993,648.0
2,740,1994,648.0
2,740,1995,648.0
2,740,1996,648.0
2,740,1997,648.0
2,740,2007,40.0
2,740,2025,15.0
2,817,1970,9.6
2,830,2020,96.0
2,830,2021,96.0
2,900,1986,124.6
2,900,1987,124.6
2,900,1994,42.0
2,900,1995,42.0
2,900,2001,42.0
2,900,2002,30.0
2,900,2003,30.0
2,900,2004,1.68
2,900,2011,96.0
2,900,2012,30.0
2,900,2013,420.0
2,900,2014,420.0
2,900,2015,420.0
2,900,2016,420.0
2,900,2017,420.0
2,900,2018,420.0
2,900,2019,420.0
2,900,2020,420.0
2,900,2021,5.4
2,900,2023,420.0
2,900,2024,420.0
2,900,2025,420.0
2,920,2012,75.2
20,2,1950,589.08
20,2,1951,838.1800000000001
20,2,1952,2567.08
20,2,1953,5198.35
20,2,1954,3056.89
20,2,1955,3532.55
20,2,1956,3531.08
20,2,1957,1151.41
20,2,1958,729.95
20,2,1959,628.0
20,2,1960,278.0
20,2,1961,3783.25
20,2,1962,3024.7799999999997
20,2,1963,3110.08
20,2,1964,3270.2
20,2,1965,1349.5
20,2,1966,1202.5
20,2,1967,613.5
20,2,1968,1582.53
20,2,1969,1092.0
20,2,1970,1209.0
20,2,1971,699.8
20,2,1972,363.3
20,2,1973,173.25
20,2,1974,448.25
20,2,1975,480.24
20,2,1976,63.99
20,2,1977,62.5
20,2,1978,62.5
20,2,1979,85.63
20,2,1980,761.85
20,2,1981,773.3299999999999
20,2,1982,4352.13
20,2,1983,4323.78
20,2,1984,4346.28
20,2,1985,4424.52
20,2,1986,4439.54
20,2,1987,4255.52
20,2,1988,4244.64
20,2,1989,42.6
20,2,1990,32.85
20,2,1991,572.5
20,2,1992,627.3
20,2,1993,589.6
20,2,1994,1286.8
20,2,1995,1108.4
20,2,1996,1173.49
20,2,1997,690.1899999999999
20,2,1998,959.54
20,2,1999,325.34999999999997
20,2,2000,389.54999999999995
20,2,2001,341.54999999999995
20,2,2002,417.75
20,2,2003,339.20000000000005
20,2,2004,387.0
20,2,2005,358.05
20,2,2006,340.65000000000003
20,2,2007,854.75
20,2,2008,868.25
20,2,2009,285.05
20,2,2010,808.0
20,2,2011,785.0
20,2,2012,822.66
20,2,2013,400.0
20,2,2014,453.6
20,2,2015,770.6
20,2,2016,897.1
20,2,2017,828.0
20,2,2018,839.28
20,2,2019,809.28
20,2,2020,504.0
20,2,2021,542.4
20,2,2022,555.84
20,2,2023,70.04
20,2,2024,692.64
20,2,2025,633.0
20,200,1950,192.0
20,200,1951,224.68
20,200,1952,218.28
20,200,1953,826.55
20,200,1954,541.5799999999999
20,200,1955,196.15
20,200,1956,197.47
20,200,1957,595.4
20,200,1958,198.5
20,200,1959,198.5
20,200,1962,160.5
20,200,1963,160.5
20,200,1964,153.0
20,200,1965,225.0
20,200,1967,225.0
20,200,1968,225.0
20,200,1972,20.0
20,200,1973,20.0
20,200,1976,30.0
20,200,1977,30.0
20,200,1979,97.5
20,200,1980,97.5
20,200,1981,97.5
20,200,1982,103.5
20,200,1983,6.0
20,200,1990,22.5
20,200,1991,160.5
20,200,1992,97.0
20,200,1993,1.92
20,200,1995,76.0
20,200,1996,76.0
20,200,1997,76.0
20,200,2000,1220.0
20,200,2001,1220.0
20,200,2002,1060.0
20,200,2003,20.0
20,200,2004,1060.0
20,200,2005,32.0
20,200,2006,12.0
20,200,2008,12.0
20,200,2009,25.0
20,200,2010,25.0
20,200,2011,25.0
20,210,1972,48.0
20,210,1973,48.0
20,210,1991,110.0
20,210,1992,218.0
20,210,1993,108.0
20,210,1994,218.0
20,210,1995,108.0
20,210,1996,165.6
20,210,1997,57.6
20,210,1998,57.6
20,210,2008,160.5
20,210,2011,128.0
20,210,2012,128.0
20,210,2013,128.0
20,210,2014,323.0
20,210,2015,323.0
20,210,2016,195.0
20,210,2018,195.0
20,211,2021,90.0
20,211,2022,90.0
20,220,1960,20.0
20,220,1961,20.0
20,220,1962,20.0
20,220,1963,20.0
20,220,1964,3.8
20,220,1965,1.0
20,220,1967,58.4
20,220,1992,36.0
20,220,1993,36.0
20,220,1994,81.0
20,220,1995,81.0
20,220,1996,97.8
20,220,1997,61.8
20,220,1998,45.0
20,220,1999,61.0
20,220,2003,1.2
20,220,2006,1.0
20,225,1979,147.3
20,225,1980,147.3
20,225,1981,147.3
20,225,1982,147.3
20,225,1988,545.0
20,225,1989,124.7
20,225,1990,604.7
20,225,1991,604.7
20,225,1992,539.7
20,225,1993,539.7
20,225,1996,54.81
20,225,1997,54.81
20,225,1998,54.81
20,225,2014,4.8
20,225,2015,4.8
20,225,2016,4.8
20,230,2019,330.0
20,230,2020,330.0
20,230,2021,330.0
20,230,2022,330.0
20,255,1976,285.0
20,255,1977,285.0
20,255,1978,302.2
20,255,1979,285.0
20,255,1990,18.0
20,255,1999,91.84
20,255,2000,91.84
20,255,2001,91.84
20,255,2006,2.16
20,255,2007,41.8
20,255,2008,0.48
20,255,2011,0.48
20,255,2016,63.0
20,255,2017,108.0
20,255,2018,45.0
20,255,2021,30.0
20,255,2022,30.0
20,255,2024,30.0
20,255,2025,32.0
20,325,1969,19.8
20,325,1972,29.0
20,325,1973,29.0
20,325,1991,10.0
20,325,1992,10.0
20,325,1994,10.0
20,325,2001,187.5
20,325,2002,187.5
20,325,2003,187.5
20,350,2017,30.0
20,380,1992,95.0
20,380,1993,95.0
20,380,1994,95.0
20,380,1995,95.0
20,380,1996,95.0
20,380,2014,60.0
20,380,2015,60.0
20,380,2016,60.0
20,380,2018,60.0
20,380,2020,1.4
20,380,2021,1.4
20,380,2024,8.8
20,380,2025,8.8
20,385,1987,43.2
20,385,1988,43.2
20,390,2007,0.8
20,390,2021,19.0
20,390,2022,19.0
20,390,2024,19.0
20,560,1999,0.36
20,560,2003,0.18
20,560,2006,13.5
20,666,2008,9.0
20,666,2017,125.0
20,666,2018,125.0
20,666,2019,162.5
20,666,2020,37.5
20,666,2021,37.5
20,666,2022,37.5
20,696,1986,22.4
20,696,2023,92.0
20,696,2024,92.0
20,703,2008,14.4
20,800,2024,10.0
20,900,2006,68.0
20,900,2007,68.0
20,900,2008,68.0
20,900,2019,270.0
20,900,2020,270.0
20,900,2021,270.0
31,2,1990,1.9
31,2,1991,3.0
31,2,2000,33.0
31,2,2005,2.85
31,2,2009,1.0
31,200,1978,10.5
31,200,1986,33.0
31,210,2014,40.0
31,210,2015,63.2
31,210,2016,37.2
31,210,2017,23.2
31,325,2009,0.35
31,710,2017,0.3
40,2,1951,8.68
40,2,1952,24.84
40,2,1953,24.84
40,2,1954,20.0
40,2,1955,3.2
40,2,1956,38.58
40,2,1957,42.769999999999996
40,2,1959,1.44
40,20,1957,1.14
40,93,1958,1.92
40,200,1958,30.240000000000002
40,200,1959,22.44
40,315,1960,38.0
40,315,1961,30.2
40,315,1962,3.0
40,315,1963,3.0
40,315,1965,8.0
40,315,1966,8.0
40,315,1976,1.0
40,315,1982,105.0
40,365,1960,174.82
40,365,1961,1104.56
40,365,1962,2003.76
40,365,1963,905.2
40,365,1964,1703.2
40,365,1965,1525.0
40,365,1966,1699.5
40,365,1967,1539.0
40,365,1968,1650.0
40,365,1969,1650.48
40,365,1970,1650.0
40,365,1971,1671.6
40,365,1972,2531.1
40,365,1973,2373.6
40,365,1974,2352.0
40,365,1975,1876.0
40,365,1976,1426.0
40,365,1977,2177.1
40,365,1978,1969.0
40,365,1979,1788.5
40,365,1980,1445.0
40,365,1981,2997.3
40,365,1982,2752.05
40,365,1983,2495.2
40,365,1984,1301.0
40,365,1985,638.22
40,365,1986,548.0
40,365,1987,286.0
40,365,1988,364.0
40,365,1989,277.8
40,365,1990,353.3
40,365,1991,339.8
40,365,2004,8.26
41,2,1950,4.08
41,2,1952,3.3600000000000003
41,2,1956,4.02
41,2,1957,1.0
41,2,1960,5.72
41,2,1964,0.95
41,2,1969,1.5
41,2,1973,6.28
41,2,1974,6.04
41,2,1975,0.7
41,2,1976,0.95
41,2,1977,0.15
41,2,1978,8.62
41,2,1982,0.5
41,2,1983,0.24
41,20,1983,2.5
41,20,1985,1.6
41,20,2025,0.98
41,200,1983,0.6
41,325,1982,3.12
41,325,1985,8.0
41,600,1969,6.3
41,666,1981,2.75
42,2,1950,2.38
42,2,1951,10.8
42,2,1952,9.8
42,2,1953,21.0
42,2,1954,2.48
42,2,1956,0.52
42,2,1957,0.96
42,2,1958,2.1
42,2,1959,17.96
42,2,1960,6.4
42,2,1961,25.33
42,2,1963,7.0
42,2,1964,4.0
42,2,1965,10.0
42,2,1966,9.0
42,2,1967,1.0
42,2,1970,0.86
42,2,1971,1.68
42,2,1972,6.8
42,2,1973,0.24
42,2,1975,2.0
42,2,1976,12.0
42,2,1980,8.559999999999999
42,2,1981,20.96
42,2,1982,34.8
42,2,1984,25.2
42,2,1985,0.24
42,2,1988,1.8399999999999999
42,2,1996,4.0
42,2,1998,6.29
42,2,2001,5.02
42,2,2002,1.02
42,2,2003,17.16
42,2,2004,44.96
42,2,2015,0.5
42,2,2016,0.25
42,2,2020,4.25
42,2,2022,11.18
42,2,2023,8.0
42,2,2024,2.0
42,2,2025,4.25
42,20,1951,0.38
42,20,1962,0.3
42,20,2005,2.24
42,20,2009,4.0
42,20,2010,4.0
42,140,2009,36.0
42,140,2010,36.0
42,155,1999,2.24
42,155,2000,2.24
42,220,1958,14.9
42,220,1964,0.95
42,220,1968,0.75
42,220,1969,0.12
42,220,1988,0.75
42,230,1982,6.0
42,230,2000,11.399999999999999
42,230,2023,3.36
42,230,2024,0.78
42,325,2023,0.84
42,325,2024,16.0
42,325,2025,16.84
42,380,1952,33.6
42,380,1955,12.0
42,380,1956,12.0
42,380,1960,2.8
42,666,2010,33.0
42,666,2011,18.0
42,740,1985,1.7
51,2,1963,1.2
51,2,1964,0.48
51,2,1971,0.7
51,2,1973,12.5
51,2,1974,6.8999999999999995
51,2,1975,5.65
51,2,1976,2.8
51,2,1978,5.6
51,2,1981,0.48
51,2,1985,5.0
51,2,1986,2.9
51,2,1989,4.19
51,2,1998,15.0
51,2,1999,15.0
51,2,2007,5.2
51,2,2008,5.9
51,2,2010,0.7
51,2,2015,0.36
51,2,2016,0.36
51,2,2018,20.9
51,2,2019,8.4
51,2,2021,16.78
51,20,1967,2.5
51,20,1977,2.5
51,20,2006,0.3
51,20,2007,0.3
51,200,1962,0.72
51,200,1974,0.6
51,200,1977,0.6
51,210,2005,30.0
51,210,2006,30.0
51,210,2007,30.0
51,210,2016,20.0
51,210,2020,20.0
51,210,2021,20.0
51,210,2023,20.0
51,210,2024,20.0
51,220,1999,5.2
51,305,2013,0.7
51,305,2018,0.6
51,900,2015,4.2
51,900,2016,4.2
51,900,2021,2.1
52,2,1966,0.35
52,2,1980,0.95
52,2,1981,6.0
52,2,1987,0.35
52,2,2000,3.2300000000000004
52,2,2001,0.99
52,2,2002,1.5
52,2,2007,5.92
52,2,2011,24.0
52,2,2012,24.0
52,200,1965,10.5
52,200,1972,10.5
52,200,2000,8.0
52,210,2015,60.0
52,210,2016,40.0
52,220,1973,1.6
52,380,1980,21.0
52,710,2015,16.0
52,900,2010,24.0
52,900,2021,32.0
53,2,1984,0.95
53,200,1981,9.3
53,210,2007,30.0
53,210,2008,30.0
53,210,2009,30.0
55,365,1982,1.2
57,2,1987,3.9
58,42,2022,0.24
60,2,1985,5.5
70,2,1951,6.640000000000001
70,2,1953,12.2
70,2,1958,16.0
70,2,1959,2.26
70,2,1960,8.879999999999999
70,2,1961,25.8
70,2,1962,112.68
70,2,1963,59.599999999999994
70,2,1964,42.44
70,2,1966,22.0
70,2,1967,15.31
70,2,1970,82.21
70,2,1971,63.089999999999996
70,2,1972,28.34
70,2,1973,169.88
70,2,1974,16.5
70,2,1975,25.78
70,2,1976,34.0
70,2,1977,32.599999999999994
70,2,1978,58.2
70,2,1979,0.56
70,2,1981,70.0
70,2,1982,245.36
70,2,1983,2.7
70,2,1986,5.04
70,2,1987,232.8
70,2,1988,203.8
70,2,1989,198.8
70,2,1990,44.48
70,2,1991,20.78
70,2,1992,6.800000000000001
70,2,1993,266.40000000000003
70,2,1994,64.06
70,2,1996,177.56
70,2,1997,280.02
70,2,1998,34.78
70,2,1999,67.94
70,2,2000,175.77
70,2,2001,199.14
70,2,2002,103.34
70,2,2003,28.8
70,2,2004,105.1
70,2,2005,20.0
70,2,2006,41.8
70,2,2008,23.0
70,2,2009,27.0
70,2,2010,47.8
70,2,2011,138.3
70,2,2012,124.62
70,2,2013,52.82
70,2,2014,36.22
70,2,2015,465.1
70,2,2016,490.17
70,2,2017,254.25
70,2,2018,23.0
70,2,2020,20.42
70,2,2025,8.8
70,20,1960,17.4
70,20,1961,17.4
70,20,1976,6.4
70,20,1979,13.3
70,20,1980,52.959999999999994
70,20,1981,13.3
70,20,1982,5.95
70,20,1983,5.95
70,20,1986,34.05
70,20,1987,34.05
70,20,1988,11.55
70,20,1989,11.55
70,20,1990,11.55
70,20,1991,11.55
70,20,1992,11.55
70,20,2002,9.0
70,20,2006,0.7
70,20,2009,3.0
70,20,2010,7.5
70,20,2011,12.0
70,20,2012,3.0
70,20,2014,15.7
70,20,2015,12.0
70,20,2016,21.85
70,20,2017,15.85
70,20,2018,3.85
70,100,2002,5.8
70,140,2004,36.0
70,200,1961,0.72
70,200,1962,1.8
70,200,1971,3.6
70,200,1974,204.6
70,200,1975,204.6
70,200,1976,219.6
70,200,1977,22.2
70,200,1978,204.6
70,200,1979,204.6
70,200,1980,204.6
70,200,1982,204.6
70,210,1972,3.0
70,210,2012,20.0
70,210,2014,30.0
70,210,2015,80.0
70,210,2016,60.0
70,210,2017,50.0
70,210,2020,245.5
70,211,1994,87.0
70,211,1995,87.0
70,211,1996,79.4
70,220,1965,8.55
70,220,1972,4.75
70,220,1973,4.75
70,220,1979,30.0
70,220,1981,32.0
70,220,1982,35.12
70,220,1985,5.6
70,220,1986,69.44
70,220,1988,16.32
70,220,1992,5.2
70,220,1993,5.2
70,220,2005,6.5
70,220,2010,15.0
70,220,2011,48.0
70,220,2012,120.0
70,220,2013,48.0
70,220,2014,48.0
70,220,2016,66.0
70,220,2017,50.0
70,220,2018,8.0
70,220,2020,9.0
70,225,1977,3.6
70,225,1978,3.6
70,225,1979,47.5
70,225,1980,47.5
70,225,1981,47.5
70,225,1982,21.25
70,225,1983,21.25
70,225,1986,41.25
70,225,1987,41.25
70,225,1988,41.25
70,225,1989,41.25
70,225,1990,41.25
70,225,1991,41.25
70,225,1992,44.45
70,225,2006,3.8
70,230,1982,150.0
70,230,1983,150.0
70,230,1986,62.5
70,230,1987,62.5
70,230,1991,7.6
70,230,2009,25.0
70,230,2010,96.5
70,230,2011,168.0
70,230,2012,68.0
70,230,2015,84.0
70,255,1964,6.4
70,255,1965,6.4
70,255,1982,7.2
70,255,1986,7.2
70,255,1991,12.0
70,255,1994,12.0
70,255,2004,6.5
70,255,2015,10.0
70,316,2002,1.0
70,316,2013,2.0
70,316,2014,2.0
70,316,2015,0.34
70,325,1985,0.9
70,325,1995,2.5
70,325,2000,7.2
70,325,2001,7.2
70,325,2003,20.0
70,325,2011,84.0
70,325,2012,84.0
70,345,1985,3.6
70,365,1994,58.0
70,365,1995,58.0
70,365,1996,72.0
70,365,1997,217.0
70,365,1999,87.0
70,365,2000,64.8
70,365,2002,2.4
70,365,2006,36.25
70,365,2010,7.25
70,365,2012,21.75
70,369,1997,44.0
70,369,1998,44.0
70,369,1999,44.0
70,369,2000,17.6
70,375,1992,13.5
70,375,1993,13.5
70,375,1994,13.5
70,375,1995,13.5
70,380,1999,20.0
70,380,2000,20.0
70,380,2001,20.0
70,380,2003,20.0
70,380,2004,30.0
70,380,2016,10.0
70,380,2017,10.0
70,380,2018,10.0
70,380,2020,2.5
70,380,2021,10.0
70,666,1973,13.75
70,666,1974,13.75
70,666,1976,13.75
70,666,1978,15.0
70,666,1979,15.0
70,666,1991,11.0
70,666,1992,11.0
70,666,1993,11.0
70,666,1994,11.0
70,666,2002,19.2
70,666,2004,157.98
70,666,2005,26.4
70,666,2009,4.0
70,666,2015,8.0
70,666,2016,29.0
70,666,2017,0.2
70,694,2006,2.24
70,696,2023,47.6
70,696,2024,50.64
70,710,2006,5.85
80,2,1996,0.18
80,2,2023,1.0
80,200,1984,0.48
80,200,1996,0.16
80,200,2000,0.6
80,713,2016,2.1
90,2,1951,6.0
90,2,1954,10.4
90,2,1955,15.68
90,2,1956,10.9
90,2,1960,16.0
90,2,1962,0.8999999999999999
90,2,1963,7.6
90,2,1964,8.46
90,2,1965,4.96
90,2,1967,1.3
90,2,1968,15.94
90,2,1969,1.12
90,2,1971,45.28
90,2,1972,1.0
90,2,1973,0.4
90,2,1974,25.0
90,2,1975,37.6
90,2,1976,7.119999999999999
90,2,1980,4.2
90,2,1981,51.0
90,2,1982,38.6
90,2,1984,6.8
90,2,1986,1.6
90,2,1993,21.25
90,2,1994,21.25
90,2,1995,21.25
90,2,2018,5.28
90,2,2019,4.0
90,2,2022,10.0
90,2,2023,5.55
90,20,1979,4.2
90,20,1980,4.2
90,20,1981,4.2
90,20,2019,2.5
90,93,1955,0.8
90,100,2019,10.0
90,101,2008,0.4
90,155,1998,0.92
90,220,1974,4.75
90,225,1979,15.0
90,225,1980,15.0
90,225,1981,15.0
90,230,1981,3.0
90,230,2015,33.0
90,345,1985,25.2
90,380,1959,5.32
90,663,1989,3.6
90,666,1975,27.5
90,666,1976,27.5
90,666,1977,1.2
90,666,1978,1.2
90,666,1983,1.1
90,713,1996,2.1
90,713,2012,2.1
91,2,1951,1.44
91,2,1952,1.7000000000000002
91,2,1954,1.4
91,2,1956,16.64
91,2,1957,1.2
91,2,1958,20.2
91,2,1959,0.54
91,2,1962,13.74
91,2,1965,0.54
91,2,1966,4.72
91,2,1969,2.0
91,2,1973,2.25
91,2,1975,31.44
91,2,1976,6.41
91,2,1977,11.1
91,2,1979,8.5
91,2,1980,13.16
91,2,1981,13.48
91,2,1982,34.59
91,2,1983,17.8
91,2,1984,18.62
91,2,1985,17.689999999999998
91,2,1986,81.24
91,2,1987,50.4
91,2,1988,82.8
91,2,1989,50.4
91,2,2008,0.4
91,2,2011,0.4
91,2,2012,0.4
91,2,2015,3.0
91,2,2018,3.0
91,2,2020,0.48
91,2,2021,4.25
91,20,1985,4.2
91,20,1986,4.2
91,94,1969,2.0
91,100,2017,10.0
91,101,1969,16.0
91,140,1985,22.8
91,140,1986,22.8
91,160,1981,15.0
91,160,1982,15.0
91,160,1983,15.0
91,200,1981,12.700000000000001
91,210,1966,1.0
91,210,2013,20.0
91,230,1984,13.6
91,230,1985,13.6
91,255,1983,20.16
91,255,2024,6.5
91,345,1976,8.4
91,600,1978,5.6
91,666,1976,31.5
91,666,1977,47.42
91,666,1978,51.2
91,666,2014,13.0
91,666,2019,22.5
91,713,2015,4.19
92,2,1950,0.4
92,2,1954,0.57
92,2,1955,1.44
92,2,1957,16.5
92,2,1963,1.62
92,2,1965,1.62
92,2,1966,1.62
92,2,1967,1.62
92,2,1968,12.04
92,2,1969,11.0
92,2,1970,16.8
92,2,1971,0.7
92,2,1974,9.4
92,2,1975,14.1
92,2,1976,10.48
92,2,1977,8.43
92,2,1978,1.51
92,2,1979,0.71
92,2,1980,10.48
92,2,1981,14.030000000000001
92,2,1982,52.17
92,2,1983,32.93
92,2,1984,88.05
92,2,1985,61.160000000000004
92,2,1986,7.8
92,2,1991,24.880000000000003
92,2,1992,8.5
92,2,1995,8.5
92,2,1996,8.5
92,2,1998,1.5
92,2,2002,29.0
92,2,2003,25.0
92,2,2009,9.75
92,2,2010,9.75
92,2,2011,9.75
92,2,2012,11.85
92,2,2013,9.75
92,2,2014,9.75
92,2,2017,0.7
92,2,2020,4.08
92,2,2021,4.25
92,2,2022,6.5
92,2,2023,1.0
92,2,2024,0.2
92,2,2025,2.96
92,155,1998,0.92
92,155,2014,20.0
92,220,1973,0.95
92,220,1976,8.4
92,220,1979,9.53
92,220,1980,8.120000000000001
92,230,2019,2.16
92,255,1971,1.5
92,255,1975,1.5
92,255,1993,1.8
92,345,1977,8.1
92,345,1978,8.1
92,345,1979,8.1
92,345,1983,7.5
92,345,1984,7.5
92,640,2023,3.3
92,666,1974,50.620000000000005
92,666,1975,49.42
92,666,2008,3.3
92,666,2018,1.12
92,666,2022,0.7
93,2,1953,3.0
93,2,1954,14.64
93,2,1955,4.859999999999999
93,2,1956,1.12
93,2,1958,6.0
93,2,1960,2.16
93,2,1961,8.0
93,2,1962,7.0
93,2,1963,14.44
93,2,1964,6.18
93,2,1965,0.2
93,2,1966,1.8
93,2,1971,4.9
93,2,1972,9.379999999999999
93,2,1973,9.02
93,2,1976,7.66
93,2,1978,13.1
93,90,1955,0.84
93,210,2019,13.2
93,220,1982,1.9
93,230,1977,19.0
93,230,2007,14.0
93,355,1983,1.5
93,365,1981,183.98999999999998
93,365,1982,186.27
93,365,1983,199.77
93,365,1984,367.13
93,365,1985,276.31
93,365,1986,225.42999999999998
93,365,1987,189.28
93,365,1988,124.28
93,365,1989,13.6
93,365,1990,132.0
93,365,2009,14.5
93,365,2014,27.09
93,365,2015,27.09
93,365,2016,85.8
93,365,2017,6.8
93,380,1955,20.8
93,620,1982,30.58
93,620,1983,4.0
93,666,1957,2.4
93,666,1973,5.5
93,710,1985,1.65
94,2,1955,3.2
94,2,1963,0.54
94,2,1966,0.4
94,2,1973,1.4
94,2,1975,2.76
94,2,1978,5.5
94,2,1980,0.44
94,2,1985,1.4
94,2,1986,1.17
94,2,1989,1.56
94,2,2018,0.18
94,2,2019,7.5
94,93,1993,2.9
94,95,1979,1.68
94,255,1956,0.16
94,255,1984,0.15
95,2,1964,0.18
95,2,1968,0.9
95,2,1969,3.0
95,2,1970,2.0
95,2,1971,18.34
95,2,1972,1.92
95,2,1973,13.860000000000001
95,2,1975,23.3
95,2,1976,10.08
95,2,1977,10.28
95,2,1978,2.25
95,2,1982,5.0
95,2,1983,6.15
95,2,1984,0.25
95,2,1985,7.4
95,2,1988,1.0
95,20,1970,2.5
95,20,1973,5.0
95,20,1975,5.0
95,20,1980,2.5
95,155,1988,1.12
95,155,1989,1.68
95,200,1970,10.5
95,200,1975,1.2
95,200,1978,2.5
95,211,1983,1.8
95,230,1981,11.4
95,230,1982,11.4
95,230,1988,20.4
100,2,1950,3.36
100,2,1951,3.72
100,2,1952,23.0
100,2,1953,23.0
100,2,1954,61.0
100,2,1955,4.92
100,2,1956,41.6
100,2,1957,48.980000000000004
100,2,1958,32.22
100,2,1959,1.44
100,2,1960,22.080000000000002
100,2,1961,75.34
100,2,1962,23.119999999999997
100,2,1963,39.14
100,2,1964,6.12
100,2,1965,18.0
100,2,1966,32.18
100,2,1967,15.0
100,2,1968,33.15
100,2,1969,119.76
100,2,1970,2.62
100,2,1971,26.6
100,2,1972,63.2
100,2,1973,54.85
100,2,1976,9.68
100,2,1977,7.56
100,2,1978,12.0
100,2,1979,36.0
100,2,1980,24.0
100,2,1981,42.92
100,2,1982,21.5
100,2,1983,74.4
100,2,1984,121.17999999999999
100,2,1985,7.4
100,2,1986,6.300000000000001
100,2,1987,11.4
100,2,1988,43.9
100,2,1989,122.9
100,2,1990,20.6
100,2,1991,102.87
100,2,1992,29.830000000000002
100,2,1993,76.08
100,2,1994,86.19999999999999
100,2,1995,79.25
100,2,1996,70.0
100,2,1997,154.25
100,2,1998,134.14
100,2,1999,126.6
100,2,2000,164.8
100,2,2001,367.28
100,2,2002,245.79999999999998
100,2,2003,160.0
100,2,2005,12.75
100,2,2006,67.75
100,2,2007,172.05
100,2,2008,30.15
100,2,2009,175.99
100,2,2010,81.43
100,2,2011,109.0
100,2,2012,113.7
100,2,2013,164.42
100,2,2014,80.95
100,2,2015,85.8
100,2,2016,48.6
100,2,2017,58.0
100,2,2018,31.0
100,2,2019,55.05
100,2,2020,64.6
100,2,2021,92.73
100,2,2022,83.98
100,2,2023,20.52
100,2,2024,50.08
100,2,2025,61.120000000000005
100,20,1951,7.6
100,20,1952,7.6
100,20,1956,27.0
100,20,1964,3.2
100,20,1991,2.0
100,20,1992,4.9
100,20,1993,4.9
100,20,2003,5.0
100,20,2006,12.5
100,20,2007,12.5
100,20,2008,18.5
100,20,2009,6.0
100,20,2010,2.5
100,20,2013,3.0
100,20,2014,13.12
100,20,2021,5.0
100,20,2022,5.0
100,20,2023,5.0
100,20,2024,5.0
100,20,2025,5.0
100,42,2017,4.0
100,140,1969,2.5
100,140,1983,107.30000000000001
100,140,1984,107.30000000000001
100,140,1992,31.900000000000002
100,140,1993,26.6
100,140,2006,112.5
100,140,2007,112.5
100,140,2008,112.5
100,140,2012,1.0
100,160,1990,6.0
100,200,1988,1.4
100,200,1989,1.4
100,200,2017,10.8
100,200,2018,10.8
100,210,1958,22.0
100,210,2012,79.0
100,210,2013,79.0
100,210,2014,79.0
100,220,1970,30.75
100,220,1971,30.75
100,220,1972,236.25
100,220,1973,236.25
100,220,1974,30.75
100,220,1975,30.75
100,220,1983,92.0
100,220,1984,92.0
100,220,1987,1.35
100,220,1988,1.35
100,220,1997,2.0
100,220,1998,2.0
100,220,2001,7.2
100,220,2002,7.2
100,220,2010,12.0
100,220,2014,1.8
100,220,2015,3.8
100,225,1963,0.45
100,225,1983,15.0
100,225,1984,15.0
100,230,1991,7.6
100,230,1996,11.62
100,230,1998,58.68
100,230,2003,34.0
100,230,2005,4.5600000000000005
100,230,2007,15.0
100,230,2008,65.0
100,230,2009,50.0
100,230,2010,17.0
100,230,2013,25.0
100,235,2018,2.6
100,255,1975,286.0
100,255,1983,562.4
100,255,1984,560.0
100,255,1997,17.02
100,255,1998,17.02
100,255,2003,2.9
100,255,2011,10.0
100,255,2012,94.0
100,255,2013,40.0
100,255,2014,76.0
100,255,2015,83.0
100,255,2017,36.0
100,325,1983,32.5
100,325,1984,32.5
100,325,2004,11.2
100,325,2012,11.0
100,325,2013,11.0
100,325,2014,15.0
100,325,2017,2.5
100,365,1997,72.5
100,365,2002,43.5
100,365,2007,29.0
100,365,2009,36.25
100,375,1971,8.0
100,375,2012,3.0
100,375,2014,6.0
100,375,2017,6.0
100,380,1958,246.0
100,560,1996,0.72
100,640,2009,15.2
100,666,1980,8.25
100,666,1989,108.31
100,666,1991,10.0
100,666,2002,4.0
100,666,2003,25.0
100,666,2004,21.0
100,666,2005,26.0
100,666,2006,5.0
100,666,2007,15.0
100,666,2009,123.0
100,666,2010,239.73
100,666,2011,84.5
100,666,2013,10.16
100,666,2014,43.82
100,666,2015,35.7
100,666,2016,20.7
100,666,2017,30.5
100,666,2020,0.9
100,732,2014,30.0
100,732,2015,37.5
100,732,2020,61.6
101,2,1950,2.0
101,2,1952,33.9
101,2,1953,14.7
101,2,1954,13.9
101,2,1955,30.8
101,2,1956,74.3
101,2,1957,118.5
101,2,1958,26.32
101,2,1959,12.58
101,2,1960,96.05
101,2,1961,71.7
101,2,1962,39.46
101,2,1963,21.45
101,2,1964,0.72
101,2,1966,12.600000000000001
101,2,1967,3.75
101,2,1969,13.8
101,2,1970,36.16
101,2,1971,125.4
101,2,1972,141.20000000000002
101,2,1973,221.67000000000002
101,2,1974,32.0
101,2,1975,114.2
101,2,1976,44.0
101,2,1977,60.67
101,2,1978,66.0
101,2,1979,19.0
101,2,1980,96.36
101,2,1981,108.36
101,2,1982,137.1
101,2,1983,521.7
101,2,1984,30.35
101,2,1985,522.36
101,2,1986,10.0
101,2,1988,69.55
101,2,1989,11.93
101,2,1990,11.93
101,2,1991,82.09
101,2,1994,0.9
101,2,1996,2.24
101,2,1999,20.0
101,2,2001,5.0
101,2,2002,11.0
101,2,2003,15.0
101,2,2015,6.4
101,20,1953,18.0
101,20,1972,57.6
101,20,1974,6.4
101,20,1980,3.0
101,20,1981,3.0
101,20,1982,10.5
101,20,1986,11.2
101,20,1987,11.2
101,20,1991,1.5
101,140,1984,10.45
101,140,1986,60.8
101,140,1987,60.8
101,200,1950,57.0
101,200,1953,291.0
101,200,1954,240.0
101,200,1955,7.3
101,200,1956,190.4
101,200,1958,93.5
101,200,1963,18.0
101,200,1966,62.9
101,200,1967,6.8
101,200,1969,0.8
101,200,1971,11.22
101,200,1974,135.0
101,200,1975,149.52
101,200,1976,7.52
101,200,1979,1.2
101,200,1989,86.75
101,200,1990,86.75
101,200,1991,86.75
101,200,2005,3.6
101,210,1981,90.0
101,210,1982,90.0
101,210,1983,90.0
101,210,1991,41.58
101,210,1999,67.5
101,210,2000,62.5
101,210,2001,62.5
101,210,2005,18.0
101,210,2006,18.0
101,210,2009,77.0
101,210,2010,77.0
101,210,2011,127.0
101,210,2012,164.0
101,210,2013,56.0
101,210,2014,66.0
101,210,2015,70.0
101,210,2016,70.0
101,210,2018,70.0
101,210,2020,147.0
101,220,1954,10.0
101,220,1955,36.0
101,220,1964,5.4
101,220,1967,19.95
101,220,1968,19.95
101,220,1972,24.6
101,220,1973,362.5
101,220,1974,348.7
101,220,1975,22.0
101,220,1976,10.0
101,220,1977,19.65
101,220,1978,3.0
101,220,1980,0.8
101,220,1981,0.8
101,220,1985,75.0
101,220,1986,75.0
101,220,1987,0.2
101,220,1988,15.6
101,220,1989,368.51
101,220,1990,426.06
101,220,1991,338.25
101,220,1992,338.25
101,220,1993,338.25
101,220,1999,58.0
101,220,2000,58.0
101,220,2001,4.5
101,220,2002,4.5
101,225,1984,8.0
101,230,1981,15.2
101,230,1982,15.2
101,230,1986,25.0
101,230,1998,7.6
101,230,2009,122.0
101,230,2010,122.0
101,230,2011,369.0
101,230,2012,247.0
101,230,2020,122.0
101,255,1967,188.0
101,255,1976,310.0
101,255,1977,310.0
101,255,1978,3.0
101,255,1983,3.5
101,255,1992,10.0
101,255,1995,10.0
101,255,2002,4.8
101,255,2009,48.0
101,255,2010,48.0
101,255,2011,48.0
101,255,2012,48.0
101,255,2014,3.96
101,255,2020,48.0
101,290,1996,16.5
101,290,1997,16.5
101,290,1998,0.48
101,290,1999,33.0
101,290,2000,49.5
101,290,2001,33.0
101,305,2009,3.0
101,305,2010,3.0
101,305,2011,3.0
101,305,2012,3.0
101,305,2014,5.7
101,305,2015,5.7
101,325,1956,156.0
101,325,1957,156.0
101,325,1968,10.0
101,325,1973,18.0
101,325,1974,36.0
101,325,1975,56.25
101,325,1979,4.8
101,325,1980,1656.5
101,325,1981,1658.9
101,325,1982,1694.0
101,325,1983,196.9
101,325,1984,119.60000000000001
101,325,1985,170.4
101,325,1986,37.5
101,325,1987,37.5
101,325,1988,47.5
101,325,1989,2.52
101,325,1990,4.8
101,325,1991,26.25
101,325,1992,15.4
101,325,1993,15.4
101,325,2000,14.98
101,325,2001,2.88
101,325,2002,2.88
101,325,2009,20.0
101,325,2010,20.0
101,325,2011,20.0
101,325,2012,20.0
101,325,2020,20.0
101,365,1996,52.2
101,365,1997,52.2
101,365,2006,1455.5
101,365,2007,1457.5
101,365,2008,1664.0
101,365,2009,392.0
101,365,2010,290.5
101,365,2011,950.61
101,365,2012,1093.15
101,365,2013,1583.55
101,365,2014,476.15999999999997
101,369,2010,10.8
101,369,2016,5.4
101,380,1990,16.0
101,380,1991,16.0
101,380,2000,32.0
101,380,2001,32.0
101,630,2023,67.5
101,666,1975,1.2
101,666,1980,19.25
101,666,1981,2.75
101,666,1984,22.5
101,666,1989,5.5
101,666,1990,2.5
101,666,1991,20.0
101,666,1997,4.5
101,666,2002,25.0
101,666,2004,9.18
101,666,2005,10.0
101,666,2006,10.0
101,710,2006,40.5
101,710,2007,40.5
101,710,2008,94.5
101,710,2009,94.5
101,710,2010,96.5
101,710,2011,22.5
101,710,2012,203.36
101,710,2013,203.36
101,710,2014,331.36
101,710,2015,198.86
101,710,2016,119.9
101,710,2023,30.0
101,732,1984,126.0
101,732,2001,50.0
110,2,1968,0.48
110,2,1975,0.25
110,2,1976,12.5
110,2,2004,0.2
110,2,2021,10.0
110,2,2023,10.0
110,2,2024,4.6
110,2,2025,4.1
110,94,2008,0.28
110,140,1983,2.65
110,140,1985,5.0
110,140,2018,0.48
110,200,1971,4.6000000000000005
110,200,1974,4.2
110,200,1976,4.2
110,200,1977,5.25
110,200,1978,4.2
110,200,1979,5.0
110,200,1984,2.5
110,200,2001,7.0
110,200,2019,2.0
110,210,1981,14.0
110,220,1974,1.9
110,325,2025,1.3
110,365,1976,1.8
110,365,1984,4.0
110,365,1985,18.0
110,710,2002,2.5
110,731,1980,4.2
110,750,2024,4.4
115,2,1999,2.25
115,20,1986,1.05
115,100,2012,0.16
115,101,1987,0.28
115,140,1984,8.440000000000001
115,200,1982,2.4
115,210,1975,0.44
115,210,1976,15.0
115,210,1977,15.0
115,210,2024,12.0
115,220,2013,6.5
115,225,1986,3.75
115,230,1999,20.55
115,235,1987,0.76
115,255,2000,2.0
115,750,2015,2.85
130,2,1953,10.24
130,2,1955,0.72
130,2,1956,12.0
130,2,1958,12.8
130,2,1960,74.5
130,2,1963,3.0
130,2,1964,12.0
130,2,1965,28.519999999999996
130,2,1966,15.75
130,2,1967,30.119999999999997
130,2,1968,5.1
130,2,1969,1.4
130,2,1970,4.7
130,2,1971,3.0
130,2,1973,5.4
130,2,1974,1.92
130,2,1975,4.7
130,2,1976,60.0
130,2,1977,117.44
130,2,1978,39.11
130,2,1979,17.599999999999998
130,2,1980,138.95
130,2,1981,5.7
130,2,1982,27.2
130,2,1983,27.2
130,2,1984,45.0
130,2,1985,8.0
130,2,1987,34.85
130,2,1988,31.35
130,2,1989,2.0
130,2,1990,3.36
130,2,1991,21.0
130,2,1993,18.4
130,2,1994,4.0
130,2,1995,22.0
130,2,1997,43.0
130,2,1998,5.8
130,2,2002,0.3
130,2,2005,2.0
130,2,2009,0.75
130,2,2010,10.31
130,2,2014,2.56
130,2,2021,1.3
130,2,2023,1.28
130,2,2024,11.84
130,2,2025,10.260000000000002
130,20,1976,26.44
130,20,1980,13.22
130,20,1986,13.22
130,20,2010,9.0
130,20,2011,9.0
130,20,2012,1.92
130,20,2013,1.92
130,20,2014,4.5
130,70,2019,0.9
130,95,2019,0.9
130,101,2009,40.16
130,140,1984,26.509999999999998
130,140,2006,17.0
130,140,2010,81.0
130,140,2011,81.0
130,155,2002,1.12
130,155,2008,100.0
130,155,2022,8.0
130,160,1995,5.35
130,200,1954,14.4
130,200,1955,123.61
130,200,1971,2.5
130,200,1973,10.0
130,200,1974,20.0
130,200,1975,20.0
130,200,1976,10.0
130,200,1977,156.0
130,200,1981,14.4
130,200,1982,34.4
130,200,1987,15.0
130,200,1988,15.0
130,200,1991,100.0
130,200,1992,4.0
130,200,2007,2.0
130,200,2011,8.0
130,200,2012,8.0
130,210,2012,17.0
130,210,2013,17.0
130,210,2014,17.0
130,210,2017,20.0
130,220,1971,62.9
130,220,1972,71.45
130,220,1974,1.9
130,220,1975,13.9
130,220,1976,123.92
130,220,1977,109.4
130,220,1978,68.9
130,220,1979,306.05
130,220,1980,315.75
130,220,1981,308.25
130,220,1982,488.85
130,220,1983,180.6
130,220,1984,155.5
130,220,1985,58.0
130,220,1986,6.9
130,220,1991,15.0
130,220,1996,3.75
130,220,1997,18.0
130,220,1998,21.75
130,220,2011,11.7
130,220,2012,21.7
130,220,2013,11.7
130,220,2014,21.7
130,220,2015,11.7
130,220,2018,2.6
130,220,2025,16.0
130,225,1975,2.4
130,225,1976,7.5
130,225,1977,7.5
130,225,1980,78.0
130,225,1981,78.0
130,225,1988,1.6
130,230,1986,4.84
130,230,1989,18.0
130,230,2005,33.6
130,230,2006,30.0
130,230,2014,37.5
130,230,2015,52.0
130,230,2016,52.0
130,235,1971,3.4
130,255,1971,46.5
130,255,1976,132.0
130,255,1977,448.0
130,255,1978,316.0
130,255,1982,36.0
130,255,1983,36.0
130,255,1984,36.0
130,255,1994,14.4
130,255,1995,14.4
130,255,2020,22.7
130,255,2021,22.7
130,255,2022,3.2
130,290,2018,2.75
130,317,1995,2.16
130,325,1979,10.8
130,325,1982,471.0
130,325,1983,471.0
130,325,1984,471.0
130,325,2010,7.5
130,325,2011,7.5
130,365,1997,50.75
130,365,1998,15.54
130,365,2008,4.0
130,365,2009,4.0
130,365,2011,14.5
130,369,2001,32.0
130,560,2011,96.0
130,560,2012,96.0
130,560,2024,2.56
130,560,2025,2.56
130,640,2023,6.0
130,666,1974,16.5
130,666,1975,19.5
130,666,1977,2.75
130,666,1980,10.0
130,666,1982,120.8
130,666,1983,111.0
130,666,1984,111.0
130,666,1986,4.8
130,666,1996,26.200000000000003
130,666,1999,32.92
130,666,2000,20.5
130,666,2001,20.5
130,666,2005,3.0
130,666,2009,7.2
130,666,2024,8.58
130,666,2025,8.58
130,710,1994,4.1
130,710,2006,0.38
130,710,2010,7.8
130,732,2020,12.0
130,750,2009,27.0
135,2,1952,101.53999999999999
135,2,1953,26.04
135,2,1954,181.24
135,2,1955,42.1
135,2,1956,81.53999999999999
135,2,1957,175.89000000000001
135,2,1958,53.879999999999995
135,2,1959,56.48
135,2,1960,145.27
135,2,1961,158.55
135,2,1962,18.2
135,2,1963,20.16
135,2,1964,11.0
135,2,1965,32.32
135,2,1966,70.4
135,2,1967,10.04
135,2,1968,9.46
135,2,1969,9.0
135,2,1970,30.6
135,2,1971,6.32
135,2,1972,119.42
135,2,1973,140.9
135,2,1974,195.62
135,2,1975,427.9
135,2,1976,474.61
135,2,1977,198.5
135,2,1978,135.8
135,2,1979,77.08
135,2,1980,56.0
135,2,1981,111.46
135,2,1983,96.23
135,2,1984,112.0
135,2,1985,59.23
135,2,1986,107.3
135,2,1987,96.2
135,2,1988,108.78
135,2,1991,15.0
135,2,1992,12.0
135,2,1993,2.5
135,2,1996,24.0
135,2,1997,4.48
135,2,1998,12.0
135,2,1999,1.2
135,2,2001,1.0
135,2,2002,14.0
135,2,2003,43.4
135,2,2004,93.0
135,2,2005,49.6
135,2,2006,21.7
135,2,2009,2.0
135,2,2010,9.6
135,2,2011,11.82
135,2,2013,2.8
135,2,2015,13.45
135,2,2017,12.0
135,2,2019,1.21
135,2,2020,1.71
135,2,2021,1.71
135,2,2022,14.95
135,2,2024,2.21
135,2,2025,0.5
135,20,1950,1.52
135,20,1965,0.76
135,20,1966,7.5
135,20,1971,231.52
135,20,1972,231.52
135,20,1973,7.5
135,20,1977,5.0
135,20,1978,5.0
135,20,1986,20.0
135,20,1987,27.0
135,20,1991,3.5
135,20,2011,30.0
135,20,2012,30.0
135,20,2013,30.0
135,20,2014,37.0
135,20,2015,16.6
135,20,2016,16.6
135,20,2017,7.0
135,93,1992,82.65
135,93,1993,49.550000000000004
135,100,2020,4.4
135,140,1987,38.0
135,140,1991,19.0
135,140,1993,7.95
135,200,1951,24.0
135,200,1956,129.6
135,200,1957,57.6
135,200,1959,240.6
135,200,1960,229.0
135,200,1964,35.4
135,200,1965,35.4
135,200,1966,20.4
135,200,1967,20.4
135,200,1969,33.66
135,200,1971,3.6
135,200,1973,197.93
135,200,1975,39.6
135,200,1976,39.6
135,200,1977,42.6
135,200,1978,42.6
135,200,1981,6.4
135,200,1982,6.4
135,200,1987,10.6
135,200,1995,16.0
135,200,2013,4.0
135,200,2014,4.0
135,210,1973,140.0
135,210,1977,248.0
135,210,1978,67.0
135,210,1980,364.0
135,210,1981,364.0
135,210,1982,364.0
135,210,1988,34.0
135,210,2010,24.0
135,210,2014,63.6
135,210,2015,6.0
135,220,1956,27.7
135,220,1960,3.5
135,220,1963,3.8
135,220,1968,227.55
135,220,1969,97.5
135,220,1973,11.25
135,220,1974,163.05
135,220,1975,10.8
135,220,1976,128.8
135,220,1977,11.6
135,220,1979,11.25
135,220,1980,427.5
135,220,1981,458.75
135,220,1984,52.3
135,220,1985,361.65
135,220,1986,365.15
135,220,1987,278.75
135,220,1989,3.9
135,220,1992,6.75
135,220,1996,8.25
135,220,1997,8.25
135,220,1998,16.25
135,220,2014,16.0
135,220,2015,16.0
135,220,2016,50.0
135,225,1969,10.8
135,225,1970,10.8
135,225,1971,14.4
135,225,1972,14.4
135,225,1973,14.4
135,225,1981,41.6
135,225,1982,41.6
135,230,1972,35.75
135,230,1973,35.75
135,230,1987,9.9
135,230,2020,22.4
135,230,2023,22.4
135,235,1978,3.0
135,235,1979,3.0
135,255,1971,40.0
135,255,1972,33.0
135,255,1974,280.0
135,255,1975,280.0
135,255,1980,340.0
135,255,1981,340.0
135,255,1982,340.0
135,255,1983,350.8
135,255,1984,10.8
135,255,1989,7.2
135,255,2000,18.0
135,255,2009,13.2
135,255,2021,1.2
135,255,2025,0.48
135,290,2001,1.6
135,310,1993,24.0
135,310,1995,24.0
135,316,1998,2.64
135,316,1999,1.8
135,325,1971,5.4
135,325,1976,18.0
135,325,1977,18.0
135,325,1978,122.0
135,325,1979,1057.0
135,325,1980,57.0
135,325,1981,119.69999999999999
135,325,1982,108.6
135,325,1983,27.0
135,325,1984,1057.0
135,325,1985,27.0
135,325,1986,27.0
135,325,1987,1057.0
135,325,1988,21.5
135,325,1990,33.0
135,325,1991,33.0
135,325,1998,6.6
135,325,2005,343.2
135,325,2006,343.2
135,325,2007,343.2
135,325,2015,84.0
135,325,2017,32.0
135,325,2018,20.0
135,345,1973,27.0
135,352,1996,33.6
135,355,1994,29.19
135,355,1995,29.19
135,355,1996,29.19
135,365,1970,7.2
135,365,1972,24.0
135,365,1973,24.96
135,365,1974,386.58
135,365,1975,350.0
135,365,1976,199.0
135,365,1977,1158.8
135,365,1978,1035.4
135,365,1979,107.0
135,365,1980,293.0
135,365,1981,249.0
135,365,1983,119.5
135,365,1984,4.0
135,365,1985,228.25
135,365,1986,108.75
135,365,1987,187.0
135,365,1988,187.0
135,365,1990,101.5
135,365,1992,29.0
135,365,1995,52.3
135,365,1996,47.9
135,365,1997,11.0
135,365,1998,6.0
135,365,1999,95.25
135,365,2001,6.62
135,365,2009,11.52
135,365,2011,61.5
135,365,2014,174.0
135,365,2015,174.0
135,365,2016,174.0
135,367,1994,8.8
135,369,1994,155.0
135,370,1997,368.82
135,370,1998,31.5
135,370,2002,2.07
135,385,1959,8.0
135,390,2018,4.8
135,390,2025,4.8
135,560,1991,33.7
135,560,1992,4.0
135,560,1998,0.2
135,666,1998,1.0
135,666,2009,15.48
135,666,2015,10.5
135,666,2016,11.34
135,710,1991,15.0
135,710,1992,15.0
135,710,2009,0.8
135,710,2010,1.2
135,710,2015,16.2
135,732,2010,16.0
135,732,2014,38.0
135,732,2015,38.0
135,732,2016,98.0
135,732,2017,38.0
135,732,2018,169.7
135,732,2021,60.0
135,732,2025,171.5
135,920,2016,6.15
135,920,2018,30.0
135,920,2022,30.0
140,2,1951,259.2
140,2,1953,35.44
140,2,1954,23.72
140,2,1955,71.0
140,2,1956,49.2
140,2,1957,140.58
140,2,1958,195.6
140,2,1959,237.34
140,2,1960,204.77
140,2,1961,337.8
140,2,1962,106.44000000000001
140,2,1963,183.16
140,2,1964,106.10000000000001
140,2,1965,234.81
140,2,1966,129.20000000000002
140,2,1967,464.39
140,2,1968,268.61
140,2,1969,59.900000000000006
140,2,1970,112.4
140,2,1971,118.41
140,2,1972,604.8
140,2,1973,652.59
140,2,1974,213.14
140,2,1975,575.96
140,2,1976,515.3
140,2,1977,67.68
140,2,1978,166.0
140,2,1979,67.5
140,2,1980,72.78
140,2,1981,36.58
140,2,1982,8.8
140,2,1983,8.8
140,2,1984,8.8
140,2,1985,55.4
140,2,1986,66.6
140,2,1987,115.3
140,2,1988,127.60000000000001
140,2,1989,450.6
140,2,1990,81.0
140,2,1991,44.8
140,2,1992,42.0
140,2,1993,14.0
140,2,1994,58.17
140,2,1995,31.85
140,2,1996,88.51
140,2,1997,174.35
140,2,1999,66.0
140,2,2000,66.0
140,2,2001,234.2
140,2,2002,195.3
140,2,2003,20.8
140,2,2004,62.5
140,2,2005,67.5
140,2,2006,58.5
140,2,2007,58.5
140,2,2008,118.0
140,2,2010,48.0
140,2,2011,186.84
140,2,2012,260.34000000000003
140,2,2013,168.84
140,2,2014,100.84
140,2,2015,36.0
140,2,2016,31.0
140,2,2017,32.0
140,2,2018,52.8
140,2,2019,84.8
140,2,2020,92.5
140,2,2021,93.5
140,2,2022,58.0
140,2,2023,98.22
140,2,2024,77.66
140,2,2025,100.75
140,20,1961,12.0
140,20,1968,237.96
140,20,1969,237.96
140,20,1970,317.28
140,20,1971,79.32
140,20,1983,58.8
140,20,1984,58.8
140,20,1985,58.8
140,20,1986,58.8
140,20,1987,58.8
140,20,1988,58.8
140,20,1989,58.8
140,20,1990,58.8
140,20,1991,58.8
140,20,2000,1.44
140,20,2002,15.0
140,20,2003,64.5
140,20,2004,49.5
140,20,2005,49.5
140,20,2006,67.5
140,20,2007,68.58
140,20,2008,67.5
140,20,2009,67.5
140,20,2010,49.5
140,20,2011,49.5
140,20,2012,49.5
140,20,2017,3.0
140,20,2019,3.0
140,20,2020,1.5
140,200,1951,356.0
140,200,1953,210.0
140,200,1954,210.0
140,200,1958,0.7
140,200,1960,123.6
140,200,1962,51.0
140,200,1963,51.0
140,200,1965,2.4
140,200,1966,3.6
140,200,1967,0.4
140,200,1969,3.0
140,200,1971,66.4
140,200,1972,66.4
140,200,1973,216.4
140,200,1974,117.4
140,200,1975,66.4
140,200,1976,1561.4
140,200,1977,1876.4
140,200,1978,1651.4
140,200,1979,1563.64
140,200,1980,1563.64
140,200,1981,6.99
140,200,1982,66.4
140,200,1983,66.4
140,200,1986,12.0
140,200,1987,12.0
140,200,1989,331.0
140,200,1990,292.0
140,200,1991,331.0
140,200,1992,333.4
140,200,1993,292.0
140,200,1994,331.0
140,200,1995,834.6
140,200,1996,948.6
140,200,1997,927.0
140,200,1998,320.0
140,200,1999,292.0
140,200,2002,7.2
140,200,2007,20.0
140,200,2009,20.0
140,200,2012,135.75
140,200,2013,137.55
140,200,2015,16.0
140,200,2016,16.0
140,200,2017,16.0
140,200,2018,152.0
140,200,2019,16.0
140,200,2020,53.5
140,200,2021,59.5
140,200,2022,26.0
140,200,2023,27.5
140,200,2024,43.5
140,200,2025,27.5
140,205,2022,46.0
140,210,1955,250.0
140,210,1956,12.0
140,210,1957,12.0
140,210,1958,12.0
140,210,1959,20.4
140,210,1960,8.4
140,210,1997,1.19
140,211,1997,107.52
140,211,1998,107.52
140,211,1999,134.38
140,211,2000,134.38
140,211,2001,27.98
140,220,1960,54.0
140,220,1961,54.0
140,220,1963,8.4
140,220,1968,7.0
140,220,1969,7.0
140,220,1972,195.0
140,220,1973,200.76
140,220,1974,5.76
140,220,1975,62.76
140,220,1976,57.0
140,220,1978,30.0
140,220,1979,68.3
140,220,1980,67.7
140,220,1981,36.0
140,220,1982,175.5
140,220,1983,175.5
140,220,1984,240.64999999999998
140,220,1985,175.5
140,220,1986,284.9
140,220,1987,326.0
140,220,1988,164.77
140,220,1989,352.07
140,220,1990,137.8
140,220,1991,207.75
140,220,1992,136.25
140,220,1993,45.25
140,220,1994,40.4
140,220,1995,54.9
140,220,1996,41.97
140,220,1997,47.08
140,220,1998,40.78
140,220,1999,43.68
140,220,2000,12.0
140,220,2001,408.5
140,220,2002,58.0
140,220,2003,58.0
140,220,2004,58.0
140,220,2005,0.97
140,220,2006,174.88
140,220,2007,174.88
140,220,2008,174.24
140,220,2009,38.0
140,220,2010,367.0
140,220,2012,320.0
140,220,2013,320.0
140,220,2014,320.0
140,220,2015,360.0
140,220,2016,320.0
140,220,2017,320.0
140,220,2018,320.0
140,220,2019,320.0
140,220,2020,401.6
140,220,2021,374.0
140,220,2022,1083.1599999999999
140,220,2023,443.6
140,220,2024,1334.06
140,220,2025,1388.06
140,225,1963,1.44
140,225,1971,28.5
140,225,1972,28.5
140,225,1977,66.5
140,225,1978,66.5
140,225,1979,66.5
140,225,1985,65.0
140,225,1986,65.0
140,225,1987,65.0
140,225,1988,65.0
140,225,1989,65.0
140,225,1990,65.0
140,225,1991,65.0
140,225,1992,65.0
140,225,1993,65.0
140,225,1994,65.0
140,225,1995,65.0
140,225,2007,2.45
140,225,2008,2.45
140,225,2009,1.75
140,225,2010,6.3
140,225,2011,6.3
140,225,2012,6.3
140,225,2013,6.3
140,225,2014,24.3
140,225,2016,18.0
140,225,2018,18.0
140,225,2019,18.0
140,230,2006,150.0
140,230,2007,150.0
140,230,2008,150.0
140,230,2009,150.0
140,230,2017,25.0
140,230,2019,25.0
140,230,2020,12.5
140,255,1969,2.5
140,255,1971,60.08
140,255,1972,60.0
140,255,1973,0.96
140,255,1974,4.12
140,255,1975,4.12
140,255,1976,80.12
140,255,1977,50.120000000000005
140,255,1978,96.12
140,255,1979,94.32
140,255,1980,50.120000000000005
140,255,1981,14.120000000000001
140,255,1982,4.12
140,255,1983,4.12
140,255,1984,4.12
140,255,1985,4.12
140,255,1986,4.12
140,255,1987,4.12
140,255,1988,4.12
140,255,1989,713.72
140,255,1990,4.12
140,255,1991,33.72
140,255,1992,33.72
140,255,1993,4.12
140,255,1994,709.6
140,255,1995,42.4
140,255,1996,701.2
140,255,1999,701.2
140,255,2005,170.0
140,255,2008,3.0
140,255,2009,244.41000000000003
140,255,2010,228.8
140,255,2011,228.8
140,255,2012,232.63000000000002
140,255,2013,122.4
140,255,2014,122.4
140,255,2015,122.4
140,255,2022,3.0
140,255,2024,3.0
140,255,2025,3.0
140,305,2001,12.65
140,316,2017,3.6
140,316,2018,3.6
140,316,2019,3.6
140,316,2020,3.6
140,316,2021,3.6
140,325,1971,390.1
140,325,1972,390.1
140,325,1973,390.1
140,325,1974,390.1
140,325,1975,390.1
140,325,1976,417.1
140,325,1977,417.1
140,325,1978,417.1
140,325,1979,417.1
140,325,1980,417.1
140,325,1982,390.1
140,325,1983,486.1
140,325,1984,84.0
140,325,1986,12.0
140,325,1988,15.0
140,325,1989,24.0
140,325,1990,15.0
140,325,1991,9.0
140,325,1992,9.0
140,325,1994,9.0
140,325,1995,8.1
140,325,1997,4.5
140,325,2001,141.5
140,325,2002,141.5
140,325,2003,48.0
140,325,2004,141.5
140,325,2005,93.5
140,325,2006,46.0
140,325,2007,46.0
140,325,2008,139.5
140,325,2009,46.0
140,325,2010,50.5
140,325,2011,50.5
140,325,2012,321.1
140,325,2013,343.1
140,325,2014,300.1
140,325,2015,297.1
140,325,2016,297.1
140,325,2017,278.1
140,325,2018,297.1
140,325,2019,317.1
140,325,2020,328.1
140,325,2021,332.90000000000003
140,325,2022,317.1
140,325,2023,306.1
140,325,2024,311.70000000000005
140,325,2025,306.1
140,365,1994,8.96
140,365,2010,165.0
140,365,2011,24.0
140,365,2012,162.0
140,365,2014,138.0
140,365,2015,10.4
140,365,2016,10.4
140,375,1991,3.0
140,380,1975,2.4
140,380,1976,23.4
140,380,1977,23.4
140,380,1978,23.4
140,380,1979,21.0
140,380,1980,54.68
140,380,1981,33.68
140,380,1982,34.77
140,380,1983,34.58
140,380,1984,33.68
140,380,1985,33.68
140,380,1986,46.18
140,380,1987,46.18
140,380,1988,33.68
140,380,1989,33.68
140,380,1990,33.68
140,380,1995,6.5
140,380,1996,8.5
140,380,1997,2.0
140,380,2002,150.0
140,380,2003,150.0
140,380,2014,8.0
140,380,2015,8.0
140,380,2016,8.0
140,380,2017,8.0
140,380,2019,4.0
140,380,2020,350.5
140,380,2021,350.5
140,380,2023,346.5
140,380,2024,350.5
140,380,2025,346.5
140,385,2012,3.2
140,385,2015,8.0
140,390,2012,14.25
140,390,2013,14.25
140,560,2006,13.2
140,663,2008,12.6
140,666,1982,8.38
140,666,1995,2.0
140,666,1998,44.0
140,666,1999,44.0
140,666,2000,44.0
140,666,2001,44.0
140,666,2006,80.0
140,666,2007,80.0
140,666,2008,80.0
140,666,2009,85.0
140,666,2010,114.0
140,666,2011,70.5
140,666,2012,66.5
140,666,2013,70.5
140,666,2014,102.5
140,666,2015,93.0
140,666,2016,56.0
140,666,2017,68.8
140,666,2018,63.8
140,666,2019,28.8
140,666,2020,18.5
140,666,2021,23.8
140,666,2022,16.0
140,666,2024,9.0
140,690,1998,94.8
140,740,1955,152.0
140,740,1956,152.0
140,740,1957,152.0
140,830,1993,42.4
140,830,1994,42.4
140,830,1997,42.4
140,830,1999,21.2
140,830,2000,21.2
140,900,1976,30.0
140,900,1977,30.0
140,900,1978,30.0
140,900,1979,30.0
140,900,1980,30.0
145,2,1951,6.0
145,2,1954,1.5
145,2,1958,25.87
145,2,1959,3.2
145,2,1961,4.2
145,2,1962,6.0
145,2,1963,6.0
145,2,1964,2.1
145,2,1965,3.12
145,2,1966,2.62
145,2,1967,15.719999999999999
145,2,1968,27.02
145,2,1969,11.67
145,2,1970,11.35
145,2,1971,9.93
145,2,1972,21.35
145,2,1973,27.17
145,2,1974,19.05
145,2,1975,11.35
145,2,1976,28.5
145,2,1977,9.75
145,2,1978,16.15
145,2,1979,12.89
145,2,1980,9.75
145,2,1981,14.270000000000001
145,2,1982,1.36
145,2,1985,6.29
145,2,1986,6.29
145,2,1988,116.74000000000001
145,2,1989,106.26
145,2,1991,31.79
145,2,1992,25.5
145,2,1993,25.5
145,2,1994,9.2
145,2,1999,27.6
145,2,2000,27.6
145,2,2011,1.5
145,2,2012,1.5
145,2,2013,0.54
145,2,2014,5.7
145,2,2024,0.1
145,20,1974,15.0
145,20,1978,5.0
145,20,1979,4.2
145,20,1981,4.2
145,93,1989,1.52
145,101,1975,12.6
145,101,2004,0.61
145,101,2006,6.56
145,101,2008,2.9
145,140,1974,2.9
145,140,1979,23.880000000000003
145,140,1980,23.880000000000003
145,140,1981,4.5
145,140,1986,5.4
145,140,1992,0.84
145,140,2005,0.58
145,140,2012,4.19
145,160,2006,2.22
145,165,1960,6.4
145,165,2000,0.84
145,200,2019,8.0
145,211,1982,0.3
145,220,1975,2.25
145,220,1979,18.5
145,220,1980,17.0
145,220,1985,18.0
145,220,1986,18.0
145,220,2009,2.6
145,220,2014,43.5
145,220,2016,43.5
145,220,2017,43.5
145,220,2019,52.0
145,220,2020,52.0
145,225,1968,2.88
145,225,1979,15.0
145,225,1981,15.0
145,230,1989,3.8
145,230,1992,3.8
145,230,2007,4.56
145,230,2009,4.56
145,255,2012,6.5
145,255,2014,6.5
145,305,1978,1.8
145,305,1979,25.3
145,305,1980,25.3
145,305,2010,1.35
145,316,2016,0.9
145,325,1981,1.44
145,369,2011,3.6
145,710,1992,15.48
145,710,1993,6.48
145,710,1995,1.5
145,710,2003,5.0
145,710,2011,21.0
145,710,2014,19.5
145,710,2016,4.65
145,710,2018,1.5
145,713,1979,1.0
150,2,1950,5.0
150,2,1952,1.8
150,2,1953,1.8
150,2,1955,0.48
150,2,1960,7.52
150,2,1962,5.36
150,2,1963,0.36
150,2,1964,4.36
150,2,1965,1.27
150,2,1966,2.41
150,2,1967,5.0
150,2,1968,1.5
150,2,1970,0.32
150,2,1971,1.92
150,2,1972,1.92
150,2,1973,0.38
150,2,1975,0.48
150,2,1976,2.0
150,2,1978,1.0
150,2,1981,2.0
150,2,2011,2.0
150,2,2012,2.2
150,2,2013,0.2
150,2,2021,2.0
150,20,1988,2.1
150,20,2025,2.0
150,140,1960,1.64
150,140,1971,0.38
150,140,1975,19.12
150,140,1978,23.5
150,140,1980,23.5
150,140,1981,23.5
150,140,1984,3.08
150,140,1985,35.66
150,140,1986,5.54
150,140,1988,11.4
150,140,2005,0.58
150,140,2010,2.7
150,140,2025,18.0
150,155,1980,0.38
150,155,1983,0.48
150,155,1991,3.64
150,155,1992,3.64
150,160,1962,6.0
150,160,1964,12.0
150,160,1967,0.24
150,160,1968,12.0
150,160,1972,10.88
150,160,1976,1.0
150,160,1979,1.0
150,160,1980,1.08
150,160,1982,2.02
150,160,2011,1.2
150,200,1978,4.0
150,200,1980,4.0
150,200,1981,4.0
150,210,1974,0.61
150,230,2004,3.8
150,560,1982,1.0
150,666,2011,12.0
150,666,2012,12.0
150,713,1990,6.0
150,713,1996,2.1
150,713,2001,6.29
150,713,2019,5.24
150,713,2021,5.24
150,713,2025,4.19
155,2,1950,1.3
155,2,1951,246.84
155,2,1952,28.79
155,2,1953,17.22
155,2,1954,30.8
155,2,1955,10.0
155,2,1956,24.46
155,2,1957,28.48
155,2,1958,50.400000000000006
155,2,1959,11.0
155,2,1960,37.4
155,2,1961,46.7
155,2,1962,41.92
155,2,1963,143.78
155,2,1964,54.18
155,2,1965,43.2
155,2,1966,81.14000000000001
155,2,1968,14.790000000000001
155,2,1969,5.0
155,2,1970,81.0
155,2,1971,28.7
155,2,1972,50.9
155,2,1973,73.05
155,2,1974,120.56
155,2,1975,180.0
155,2,1976,206.8
155,2,1977,0.14
155,2,1978,16.8
155,2,1979,16.05
155,2,1980,10.05
155,2,1981,3.78
155,2,1982,42.480000000000004
155,2,1983,22.2
155,2,1984,29.75
155,2,1985,34.0
155,2,1986,56.2
155,2,1987,56.2
155,2,1988,59.95
155,2,1989,66.45
155,2,1990,39.2
155,2,1991,59.0
155,2,1992,133.18
155,2,1993,69.48
155,2,1994,66.0
155,2,1995,52.370000000000005
155,2,1996,32.75
155,2,1997,31.6
155,2,1998,18.75
155,2,1999,30.26
155,2,2000,32.260000000000005
155,2,2001,14.100000000000001
155,2,2003,7.5
155,2,2004,15.8
155,2,2006,330.0
155,2,2007,332.1
155,2,2009,60.0
155,2,2010,205.3
155,2,2011,119.5
155,2,2012,86.1
155,2,2013,102.48
155,2,2014,145.0
155,2,2015,176.3
155,2,2016,33.8
155,2,2017,0.8
155,2,2018,43.5
155,2,2019,0.88
155,2,2021,22.599999999999998
155,20,1952,3.04
155,20,1957,4.0
155,20,1961,3.2
155,20,1967,20.0
155,20,1977,15.0
155,20,1980,16.72
155,20,1988,35.0
155,20,1995,20.0
155,20,2009,6.0
155,20,2010,10.5
155,20,2011,4.5
155,20,2018,3.0
155,20,2020,2.0
155,70,1991,8.0
155,140,1974,59.76
155,140,1975,62.16
155,140,1976,67.71
155,140,1977,59.76
155,140,1978,104.03999999999999
155,140,1979,44.28
155,140,2006,3.9
155,140,2007,1.3
155,140,2009,54.0
155,140,2010,54.0
155,140,2018,27.0
155,140,2020,18.0
155,200,1954,11.25
155,200,1960,280.0
155,200,1964,2.0
155,200,1968,47.52
155,200,1969,31.68
155,200,1971,39.6
155,200,1972,5.4
155,200,1973,253.0
155,200,1974,271.48
155,200,1976,150.0
155,200,1982,320.73
155,200,1983,10.5
155,200,1984,245.3
155,200,1986,127.55
155,200,1987,123.8
155,200,1988,6.0
155,200,1990,50.0
155,200,1992,50.0
155,200,1994,6.0
155,200,1995,3.98
155,200,1996,2.4
155,200,1999,176.0
155,200,2000,176.0
155,200,2001,176.0
155,200,2002,176.0
155,200,2003,310.0
155,200,2004,176.0
155,200,2006,372.0
155,200,2007,422.0
155,200,2008,422.0
155,200,2012,5.8
155,200,2013,0.6
155,200,2020,52.5
155,200,2021,52.5
155,200,2022,200.0
155,205,2008,5.2
155,205,2009,5.2
155,205,2010,5.2
155,205,2011,5.2
155,210,1959,17.5
155,210,1964,6.0
155,210,1991,16.0
155,210,1992,16.0
155,210,1999,298.12
155,210,2000,297.0
155,210,2002,9.08
155,210,2005,250.8
155,210,2006,737.5
155,210,2007,497.5
155,210,2008,15.66
155,210,2010,205.2
155,210,2011,205.92
155,211,1995,171.0
155,211,1996,171.0
155,211,2006,50.04
155,211,2009,2.52
155,220,1956,50.0
155,220,1972,1.9
155,220,1973,86.22
155,220,1974,11.25
155,220,1975,14.25
155,220,1976,6.0
155,220,1977,15.5
155,220,1978,28.25
155,220,1980,274.0
155,220,1981,303.0
155,220,1982,292.6
155,220,1983,332.25
155,220,1984,36.25
155,220,1986,40.0
155,220,1987,6.93
155,220,1989,48.0
155,220,1990,119.0
155,220,1991,186.5
155,220,1992,164.0
155,220,1993,164.0
155,220,1994,45.0
155,220,1995,182.9
155,220,1996,164.0
155,220,1997,195.0
155,220,1998,34.019999999999996
155,220,1999,24.5
155,220,2000,18.9
155,220,2002,5.2
155,220,2003,5.2
155,220,2004,13.5
155,220,2005,299.52
155,220,2006,5.2
155,220,2008,7.8
155,220,2009,65.8
155,220,2010,59.8
155,220,2011,78.52
155,220,2012,9.0
155,220,2013,52.9
155,220,2014,59.25
155,220,2015,74.0
155,220,2016,89.25
155,220,2020,6.5
155,220,2021,6.5
155,220,2022,6.5
155,220,2023,6.5
155,220,2024,27.0
155,220,2025,27.0
155,225,1967,1.8
155,225,1969,1.5
155,225,1971,4.8
155,225,1980,12.5
155,225,1981,60.0
155,225,1982,60.0
155,225,1983,60.0
155,225,1984,60.0
155,225,1985,60.0
155,225,1986,60.0
155,225,1987,60.0
155,225,1988,60.0
155,225,1989,60.0
155,225,1990,60.0
155,225,1991,60.0
155,225,1992,70.0
155,225,1994,9.0
155,225,1995,9.0
155,225,1996,9.0
155,225,1997,9.0
155,225,1998,9.0
155,225,1999,9.0
155,225,2000,9.0
155,225,2006,17.42
155,230,1965,28.12
155,230,1966,28.12
155,230,1978,38.0
155,230,1982,125.8
155,230,1983,125.8
155,230,1986,125.8
155,230,1987,125.8
155,230,1988,125.8
155,230,1989,152.8
155,230,1990,152.8
155,230,1991,125.8
155,230,1992,125.8
155,230,1993,125.8
155,230,1994,133.4
155,230,1995,125.8
155,230,1996,125.8
155,230,1997,146.2
155,230,2001,4.0
155,230,2006,299.52
155,230,2008,4.98
155,230,2010,22.0
155,230,2011,56.0
155,235,2008,24.0
155,255,1974,0.83
155,255,1975,0.83
155,255,1976,15.23
155,255,1977,105.33
155,255,1978,119.73
155,255,1979,142.5
155,255,1980,14.4
155,255,1984,340.0
155,255,1986,1.2
155,255,1989,7.2
155,255,1990,19.5
155,255,1991,8.4
155,255,1997,88.0
155,255,1998,88.0
155,255,2000,28.8
155,255,2005,0.96
155,255,2006,0.96
155,255,2007,275.2
155,255,2008,347.2
155,255,2009,481.84
155,255,2010,233.92
155,255,2011,107.28
155,255,2012,12.8
155,255,2014,36.0
155,255,2017,40.0
155,255,2019,45.0
155,255,2020,45.0
155,255,2021,45.0
155,325,1963,16.2
155,325,1964,16.2
155,325,1965,16.2
155,325,2002,11.4
155,325,2005,160.0
155,325,2006,160.0
155,325,2007,160.0
155,325,2008,160.0
155,325,2009,162.75
155,325,2010,160.0
155,325,2016,2.45
155,325,2017,2.45
155,375,2008,6.0
155,375,2009,6.0
155,375,2014,3.0
155,375,2017,3.0
155,380,1971,120.0
155,380,1996,34.54
155,385,2014,45.0
155,385,2015,45.0
155,390,1967,128.0
155,390,1988,16.0
155,560,1992,9.52
155,666,1977,4.0
155,666,1978,79.2
155,666,1979,129.8
155,666,1980,69.0
155,666,1981,62.8
155,666,1984,33.0
155,666,1985,33.0
155,666,1986,4.6
155,666,1988,16.0
155,666,1989,74.6
155,666,1990,26.0
155,666,1991,21.0
155,666,1992,34.2
155,666,1993,144.2
155,666,1994,132.2
155,666,1995,173.2
155,666,1996,143.2
155,666,1997,73.2
155,666,2000,6.0
155,666,2001,13.6
155,666,2002,37.6
155,666,2003,24.0
155,666,2004,35.0
155,666,2005,30.0
155,666,2006,64.0
155,666,2007,64.0
155,666,2008,34.0
155,666,2009,70.0
155,666,2010,70.0
155,666,2011,70.0
155,666,2012,36.0
155,666,2013,9.0
155,690,1980,2.88
155,692,2001,2.0
155,732,1991,9.6
155,732,2022,2.8
155,732,2023,2.8
155,732,2025,0.98
155,900,2020,241.92
155,920,2022,11.0
155,920,2023,11.0
160,2,1950,165.07
160,2,1951,529.71
160,2,1952,132.27
160,2,1953,3.72
160,2,1954,4.5
160,2,1955,0.3
160,2,1956,80.1
160,2,1957,43.71
160,2,1958,98.30000000000001
160,2,1959,41.6
160,2,1960,116.92
160,2,1961,195.77
160,2,1962,53.7
160,2,1963,29.6
160,2,1964,19.200000000000003
160,2,1965,19.0
160,2,1966,244.69
160,2,1967,316.44
160,2,1968,103.65
160,2,1969,123.34
160,2,1970,369.44
160,2,1971,378.7
160,2,1972,389.46000000000004
160,2,1973,186.09
160,2,1974,68.2
160,2,1975,204.58
160,2,1976,238.52
160,2,1977,116.7
160,2,1978,223.52
160,2,1979,95.06
160,2,1980,75.0
160,2,1981,35.699999999999996
160,2,1982,4.3
160,2,1983,28.0
160,2,1984,20.0
160,2,1985,20.0
160,2,1987,8.0
160,2,1988,10.8
160,2,1989,10.8
160,2,1990,21.150000000000002
160,2,1992,64.6
160,2,1994,65.8
160,2,1995,34.0
160,2,1996,9.0
160,2,1997,381.11
160,2,1998,439.09
160,2,1999,427.01
160,2,2000,393.31
160,2,2001,26.5
160,2,2002,27.42
160,2,2003,22.42
160,2,2004,18.0
160,2,2005,27.9
160,2,2006,27.9
160,2,2007,33.14
160,2,2008,43.739999999999995
160,2,2009,19.44
160,2,2010,31.0
160,2,2011,3.5
160,2,2012,10.1
160,2,2013,11.6
160,2,2014,31.0
160,2,2015,50.9
160,2,2016,39.6
160,2,2017,75.0
160,2,2018,24.0
160,2,2019,60.4
160,2,2020,39.699999999999996
160,2,2021,37.84
160,2,2022,51.160000000000004
160,2,2023,32.22
160,2,2024,28.939999999999998
160,2,2025,24.939999999999998
160,20,1964,0.46
160,20,1965,2.24
160,20,1966,2.24
160,20,1968,22.5
160,20,1969,22.5
160,20,1987,10.5
160,20,1988,10.5
160,20,2017,16.0
160,20,2018,6.0
160,20,2019,6.0
160,135,1982,49.8
160,140,1961,12.0
160,140,1982,10.3
160,140,1983,12.1
160,140,1987,57.0
160,140,1988,57.0
160,140,2007,1.48
160,200,1959,120.0
160,200,1965,4.0
160,200,1968,52.54
160,200,1969,57.54
160,200,1970,79.32
160,200,1971,95.32
160,200,1975,20.0
160,200,1976,618.75
160,200,1977,22.75
160,200,1978,39.8
160,200,1979,21.75
160,200,1980,22.75
160,200,1981,624.15
160,200,1983,60.0
160,200,1984,60.0
160,200,1997,1.62
160,205,2021,13.2
160,210,1968,278.0
160,210,1969,56.0
160,210,1971,17.0
160,210,1974,12.0
160,210,1975,92.5
160,210,1977,18.5
160,210,1979,24.0
160,210,1980,10.0
160,210,1981,14.0
160,210,1983,116.5
160,210,1984,98.0
160,210,1985,75.0
160,210,1986,75.0
160,210,1987,75.0
160,210,1990,75.0
160,210,1999,9.0
160,210,2000,75.0
160,210,2004,75.0
160,220,1956,0.7
160,220,1958,3.8
160,220,1959,86.4
160,220,1960,86.4
160,220,1961,86.4
160,220,1962,87.80000000000001
160,220,1963,86.4
160,220,1964,86.4
160,220,1966,45.5
160,220,1967,45.5
160,220,1969,163.61
160,220,1970,142.4
160,220,1971,96.6
160,220,1972,207.6
160,220,1973,307.55
160,220,1974,95.85
160,220,1975,102.1
160,220,1976,221.85
160,220,1977,221.85
160,220,1978,412.95
160,220,1979,324.05
160,220,1980,309.05
160,220,1981,391.40999999999997
160,220,1982,304.86
160,220,1983,223.2
160,220,1984,135.14
160,220,1985,75.6
160,220,1986,97.35
160,220,1995,9.75
160,220,1996,13.75
160,220,1999,60.0
160,220,2016,7.5
160,220,2019,35.2
160,220,2021,61.5
160,220,2022,61.5
160,225,1967,9.9
160,225,1968,9.9
160,225,1969,30.0
160,225,1974,13.32
160,225,1975,13.32
160,225,1976,13.32
160,225,1977,13.32
160,225,1978,13.32
160,225,1979,343.32
160,225,1980,330.0
160,225,1981,330.0
160,225,2018,5.0
160,230,1982,125.0
160,230,1983,125.0
160,230,2007,5.2
160,230,2008,13.6
160,230,2009,13.6
160,230,2010,13.6
160,255,1970,5.0
160,255,1971,5.0
160,255,1973,2.0
160,255,1974,348.0
160,255,1976,239.75
160,255,1979,239.75
160,255,1980,239.75
160,255,1981,488.25
160,255,1982,488.25
160,255,1983,1416.25
160,255,1984,1906.25
160,255,1985,1676.25
160,255,1986,977.75
160,255,1987,744.0
160,255,1988,6.0
160,255,1990,738.0
160,255,1994,210.0
160,255,1995,210.0
160,255,1997,210.0
160,255,1998,210.0
160,255,2000,738.0
160,255,2004,738.0
160,255,2013,4.0
160,255,2014,4.0
160,305,1978,65.1
160,305,1979,65.1
160,305,1981,39.9
160,305,1986,7.5
160,305,2007,2.8
160,305,2016,1.05
160,305,2024,0.6
160,325,1950,4.8
160,325,1969,18.8
160,325,1970,18.8
160,325,1971,37.8
160,325,1972,37.8
160,325,1974,5.0
160,325,1976,135.0
160,325,1977,173.4
160,325,1978,135.0
160,325,1979,145.8
160,325,1980,186.0
160,325,1981,135.0
160,325,1982,135.0
160,325,1983,273.0
160,325,1984,317.0
160,325,1985,220.0
160,325,1986,226.0
160,325,1987,270.0
160,325,1988,165.0
160,325,1989,135.0
160,325,1990,220.0
160,325,1995,2.16
160,325,1996,15.0
160,325,1998,15.0
160,325,1999,15.0
160,325,2000,100.0
160,325,2004,85.0
160,325,2016,2.52
160,325,2017,0.72
160,325,2018,4.2
160,325,2024,0.18
160,355,1983,2.0
160,365,1997,1.36
160,365,1998,1.36
160,365,2011,14.5
160,380,1974,2.0
160,380,1975,2.0
160,380,1984,2.4
160,380,2010,3.0
160,380,2022,10.0
160,380,2023,10.0
160,385,2024,60.0
160,385,2025,60.0
160,390,2021,28.5
160,390,2022,28.5
160,390,2025,68.4
160,666,1978,123.52
160,666,1979,123.52
160,666,1980,123.52
160,666,1981,66.75999999999999
160,666,1982,159.16
160,666,1983,100.4
160,666,1995,12.5
160,666,1997,12.5
160,666,1998,2.96
160,666,1999,15.46
160,666,2000,12.5
160,666,2002,12.5
160,710,2010,1.4
165,2,1950,75.08
165,2,1951,10.08
165,2,1952,45.16
165,2,1953,2.88
165,2,1954,1.0
165,2,1955,0.72
165,2,1956,19.12
165,2,1957,15.6
165,2,1958,5.34
165,2,1960,16.92
165,2,1961,0.48
165,2,1963,0.36
165,2,1964,2.48
165,2,1965,8.1
165,2,1966,6.22
165,2,1968,10.89
165,2,1969,14.7
165,2,1970,12.62
165,2,1971,23.22
165,2,1972,25.759999999999998
165,2,1973,5.61
165,2,1974,5.04
165,2,1976,40.0
165,2,1977,1.52
165,2,1979,1.86
165,2,1980,10.4
165,2,1981,11.45
165,2,1982,9.0
165,2,1988,16.0
165,2,1989,5.0
165,2,1990,3.12
165,2,1993,27.6
165,2,1994,27.6
165,2,1998,12.280000000000001
165,2,2021,1.48
165,2,2022,5.04
165,2,2024,2.8
165,2,2025,1.0
165,20,1952,0.38
165,20,1954,1.2
165,20,1955,1.2
165,20,1992,2.1
165,20,2008,5.28
165,20,2009,17.64
165,20,2020,0.28
165,40,1957,8.0
165,40,1958,8.0
165,130,2014,6.0
165,130,2018,2.16
165,140,1976,13.25
165,140,1978,2.65
165,140,1980,4.95
165,140,1983,2.24
165,140,1985,10.8
165,140,2006,0.86
165,140,2009,6.25
165,140,2018,7.2
165,140,2022,5.21
165,140,2024,2.5
165,155,1975,0.15
165,155,1978,0.2
165,155,1981,0.3
165,155,1992,6.8
165,155,2018,0.42
165,160,1970,0.2
165,160,1979,6.779999999999999
165,160,1981,25.8
165,160,1991,0.44
165,160,1994,0.44
165,160,2000,2.0
165,160,2002,2.0
165,200,1956,9.0
165,200,1978,5.0
165,200,1992,1.8
165,200,1994,1.8
165,200,1997,5.4
165,200,1998,4.5
165,200,1999,1.6
165,200,2002,1.8
165,200,2024,2.5
165,210,2005,2.96
165,211,1981,19.17
165,211,2008,0.3
165,220,1981,33.9
165,220,1985,1.0
165,220,1989,36.0
165,220,1990,72.0
165,220,1991,72.0
165,220,1998,6.5
165,220,2014,3.25
165,225,1992,7.5
165,230,1975,12.5
165,230,1982,15.2
165,230,1983,19.0
165,230,1991,1.29
165,230,2009,1.05
165,230,2010,20.0
165,230,2015,6.0
165,230,2020,22.4
165,235,2008,75.0
165,235,2015,6.8
165,255,1980,12.1
165,255,1981,12.1
165,255,1991,24.0
165,255,1992,8.0
165,255,2002,9.0
165,255,2005,17.02
165,255,2007,2.88
165,255,2024,0.17
165,290,1999,0.75
165,316,1995,11.88
165,316,1996,4.68
165,316,1998,4.2
165,316,1999,4.640000000000001
165,317,1999,1.44
165,325,1999,3.12
165,325,2000,3.12
165,325,2020,4.0
165,325,2021,4.0
165,365,2006,6.72
165,380,1991,1.76
165,380,2009,6.8
165,666,1997,13.5
165,732,1981,4.32
165,732,1982,2.4000000000000004
165,732,2024,4.8
165,740,1962,100.0
200,2,1950,343.2
200,2,1951,373.2
200,2,1952,2847.2
200,2,1953,2676.0
200,2,1954,2618.8
200,2,1955,663.75
200,2,1956,636.0
200,2,1957,558.75
200,2,1958,1544.0
200,2,1959,1244.0
200,2,1960,250.0
200,2,1961,100.0
200,2,1962,105.03999999999999
200,2,1963,555.04
200,2,1964,465.04
200,2,1965,492.0
200,2,1966,2401.0
200,2,1967,3183.0
200,2,1968,6348.0
200,2,1969,4816.4
200,2,1971,615.2
200,2,1972,840.7
200,2,1973,840.7
200,2,1974,840.7
200,2,1975,840.7
200,2,1976,784.75
200,2,1977,1191.78
200,2,1978,885.38
200,2,1979,1347.38
200,2,1980,2317.88
200,2,1981,2696.83
200,2,1982,3090.43
200,2,1983,1817.9
200,2,1984,2194.85
200,2,1985,1781.55
200,2,1986,1318.05
200,2,1987,799.62
200,2,1988,794.6
200,2,1989,566.0
200,2,1990,567.6
200,2,1991,2142.25
200,2,1992,2352.69
200,2,1993,3181.94
200,2,1994,3095.54
200,2,1995,3167.9900000000002
200,2,1996,3136.05
200,2,1997,2770.0
200,2,1998,3153.0
200,2,1999,1096.93
200,2,2000,2545.03
200,2,2001,2708.63
200,2,2002,1353.43
200,2,2003,1404.26
200,2,2004,3778.86
200,2,2005,153.06
200,2,2006,408.06
200,2,2007,838.58
200,2,2008,1039.88
200,2,2009,757.13
200,2,2010,745.6800000000001
200,2,2011,584.07
200,2,2012,3197.51
200,2,2013,3240.91
200,2,2014,480.5
200,2,2015,935.0
200,2,2016,2721.0
200,2,2017,3010.0
200,2,2018,2480.0
200,2,2019,3585.0
200,2,2020,4368.0
200,2,2021,4360.0
200,2,2022,4596.0
200,2,2023,3453.5
200,2,2024,3453.63
200,2,2025,3406.03
200,20,1952,17.1
200,20,1953,17.1
200,20,1954,17.1
200,20,1955,17.1
200,20,1963,130.0
200,20,1964,130.0
200,20,1965,130.0
200,20,1966,130.0
200,20,1967,130.0
200,20,1968,130.0
200,20,1969,130.0
200,20,1970,130.0
200,20,1971,130.0
200,20,1972,150.0
200,20,1973,150.0
200,20,1974,20.0
200,20,1975,20.0
200,20,1976,20.0
200,20,1977,20.0
200,20,1978,20.0
200,20,1979,20.0
200,20,1980,20.0
200,20,1981,20.0
200,20,2007,105.0
200,20,2018,5.0
200,20,2020,2.0
200,140,1987,247.0
200,140,1988,247.0
200,140,1989,247.0
200,140,1990,247.0
200,140,1991,247.0
200,140,1992,247.0
200,140,1993,247.0
200,140,2017,11.5
200,140,2018,11.5
200,210,1985,123.5
200,210,1986,123.5
200,210,1987,253.5
200,210,1988,253.5
200,210,1989,130.0
200,210,2003,20.0
200,210,2004,20.0
200,210,2006,384.0
200,210,2007,384.0
200,210,2010,110.0
200,210,2011,90.0
200,210,2012,90.0
200,210,2013,90.0
200,210,2017,30.0
200,210,2019,30.0
200,211,2013,20.0
200,220,1957,25.9
200,220,1958,11.9
200,220,1959,11.9
200,220,1962,10.0
200,220,1963,20.0
200,220,1964,170.0
200,220,1965,170.0
200,220,1966,170.0
200,220,1967,150.0
200,220,1968,150.0
200,220,1969,390.0
200,220,1970,240.0
200,220,1971,240.0
200,220,1972,240.0
200,220,1973,387.4
200,220,1974,387.4
200,220,1975,387.4
200,220,1976,387.4
200,220,1977,567.4
200,220,1978,342.4
200,220,1979,405.8
200,220,1980,453.0
200,220,1981,186.0
200,220,1982,405.0
200,220,1983,405.0
200,220,1984,180.0
200,220,1985,180.0
200,220,1986,180.0
200,220,1987,180.0
200,220,1988,180.0
200,220,1989,180.0
200,220,1996,3.9
200,220,1997,49.4
200,220,1998,137.4
200,220,1999,88.0
200,220,2000,88.0
200,220,2001,88.0
200,220,2002,88.0
200,220,2006,66.0
200,220,2007,66.0
200,220,2008,66.0
200,220,2009,411.0
200,220,2010,411.0
200,220,2011,367.0
200,220,2012,433.0
200,220,2013,345.0
200,220,2015,56.0
200,220,2016,56.0
200,220,2024,2.5
200,225,1966,12.0
200,225,1967,12.0
200,230,2018,76.44
200,230,2019,76.44
200,230,2020,89.44
200,230,2022,76.44
200,230,2023,76.44
200,230,2024,76.44
200,230,2025,76.44
200,255,1977,180.0
200,255,1978,180.0
200,255,1979,180.0
200,255,1980,180.0
200,255,1981,180.0
200,255,1982,180.0
200,255,1983,180.0
200,255,1984,180.0
200,255,1985,180.0
200,255,1986,180.0
200,255,1987,180.0
200,255,1988,180.0
200,255,1989,180.0
200,255,1990,1.54
200,255,1992,8.0
200,255,1994,0.5
200,255,1999,9.9
200,255,2000,45.9
200,255,2001,9.9
200,255,2002,600.0
200,255,2003,600.0
200,255,2007,25.0
200,255,2009,2.3
200,255,2010,2.3
200,255,2016,74.45
200,255,2017,84.2
200,255,2018,112.57
200,255,2019,29.12
200,255,2020,60.120000000000005
200,255,2021,13.0
200,255,2022,42.620000000000005
200,255,2023,43.97
200,255,2024,61.97
200,255,2025,76.97
200,305,2008,1.2
200,305,2024,0.2
200,325,1961,27.0
200,325,1962,27.0
200,325,1963,27.0
200,325,1964,72.0
200,325,1965,72.0
200,325,1966,72.0
200,325,1967,72.0
200,325,1968,72.0
200,325,1969,72.0
200,325,1973,36.0
200,325,1974,36.0
200,325,1975,36.0
200,325,1976,36.0
200,325,1977,36.0
200,325,1984,7.5
200,325,1987,2.4
200,325,1998,200.0
200,325,2007,60.15
200,325,2008,60.15
200,325,2009,60.15
200,359,2011,11.6
200,365,2005,2.17
200,365,2006,2.17
200,375,2017,24.0
200,375,2018,24.0
200,375,2019,24.0
200,380,1979,7.2
200,380,1986,65.0
200,380,2002,43.0
200,380,2003,16.0
200,380,2004,43.0
200,380,2005,27.0
200,380,2008,16.25
200,380,2009,5.25
200,380,2010,6.0
200,380,2012,37.5
200,380,2013,37.5
200,380,2017,30.0
200,380,2018,30.0
200,380,2023,48.5
200,380,2024,41.0
200,380,2025,1.25
200,385,1991,65.0
200,385,2002,10.4
200,385,2003,10.4
200,385,2023,8.0
200,390,2006,4.75
200,490,1979,0.8
200,560,1997,0.9
200,560,1999,1.2
200,560,2004,14.4
200,666,2006,7.0
200,666,2007,93.24000000000001
200,666,2008,32.0
200,666,2010,30.0
200,666,2011,30.0
200,666,2012,148.0
200,666,2013,108.0
200,666,2014,108.0
200,666,2015,108.0
200,666,2016,108.0
200,666,2021,270.0
200,666,2022,270.0
200,666,2023,270.0
200,666,2024,270.0
200,666,2025,270.0
200,732,2017,536.0
200,732,2018,536.0
200,732,2019,536.0
200,740,1996,75.0
200,820,1987,2.92
200,830,2010,34.5
200,830,2011,34.5
200,900,1955,125.0
200,900,1961,4.0
200,900,1962,4.0
200,900,1973,360.0
200,900,1974,360.0
200,900,1975,360.0
200,900,1976,360.0
200,900,1977,406.2
200,900,1978,46.2
200,900,1979,46.2
200,900,1980,46.2
200,900,1981,46.2
200,900,1982,46.2
200,900,2008,8.4
200,920,1974,0.45
200,950,1984,10.0
205,2,1977,8.55
205,2,1978,8.55
205,2,1980,8.55
205,2,1986,11.25
205,2,1994,2.0
205,2,2006,1.08
205,2,2007,5.0
205,2,2008,5.0
205,20,1950,0.96
205,20,1994,5.0
205,20,1999,32.5
205,20,2001,32.5
205,20,2004,2.8
205,20,2017,0.35
205,20,2023,3.0
205,20,2025,1.5
205,200,1950,1.1
205,200,1956,8.440000000000001
205,200,1958,2.88
205,200,1960,2.88
205,200,1971,9.2
205,200,1980,17.52
205,200,1981,11.62
205,200,1982,11.62
205,200,1984,2.4
205,200,1985,11.62
205,200,1986,7.2
205,200,1988,24.0
205,200,1998,2.88
205,200,2014,69.7
205,200,2015,69.7
205,200,2016,34.85
205,200,2019,34.85
205,210,1972,15.0
205,210,1978,75.0
205,210,1979,75.0
205,210,1980,75.0
205,210,1984,6.5
205,210,2002,16.0
205,220,1953,17.75
205,220,1963,2.85
205,220,1964,14.049999999999999
205,220,1971,25.2
205,220,1972,33.47
205,220,1973,29.95
205,220,1974,29.95
205,220,1975,29.16
205,220,1979,1.25
205,220,1980,6.88
205,220,1981,6.95
205,220,1986,16.25
205,220,1998,0.08
205,220,2000,0.08
205,225,2001,14.0
205,225,2002,14.0
205,225,2004,23.95
205,225,2007,10.65
205,225,2008,15.68
205,225,2017,1.9
205,225,2020,7.4
205,230,1991,10.0
205,230,1994,34.0
205,230,2023,44.0
205,230,2025,12.5
205,255,2005,4.5
205,255,2007,0.3
205,325,1977,2.4
205,325,1979,0.24
205,325,1999,5.0
205,325,2001,5.0
205,325,2006,24.0
205,325,2007,24.0
205,325,2008,12.0
205,325,2014,5.5
205,325,2015,5.5
205,325,2016,2.75
205,325,2018,2.75
205,375,1991,0.6
205,375,2014,4.8
205,375,2015,4.8
205,375,2016,2.4
205,375,2018,2.4
205,380,1972,2.38
205,380,1981,2.0
205,380,1984,2.25
205,380,1986,3.25
205,380,2015,5.0
205,380,2016,5.0
205,380,2020,2.5
205,380,2022,2.5
205,385,2007,0.64
205,385,2008,8.44
205,560,2010,4.05
205,666,2023,5.0
205,920,2023,11.2
210,2,1950,93.24
210,2,1951,872.54
210,2,1952,797.02
210,2,1953,1187.9
210,2,1954,667.54
210,2,1955,1017.99
210,2,1956,1132.16
210,2,1957,1076.51
210,2,1958,700.76
210,2,1959,370.0
210,2,1960,526.0
210,2,1961,751.0
210,2,1962,2199.6
210,2,1963,1825.6
210,2,1964,2428.3
210,2,1965,2085.6
210,2,1966,1909.8999999999999
210,2,1967,1782.3999999999999
210,2,1968,282.7
210,2,1969,1196.5
210,2,1970,980.6
210,2,1971,975.0
210,2,1972,1075.0
210,2,1973,42.0
210,2,1974,95.75999999999999
210,2,1975,147.51
210,2,1976,737.51
210,2,1977,1409.95
210,2,1978,1822.05
210,2,1979,3789.4
210,2,1980,2644.05
210,2,1981,3493.9500000000003
210,2,1982,3949.6000000000004
210,2,1983,4416.4
210,2,1984,4469.700000000001
210,2,1985,1982.08
210,2,1986,1593.35
210,2,1987,2791.2799999999997
210,2,1988,1985.91
210,2,1989,2221.05
210,2,1990,1663.55
210,2,1991,1703.55
210,2,1992,1637.55
210,2,1993,553.38
210,2,1994,634.38
210,2,1995,178.8
210,2,1996,374.03
210,2,1997,267.03
210,2,1998,1019.75
210,2,1999,976.6700000000001
210,2,2000,787.47
210,2,2001,793.6700000000001
210,2,2002,858.47
210,2,2003,481.98
210,2,2004,243.56
210,2,2005,215.56
210,2,2006,294.95
210,2,2007,93.13
210,2,2008,69.04
210,2,2009,130.71
210,2,2010,112.4
210,2,2011,86.0
210,2,2012,161.06
210,2,2013,2256.06
210,2,2015,90.0
210,2,2016,142.24
210,2,2017,103.0
210,2,2018,226.24
210,2,2019,2251.8
210,2,2020,2494.0
210,2,2021,2421.68
210,2,2022,2599.94
210,2,2023,2500.76
210,2,2024,849.6
210,2,2025,993.8000000000001
210,20,1956,3.42
210,20,1961,40.8
210,20,1978,40.0
210,20,1979,40.0
210,20,1980,40.0
210,20,1981,40.0
210,20,1982,40.0
210,20,1983,40.0
210,20,1989,3.5
210,20,1995,42.0
210,20,1996,48.0
210,20,1997,1.05
210,20,2022,0.72
210,200,1950,594.75
210,200,1951,570.0
210,200,1952,570.0
210,200,1953,1369.2
210,200,1954,1737.2
210,200,1955,1930.8000000000002
210,200,1956,2019.9
210,200,1957,919.9
210,200,1958,934.62
210,200,1959,778.5
210,200,1960,94.5
210,200,1964,10.4
210,200,1967,753.0
210,200,1968,265.4
210,200,1969,27.0
210,200,1970,27.0
210,200,1971,27.0
210,200,1972,27.0
210,200,1975,28.8
210,200,1976,28.8
210,200,1977,22.5
210,200,1978,202.5
210,200,1979,265.0
210,200,1980,333.0
210,200,1981,248.0
210,200,1982,180.0
210,200,1983,180.0
210,200,1986,180.0
210,200,1990,0.16
210,200,1991,81.92
210,200,1992,80.0
210,200,1993,80.0
210,200,1994,80.0
210,200,1995,85.0
210,200,1996,5.0
210,200,2002,48.0
210,200,2003,48.0
210,200,2004,48.0
210,200,2005,48.0
210,211,1984,6.5
210,220,1956,5.0
210,220,1957,5.0
210,220,1958,5.0
210,220,1959,5.6
210,220,1960,2.0
210,220,1961,2.0
210,220,1962,8.0
210,220,1963,418.5
210,220,1964,492.15
210,220,1965,287.55
210,220,1966,306.55
210,220,1967,116.65
210,220,1968,116.65
210,220,1969,316.15
210,220,1970,243.0
210,220,1971,243.0
210,220,1972,243.0
210,220,1975,25.0
210,220,1976,25.0
210,220,1978,1.0
210,220,1979,22.6
210,220,1980,21.6
210,220,1981,21.6
210,220,1990,13.0
210,220,1992,13.0
210,220,1993,13.0
210,220,1994,13.0
210,220,1996,123.25
210,220,1997,124.55
210,220,2000,6.8
210,220,2001,6.8
210,220,2010,18.0
210,220,2011,18.0
210,220,2012,18.0
210,220,2013,18.0
210,220,2015,18.0
210,220,2024,13.0
210,225,1963,35.0
210,225,1976,133.0
210,225,1977,133.0
210,225,1978,133.0
210,225,1979,133.0
210,225,1980,133.0
210,225,1989,12.5
210,225,1997,3.75
210,255,1969,1008.0
210,255,1970,1149.55
210,255,1971,1149.55
210,255,1972,1149.55
210,255,1975,36.0
210,255,1976,36.0
210,255,1977,380.0
210,255,1978,380.0
210,255,1979,380.0
210,255,1981,1581.0
210,255,1982,1581.0
210,255,1983,1581.0
210,255,1984,1581.0
210,255,1985,1680.0
210,255,1986,1680.0
210,255,1987,99.0
210,255,1988,99.0
210,255,1989,99.0
210,255,1991,6.3
210,255,1992,56.25
210,255,1993,56.25
210,255,1994,56.25
210,255,1995,6.0
210,255,2002,80.4
210,255,2003,100.9
210,255,2004,280.5
210,255,2005,280.5
210,255,2006,258.6
210,255,2007,288.6
210,255,2008,256.5
210,255,2009,276.5
210,255,2010,256.5
210,255,2012,20.0
210,255,2013,46.4
210,255,2014,10.0
210,255,2015,10.0
210,255,2016,10.0
210,255,2017,10.0
210,255,2018,94.4
210,255,2019,6.6
210,255,2020,6.6
210,255,2021,6.6
210,255,2023,9.0
210,310,2021,2.0
210,325,1956,45.0
210,325,1962,16.8
210,325,1963,16.8
210,325,1978,45.0
210,325,1979,45.0
210,325,1980,45.0
210,325,1981,45.0
210,325,1982,45.0
210,325,1983,45.0
210,325,1984,30.0
210,325,1985,30.0
210,325,1991,20.0
210,325,1992,20.0
210,325,1993,35.0
210,325,1994,35.0
210,325,1995,20.0
210,325,2002,13.86
210,325,2003,13.86
210,325,2004,13.86
210,325,2005,13.86
210,325,2010,132.0
210,325,2011,132.0
210,325,2012,132.0
210,325,2013,188.0
210,325,2014,56.0
210,325,2015,56.0
210,325,2016,132.0
210,325,2023,27.18
210,325,2024,27.18
210,325,2025,34.18
210,360,1999,19.2
210,360,2013,216.2
210,360,2025,132.0
210,375,1991,24.0
210,375,1992,24.0
210,375,1993,24.0
210,375,1994,24.0
210,375,1995,24.0
210,375,1998,33.0
210,375,1999,27.0
210,375,2002,20.0
210,375,2003,20.0
210,375,2004,20.0
210,375,2005,20.0
210,375,2007,6.0
210,375,2022,16.0
210,380,1953,124.0
210,380,1954,240.0
210,380,1955,240.0
210,380,1956,240.0
210,380,1957,240.0
210,380,1958,240.0
210,380,2006,18.5
210,380,2007,386.5
210,380,2008,368.0
210,380,2009,368.0
210,380,2010,368.0
210,380,2011,368.0
210,380,2012,368.0
210,380,2024,59.0
210,380,2025,59.0
210,385,2009,30.0
210,385,2025,10.0
210,390,1995,8.0
210,390,2012,4.0
210,390,2013,4.0
210,666,2006,72.0
210,666,2007,118.0
210,666,2008,94.0
210,666,2009,72.5
210,666,2010,72.0
210,666,2011,72.0
210,666,2017,4.92
210,666,2018,4.92
210,666,2023,8.8
210,666,2024,16.8
210,666,2025,12.0
210,696,1995,1.92
210,800,2024,4.72
210,900,1962,2.0
210,900,2006,8.75
210,900,2007,3.85
210,900,2008,8.4
210,900,2009,12.950000000000001
210,900,2016,4.2
210,900,2017,7.0
210,900,2021,2.1
211,2,1950,110.22
211,2,1951,789.4
211,2,1952,1935.7
211,2,1953,2067.2200000000003
211,2,1954,1389.8200000000002
211,2,1955,1154.62
211,2,1956,1334.82
211,2,1957,924.77
211,2,1958,1206.62
211,2,1959,492.62
211,2,1960,346.66999999999996
211,2,1961,549.7
211,2,1962,542.3
211,2,1963,1678.0800000000002
211,2,1964,1670.6000000000001
211,2,1965,1414.0
211,2,1966,96.0
211,2,1969,15.0
211,2,1972,347.0
211,2,1973,376.0
211,2,1974,40.0
211,2,1976,68.61
211,2,1977,74.11
211,2,1978,33.75
211,2,1979,2395.4
211,2,1980,2605.4
211,2,1981,2620.4
211,2,1982,3199.25
211,2,1983,3199.25
211,2,1984,3142.45
211,2,1985,3153.4500000000003
211,2,1986,593.85
211,2,1987,593.85
211,2,1988,1502.45
211,2,1989,1062.6
211,2,1990,996.75
211,2,1991,974.0
211,2,1992,67.64
211,2,1993,65.4
211,2,1994,65.4
211,2,1995,65.4
211,2,1996,138.0
211,2,1997,138.0
211,2,1998,166.8
211,2,1999,175.8
211,2,2000,138.0
211,2,2001,138.0
211,2,2002,159.62
211,2,2003,143.62
211,2,2004,138.0
211,2,2005,6.0
211,2,2006,6.0
211,2,2007,8.0
211,2,2008,8.0
211,2,2009,13.2
211,2,2010,3.6
211,2,2011,3.6
211,2,2012,7.2
211,2,2013,3.6
211,2,2014,3.6
211,2,2015,5.0
211,2,2016,7.140000000000001
211,2,2017,11.2
211,2,2018,11.2
211,2,2019,7.92
211,2,2020,8.92
211,2,2023,57.96
211,2,2024,732.46
211,2,2025,724.46
211,20,1957,333.25
211,20,1958,333.25
211,20,1959,27.0
211,20,1978,16.0
211,20,1979,16.0
211,20,2000,18.0
211,20,2002,18.0
211,20,2004,18.0
211,200,1950,718.1
211,200,1951,730.2
211,200,1952,684.85
211,200,1953,781.45
211,200,1954,678.97
211,200,1955,926.7
211,200,1956,1056.0
211,200,1957,1039.2
211,200,1958,1021.2
211,200,1959,1.1
211,200,1973,357.12
211,200,1974,357.12
211,200,1975,357.12
211,200,1976,249.6
211,200,1977,190.35
211,200,1978,207.15
211,200,1979,117.25
211,200,1980,117.25
211,200,2001,5.2
211,210,1952,13.0
211,210,1953,13.0
211,210,1974,6.4
211,210,1975,0.12
211,210,1978,50.0
211,210,2007,248.0
211,210,2008,261.12
211,210,2009,13.120000000000001
211,210,2010,7.2
211,210,2012,7.2
211,210,2013,5.0
211,210,2014,5.0
211,210,2019,4.5
211,210,2025,10.0
211,220,1957,10.0
211,220,1958,31.0
211,220,1959,21.0
211,220,1960,67.0
211,220,1961,71.0
211,220,1962,78.4
211,220,1963,191.2
211,220,1964,191.2
211,220,1965,206.79999999999998
211,220,1966,236.2
211,220,1967,195.6
211,220,1968,166.2
211,220,1969,166.2
211,220,1970,994.2
211,220,1971,992.85
211,220,1972,999.0
211,220,1973,1192.5
211,220,1978,392.5
211,220,1979,297.0
211,220,1980,297.0
211,220,1981,33.0
211,220,1982,33.0
211,220,1991,64.26
211,220,1992,64.26
211,220,1993,90.36000000000001
211,220,1994,90.36000000000001
211,220,1995,64.26
211,220,1997,8.4
211,220,2000,12.0
211,220,2001,12.0
211,220,2012,28.0
211,220,2013,54.0
211,220,2014,84.0
211,220,2015,44.0
211,220,2025,109.0
211,225,2008,59.5
211,225,2009,83.5
211,225,2010,102.7
211,225,2011,102.7
211,225,2012,102.7
211,225,2013,102.7
211,225,2014,102.7
211,225,2015,59.5
211,230,2020,511.0
211,230,2021,511.0
211,230,2022,511.0
211,230,2024,511.0
211,235,2009,46.0
211,235,2014,18.0
211,255,1960,1.44
211,255,1961,1.44
211,255,1962,1.44
211,255,1965,5.98
211,255,1968,778.6
211,255,1969,810.35
211,255,1970,808.35
211,255,1971,757.95
211,255,1975,88.0
211,255,1976,88.0
211,255,1977,495.0
211,255,1978,495.0
211,255,1979,495.0
211,255,1980,495.0
211,255,2005,77.0
211,255,2006,77.0
211,255,2007,77.0
211,255,2008,77.0
211,255,2009,77.0
211,255,2010,77.0
211,255,2011,77.0
211,255,2013,44.0
211,255,2014,44.0
211,255,2015,44.0
211,255,2020,84.0
211,255,2021,84.0
211,255,2022,84.0
211,255,2024,84.0
211,290,2025,2.0
211,305,1998,16.2
211,305,1999,16.2
211,305,2000,16.2
211,305,2002,1.8
211,325,1969,8.64
211,325,1970,8.64
211,325,1971,8.64
211,325,1992,57.36
211,325,1993,55.2
211,325,1994,55.2
211,325,2007,66.0
211,325,2008,66.0
211,380,1998,4.96
211,380,2025,0.4
211,385,1966,15.05
211,390,2025,4.75
211,666,1990,3.15
211,666,1991,3.15
211,666,1992,3.15
211,666,2001,5.4
211,666,2002,5.4
211,666,2010,19.2
211,666,2011,19.2
211,666,2012,19.2
211,666,2013,19.2
211,666,2014,19.2
211,666,2015,7.2
211,830,1997,46.4
211,830,1998,46.4
212,2,1952,0.07
212,2,1953,0.07
212,2,1974,0.72
212,2,1982,0.6
212,2,1996,3.12
212,2,1999,1.17
212,2,2003,1.0
212,220,2024,2.7
212,225,2023,1.2
212,225,2025,11.2
212,230,2020,73.0
212,255,2009,16.8
212,255,2010,16.8
212,255,2019,6.5
212,255,2020,18.5
220,2,1950,208.72
220,2,1951,952.3199999999999
220,2,1952,2293.96
220,2,1953,3260.6899999999996
220,2,1954,3500.1
220,2,1955,3219.96
220,2,1956,3912.28
220,2,1957,2260.8
220,2,1958,2933.97
220,2,1959,2845.39
220,2,1960,1600.31
220,2,1961,1129.51
220,2,1962,627.43
220,2,1963,532.7
220,2,1964,1869.8
220,2,1965,1081.9
220,2,1966,240.84
220,2,1967,120.84
220,2,1968,91.7
220,2,1969,16.9
220,2,1970,4.2
220,2,1971,62.5
220,2,1972,62.5
220,2,1973,71.5
220,2,1974,71.5
220,2,1975,62.5
220,2,1976,590.0
220,2,1977,590.0
220,2,1978,590.0
220,2,1979,170.0
220,2,1983,4.0
220,2,1987,168.0
220,2,1988,401.0
220,2,1989,112.0
220,2,1990,166.0
220,2,1991,1230.0
220,2,1992,1230.0
220,2,1993,166.0
220,2,1994,121.0
220,2,1995,131.0
220,2,1996,10.0
220,2,1997,128.8
220,2,1998,348.1
220,2,1999,209.3
220,2,2000,162.0
220,2,2001,155.0
220,2,2002,57.0
220,2,2003,66.0
220,2,2004,81.65
220,2,2005,4.0
220,2,2006,4.0
220,2,2008,1.75
220,2,2010,137.4
220,2,2011,120.3
220,2,2012,181.42
220,2,2013,161.9
220,2,2014,101.6
220,2,2015,117.6
220,2,2016,107.6
220,2,2017,205.68
220,2,2018,164.07999999999998
220,2,2019,152.0
220,2,2020,149.3
220,2,2021,56.0
220,2,2022,58.5
220,2,2024,2.8
220,2,2025,52.5
220,20,1954,81.0
220,20,1959,61.0
220,20,1960,61.0
220,20,1961,61.0
220,20,1962,61.0
220,20,1973,20.0
220,20,1974,20.0
220,20,1975,20.0
220,20,1976,20.0
220,20,1977,20.0
220,20,1978,22.5
220,20,1979,27.5
220,20,1980,20.0
220,20,1981,25.0
220,20,1982,25.0
220,20,1983,5.0
220,20,1990,75.0
220,20,1991,76.75
220,20,1992,75.0
220,20,1993,92.5
220,20,1994,75.0
220,20,1995,92.5
220,20,1996,17.5
220,20,1997,17.5
220,20,2018,10.5
220,20,2019,8.5
220,20,2022,4.5
220,20,2023,4.5
220,70,1953,4.0
220,140,1969,15.84
220,140,1982,118.25
220,140,1983,118.25
220,140,1984,118.25
220,140,1993,95.0
220,140,1995,95.0
220,140,1996,95.0
220,140,1997,95.0
220,140,2020,92.0
220,200,1951,1340.36
220,200,1952,1842.7
220,200,1953,2374.1
220,200,1954,1239.4
220,200,1955,1044.8
220,200,1956,691.3
220,200,1957,336.0
220,200,1958,312.0
220,200,1959,368.25
220,200,1960,56.25
220,200,1961,56.25
220,200,1965,128.0
220,200,1966,120.0
220,200,1967,320.0
220,200,1968,320.0
220,200,1969,200.0
220,200,1970,200.0
220,200,1971,200.0
220,200,1972,200.0
220,200,1977,340.0
220,200,1978,340.0
220,200,1979,424.0
220,200,1980,340.0
220,200,1981,540.0
220,200,1982,540.0
220,200,1983,456.0
220,200,1984,200.0
220,200,1985,116.0
220,200,1986,200.0
220,200,1988,84.0
220,200,1989,112.0
220,200,1990,196.0
220,200,1991,112.0
220,200,1992,112.0
220,200,1993,112.0
220,200,1994,252.0
220,200,1995,140.0
220,200,1996,140.0
220,200,1997,140.0
220,200,1998,140.0
220,200,2000,15.0
220,200,2017,250.0
220,200,2018,394.0
220,200,2019,394.0
220,200,2020,394.0
220,200,2021,394.0
220,200,2022,394.0
220,200,2023,394.0
220,200,2024,250.0
220,200,2025,250.0
220,210,1986,72.0
220,210,2010,30.0
220,210,2012,37.5
220,210,2015,37.5
220,210,2018,37.5
220,210,2021,9.0
220,210,2022,9.0
220,210,2025,4.5
220,211,1997,66.0
220,211,2009,2.6
220,211,2018,5.2
220,225,1991,6.25
220,225,1992,4.0
220,225,2018,85.0
220,225,2019,85.0
220,225,2022,45.0
220,225,2023,45.0
220,230,1988,19.0
220,230,1989,19.0
220,230,1991,72.0
220,230,1992,54.0
220,230,1998,63.0
220,230,1999,63.0
220,230,2000,63.0
220,230,2002,18.0
220,230,2003,27.0
220,230,2011,72.0
220,230,2012,72.0
220,230,2013,72.0
220,255,1962,2.5
220,255,1973,90.0
220,255,1974,90.0
220,255,1975,90.0
220,255,2002,7.3500000000000005
220,255,2003,0.15
220,255,2006,1.6
220,255,2007,5.92
220,255,2008,1.6
220,255,2009,1.6
220,255,2010,0.45
220,255,2012,38.4
220,255,2015,38.4
220,255,2016,38.4
220,255,2017,38.4
220,255,2018,38.4
220,255,2019,38.4
220,255,2021,38.4
220,255,2022,38.4
220,255,2024,29.6
220,255,2025,35.6
220,305,2006,108.0
220,305,2007,108.0
220,305,2012,0.2
220,305,2018,0.2
220,305,2020,0.8
220,325,1954,28.56
220,325,1955,28.56
220,325,1956,28.56
220,325,1991,133.28
220,325,1992,133.28
220,325,1993,133.28
220,325,2009,60.0
220,325,2010,16.0
220,325,2012,22.0
220,325,2015,22.0
220,325,2016,22.0
220,325,2017,22.0
220,325,2018,22.0
220,325,2019,22.0
220,325,2021,22.0
220,325,2022,22.0
220,325,2024,290.4
220,325,2025,293.15
220,375,2006,24.0
220,375,2007,24.0
220,375,2012,9.0
220,380,1955,82.5
220,380,1956,82.5
220,380,1957,82.5
220,380,1958,82.5
220,380,2000,2.4
220,380,2003,30.0
220,380,2004,30.0
220,380,2011,13.25
220,380,2012,13.25
220,380,2013,13.25
220,385,1964,22.0
220,385,1971,4.0
220,390,2011,9.5
220,490,1997,22.4
220,666,1997,1.8
220,666,2007,4.5
220,666,2009,9.0
220,666,2010,3.0
225,2,1952,0.76
225,2,1956,0.24
225,2,1957,1.5
225,2,1963,78.0
225,2,1964,278.24
225,2,1965,233.99
225,2,1966,287.75
225,2,1967,150.25
225,2,1968,150.25
225,2,1969,116.5
225,2,1970,369.0
225,2,1971,252.5
225,2,1972,252.5
225,2,1973,140.0
225,2,1974,140.0
225,2,1975,132.0
225,2,1976,132.0
225,2,1978,852.0
225,2,1979,852.0
225,2,1980,970.25
225,2,1981,1220.95
225,2,1982,853.7
225,2,1983,853.7
225,2,1984,722.7
225,2,1985,659.7
225,2,1987,55.0
225,2,1988,175.0
225,2,1989,184.3
225,2,1990,129.3
225,2,1991,250.3
225,2,1992,129.3
225,2,1993,409.3
225,2,1994,424.3
225,2,1995,400.0
225,2,1996,1675.0
225,2,1997,1460.6
225,2,1998,1460.6
225,2,1999,1395.0
225,2,2004,18.0
225,2,2007,18.0
225,2,2008,18.0
225,2,2009,18.0
225,2,2010,40.6
225,2,2011,22.6
225,2,2012,1.1
225,2,2016,90.0
225,2,2022,90.0
225,2,2023,90.0
225,20,2008,3.0
225,20,2012,1.0
225,200,1950,429.0
225,200,1951,429.0
225,200,1952,1235.14
225,200,1953,806.75
225,200,1954,806.75
225,200,1955,800.0
225,200,1956,950.75
225,200,1957,948.5
225,200,1958,1352.5
225,200,1959,540.0
225,200,1960,504.0
225,200,1964,421.8
225,200,1965,421.8
225,200,1966,406.8
225,200,1968,13.37
225,200,1969,13.37
225,200,1971,120.0
225,200,1972,232.5
225,200,1973,112.5
225,200,1974,112.5
225,200,1975,120.0
225,200,1976,131.9
225,200,1982,690.0
225,200,1983,690.0
225,200,1984,690.0
225,200,1985,690.0
225,200,1986,690.0
225,200,1989,180.0
225,200,1990,180.0
225,200,1991,180.0
225,200,1992,15.0
225,200,1993,15.0
225,200,1994,15.0
225,200,2004,280.0
225,200,2005,280.0
225,200,2006,280.0
225,200,2007,280.0
225,220,1955,180.0
225,220,1956,180.0
225,220,1958,0.56
225,220,1959,15.56
225,220,1960,36.0
225,220,1961,21.0
225,220,1962,21.0
225,220,1963,609.0
225,220,1964,631.8
225,220,1966,644.55
225,220,1967,621.75
225,220,1968,621.75
225,220,1969,632.25
225,220,1970,621.75
225,220,1972,67.5
225,220,1973,57.0
225,220,1974,57.0
225,220,1983,24.0
225,220,1987,21.75
225,220,1988,21.75
225,220,1991,87.0
225,220,1992,87.0
225,220,1993,87.0
225,220,2000,27.0
225,220,2001,114.0
225,220,2002,87.0
225,255,1958,0.84
225,255,1959,0.84
225,255,1971,49.5
225,255,1972,49.5
225,255,1973,49.5
225,255,1974,49.5
225,255,1975,49.5
225,255,1976,49.5
225,255,1977,49.5
225,255,1978,49.5
225,255,1979,49.5
225,255,1980,49.5
225,255,1981,49.5
225,255,1982,49.5
225,255,1983,49.5
225,255,1987,1292.0
225,255,1988,1292.0
225,255,1989,1292.0
225,255,1990,1292.0
225,255,1991,1292.0
225,255,1992,1292.0
225,255,1993,1292.0
225,255,2003,40.0
225,255,2004,96.25
225,255,2005,56.25
225,255,2006,40.0
225,255,2007,1.52
225,255,2008,40.5
225,255,2009,70.5
225,255,2010,30.0
225,255,2011,30.0
225,255,2014,23.75
225,255,2015,23.75
225,255,2016,23.75
225,315,1950,45.0
225,315,1951,45.0
225,315,1952,45.0
225,380,1950,105.3
225,380,1951,105.3
225,380,1952,105.3
225,380,1953,105.3
225,380,1966,80.0
225,380,1967,80.0
225,380,1968,80.0
225,380,1969,80.0
225,380,1973,19.2
225,380,1974,19.2
225,380,1975,19.2
225,380,1979,9.0
225,380,2001,297.6
225,380,2002,297.6
225,380,2003,297.6
225,380,2004,297.6
225,380,2005,297.6
225,385,1989,186.0
225,385,1990,186.0
225,385,1991,186.0
225,385,1992,186.0
225,560,1960,54.0
225,560,1961,59.4
225,666,1998,5.6
225,666,1999,5.6
225,666,2000,5.6
225,666,2001,5.6
225,666,2023,18.0
230,2,1950,0.6
230,2,1953,20.1
230,2,1954,351.02
230,2,1955,755.4200000000001
230,2,1956,741.5
230,2,1957,822.96
230,2,1958,775.88
230,2,1959,1148.5
230,2,1960,393.36
230,2,1961,186.18
230,2,1962,71.5
230,2,1963,5.4
230,2,1964,84.21000000000001
230,2,1965,498.72999999999996
230,2,1966,582.85
230,2,1967,325.45
230,2,1968,675.93
230,2,1969,667.31
230,2,1970,878.3299999999999
230,2,1971,1505.43
230,2,1972,1996.41
230,2,1973,2421.89
230,2,1974,2056.52
230,2,1975,1850.1200000000001
230,2,1976,2008.22
230,2,1977,485.46
230,2,1978,679.99
230,2,1979,648.75
230,2,1980,697.63
230,2,1981,715.27
230,2,1982,604.37
230,2,1983,303.3
230,2,1984,202.07999999999998
230,2,1985,279.05
230,2,1986,3283.68
230,2,1987,3620.38
230,2,1988,4092.4199999999996
230,2,1989,2512.48
230,2,1990,2567.18
230,2,1991,211.41
230,2,1992,465.85
230,2,1993,386.34000000000003
230,2,1994,734.34
230,2,1995,672.1
230,2,1996,725.8
230,2,1997,721.0
230,2,1998,50.0
230,2,1999,576.15
230,2,2000,648.15
230,2,2001,97.6
230,2,2002,638.33
230,2,2003,622.33
230,2,2004,505.93
230,2,2006,351.03
230,2,2007,74.0
230,2,2008,64.5
230,2,2009,215.3
230,2,2010,7.0
230,2,2011,130.0
230,2,2012,352.33
230,2,2013,153.5
230,2,2014,130.0
230,2,2015,130.0
230,2,2016,1.79
230,2,2017,9.57
230,2,2018,140.57
230,2,2019,162.4
230,2,2020,37.6
230,2,2021,349.57
230,2,2022,356.64
230,2,2023,350.84
230,2,2024,360.6
230,2,2025,63.17
230,20,1967,45.0
230,20,1968,45.0
230,20,1969,45.0
230,20,1979,13.5
230,20,1980,6.0
230,20,1986,12.0
230,20,1987,12.0
230,20,1988,40.0
230,20,1989,20.0
230,20,1990,32.0
230,20,1994,12.0
230,20,1995,4.0
230,20,1998,4.0
230,20,2000,4.0
230,20,2001,13.5
230,20,2002,13.5
230,20,2003,13.5
230,20,2004,13.5
230,20,2005,13.5
230,20,2021,12.0
230,20,2022,12.0
230,20,2025,8.0
230,155,1986,11.2
230,155,1987,11.2
230,155,1988,11.2
230,155,1989,11.479999999999999
230,200,1953,86.5
230,200,1954,173.5
230,200,1955,86.5
230,200,1956,173.5
230,200,1957,87.0
230,200,1959,4.8
230,200,1976,110.16
230,200,1979,4.5
230,200,1980,158.85
230,200,1981,90.0
230,200,1985,34.11
230,200,1986,15.0
230,200,1987,66.0
230,200,1988,36.0
230,200,1996,82.6
230,200,1997,82.6
230,200,1998,58.6
230,200,1999,238.6
230,200,2000,208.0
230,200,2002,15.0
230,200,2003,15.0
230,200,2004,105.0
230,200,2005,90.0
230,200,2012,12.0
230,200,2025,20.0
230,210,1975,36.0
230,210,1976,36.0
230,210,1977,36.0
230,210,1978,63.0
230,210,1979,88.5
230,210,1980,63.0
230,210,1982,51.0
230,210,1983,51.0
230,210,1994,9.0
230,220,1951,33.0
230,220,1952,33.0
230,220,1953,123.0
230,220,1955,90.0
230,220,1956,90.0
230,220,1959,1.0
230,220,1960,126.0
230,220,1961,90.0
230,220,1964,90.0
230,220,1965,90.0
230,220,1966,140.0
230,220,1967,98.0
230,220,1969,36.0
230,220,1970,70.2
230,220,1971,394.2
230,220,1972,371.28000000000003
230,220,1973,124.0
230,220,1974,324.0
230,220,1975,674.0
230,220,1976,366.0
230,220,1977,324.0
230,220,1978,484.0
230,220,1979,1224.0
230,220,1980,1122.0
230,220,1981,740.0
230,220,1982,812.5
230,220,1983,652.5
230,220,1984,72.5
230,220,1985,400.0
230,220,1986,475.0
230,220,1987,75.0
230,220,1988,426.18
230,220,1989,426.18
230,220,1990,255.18
230,220,1991,60.0
230,220,1992,135.6
230,220,1993,135.6
230,220,1994,266.0
230,220,1995,107.6
230,220,1996,75.6
230,220,1997,171.6
230,220,1998,108.75
230,220,1999,108.75
230,220,2000,128.77
230,220,2001,119.25
230,220,2002,108.75
230,220,2005,14.5
230,220,2007,298.5
230,220,2008,298.5
230,220,2009,22.5
230,220,2010,313.0
230,220,2011,37.0
230,220,2014,430.0
230,220,2015,430.0
230,220,2016,443.05
230,220,2017,457.55
230,220,2018,451.75
230,220,2019,154.0
230,220,2020,430.0
230,220,2021,154.0
230,220,2022,157.28
230,220,2024,21.0
230,220,2025,21.0
230,225,1975,230.0
230,225,1976,230.0
230,225,1979,35.0
230,225,1980,35.0
230,225,2003,6.3
230,225,2004,6.3
230,225,2006,144.0
230,225,2007,144.0
230,225,2008,144.0
230,225,2010,5.95
230,225,2011,5.95
230,225,2012,5.95
230,225,2013,5.95
230,225,2014,8.35
230,225,2021,120.0
230,225,2022,136.34
230,225,2025,105.53999999999999
230,255,1953,75.0
230,255,1954,75.2
230,255,1957,80.0
230,255,1958,5.0
230,255,1960,6.0
230,255,1961,6.0
230,255,1962,6.0
230,255,1971,1.25
230,255,1975,114.0
230,255,1976,168.0
230,255,1977,168.0
230,255,1980,14.879999999999999
230,255,1981,103.08
230,255,1982,82.08
230,255,1983,72.0
230,255,1991,24.0
230,255,1992,30.94
230,255,1993,24.0
230,255,1995,174.16000000000003
230,255,1996,172.8
230,255,1997,11.52
230,255,1998,11.52
230,255,1999,11.52
230,255,2000,31.52
230,255,2001,31.52
230,255,2002,11.52
230,255,2003,1131.0
230,255,2004,1131.0
230,255,2005,1214.3
230,255,2006,1131.0
230,255,2007,1125.1
230,255,2008,1129.6
230,255,2009,1131.74
230,255,2010,1137.74
230,255,2011,1280.64
230,255,2012,1280.64
230,255,2013,1268.64
230,255,2014,167.23999999999998
230,255,2015,272.24
230,255,2016,218.64
230,255,2017,78.64
230,255,2018,78.0
230,255,2023,45.21
230,255,2024,44.46
230,255,2025,65.46
230,305,2009,60.0
230,305,2010,60.0
230,305,2011,60.0
230,305,2012,60.0
230,305,2013,60.0
230,325,1956,81.9
230,325,1957,81.9
230,325,1958,81.9
230,325,1959,81.9
230,325,1960,81.9
230,325,1961,87.42
230,325,1962,87.42
230,325,1963,87.42
230,325,1964,87.42
230,325,1965,95.82000000000001
230,325,1973,3.5
230,325,1974,35.0
230,325,1977,60.8
230,325,1978,60.8
230,325,1979,135.0
230,325,1980,135.0
230,325,1981,43.2
230,325,1982,30.0
230,325,1983,30.0
230,325,1987,205.5
230,325,1988,205.5
230,325,1989,205.5
230,325,1990,58.5
230,325,1991,58.5
230,325,1992,58.5
230,325,1993,82.5
230,325,1994,60.0
230,325,1995,6.0
230,325,1996,24.0
230,325,1997,10.8
230,325,1998,42.8
230,325,1999,42.8
230,325,2000,49.5
230,325,2001,49.5
230,325,2002,49.5
230,325,2004,139.5
230,325,2005,139.5
230,325,2006,199.5
230,325,2007,199.5
230,325,2008,78.0
230,325,2010,9.75
230,325,2011,9.3
230,350,1994,17.8
230,380,1972,7.5
230,380,1978,21.0
230,380,1979,21.0
230,380,1980,21.0
230,380,1982,21.0
230,380,1983,21.0
230,380,1996,8.0
230,380,1997,8.0
230,380,1998,8.0
230,380,1999,8.0
230,380,2000,8.0
230,380,2001,8.0
230,380,2002,4.0
230,380,2003,4.0
230,380,2004,4.0
230,380,2007,16.0
230,380,2008,16.0
230,380,2009,16.0
230,380,2013,0.4
230,380,2022,5.28
230,380,2025,5.28
230,385,1973,9.6
230,385,1988,60.0
230,385,1989,60.0
230,385,2002,40.0
230,385,2003,40.0
230,385,2004,8.0
230,390,1995,8.0
230,560,2009,18.0
230,560,2010,18.0
230,666,2000,2.0
230,666,2003,25.0
230,666,2004,25.0
230,666,2005,20.0
230,666,2007,4.8
230,666,2008,4.8
230,666,2009,12.0
230,666,2010,90.9
230,666,2011,90.9
230,666,2012,90.9
230,666,2013,78.9
230,666,2014,78.9
230,666,2019,0.9
230,666,2022,36.0
235,2,1951,66.34
235,2,1952,416.58000000000004
235,2,1953,754.7
235,2,1954,817.4300000000001
235,2,1955,573.14
235,2,1956,174.1
235,2,1957,169.78
235,2,1958,199.0
235,2,1959,6.4
235,2,1960,25.0
235,2,1961,29.0
235,2,1962,1.8
235,2,1963,59.0
235,2,1964,54.0
235,2,1965,39.0
235,2,1966,180.0
235,2,1967,197.5
235,2,1968,197.5
235,2,1969,5.0
235,2,1970,25.5
235,2,1971,114.5
235,2,1974,12.5
235,2,1975,12.5
235,2,1977,128.37
235,2,1978,154.95
235,2,1979,8.4
235,2,1980,18.48
235,2,1981,174.0
235,2,1982,173.0
235,2,1983,8.0
235,2,1984,237.6
235,2,1985,243.44
235,2,1986,7.5
235,2,1987,21.9
235,2,1988,226.28
235,2,1989,200.22
235,2,1990,52.519999999999996
235,2,1991,198.39
235,2,1992,25.0
235,2,1993,110.95
235,2,1994,455.6
235,2,1995,35.92
235,2,1996,23.54
235,2,1997,3.0
235,2,1998,7.55
235,2,2000,5.0
235,2,2001,17.5
235,2,2003,627.0
235,2,2004,627.0
235,2,2005,635.2
235,2,2006,644.76
235,2,2007,636.4
235,2,2008,636.4
235,2,2009,637.4
235,2,2010,636.4
235,2,2011,636.4
235,2,2012,627.0
235,2,2014,9.4
235,2,2016,9.4
235,2,2019,627.0
235,2,2020,627.0
235,2,2021,7.0
235,2,2023,23.0
235,2,2024,23.0
235,2,2025,22.8
235,20,1950,7.2
235,20,1954,25.44
235,20,1961,5.0
235,20,1991,18.0
235,20,1992,24.0
235,20,1993,24.0
235,20,2008,18.0
235,20,2009,18.0
235,20,2010,18.0
235,20,2011,18.0
235,20,2025,2.5
235,140,2023,162.0
235,140,2024,162.0
235,140,2025,184.5
235,200,1951,4.5
235,200,1955,55.12
235,200,1956,56.62
235,200,1957,16.619999999999997
235,200,1958,9.12
235,200,1959,33.92
235,200,1960,9.12
235,200,1961,44.16
235,200,1962,10.36
235,200,1963,10.36
235,200,1964,10.36
235,200,1974,19.04
235,200,1975,19.04
235,200,1979,1.54
235,200,1982,8.12
235,200,1983,3.6
235,200,1989,10.0
235,200,1990,10.0
235,200,1993,74.25
235,200,1995,5.0
235,200,1998,12.6
235,200,1999,12.6
235,210,1954,68.0
235,210,1961,48.0
235,210,1962,48.0
235,210,1991,72.0
235,210,1992,2.46
235,210,1993,10.4
235,210,2006,165.0
235,210,2008,74.4
235,210,2009,336.4
235,210,2010,262.4
235,211,1979,3.0
235,220,1957,4.9
235,220,1958,35.0
235,220,1959,42.7
235,220,1960,24.5
235,220,1961,56.64
235,220,1962,8.0
235,220,1963,76.0
235,220,1964,76.0
235,220,1965,76.0
235,220,1966,104.0
235,220,1967,765.6
235,220,1968,737.6
235,220,1969,837.6
235,220,1970,199.01
235,220,1971,94.05
235,220,1972,94.05
235,220,1973,94.05
235,220,1974,136.25
235,220,1975,142.25
235,220,1976,11.2
235,220,1985,14.0
235,220,1989,5.4
235,220,1990,9.96
235,220,1991,15.75
235,220,1999,0.55
235,220,2020,0.44
235,230,1970,210.45
235,230,1971,210.45
235,230,1974,371.8
235,230,1975,371.8
235,230,1976,91.2
235,230,1980,2.4
235,230,1994,12.5
235,230,2008,125.5
235,230,2009,112.5
235,230,2010,178.5
235,230,2011,112.5
235,230,2019,19.46
235,230,2020,19.46
235,230,2021,19.46
235,255,1961,10.219999999999999
235,255,1962,10.219999999999999
235,255,1963,5.42
235,255,1964,6.42
235,255,1965,9.42
235,255,1966,197.20000000000002
235,255,1967,50.4
235,255,1968,50.4
235,255,1969,50.4
235,255,1970,281.84999999999997
235,255,1976,27.189999999999998
235,255,1978,8.86
235,255,1980,21.42
235,255,1981,6.0
235,255,1982,54.84
235,255,1984,6.0
235,255,1989,7.0
235,255,1990,43.0
235,255,1991,732.75
235,255,1993,162.0
235,255,1994,5.0
235,255,2010,550.0
235,305,2007,47.4
235,305,2008,47.4
235,305,2009,84.9
235,305,2010,84.9
235,305,2011,84.9
235,305,2014,47.4
235,305,2016,84.9
235,325,1957,49.5
235,325,1971,10.8
235,325,2004,150.0
235,325,2005,150.0
235,325,2006,150.0
235,325,2011,38.4
235,325,2012,38.4
235,325,2013,38.4
235,325,2019,11.25
235,325,2020,11.25
235,325,2023,4.5
235,375,2011,12.0
235,375,2013,12.0
235,375,2018,12.0
235,375,2019,12.0
235,380,1966,30.0
235,380,1967,30.0
235,380,1968,30.0
235,385,1950,1.76
235,390,2015,1.3
235,390,2016,32.0
235,390,2017,32.0
235,390,2018,32.0
235,560,1959,8.0
235,560,1968,8.96
235,560,1970,5.9
235,560,1971,5.9
235,560,1972,5.9
235,560,1973,5.9
235,666,2008,20.25
235,666,2009,20.25
235,666,2010,28.25
235,666,2011,21.35
235,666,2012,12.5
255,2,1955,55.739999999999995
255,2,1956,3022.4900000000002
255,2,1957,5652.77
255,2,1958,4290.53
255,2,1959,2208.4700000000003
255,2,1960,3103.57
255,2,1961,11937.1
255,2,1962,11221.810000000001
255,2,1963,13638.2
255,2,1964,13140.34
255,2,1965,13051.140000000001
255,2,1966,13831.740000000002
255,2,1967,12210.5
255,2,1968,3511.6
255,2,1969,3482.6
255,2,1970,5751.6
255,2,1971,4655.0
255,2,1972,3181.6
255,2,1973,7156.1
255,2,1974,6509.1
255,2,1975,5347.1
255,2,1976,5833.5
255,2,1977,2232.1
255,2,1978,1883.0
255,2,1979,883.0
255,2,1980,1708.0
255,2,1981,1708.0
255,2,1982,1998.5
255,2,1983,1963.5
255,2,1984,1991.0
255,2,1985,1009.5
255,2,1986,3088.0
255,2,1987,3588.3
255,2,1988,3431.0
255,2,1989,4920.2
255,2,1990,4305.8
255,2,1991,3991.8
255,2,1992,4189.55
255,2,1993,3228.15
255,2,1994,2124.55
255,2,1995,812.95
255,2,1996,707.25
255,2,1997,372.0
255,2,1998,951.5
255,2,1999,518.0
255,2,2000,498.5
255,2,2001,560.5
255,2,2002,432.5
255,2,2003,402.4
255,2,2004,553.4
255,2,2005,183.4
255,2,2006,70.0
255,2,2007,70.0
255,2,2008,842.6
255,2,2009,842.6
255,2,2010,936.2
255,2,2011,221.2
255,2,2012,241.2
255,2,2013,241.2
255,2,2014,171.2
255,2,2015,175.2
255,2,2016,24.0
255,2,2017,20.0
255,2,2018,20.0
255,2,2019,28.0
255,2,2020,330.4
255,2,2021,496.2
255,2,2022,502.2
255,2,2023,477.79999999999995
255,2,2024,316.4
255,2,2025,355.40000000000003
255,20,1956,340.0
255,20,1957,445.0
255,20,1958,340.0
255,20,1969,20.0
255,20,1970,20.0
255,20,1971,20.0
255,20,1972,20.0
255,20,1973,20.0
255,20,1974,20.0
255,20,1975,20.0
255,20,1976,20.0
255,20,1977,20.0
255,20,1978,20.0
255,20,1979,20.0
255,20,1980,20.0
255,20,1981,20.0
255,20,1982,20.0
255,20,1990,3.5
255,20,1991,3.5
255,20,2015,28.0
255,20,2020,14.4
255,20,2021,2.5
255,20,2022,0.72
255,200,1956,12.0
255,200,1957,418.28
255,200,1958,779.04
255,200,1959,769.23
255,200,1960,678.28
255,200,1961,666.28
255,200,1962,696.28
255,200,1963,601.0
255,200,1964,601.0
255,200,1965,438.0
255,200,1966,588.0
255,200,1967,650.0
255,200,1968,650.0
255,200,1969,822.0
255,200,1970,762.0
255,200,1971,762.0
255,200,1972,440.0
255,200,1973,143.75
255,200,1974,143.75
255,200,1975,143.75
255,200,1982,102.0
255,200,1983,102.0
255,200,1984,102.0
255,200,1986,57.0
255,200,1987,40.0
255,200,1988,124.5
255,200,1989,84.5
255,200,1999,94.5
255,200,2000,94.5
255,200,2002,30.0
255,200,2003,30.0
255,200,2004,70.0
255,200,2005,40.0
255,200,2006,40.0
255,200,2018,60.0
255,200,2019,60.0
255,200,2021,60.0
255,200,2022,60.0
255,200,2023,60.0
255,200,2025,60.0
255,210,1959,124.0
255,210,1960,124.0
255,210,1961,178.0
255,210,1962,221.5
255,210,1963,218.8
255,210,1964,218.0
255,210,1965,191.0
255,210,1966,40.0
255,210,1968,251.0
255,210,1969,60.0
255,210,1976,60.0
255,210,1977,60.0
255,210,1982,199.5
255,210,1983,199.5
255,210,1984,199.5
255,210,1989,81.0
255,210,1990,81.0
255,210,1991,30.0
255,210,1994,136.5
255,210,1995,136.5
255,210,1996,136.5
255,210,2004,135.0
255,210,2005,531.0
255,210,2006,396.0
255,210,2008,25.0
255,210,2012,59.0
255,210,2013,44.0
255,210,2015,6.0
255,210,2017,32.0
255,211,2021,9.75
255,220,1956,157.5
255,220,1957,437.5
255,220,1958,2239.28
255,220,1959,2358.44
255,220,1960,2485.52
255,220,1961,2419.14
255,220,1962,2419.14
255,220,1963,1714.3
255,220,1964,1911.3
255,220,1965,1137.9
255,220,1966,870.0
255,220,1967,907.8
255,220,1968,1100.7
255,220,1969,843.0
255,220,1970,316.86
255,220,1971,343.86
255,220,1972,1410.36
255,220,1973,1200.36
255,220,1974,1200.36
255,220,1975,1200.36
255,220,1976,112.5
255,220,1977,112.5
255,220,1978,322.5
255,220,1979,210.0
255,220,1980,221.0
255,220,1981,221.0
255,220,1982,221.0
255,220,1983,221.0
255,220,1984,11.0
255,220,1985,11.0
255,220,2002,125.0
255,220,2003,125.0
255,220,2004,125.0
255,220,2005,125.0
255,220,2006,125.0
255,220,2007,125.0
255,220,2013,78.0
255,220,2014,78.0
255,220,2015,78.0
255,220,2019,45.0
255,220,2021,45.0
255,220,2022,45.0
255,220,2025,7.0
255,225,1959,1025.92
255,225,1960,1025.92
255,225,1961,1022.72
255,225,1962,1993.72
255,225,1963,971.0
255,225,1964,971.0
255,225,1965,971.0
255,225,1966,875.0
255,225,1967,875.0
255,225,1977,15.0
255,225,1981,160.0
255,225,1982,160.0
255,225,1983,160.0
255,225,1984,160.0
255,225,1985,160.0
255,225,1990,19.0
255,225,1991,19.0
255,225,2008,3.25
255,225,2009,25.74
255,225,2010,25.09
255,225,2011,65.75
255,225,2012,55.35
255,225,2014,13.0
255,225,2015,22.880000000000003
255,225,2016,9.88
255,225,2022,12.3
255,225,2025,14.15
255,290,2017,5.5
255,305,2022,0.6
255,325,1957,46.93
255,325,1958,59.08
255,325,1960,1003.28
255,325,1961,1097.23
255,325,1962,1097.23
255,325,1963,996.03
255,325,1964,1173.58
255,325,1965,1030.08
255,325,1966,1042.08
255,325,1967,44.0
255,325,1968,76.0
255,325,1971,50.6
255,325,1972,100.6
255,325,1973,100.0
255,325,1974,100.0
255,325,1975,100.0
255,325,1976,50.0
255,325,1982,40.0
255,325,1983,40.0
255,325,1984,40.0
255,325,1989,5.0
255,325,1990,5.0
255,325,1993,5.0
255,325,1994,10.0
255,325,1995,10.0
255,325,1996,10.0
255,325,2004,8.25
255,325,2005,8.25
255,325,2008,13.75
255,325,2010,25.0
255,325,2012,35.0
255,325,2013,13.75
255,325,2019,35.0
255,325,2020,35.0
255,325,2021,35.0
255,325,2022,35.0
255,325,2024,12.5
255,344,2017,2.7
255,365,1992,28.6
255,369,1956,12.0
255,375,1961,10.0
255,375,1962,10.0
255,380,1959,125.0
255,380,1960,125.0
255,380,1961,150.0
255,380,1962,150.0
255,380,1963,150.0
255,380,1964,125.0
255,380,1965,125.0
255,380,1968,125.0
255,380,2001,25.0
255,380,2002,25.0
255,380,2003,31.2
255,380,2004,6.2
255,380,2005,15.0
255,380,2006,15.0
255,380,2007,31.2
255,380,2008,16.2
255,380,2009,16.2
255,380,2011,36.0
255,380,2012,36.0
255,380,2013,36.0
255,380,2014,36.0
255,380,2015,36.0
255,380,2016,28.8
255,380,2022,72.0
255,380,2023,72.0
255,380,2024,72.0
255,380,2025,73.0
255,385,1960,25.0
255,390,1983,10.4
255,666,1965,128.75
255,666,1966,128.75
255,666,1967,128.75
255,666,1968,128.75
255,666,1969,128.75
255,666,1970,128.75
255,666,1982,18.4
255,666,1983,18.4
255,666,2001,26.4
255,666,2003,50.0
255,666,2004,50.0
255,666,2005,50.0
255,666,2006,50.0
255,666,2009,4.0
255,666,2010,15.0
255,666,2011,15.0
255,666,2012,45.0
255,666,2013,45.0
255,666,2014,45.0
255,666,2015,45.0
255,666,2016,54.0
255,666,2018,30.0
255,666,2019,30.0
255,666,2020,75.0
255,666,2021,125.5
255,666,2022,94.98
255,666,2023,94.98
255,666,2024,19.98
255,666,2025,1300.0
265,290,1976,40.0
265,310,1982,7.5
265,310,1983,7.5
265,315,1950,0.48
265,315,1954,0.6
265,315,1957,2.0
265,315,1965,50.0
265,315,1966,50.0
265,315,1970,2.7
265,315,1974,240.5
265,315,1975,238.5
265,315,1976,238.5
265,315,1977,446.5
265,315,1978,446.5
265,315,1979,238.5
265,315,1980,269.7
265,315,1981,269.7
265,315,1982,483.7
265,315,1983,269.7
265,315,1984,238.5
265,315,1985,238.5
265,315,1986,238.5
265,315,1987,238.5
265,315,1988,247.5
265,315,1989,238.5
265,315,1990,3.87
265,365,1950,25.56
265,365,1952,293.04
265,365,1953,258.76
265,365,1954,29.7
265,365,1955,29.7
265,365,1956,1084.4
265,365,1957,2649.33
265,365,1958,2020.13
265,365,1959,1843.3700000000001
265,365,1960,1626.77
265,365,1961,685.97
265,365,1962,4025.04
265,365,1963,3971.74
265,365,1964,4689.24
265,365,1965,4098.61
265,365,1966,5710.11
265,365,1967,5818.41
265,365,1968,6861.41
265,365,1969,6377.41
265,365,1970,6732.41
265,365,1971,4110.06
265,365,1972,4639.36
265,365,1973,5354.66
265,365,1974,5320.16
265,365,1975,4039.16
265,365,1976,5857.51
265,365,1977,5400.26
265,365,1978,5304.28
265,365,1979,6814.52
265,365,1980,5790.62
265,365,1981,6959.52
265,365,1982,6853.72
265,365,1983,5929.84
265,365,1984,6481.29
265,365,1985,6992.24
265,365,1986,4652.99
265,365,1987,3254.11
265,365,1988,3613.5800000000004
265,365,1989,3775.88
265,365,1990,1080.95
290,2,1991,1.4
290,2,1995,0.88
290,2,2000,250.0
290,2,2001,14.5
290,2,2002,274.5
290,2,2003,30.5
290,2,2004,6.5
290,2,2005,10.940000000000001
290,2,2006,1602.04
290,2,2007,1669.6
290,2,2008,1607.3999999999999
290,2,2009,195.8
290,2,2010,88.8
290,2,2011,79.2
290,2,2012,79.2
290,2,2014,4.5
290,2,2015,4.5
290,2,2017,59.52
290,2,2018,16.74
290,2,2019,96.26
290,2,2020,116.06
290,2,2021,95.2
290,2,2022,308.8
290,2,2023,1294.48
290,2,2024,1492.58
290,2,2025,1240.82
290,20,2003,12.0
290,20,2004,12.0
290,20,2005,12.0
290,20,2007,3.0
290,20,2008,3.0
290,20,2012,7.5
290,20,2013,7.5
290,20,2014,4.2
290,20,2015,4.2
290,20,2016,4.2
290,200,2012,10.0
290,200,2022,35.0
290,200,2023,98.0
290,200,2024,63.0
290,210,2003,14.25
290,210,2006,14.25
290,210,2019,19.75
290,220,2007,75.0
290,220,2008,75.0
290,220,2009,75.0
290,220,2010,75.0
290,220,2011,75.0
290,220,2012,75.0
290,220,2013,0.4
290,230,2003,100.0
290,230,2004,100.0
290,230,2005,100.0
290,230,2007,25.0
290,230,2008,25.0
290,230,2012,62.5
290,230,2013,62.5
290,255,1987,6.0
290,255,1991,24.0
290,255,1992,151.2
290,255,1994,151.2
290,255,1995,151.2
290,255,1996,59.4
290,255,2002,212.8
290,255,2003,396.26
290,255,2004,223.39999999999998
290,255,2014,211.4
290,255,2015,202.58
290,255,2016,10.08
290,255,2019,78.74
290,255,2020,18.24
290,255,2021,18.24
290,255,2022,33.92
290,255,2023,33.92
290,255,2024,33.92
290,255,2025,53.81
290,305,2013,0.8
290,310,1957,2.28
290,310,1966,12.0
290,310,1967,12.0
290,315,1966,162.0
290,315,1967,162.0
290,315,1968,162.0
290,315,1982,111.0
290,315,1983,111.0
290,315,1984,111.0
290,315,1986,27.0
290,316,1993,16.8
290,316,1994,16.8
290,316,1995,99.39999999999999
290,316,1996,99.39999999999999
290,316,2013,0.44000000000000006
290,325,2000,1.5
290,325,2004,287.2
290,325,2005,287.2
290,325,2006,287.2
290,325,2007,287.2
290,325,2008,287.2
290,325,2009,287.2
290,325,2010,287.2
290,325,2011,287.2
290,325,2012,287.2
290,325,2013,287.2
290,325,2014,324.7
290,325,2015,37.5
290,325,2017,68.0
290,325,2019,2.75
290,325,2020,34.0
290,325,2022,34.0
290,325,2023,91.0
290,325,2024,91.0
290,325,2025,91.0
290,365,1950,922.0
290,365,1951,2812.24
290,365,1952,2657.8
290,365,1953,4585.8
290,365,1954,6231.8
290,365,1955,5065.0
290,365,1956,3977.0
290,365,1957,4904.8
290,365,1958,4453.8
290,365,1959,4670.3
290,365,1960,4640.8
290,365,1961,4835.3
290,365,1962,3725.5
290,365,1963,5432.3
290,365,1964,9368.3
290,365,1965,6784.2
290,365,1966,5885.0
290,365,1967,5225.5
290,365,1968,8384.8
290,365,1969,8038.8
290,365,1970,6594.900000000001
290,365,1971,9058.95
290,365,1972,8849.95
290,365,1973,10604.5
290,365,1974,10905.0
290,365,1975,10257.0
290,365,1976,10801.9
290,365,1977,11365.4
290,365,1978,11261.9
290,365,1979,10674.98
290,365,1980,10605.83
290,365,1981,8012.33
290,365,1982,4692.83
290,365,1983,4615.83
290,365,1984,4240.08
290,365,1985,5467.88
290,365,1986,5232.93
290,365,1987,5026.280000000001
290,365,1988,4992.88
290,365,1989,3261.48
290,365,1990,2882.4300000000003
290,365,1991,2022.48
290,365,1992,269.68
290,365,1993,1.1
290,365,1994,112.9
290,365,1995,202.68
290,365,1996,9.1
290,365,1999,75.0
290,365,2000,75.0
290,365,2001,99.0
290,365,2002,24.0
290,365,2003,24.0
290,365,2004,24.0
290,365,2008,20.3
290,365,2010,36.25
290,365,2011,36.25
290,368,2002,2.9
290,369,2016,7.6
290,375,2004,461.35
290,375,2005,461.35
290,375,2006,461.35
290,375,2007,461.35
290,375,2008,461.35
290,375,2009,461.35
290,375,2010,461.35
290,375,2011,461.35
290,375,2012,461.35
290,375,2013,461.35
290,375,2014,626.15
290,375,2015,164.8
290,375,2016,164.8
290,375,2017,164.8
290,375,2018,164.8
290,375,2019,164.8
290,375,2020,164.8
290,375,2021,164.8
290,375,2022,164.8
290,375,2023,164.8
290,375,2025,34.65
290,380,2003,22.5
290,380,2004,19.1
290,380,2005,19.1
290,380,2006,41.6
290,380,2007,21.98
290,380,2008,19.1
290,380,2009,19.1
290,380,2010,19.1
290,380,2011,62.300000000000004
290,380,2012,62.300000000000004
290,380,2013,62.300000000000004
290,380,2014,19.1
290,380,2024,48.0
290,380,2025,19.1
290,385,2002,107.0
290,385,2003,107.0
290,385,2004,107.0
290,385,2011,12.0
290,385,2012,72.0
290,385,2013,60.0
290,385,2014,50.0
290,385,2015,60.0
290,385,2016,10.0
290,385,2017,50.0
290,385,2018,50.0
290,385,2019,50.0
290,385,2020,50.0
290,640,2022,57.6
290,640,2023,57.6
290,640,2024,57.6
290,666,2004,80.25
290,666,2005,80.25
290,666,2006,80.25
290,666,2007,80.25
290,666,2008,80.25
290,666,2009,80.25
290,666,2010,80.25
290,666,2011,80.25
290,666,2012,80.25
290,666,2013,80.25
290,666,2018,30.0
290,666,2019,30.0
290,666,2020,30.0
290,666,2021,30.0
290,666,2022,30.0
290,666,2023,33.0
290,666,2024,24.0
290,666,2025,24.0
290,732,2016,14.16
290,732,2017,14.16
290,732,2018,56.64
290,732,2019,56.64
290,732,2020,56.64
290,732,2021,56.64
290,732,2022,1876.72
290,732,2023,2641.7200000000003
290,732,2024,2458.32
290,732,2025,2401.6800000000003
305,2,1953,1.9
305,2,1956,70.10000000000001
305,2,1957,103.52000000000001
305,2,1958,7.5600000000000005
305,2,1959,26.89
305,2,1960,18.48
305,2,1962,216.0
305,2,1963,216.0
305,2,1965,10.56
305,2,1970,80.0
305,2,1971,60.0
305,2,1972,60.0
305,2,1973,38.0
305,2,1974,38.0
305,2,1975,8.4
305,2,1976,8.4
305,2,1978,52.5
305,2,1979,52.5
305,2,1980,52.5
305,2,1983,105.0
305,2,1985,36.0
305,2,1986,36.0
305,2,1987,19.8
305,2,1988,39.0
305,2,1989,19.2
305,2,1997,67.5
305,2,1998,69.3
305,2,2002,65.25
305,2,2019,8.72
305,2,2020,8.72
305,2,2022,8.72
305,2,2023,8.72
305,2,2024,8.72
305,2,2025,8.72
305,20,1980,8.1
305,20,1983,5.6
305,20,1984,5.6
305,20,1985,5.6
305,200,1956,20.16
305,200,1957,27.45
305,200,1969,5.0
305,200,1973,24.0
305,200,1974,24.0
305,200,1975,24.0
305,200,1994,51.48
305,200,1995,51.48
305,200,1997,2.5
305,200,2003,55.44
305,200,2004,55.44
305,210,1997,182.69
305,210,1998,182.4
305,211,2015,0.98
305,220,1956,64.8
305,220,1957,64.8
305,220,1958,4.95
305,220,1959,18.0
305,220,1960,18.0
305,220,1961,25.0
305,220,1963,7.0
305,220,1965,7.0
305,220,1967,36.4
305,220,1973,13.3
305,220,1974,13.3
305,220,1993,45.0
305,220,1994,45.0
305,220,1995,45.0
305,220,1996,45.0
305,220,1997,104.72
305,220,1998,104.72
305,220,1999,104.72
305,225,1962,7.6
305,225,1963,22.6
305,225,1964,166.1
305,225,1965,151.1
305,225,1966,151.1
305,225,1967,7.6
305,225,1968,7.6
305,225,1969,7.6
305,225,1976,9.6
305,225,1979,185.0
305,225,1980,254.0
305,225,1981,254.0
305,225,1982,254.0
305,225,1983,7.5
305,225,1984,12.5
305,225,1985,7.5
305,225,1987,0.8
305,225,2004,50.4
305,225,2005,50.4
305,230,2000,10.0
305,255,1995,1.5
305,255,1997,64.5
305,255,1998,30.0
305,255,2001,12.32
305,255,2002,12.32
305,255,2003,13.32
305,255,2004,19.32
305,255,2005,19.32
305,255,2006,5.25
305,255,2007,718.5
305,255,2008,712.5
305,255,2009,712.5
305,255,2014,2.1
305,255,2017,6.3
305,255,2018,14.0
305,255,2019,14.0
305,315,1956,0.4
305,315,1964,7.2
305,325,1957,0.64
305,325,1958,0.19
305,325,1963,54.6
305,325,1964,54.6
305,325,1965,54.6
305,325,1966,54.6
305,325,1967,54.6
305,325,1969,8.4
305,325,1970,8.4
305,325,1979,88.8
305,325,1980,88.8
305,325,1982,60.0
305,325,1983,60.7
305,325,2002,12.5
305,325,2007,25.0
305,325,2009,22.5
305,325,2010,22.5
305,325,2011,22.5
305,325,2012,22.5
305,325,2013,22.5
305,325,2016,12.5
305,325,2017,3.3
305,325,2020,37.5
305,325,2021,37.5
305,325,2022,44.0
305,325,2023,44.0
305,325,2024,44.0
305,325,2025,44.0
305,365,1955,15.66
305,365,1956,2.9
305,380,1960,0.52
305,380,1961,38.4
305,380,1962,38.4
305,380,1964,4.08
305,380,1965,4.08
305,380,1970,116.0
305,380,1971,232.0
305,380,1972,116.0
305,380,1988,166.32
305,380,1989,186.32
305,380,1990,20.0
305,380,1991,20.0
305,380,1992,20.0
305,380,1993,20.0
305,380,1998,60.0
305,380,1999,60.0
305,380,2000,60.0
305,380,2001,60.0
305,380,2019,8.0
305,385,1998,1.48
305,663,1986,0.76
305,663,2021,8.7
305,666,2025,15.0
310,2,2006,54.8
310,2,2007,54.8
310,2,2009,16.05
310,2,2010,24.82
310,2,2011,9.82
310,2,2013,1.54
310,2,2023,143.0
310,2,2024,203.0
310,2,2025,64.8
310,140,2024,108.0
310,140,2025,108.0
310,200,2024,20.0
310,200,2025,20.0
310,220,1998,16.2
310,220,1999,16.2
310,220,2016,10.62
310,220,2017,10.62
310,220,2019,10.62
310,220,2023,128.0
310,220,2024,128.0
310,220,2025,128.0
310,255,1991,15.6
310,255,1993,50.0
310,255,2004,18.0
310,255,2018,26.4
310,255,2019,65.0
310,255,2020,84.2
310,255,2021,84.2
310,255,2022,295.45
310,255,2023,539.25
310,255,2024,536.75
310,255,2025,411.0
310,305,2024,4.8
310,305,2025,0.6
310,315,1964,18.0
310,315,1968,80.0
310,315,1973,450.0
310,315,1974,462.0
310,315,1975,450.0
310,315,1976,450.4
310,315,1977,450.0
310,315,1978,450.0
310,315,1981,2.6
310,316,1995,0.72
310,316,2017,0.2
310,316,2018,0.34
310,316,2020,0.4
310,316,2025,55.2
310,325,1999,40.5
310,325,2000,40.5
310,325,2001,40.5
310,325,2005,37.5
310,325,2006,37.5
310,325,2007,37.5
310,360,1994,2.4
310,365,1950,372.3
310,365,1951,104.7
310,365,1952,27.5
310,365,1953,1432.0
310,365,1954,1558.0
310,365,1955,345.86
310,365,1956,1.9
310,365,1957,58.879999999999995
310,365,1958,534.0
310,365,1959,856.25
310,365,1960,1206.55
310,365,1961,1159.91
310,365,1962,1420.01
310,365,1963,1423.5600000000002
310,365,1964,2393.56
310,365,1965,2240.16
310,365,1966,866.4
310,365,1967,1271.4
310,365,1968,695.4
310,365,1969,902.5
310,365,1970,417.1
310,365,1971,1283.8000000000002
310,365,1972,687.1
310,365,1973,1668.78
310,365,1974,1408.3799999999999
310,365,1975,2044.18
310,365,1976,1477.6
310,365,1977,1111.1
310,365,1978,2359.2
310,365,1979,2119.72
310,365,1980,2033.82
310,365,1981,1177.72
310,365,1982,1056.32
310,365,1983,1044.32
310,365,1984,725.8199999999999
310,365,1985,543.62
310,365,1986,430.12
310,365,1987,438.91999999999996
310,365,1988,125.45
310,365,1989,134.75
310,365,1990,50.75
310,365,1991,6.8
310,365,1993,877.98
310,365,1996,201.6
310,365,1997,201.6
310,365,1998,318.9
310,365,1999,159.3
310,365,2004,50.6
310,365,2014,7.2
310,369,2004,3.4
310,370,1996,104.0
310,375,2011,4.8
310,380,2006,368.2
310,380,2007,368.2
310,380,2016,11.4
310,385,2023,105.0
310,385,2024,105.0
310,640,2021,3.5
310,640,2022,36.4
310,640,2023,36.4
310,640,2024,36.4
310,640,2025,36.4
310,666,2008,5.0
310,666,2023,62.5
310,666,2024,63.5
310,666,2025,63.5
315,290,1971,2.5
315,290,1972,78.1
315,290,1973,78.1
315,290,1975,78.1
315,290,1978,78.1
315,290,1979,78.1
315,290,1982,78.1
315,290,1983,78.1
315,290,1984,78.1
315,290,1985,78.1
315,290,1986,78.1
315,290,1987,78.1
315,290,1989,78.1
315,290,1990,78.1
315,310,1957,2.28
315,310,1966,33.0
315,310,1967,33.0
315,310,1968,33.0
315,310,1972,30.0
315,310,1973,30.0
315,310,1974,30.0
315,310,1975,30.0
315,365,1950,1080.0
315,365,1951,2912.15
315,365,1952,2912.15
315,365,1953,4004.15
315,365,1954,3774.0
315,365,1955,3469.6
315,365,1956,2993.6
315,365,1957,1084.0
315,365,1958,3162.0
315,365,1959,3162.0
315,365,1960,2944.0
315,365,1961,2435.8
315,365,1962,4471.8
315,365,1963,4149.0
315,365,1964,4808.5
315,365,1965,5323.75
315,365,1966,5803.75
315,365,1967,5550.25
315,365,1968,5368.75
315,365,1969,7575.0
315,365,1970,7947.5
315,365,1971,8632.6
315,365,1972,8032.6
315,365,1973,10529.4
315,365,1974,6678.1
315,365,1975,6307.6
315,365,1976,5059.3
315,365,1977,7164.9
315,365,1978,7702.2
315,365,1979,4662.9
315,365,1980,5222.8
315,365,1981,6292.3
315,365,1982,6308.099999999999
315,365,1983,6049.2
315,365,1984,6558.46
315,365,1985,7677.66
315,365,1986,6772.96
315,365,1987,6894.16
315,365,1988,5842.26
315,365,1989,6498.21
315,365,1990,2588.4
315,365,1991,1831.1
316,2,2000,72.0
316,2,2001,72.0
316,2,2002,84.0
316,2,2003,72.0
316,2,2005,42.8
316,2,2006,0.36
316,2,2008,14.4
316,2,2009,5.35
316,2,2010,5.35
316,2,2011,5.35
316,2,2012,5.35
316,2,2013,5.35
316,2,2018,3.1
316,2,2019,1.0
316,2,2020,1.0
316,2,2023,115.66
316,2,2024,59.36
316,20,2011,6.0
316,20,2021,3.0
316,200,2003,5.76
316,200,2004,5.76
316,200,2005,5.76
316,200,2006,5.76
316,220,2023,16.74
316,220,2024,16.74
316,230,2011,50.0
316,230,2021,25.0
316,255,2008,7.35
316,255,2022,22.4
316,255,2023,22.4
316,255,2024,24.65
316,255,2025,22.4
316,290,1996,40.7
316,290,1997,40.7
316,305,2009,66.75
316,305,2010,66.75
316,305,2011,66.75
316,305,2012,66.75
316,305,2013,64.35
316,305,2019,6.0
316,305,2020,6.0
316,325,2000,70.0
316,325,2001,70.0
316,325,2002,70.0
316,325,2003,70.0
316,325,2004,70.0
316,325,2005,25.0
316,325,2006,25.0
316,325,2008,2.85
316,325,2010,13.5
316,325,2011,13.5
316,325,2012,13.5
316,325,2013,13.5
316,325,2021,12.0
316,325,2022,12.0
316,325,2023,12.0
316,355,1999,0.32
316,355,2000,0.4
316,365,2003,59.5
316,365,2005,201.0
316,365,2006,85.0
316,369,1999,0.32
316,369,2000,0.4
316,380,2005,375.4
316,380,2006,19.2
316,380,2007,19.2
316,380,2020,6.4
316,380,2021,6.4
316,380,2023,6.4
316,552,2001,4.0
316,666,1995,4.0
316,666,1996,4.0
316,666,1997,4.0
316,666,2009,109.2
316,666,2010,109.2
316,666,2011,109.2
316,666,2012,109.2
316,666,2013,109.2
316,666,2016,6.9
316,666,2018,4.0
316,666,2022,100.0
316,666,2023,100.0
317,2,2017,71.25
317,2,2018,71.25
317,2,2019,65.25
317,2,2020,65.25
317,2,2024,604.48
317,2,2025,604.48
317,255,2022,24.0
317,255,2023,36.0
317,255,2024,24.0
317,316,2009,5.2
317,316,2010,5.2
317,316,2013,5.2
317,316,2021,2.0
317,316,2022,2.0
317,325,2012,1.5
317,325,2017,32.0
317,325,2018,32.0
317,365,1993,174.8
317,365,1994,171.0
317,365,1995,228.0
317,365,1996,228.0
317,365,2002,29.0
317,365,2004,1.04
317,365,2009,12.0
317,365,2010,12.0
317,369,1995,8.06
317,369,2000,0.6
317,369,2005,4.17
317,369,2007,0.36
317,375,2025,16.9
317,560,2008,0.15
317,560,2009,0.9
317,666,2020,3.0
317,710,2017,13.2
325,2,1950,347.12
325,2,1951,454.18
325,2,1952,1987.12
325,2,1953,2491.7
325,2,1954,1038.56
325,2,1955,2211.41
325,2,1956,2070.19
325,2,1957,2378.59
325,2,1958,1684.1499999999999
325,2,1959,1191.3
325,2,1960,973.45
325,2,1961,993.5
325,2,1962,2850.41
325,2,1963,3180.78
325,2,1964,3863.75
325,2,1965,3320.15
325,2,1966,1757.95
325,2,1967,1045.85
325,2,1968,1492.85
325,2,1969,4697.35
325,2,1970,4869.52
325,2,1971,4907.33
325,2,1972,5791.03
325,2,1973,5483.83
325,2,1974,5194.83
325,2,1975,5090.58
325,2,1976,4526.58
325,2,1977,4686.08
325,2,1978,5122.53
325,2,1979,5070.6
325,2,1980,1555.85
325,2,1981,961.85
325,2,1982,1018.58
325,2,1983,1176.91
325,2,1984,1178.01
325,2,1985,997.45
325,2,1986,738.64
325,2,1987,722.19
325,2,1988,744.19
325,2,1989,599.59
325,2,1990,668.2
325,2,1991,518.2
325,2,1992,471.2
325,2,1993,529.4
325,2,1994,429.3
325,2,1995,590.3
325,2,1996,601.4
325,2,1997,477.5
325,2,1998,172.0
325,2,2000,735.2
325,2,2001,753.2
325,2,2002,826.19
325,2,2003,1422.81
325,2,2004,982.5600000000001
325,2,2005,374.0
325,2,2006,68.0
325,2,2007,328.0
325,2,2008,151.5
325,2,2009,112.0
325,2,2010,26.0
325,2,2011,513.0
325,2,2012,583.5
325,2,2013,394.12
325,2,2014,719.12
325,2,2015,2714.7200000000003
325,2,2016,2764.52
325,2,2017,2790.12
325,2,2018,3377.0
325,2,2019,3001.0
325,2,2020,2752.5
325,2,2021,2804.5
325,2,2022,2825.0
325,2,2023,2677.0
325,2,2024,2611.0
325,2,2025,2601.14
325,20,1972,20.0
325,20,1973,20.0
325,20,1974,20.0
325,20,1975,47.5
325,20,1976,47.5
325,20,1977,47.5
325,20,1978,47.5
325,20,1979,47.5
325,20,1980,47.5
325,20,1981,47.5
325,20,1982,47.5
325,20,1985,4.5
325,20,1986,4.5
325,20,2016,6.0
325,20,2017,6.0
325,200,1950,255.0
325,200,1951,255.0
325,200,1952,255.0
325,200,1953,255.0
325,200,1954,2.5
325,200,1955,190.0
325,200,1956,120.0
325,200,1957,120.0
325,200,1961,3.0
325,200,1964,3.0
325,200,1965,18.0
325,200,1967,15.0
325,200,1968,15.0
325,200,1971,54.0
325,200,1972,54.0
325,200,1973,54.0
325,200,1974,1.5
325,200,1979,40.4
325,200,1980,49.4
325,200,1981,49.4
325,200,1982,49.4
325,200,1983,49.4
325,200,1984,40.4
325,200,1985,40.4
325,200,1986,40.4
325,200,1987,40.4
325,200,1989,272.0
325,200,1990,314.0
325,200,1991,320.0
325,200,1992,314.0
325,200,1993,314.0
325,200,1994,370.4
325,200,1995,718.88
325,200,1996,718.88
325,200,1997,676.88
325,200,1998,280.4
325,200,1999,8.4
325,200,2002,108.0
325,200,2003,108.0
325,200,2004,176.0
325,200,2005,170.0
325,200,2006,128.0
325,200,2007,128.0
325,200,2008,128.0
325,200,2011,40.0
325,200,2012,40.0
325,200,2017,8.0
325,200,2024,24.0
325,210,1950,4.0
325,210,1953,18.0
325,210,1954,18.0
325,210,1955,18.0
325,210,1956,18.0
325,210,1957,18.0
325,210,1958,18.0
325,210,1961,45.0
325,210,2007,30.0
325,210,2009,30.0
325,220,1959,4.0
325,220,1961,152.7
325,220,1962,261.7
325,220,1963,265.7
325,220,1964,269.9
325,220,1965,257.7
325,220,1966,152.7
325,220,1971,486.0
325,220,1972,486.0
325,220,1973,486.0
325,220,1982,130.0
325,220,1983,130.0
325,220,1984,130.0
325,220,1985,130.0
325,220,1986,130.0
325,220,1987,130.0
325,220,1988,130.0
325,220,1989,130.0
325,220,1990,130.0
325,220,1991,130.0
325,220,1992,130.0
325,220,1993,130.0
325,220,1994,130.0
325,220,1995,130.0
325,220,1996,130.0
325,220,1997,185.0
325,220,1998,185.0
325,220,1999,175.0
325,220,2000,90.9
325,220,2001,90.9
325,220,2002,90.9
325,220,2003,86.7
325,220,2004,41.7
325,220,2005,8.07
325,220,2007,104.0
325,220,2008,6.0
325,220,2009,110.0
325,220,2013,144.0
325,220,2014,150.3
325,220,2015,150.3
325,220,2016,150.3
325,220,2017,106.3
325,220,2018,100.0
325,220,2019,111.4
325,220,2020,11.4
325,220,2021,11.4
325,220,2022,11.4
325,220,2023,11.4
325,220,2024,11.4
325,220,2025,42.0
325,225,1960,441.0
325,225,1961,441.0
325,225,1962,441.0
325,225,1963,441.0
325,235,1989,71.2
325,255,1961,0.5
325,255,1968,2.0
325,255,1969,254.0
325,255,1970,252.0
325,255,1971,1680.0
325,255,1972,1830.0
325,255,1973,267.6
325,255,1974,1947.6
325,255,1975,1831.0
325,255,1976,1830.0
325,255,1977,1830.0
325,255,1978,1830.0
325,255,1979,402.0
325,255,1980,402.0
325,255,1981,150.0
325,255,1982,325.0
325,255,1983,351.88
325,255,1984,338.2
325,255,1985,338.2
325,255,1986,289.2
325,255,1987,289.2
325,255,1988,289.2
325,255,1989,130.0
325,255,1990,130.0
325,255,1991,136.6
325,255,1992,136.6
325,255,1993,130.0
325,255,1994,130.0
325,255,1995,157.6
325,255,1996,157.6
325,255,1997,130.0
325,255,1998,130.0
325,255,1999,130.0
325,255,2001,80.0
325,255,2002,395.0
325,255,2003,395.0
325,255,2004,395.0
325,255,2005,315.0
325,255,2006,865.0
325,255,2007,865.0
325,255,2008,315.0
325,255,2009,315.0
325,255,2010,315.0
325,255,2016,550.0
325,255,2017,550.0
325,255,2022,32.0
325,255,2023,32.0
325,255,2024,32.0
325,375,2001,24.0
325,375,2002,24.0
325,375,2003,6.0
325,380,2001,0.4
325,380,2005,22.4
325,380,2006,22.4
325,380,2007,22.4
325,380,2008,29.2
325,380,2009,6.8
325,380,2010,20.0
325,380,2011,20.0
325,380,2012,20.0
325,380,2013,20.0
325,666,1993,34.0
325,666,1994,34.0
325,666,1995,34.0
325,666,1996,34.0
325,666,1998,10.0
325,666,1999,10.0
325,666,2000,4.0
325,666,2001,6.0
325,666,2002,6.0
325,666,2003,6.0
325,666,2006,15.0
325,666,2007,57.0
325,666,2008,40.0
325,666,2009,29.7
325,666,2010,29.7
325,666,2011,54.7
325,666,2012,54.7
325,666,2013,74.7
325,666,2014,74.7
325,666,2015,74.7
325,666,2016,99.7
325,666,2017,79.7
325,666,2018,99.7
325,666,2021,24.0
325,666,2022,24.0
325,666,2023,24.0
325,666,2024,24.0
338,2,2002,8.4
338,2,2004,8.4
338,2,2011,7.5
338,2,2012,7.5
338,2,2017,7.5
338,200,1998,0.4
338,200,2000,0.38
338,200,2001,0.1
338,205,2015,10.0
338,210,1996,0.76
338,255,1972,0.39
338,255,1992,12.0
338,255,1997,6.0
338,325,1992,0.74
338,325,2005,17.5
338,325,2014,12.0
338,325,2016,6.0
338,325,2023,45.0
338,620,1973,0.28
338,620,1978,7.68
338,620,1980,1.14
338,820,1995,0.24
339,2,2017,0.38
339,2,2018,4.0
339,2,2019,4.74
339,2,2020,15.0
339,2,2021,4.0
339,2,2023,4.0
339,2,2024,5.2
339,2,2025,0.75
339,220,2012,29.0
339,220,2013,29.0
339,220,2014,29.0
339,255,2007,4.75
339,255,2015,6.5
339,265,1963,3.2
339,315,1963,1.6
339,325,2003,1.96
339,325,2005,7.34
339,325,2015,0.48
339,325,2017,0.48
339,325,2025,20.0
339,355,2024,18.75
339,365,1950,19.6
339,365,1951,9.58
339,365,1952,173.5
339,365,1953,190.3
339,365,1954,192.1
339,365,1955,270.58
339,365,1956,294.1
339,365,1957,241.85999999999999
339,365,1958,247.66
339,365,1959,352.68
339,365,1960,233.9
339,365,1961,50.05
339,640,2024,14.4
339,640,2025,2.0
339,710,1961,30.0
339,710,1962,42.0
339,710,1963,14.9
339,710,1964,14.9
339,710,1965,420.8
339,710,1966,715.9
339,710,1967,1093.36
339,710,1968,1520.46
339,710,1969,1178.96
339,710,1970,1286.96
339,710,1971,1689.8
339,710,1972,819.14
339,710,1973,808.3
339,710,1974,1201.3
339,710,1975,786.4
339,710,1976,16.5
339,710,1977,16.5
339,710,1978,16.5
339,710,1995,25.5
341,2,2018,15.0
341,2,2020,13.5
341,2,2021,1.8
341,2,2022,11.7
341,2,2024,11.7
341,2,2025,11.7
341,255,2025,0.7
341,305,2015,1.28
341,640,2016,0.15
343,2,1998,6.48
343,2,1999,6.48
343,2,2000,5.0
343,2,2001,0.14
343,2,2006,0.13
343,2,2022,12.06
343,2,2023,12.06
343,2,2024,12.06
343,2,2025,12.06
343,205,2013,1.12
343,220,1999,1.69
343,255,1998,6.48
343,255,2000,11.5
343,316,1995,0.4
343,325,1999,3.0
343,345,2001,5.5
343,350,1999,1.2
343,350,2001,2.1
343,355,1999,71.64
343,365,1994,29.0
343,369,2001,110.22
343,640,2012,0.15
343,640,2016,0.15
343,640,2025,3.6
343,666,2009,6.0
343,705,1998,1.68
344,2,1997,7.0
344,2,2001,55.0
344,2,2014,21.64
344,2,2016,19.97
344,2,2017,5.0
344,2,2018,5.0
344,2,2022,29.0
344,2,2025,12.67
344,20,1997,5.95
344,220,2023,269.4
344,220,2024,269.4
344,220,2025,293.4
344,225,1996,2.7
344,225,1997,32.3
344,255,1995,0.72
344,255,2015,21.6
344,255,2017,21.6
344,290,2003,16.0
344,290,2004,16.0
344,316,2007,0.5
344,316,2008,0.5
344,325,2001,4.0
344,325,2002,4.0
344,325,2007,1.5
344,365,1991,1.0
344,365,1992,58.0
344,365,1993,58.0
344,365,2007,72.5
344,365,2008,72.5
344,369,2014,5.0
344,375,2008,77.6
344,375,2009,33.6
344,375,2010,33.6
344,375,2011,33.6
344,375,2012,50.400000000000006
344,640,2025,14.4
344,666,2007,4.0
344,666,2019,4.8
344,703,2003,16.0
345,2,1951,825.14
345,2,1952,1382.72
345,2,1953,2161.94
345,2,1954,1950.26
345,2,1955,1949.23
345,2,1956,1303.88
345,2,1957,1162.88
345,2,1958,805.98
345,2,1959,1031.58
345,2,1960,921.6
345,2,1961,249.6
345,2,1975,6.4
345,2,1976,6.4
345,2,1983,104.0
345,2,1984,109.0
345,2,2012,0.44
345,2,2018,2.4
345,2,2020,2.4
345,2,2021,3.9
345,2,2022,4.65
345,2,2024,1.8
345,2,2025,1.5
345,20,1954,0.38
345,20,2023,3.0
345,200,1951,234.6
345,200,1952,234.0
345,200,1954,3.0
345,200,1956,73.6
345,200,1959,3.0
345,200,1960,27.6
345,200,1961,27.6
345,200,1962,27.6
345,200,1963,127.6
345,200,1964,151.6
345,200,1965,151.6
345,200,1966,151.6
345,200,1967,100.0
345,200,1968,100.0
345,200,1969,100.0
345,200,1970,100.0
345,200,1971,100.0
345,200,1972,100.0
345,200,1973,100.0
345,200,1974,100.0
345,200,1975,100.0
345,200,1976,126.2
345,200,1977,158.6
345,200,1978,158.6
345,200,1979,158.6
345,200,1980,158.6
345,200,1981,272.0
345,200,1982,272.0
345,200,1983,272.0
345,200,1984,272.0
345,200,1985,302.8
345,200,1986,202.8
345,200,1987,202.8
345,200,1988,202.8
345,200,1989,202.8
345,200,1990,202.8
345,200,1991,202.8
345,211,2023,6.0
345,211,2024,6.0
345,211,2025,6.0
345,220,1957,34.5
345,220,1960,11.5
345,220,1972,122.4
345,220,1973,122.4
345,220,1974,152.4
345,220,1975,152.4
345,220,1976,152.4
345,220,1977,152.4
345,220,1978,152.4
345,220,1979,152.4
345,220,1980,152.4
345,220,1981,152.4
345,220,1982,237.4
345,220,1983,237.4
345,220,1984,115.0
345,220,1985,115.0
345,220,1986,115.0
345,220,1987,115.0
345,220,1988,115.0
345,220,1989,30.0
345,220,1990,30.0
345,220,2022,4.5
345,220,2023,39.0
345,220,2024,109.0
345,220,2025,70.0
345,230,2023,25.0
345,255,1976,1.8
345,255,1977,14.4
345,255,1978,14.4
345,255,1979,14.4
345,255,1980,14.4
345,255,2018,16.25
345,255,2019,16.25
345,255,2023,26.0
345,255,2024,26.7
345,255,2025,26.0
345,290,1974,170.8
345,290,1975,170.8
345,290,1976,170.8
345,290,1977,170.8
345,290,1978,170.8
345,290,1979,170.8
345,290,1980,170.8
345,290,1981,170.8
345,290,1982,170.8
345,290,1983,170.8
345,310,2024,10.8
345,315,1969,512.85
345,315,1970,512.85
345,315,1971,512.85
345,315,1972,512.85
345,315,1973,512.85
345,315,1974,512.85
345,315,1975,512.85
345,315,1976,512.85
345,341,2010,16.04
345,349,2016,8.8
345,352,2023,39.6
345,360,1972,19.0
345,360,1973,19.0
345,360,1980,10.0
345,360,1981,10.0
345,365,1960,47.0
345,365,1961,146.25
345,365,1962,1107.83
345,365,1963,1196.95
345,365,1964,3019.7
345,365,1965,3415.6
345,365,1966,3655.7
345,365,1967,3513.4
345,365,1968,3729.1
345,365,1969,3057.4
345,365,1970,3215.3
345,365,1971,3037.4
345,365,1972,2740.4
345,365,1973,2784.5
345,365,1974,2795.7
345,365,1975,4345.2
345,365,1976,4083.6
345,365,1977,5414.2
345,365,1978,4981.2
345,365,1979,5410.7
345,365,1980,5417.7
345,365,1981,6551.7
345,365,1982,6725.2
345,365,1983,6222.7
345,365,1984,2501.5
345,365,1985,2510.0
345,365,1986,2251.5
345,365,1987,2107.5
345,365,1988,2478.75
345,365,1989,2179.25
345,365,1990,1969.0
345,365,1991,961.0
345,365,1992,12.5
345,365,1993,12.5
345,365,1994,12.5
345,365,1995,12.5
345,365,1996,12.5
345,365,1997,18.3
345,365,1998,12.5
345,365,1999,12.5
345,365,2000,12.5
345,365,2016,14.5
345,365,2017,65.26
345,365,2019,72.72
345,365,2020,188.37
345,365,2021,99.84
345,365,2025,4.8
345,369,1997,6.8
345,369,1998,5.8
345,369,2001,26.54
345,370,2021,54.52
345,380,1977,42.0
345,380,1978,42.0
345,380,1979,42.0
345,380,1980,42.0
345,380,1983,10.0
345,380,1987,5.0
345,380,1988,5.0
345,380,1989,50.4
345,380,1990,50.4
345,390,2023,7.5
345,660,1991,1.02
345,666,2025,10.0
345,705,1995,6.33
345,710,2020,6.5
345,710,2022,435.0
345,710,2023,435.0
345,710,2024,150.0
345,710,2025,150.0
346,2,1996,45.8
346,2,1997,25.2
346,2,1999,15.72
346,2,2017,1.25
346,2,2019,1.25
346,2,2020,1.25
346,2,2021,12.4
346,360,1997,10.8
346,360,1998,2.08
346,365,1998,0.25
346,630,1996,0.5
346,640,2025,1.4
346,651,1996,4.8
346,651,1997,5.0
346,694,1999,9.0
346,696,1996,6.48
346,696,1997,37.400000000000006
346,710,1993,12.0
346,710,1994,12.0
347,2,2018,4.42
347,2,2020,4.42
347,2,2021,16.8
347,2,2025,16.8
347,640,2014,1.4
347,640,2022,2.2
347,640,2023,14.95
349,2,1992,10.0
349,2,1993,22.0
349,2,1994,26.4
349,2,1995,25.0
349,2,2001,0.13
349,2,2014,0.98
349,2,2021,6.84
349,2,2023,9.66
349,2,2024,3.0
349,20,1998,3.15
349,20,1999,3.15
349,220,2003,14.5
349,220,2004,14.5
349,220,2011,26.0
349,225,1995,4.46
349,225,1998,18.700000000000003
349,225,1999,17.1
349,255,2001,38.4
349,305,1999,10.8
349,305,2000,10.8
349,305,2001,10.8
349,305,2002,10.8
349,305,2003,10.8
349,305,2004,10.8
349,305,2005,10.8
349,305,2006,10.8
349,305,2007,10.8
349,316,1995,0.8
349,316,1996,0.8
349,325,2023,16.0
349,325,2024,16.0
349,365,2003,0.28
349,365,2010,34.0
349,375,2009,12.0
349,375,2010,12.0
349,375,2011,12.0
349,640,2009,1.5
349,666,1996,37.25
349,666,1997,18.0
349,666,2009,3.0
350,2,1950,194.82
350,2,1951,904.64
350,2,1952,813.86
350,2,1953,291.46000000000004
350,2,1954,818.86
350,2,1955,832.36
350,2,1956,234.66
350,2,1957,837.7900000000001
350,2,1958,557.51
350,2,1959,570.8000000000001
350,2,1960,595.09
350,2,1961,946.7
350,2,1962,1177.15
350,2,1963,908.7
350,2,1964,1593.99
350,2,1965,2019.55
350,2,1966,1304.8600000000001
350,2,1967,1351.94
350,2,1968,595.4
350,2,1969,668.34
350,2,1970,662.7
350,2,1971,1168.6200000000001
350,2,1972,696.2
350,2,1973,661.4
350,2,1974,1799.16
350,2,1975,2580.14
350,2,1976,2497.64
350,2,1977,1347.8500000000001
350,2,1978,1332.23
350,2,1979,683.75
350,2,1980,496.8
350,2,1981,474.20000000000005
350,2,1982,76.87
350,2,1983,158.37
350,2,1984,172.4
350,2,1985,136.42000000000002
350,2,1986,167.42000000000002
350,2,1987,65.37
350,2,1988,328.0
350,2,1989,1504.8
350,2,1990,1725.21
350,2,1991,474.59999999999997
350,2,1992,1928.68
350,2,1993,875.48
350,2,1994,524.28
350,2,1995,781.39
350,2,1996,531.4
350,2,1997,1557.58
350,2,1998,1767.18
350,2,1999,1836.4
350,2,2000,610.5
350,2,2001,551.95
350,2,2002,614.95
350,2,2003,2258.9
350,2,2004,2471.05
350,2,2005,176.01
350,2,2006,58.56
350,2,2007,265.40999999999997
350,2,2008,30.0
350,2,2009,1098.85
350,2,2010,1012.37
350,2,2011,79.85
350,2,2012,19.0
350,2,2014,153.35999999999999
350,2,2015,153.16
350,2,2016,72.0
350,2,2017,75.6
350,2,2018,106.5
350,2,2019,152.0
350,2,2020,1.0
350,2,2021,192.0
350,2,2022,351.5
350,2,2023,154.92000000000002
350,2,2024,322.0
350,2,2025,130.0
350,20,1955,22.5
350,20,1958,55.0
350,20,1959,55.0
350,20,1979,2.5
350,20,1981,8.0
350,20,1982,8.0
350,20,1984,3.5
350,20,2000,22.5
350,20,2001,22.5
350,20,2002,22.5
350,20,2003,22.5
350,20,2004,40.0
350,20,2005,40.0
350,140,2008,48.0
350,200,1950,4.8
350,200,1951,4.8
350,200,1954,145.6
350,200,1955,145.6
350,200,1968,4.13
350,200,1975,200.0
350,200,1976,203.5
350,200,1977,200.0
350,200,1978,201.2
350,200,1980,200.0
350,200,1981,230.0
350,200,1982,30.0
350,200,1994,26.0
350,200,1997,13.0
350,200,2000,44.0
350,200,2001,44.0
350,200,2005,159.0
350,200,2006,159.0
350,200,2010,106.0
350,200,2015,106.0
350,200,2020,106.0
350,200,2022,134.8
350,200,2023,28.8
350,210,1971,9.0
350,210,1972,13.0
350,210,1981,270.0
350,210,1982,314.8
350,210,1991,39.6
350,210,1992,278.5
350,210,1993,532.8
350,210,1994,395.7
350,210,1995,395.7
350,210,1996,96.0
350,210,1997,120.0
350,210,1998,123.0
350,210,2001,125.6
350,210,2002,125.6
350,210,2003,269.0
350,210,2004,29.0
350,210,2005,68.75
350,210,2006,54.75
350,210,2007,15.0
350,210,2008,39.0
350,210,2009,54.0
350,210,2010,41.5
350,210,2011,39.0
350,210,2015,26.5
350,210,2020,26.0
350,210,2022,26.0
350,220,1967,5.6
350,220,1971,289.8
350,220,1972,247.8
350,220,1973,12.5
350,220,1975,662.2
350,220,1976,986.0
350,220,1977,1244.0
350,220,1978,1173.2
350,220,1979,30.0
350,220,1980,372.95
350,220,1981,372.0
350,220,1982,30.0
350,220,1983,30.0
350,220,1988,935.6
350,220,1989,938.4
350,220,1990,57.6
350,220,1991,53.6
350,220,1992,933.6
350,220,1993,70.0
350,220,1994,70.0
350,220,1995,24.0
350,220,1996,24.0
350,220,1997,27.36
350,220,1998,40.86
350,220,1999,187.44
350,220,2000,8.88
350,220,2001,146.57999999999998
350,220,2002,95.9
350,220,2003,156.5
350,220,2004,85.1
350,220,2005,32.7
350,220,2006,74.3
350,220,2007,843.69
350,220,2008,1.6
350,220,2010,60.0
350,220,2011,214.5
350,220,2012,200.0
350,220,2013,200.0
350,220,2014,200.0
350,220,2015,60.0
350,220,2016,60.0
350,220,2017,200.0
350,220,2018,60.0
350,220,2019,60.0
350,220,2020,60.0
350,220,2021,435.6
350,220,2022,911.6
350,220,2023,917.12
350,220,2024,811.52
350,220,2025,538.75
350,225,1984,200.0
350,225,1985,200.0
350,225,1986,200.0
350,255,1960,10.0
350,255,1964,103.5
350,255,1967,50.760000000000005
350,255,1968,36.64
350,255,1969,63.64
350,255,1970,206.44
350,255,1971,430.0
350,255,1972,430.0
350,255,1975,184.76
350,255,1976,253.74
350,255,1977,347.0
350,255,1978,265.0
350,255,1979,440.0
350,255,1980,628.9300000000001
350,255,1981,269.57
350,255,1983,270.6
350,255,1984,328.84000000000003
350,255,1985,50.199999999999996
350,255,1986,0.34
350,255,1988,125.44
350,255,1989,27.04
350,255,1990,73.75999999999999
350,255,1991,115.61999999999999
350,255,1992,1426.18
350,255,1993,466.95
350,255,1994,1228.5800000000002
350,255,1995,390.0
350,255,1996,985.25
350,255,1998,1155.1
350,255,1999,185.05
350,255,2000,254.05
350,255,2003,213.28
350,255,2004,199.02
350,255,2005,549.14
350,255,2006,1608.38
350,255,2007,1516.12
350,255,2008,877.0
350,255,2009,850.0
350,255,2010,958.3
350,255,2013,1.5
350,255,2014,110.0
350,255,2015,846.8
350,255,2016,275.0
350,255,2020,21.8
350,255,2022,49.0
350,255,2023,27.2
350,255,2024,39.6
350,255,2025,48.400000000000006
350,305,1982,30.0
350,305,1983,30.0
350,305,1984,30.0
350,305,1988,103.2
350,305,1989,103.2
350,305,1990,103.2
350,305,1991,103.2
350,305,1992,103.2
350,305,1993,103.2
350,305,1994,103.2
350,325,1951,100.0
350,325,1966,8.1
350,325,1969,55.0
350,325,1970,55.0
350,325,1973,42.0
350,325,1975,39.3
350,325,1977,50.0
350,325,1978,141.7
350,325,1979,165.45
350,325,1980,80.0
350,325,1981,253.5
350,325,1982,203.5
350,325,1983,180.0
350,325,1984,68.65
350,325,1985,4.0
350,325,1986,4.0
350,325,1987,10.5
350,325,1988,10.5
350,325,1993,9.5
350,325,1994,9.5
350,325,1995,8.0
350,325,2003,140.0
350,325,2004,128.0
350,325,2005,148.75
350,325,2006,136.25
350,325,2007,158.0
350,325,2008,30.0
350,325,2010,5.5
350,325,2015,5.5
350,325,2018,1.08
350,325,2020,5.5
350,325,2022,5.5
350,325,2023,85.0
350,325,2024,95.0
350,325,2025,87.75
350,365,1998,137.68
350,365,1999,556.5
350,365,2000,516.78
350,365,2001,250.8
350,365,2002,231.5
350,365,2003,44.0
350,365,2004,44.0
350,365,2005,63.3
350,365,2019,1.0
350,369,2001,63.3
350,380,1985,24.0
350,380,1986,24.0
350,380,2001,120.0
350,380,2004,16.0
350,380,2005,4.0
350,380,2008,120.0
350,385,1967,75.0
350,385,1980,30.0
350,385,1981,30.0
350,385,1986,28.8
350,385,1994,8.0
350,385,1995,8.0
350,385,1997,10.0
350,390,1990,44.0
350,390,2015,1.22
350,630,1975,32.0
350,663,1983,48.0
350,663,1988,7.2
350,663,1989,60.8
350,666,2004,15.0
350,666,2005,15.0
350,666,2020,6.0
350,666,2021,6.0
350,666,2025,43.25
352,2,1990,7.85
352,2,1997,5.0
352,20,1989,0.7
352,20,1990,0.7
352,140,1984,98.51
352,140,1985,95.76
352,140,1986,90.72
352,140,1987,90.72
352,140,1988,90.72
352,200,1982,3.5
352,200,1985,0.6
352,211,2025,0.36
352,220,1983,18.7
352,220,1985,54.3
352,220,1986,54.3
352,220,1987,56.8
352,220,1988,122.14999999999999
352,220,1989,8.1
352,220,1990,114.35
352,220,1991,137.55
352,220,1994,36.6
352,220,2000,7.84
352,220,2001,7.84
352,220,2005,18.0
352,220,2010,1.26
352,220,2011,1.26
352,220,2020,20.0
352,220,2021,20.0
352,220,2023,8.1
352,225,1988,42.5
352,225,1989,46.3
352,225,1990,46.3
352,255,2025,19.5
352,290,1990,2.4
352,316,2007,0.7
352,317,2007,15.6
352,325,1991,23.4
352,325,1992,23.4
352,325,2004,16.4
352,325,2011,18.0
352,345,1973,8.4
352,345,1982,1.8
352,345,1986,8.1
352,345,1988,12.0
352,345,2019,42.0
352,345,2020,42.0
352,345,2021,6.0
352,345,2025,3.3
352,350,1964,7.6000000000000005
352,350,1965,1.2
352,350,1992,24.3
352,350,1993,24.3
352,350,1996,56.94
352,350,1997,56.94
352,350,1998,37.44
352,350,2000,1.8
352,350,2003,6.48
352,365,1964,16.8
352,365,1965,18.2
352,365,1973,0.8
352,365,1995,78.5
352,365,1996,242.5
352,365,1997,170.0
352,365,1999,112.5
352,365,2001,238.96
352,365,2002,130.0
352,365,2006,21.75
352,365,2010,65.6
352,365,2011,65.6
352,365,2012,6.0
352,652,1984,0.8
352,666,2002,0.6
352,666,2017,22.5
352,666,2019,0.4
352,666,2024,125.0
352,666,2025,10.5
352,698,2017,7.02
355,2,1999,4.2
355,2,2007,9.0
355,2,2008,11.8
355,2,2011,9.0
355,2,2015,4.0
355,2,2025,338.0
355,20,2004,2.1
355,210,2020,44.0
355,211,2005,132.0
355,211,2008,160.0
355,211,2009,182.0
355,220,2006,87.0
355,220,2007,87.0
355,220,2008,87.0
355,220,2009,87.0
355,220,2010,87.0
355,220,2011,15.0
355,220,2012,15.0
355,220,2025,9.8
355,225,2003,1.85
355,225,2004,11.4
355,255,2025,182.25
355,265,1964,13.4
355,290,1971,9.0
355,290,1972,9.0
355,290,1988,20.0
355,290,2022,1.76
355,315,1954,166.25
355,315,1955,166.25
355,315,1963,9.6
355,315,1964,102.0
355,315,1965,102.0
355,315,1966,102.0
355,315,1967,102.0
355,315,1968,102.0
355,315,1969,102.0
355,315,1970,102.0
355,315,1971,111.45
355,315,1972,102.0
355,315,1973,102.0
355,315,1985,15.6
355,315,1986,72.0
355,315,1987,72.0
355,315,1990,87.6
355,316,2021,0.4
355,325,1999,3.0
355,325,2007,48.0
355,325,2008,48.0
355,325,2011,48.0
355,325,2025,2.75
355,365,1950,379.12
355,365,1951,293.62
355,365,1952,464.87
355,365,1953,607.87
355,365,1954,1511.3
355,365,1955,1414.56
355,365,1956,1452.0
355,365,1957,1249.0
355,365,1958,1229.0
355,365,1959,990.0
355,365,1960,1568.5
355,365,1961,1574.5
355,365,1962,2426.9
355,365,1963,2075.2
355,365,1964,1872.4
355,365,1965,1820.0
355,365,1966,1543.0
355,365,1967,1785.0
355,365,1968,1968.0
355,365,1969,2348.5
355,365,1970,3104.5
355,365,1971,1631.4
355,365,1972,2064.9
355,365,1973,1325.1
355,365,1974,1650.8
355,365,1975,2177.9
355,365,1976,2747.25
355,365,1977,2654.0
355,365,1978,3550.1
355,365,1979,2601.3
355,365,1980,4002.6
355,365,1981,3890.3
355,365,1982,3131.1
355,365,1983,3037.98
355,365,1984,3783.8
355,365,1985,2141.45
355,365,1986,2507.15
355,365,1987,1610.75
355,365,1988,1310.85
355,365,1989,1025.35
355,365,1990,1631.28
355,365,1991,1113.55
355,365,1992,44.08
355,365,1993,2.5
355,365,1994,2.5
355,365,1995,2.5
355,365,1996,124.1
355,380,2025,7.5
355,385,2019,2.0
355,666,2008,3.5
355,666,2009,3.5
355,666,2010,3.5
355,696,2021,2.16
355,696,2022,2.16
359,220,2023,10.0
359,255,2023,2.66
359,290,2024,3.52
359,360,1992,18.62
359,360,1994,16.1
359,360,1995,19.1
359,666,2025,4.68
360,2,1996,36.8
360,2,1997,36.8
360,2,1998,55.0
360,2,1999,61.0
360,2,2000,6.0
360,2,2001,0.5
360,2,2005,16.95
360,2,2006,7.8100000000000005
360,2,2007,46.29
360,2,2008,24.95
360,2,2009,106.95
360,2,2010,142.2
360,2,2011,123.0
360,2,2012,21.0
360,2,2013,21.0
360,2,2014,0.28
360,2,2015,21.0
360,2,2016,5.0
360,2,2017,25.96
360,2,2018,33.36
360,2,2019,21.6
360,2,2020,450.0
360,2,2021,148.0
360,2,2022,600.72
360,2,2023,640.04
360,2,2024,499.52
360,2,2025,108.0
360,20,2010,10.0
360,20,2011,10.0
360,200,1976,2.4
360,200,1978,2.4
360,200,1981,160.8
360,200,1982,160.8
360,200,1983,160.8
360,200,1984,160.8
360,200,1985,160.8
360,200,1986,160.8
360,200,1987,160.8
360,200,1988,167.60000000000002
360,200,1989,167.60000000000002
360,200,1990,167.60000000000002
360,200,1991,167.60000000000002
360,200,1992,6.8
360,200,2002,3.6
360,200,2003,3.6
360,200,2004,433.75
360,200,2005,437.35
360,200,2006,3.6
360,200,2023,36.0
360,200,2025,36.0
360,210,2005,126.48
360,210,2025,205.2
360,220,1972,115.9
360,220,1973,115.9
360,220,1974,115.9
360,220,1975,115.9
360,220,1976,115.9
360,220,1977,115.9
360,220,1978,739.9
360,220,1979,739.9
360,220,1980,739.9
360,220,1981,739.9
360,220,1982,739.9
360,220,1983,739.9
360,220,1984,739.9
360,220,1985,739.9
360,220,1986,739.9
360,220,1987,739.9
360,220,1988,739.9
360,220,1989,739.9
360,220,1990,624.0
360,220,1991,624.0
360,220,1992,624.0
360,220,1993,624.0
360,220,1994,739.9
360,220,2003,11.0
360,220,2004,11.0
360,220,2007,18.0
360,220,2008,18.0
360,220,2013,1.92
360,220,2014,1.92
360,220,2015,1.92
360,225,1998,234.0
360,225,1999,234.0
360,225,2008,10.85
360,225,2010,10.85
360,225,2012,10.85
360,225,2015,10.85
360,225,2018,4.2
360,225,2020,74.50999999999999
360,225,2021,74.50999999999999
360,225,2022,74.50999999999999
360,225,2023,74.50999999999999
360,225,2024,74.50999999999999
360,225,2025,33.11
360,230,2011,0.56
360,235,2016,228.32
360,235,2017,225.72
360,235,2020,57.0
360,235,2021,57.0
360,255,2004,213.84
360,255,2005,213.84
360,255,2006,213.84
360,255,2007,213.84
360,255,2008,215.52
360,255,2009,213.84
360,255,2020,11.6
360,255,2021,11.6
360,255,2022,11.6
360,255,2023,11.6
360,255,2024,11.6
360,255,2025,11.6
360,315,1954,166.25
360,315,1955,232.25
360,315,1956,298.0
360,315,1957,232.0
360,315,1958,232.0
360,315,1959,232.0
360,315,1960,232.0
360,315,1961,232.0
360,315,1962,232.0
360,315,1963,232.0
360,315,1964,232.0
360,315,1965,232.0
360,315,1966,52.0
360,315,1967,52.0
360,315,1968,52.0
360,315,1969,52.0
360,315,1970,52.0
360,315,1971,52.0
360,315,1972,52.0
360,315,1973,52.0
360,315,1974,52.0
360,315,1981,128.0
360,315,1982,128.0
360,315,1983,128.0
360,315,1984,128.0
360,315,1985,128.0
360,325,2004,5.5
360,325,2005,5.5
360,325,2010,112.0
360,325,2011,112.0
360,325,2012,112.0
360,325,2013,112.0
360,325,2015,112.0
360,355,1989,31.5
360,355,1990,31.5
360,355,1991,31.5
360,355,1992,31.5
360,359,1992,11.4
360,365,1950,12.5
360,365,1951,95.6
360,365,1952,791.4
360,365,1953,1861.2
360,365,1954,1176.6
360,365,1955,1091.8400000000001
360,365,1956,689.14
360,365,1957,431.64
360,365,1958,390.04
360,365,1959,264.04
360,365,1960,238.84
360,365,1961,60.0
360,365,1962,395.4
360,365,1963,781.86
360,365,1964,770.86
360,365,1965,1042.96
360,365,1966,1927.96
360,365,1967,1899.16
360,365,1968,3668.3
360,365,1969,2930.8
360,365,1970,3658.3
360,365,1971,3735.0
360,365,1972,4119.8
360,365,1973,4119.8
360,365,1974,4278.8
360,365,1975,4316.950000000001
360,365,1976,2082.15
360,365,1977,2625.15
360,365,1978,1551.92
360,365,1979,2160.02
360,365,1980,2366.68
360,365,1981,2424.88
360,365,1982,1921.88
360,365,1983,1960.18
360,365,1984,1239.33
360,365,1985,2202.68
360,365,1986,1555.48
360,365,1987,1312.73
360,365,1988,1176.63
360,365,1989,1610.28
360,365,1990,1509.18
360,365,1991,399.63
360,365,1992,173.43
360,365,1993,15.0
360,365,1994,32.65
360,365,1995,15.0
360,365,1996,25.6
360,365,1997,48.5
360,365,1998,10.0
360,365,1999,10.0
360,365,2000,10.0
360,385,2023,239.4
360,385,2024,239.4
360,385,2025,239.4
360,640,2024,43.2
360,640,2025,101.4
360,666,1996,50.0
360,666,1997,52.0
360,666,1998,50.0
360,666,1999,110.0
360,666,2000,110.0
360,666,2001,120.0
360,666,2002,120.0
360,666,2003,60.0
360,666,2004,60.0
360,666,2005,169.2
360,666,2006,109.2
360,666,2007,109.2
360,666,2008,109.2
360,666,2009,109.68
360,666,2010,30.0
360,666,2017,30.0
360,666,2018,30.0
360,666,2020,40.8
360,666,2021,45.55
360,666,2022,40.8
360,666,2023,40.8
360,666,2024,45.55
360,666,2025,40.8
360,710,1971,86.4
360,710,1972,234.0
360,710,1973,558.0
360,710,1974,644.4
360,710,1975,558.0
360,710,1976,558.0
360,710,1977,558.0
360,710,1978,558.0
360,710,1979,572.4
360,710,1980,558.0
360,710,1981,558.0
360,710,1982,558.0
360,710,1983,324.0
360,710,1988,72.0
360,710,1989,72.0
360,710,1990,72.0
360,732,2024,25.0
360,732,2025,25.0
365,2,2020,3.0
365,2,2021,3.0
365,2,2022,3.0
365,110,1976,2.1
365,220,2013,6.5
365,255,2014,24.0
365,255,2015,24.0
365,265,1960,129.45
365,265,1961,137.45
365,265,1962,129.45
365,265,1963,129.45
365,265,1964,129.45
365,265,1965,129.45
365,265,1986,462.0
365,265,1987,462.0
365,265,1988,462.0
365,265,1989,462.0
365,265,1990,462.0
365,290,1962,81.0
365,290,1963,1780.4
365,290,1964,2132.73
365,290,1965,2051.73
365,290,1966,2726.73
365,290,1967,2132.73
365,290,1968,2267.37
365,290,1969,3741.54
365,290,1970,3741.54
365,290,1971,3301.14
365,290,1972,3301.14
365,290,1973,1826.5
365,290,1974,2349.0
365,290,1975,2387.5
365,290,1976,2456.5
365,290,1977,2503.5
365,290,1978,2456.5
365,290,1979,1826.5
365,290,1980,2306.5
365,290,1981,2387.5
365,290,1982,2306.5
365,290,1983,2306.5
365,290,1984,1074.0
365,290,1985,1074.0
365,290,1986,2606.1
365,290,1987,2687.1
365,290,1988,2606.1
365,290,1989,594.0
365,290,1990,1155.0
365,290,1991,480.0
365,290,1992,40.0
365,315,1953,135.0
365,315,1954,135.0
365,315,1955,7335.0
365,315,1956,7335.0
365,315,1957,7200.0
365,315,1958,7200.0
365,315,1959,7200.0
365,315,1960,7200.0
365,315,1961,7200.0
365,315,1962,7200.0
365,315,1963,2500.0
365,315,1964,2500.0
365,315,1965,2500.0
365,315,1966,2541.0
365,315,1967,2541.0
365,315,1968,2500.0
365,315,1969,2500.0
365,315,1970,2500.0
365,315,1971,2500.0
365,315,1972,7090.0
365,315,1973,7090.0
365,315,1974,14370.0
365,315,1975,11870.0
365,315,1976,11870.0
365,315,1977,11870.0
365,315,1978,11870.0
365,315,1979,12014.0
365,315,1980,12014.0
365,315,1981,12014.0
365,315,1982,12014.0
365,315,1983,12014.0
365,315,1984,12014.0
365,315,1985,12014.0
365,315,1986,12571.2
365,315,1987,12742.2
365,315,1988,12742.2
365,315,1989,8152.2
365,315,1990,8152.2
365,315,1991,7451.0
365,316,2011,10.4
365,316,2012,7.8
365,316,2013,10.4
365,316,2014,10.4
365,316,2015,44.2
365,316,2016,44.2
365,316,2017,44.2
365,325,1950,36.0
365,325,2012,53.7
365,325,2014,53.7
365,325,2015,53.7
365,325,2016,53.7
365,355,1991,36.0
365,360,1979,300.0
365,360,1980,300.0
365,360,1981,300.0
365,360,1982,300.0
365,360,1983,300.0
365,360,1984,300.0
365,360,1985,300.0
365,360,1986,300.0
365,360,1987,300.0
365,360,1988,300.0
365,360,1989,300.0
365,360,1990,300.0
365,360,1991,300.0
365,369,1999,1352.0
365,369,2000,1516.3600000000001
365,369,2001,164.36
365,369,2007,90.0
365,369,2009,180.0
365,369,2010,180.0
365,369,2012,353.2
365,369,2013,761.2
365,369,2014,711.2
365,369,2015,390.0
365,369,2016,390.0
365,369,2017,390.0
365,369,2018,390.0
365,375,1954,25.0
365,375,1959,150.0
365,375,1960,150.0
365,375,1966,60.0
365,375,1967,180.0
365,375,1968,180.0
365,375,1969,180.0
365,375,1970,180.0
365,375,1971,180.0
365,375,1972,180.0
365,375,1974,250.0
365,375,1975,250.0
365,375,1978,250.0
365,375,1979,250.0
365,375,1982,15.0
365,630,2022,273.0
365,630,2023,264.0
365,630,2024,288.0
365,630,2025,264.0
365,640,2015,16.0
365,666,2009,1.4
365,666,2010,1.4
365,666,2013,3.0
365,666,2014,3.0
365,710,2018,33.6
365,710,2019,33.6
365,710,2021,33.6
365,710,2022,33.6
365,710,2023,34.800000000000004
365,710,2025,33.6
365,731,2023,186.0
365,731,2024,262.4
365,731,2025,247.7
366,2,1997,4.0
366,2,2002,1.0
366,2,2003,11.0
366,2,2015,7.2
366,2,2016,7.2
366,2,2017,7.2
366,2,2019,2.2
366,2,2020,3.84
366,2,2021,2.25
366,2,2025,118.32000000000001
366,200,2004,0.42
366,200,2007,54.0
366,200,2008,54.0
366,200,2009,54.0
366,210,2010,9.72
366,210,2011,9.72
366,210,2012,9.72
366,210,2013,9.72
366,210,2014,9.72
366,210,2015,9.72
366,210,2016,98.84
366,210,2017,91.32
366,210,2018,88.0
366,210,2019,88.0
366,211,2010,0.9
366,220,1998,2.1
366,220,1999,2.1
366,220,2008,9.0
366,220,2009,9.0
366,220,2010,9.0
366,220,2013,26.0
366,220,2015,35.0
366,220,2017,9.0
366,220,2018,9.0
366,220,2019,9.0
366,220,2020,9.0
366,220,2021,9.0
366,220,2022,9.0
366,220,2025,26.2
366,255,1993,2.08
366,255,1994,12.0
366,255,1995,7.2
366,255,1997,6.4
366,255,2000,8.8
366,255,2003,10.4
366,255,2004,10.4
366,255,2005,9.6
366,255,2023,10.08
366,290,2023,24.0
366,290,2024,24.0
366,290,2025,24.0
366,316,2005,12.0
366,355,1997,1.4
366,369,2013,3.6
366,375,1992,2.0
366,375,1995,7.0
366,375,1997,3.42
366,375,1998,3.42
366,375,2005,7.2
366,375,2006,7.2
366,375,2007,7.2
366,375,2009,5.88
366,380,1993,0.57
366,380,1998,0.16
366,380,2002,15.4
366,380,2003,15.4
366,380,2004,15.4
366,380,2005,15.4
366,380,2008,30.0
366,380,2009,30.0
366,380,2010,30.0
366,385,1995,3.0
366,385,2024,4.5
366,390,1994,2.68
366,390,2000,18.0
366,640,2024,12.6
366,640,2025,43.65
366,666,1994,1.3
366,666,1996,1.3
366,666,2020,9.0
366,666,2021,6.0
366,666,2022,3.0
366,666,2023,1.8
366,666,2024,93.05
366,666,2025,1.8
366,732,2020,43.2
366,732,2021,43.2
366,732,2022,43.2
366,732,2023,43.2
367,2,2003,11.0
367,2,2009,22.0
367,2,2010,25.2
367,2,2016,20.0
367,2,2018,33.0
367,2,2019,33.0
367,2,2022,21.75
367,2,2023,21.75
367,200,2015,23.900000000000002
367,200,2016,23.900000000000002
367,200,2017,23.900000000000002
367,200,2018,23.900000000000002
367,200,2019,23.900000000000002
367,200,2020,41.38
367,200,2021,17.48
367,200,2022,17.48
367,210,2004,8.0
367,210,2007,110.0
367,210,2008,110.0
367,210,2011,110.0
367,255,1993,7.68
367,255,1994,12.0
367,255,1995,5.6
367,255,1999,4.4
367,255,2011,23.0
367,255,2012,23.0
367,255,2013,23.0
367,255,2014,23.0
367,290,1992,0.12
367,290,1995,1.76
367,290,1996,1.76
367,290,1997,1.76
367,290,2003,1.8
367,290,2023,7.68
367,290,2024,7.68
367,305,2017,23.5
367,305,2018,23.5
367,316,1995,6.24
367,316,2001,3.0
367,325,2007,5.5
367,365,2004,9.57
367,365,2005,9.57
367,375,2021,40.95
367,375,2022,40.95
367,375,2023,40.95
367,375,2024,40.95
367,380,1993,0.57
367,380,1998,0.16
367,380,2001,3.1
367,380,2002,1.8
367,380,2003,1.8
367,380,2006,10.76
367,380,2007,10.76
367,380,2010,1.6
367,380,2015,4.0
367,380,2016,8.0
367,380,2017,4.0
367,380,2021,4.9
367,380,2022,8.9
367,380,2023,23.9
367,380,2024,8.9
367,385,1995,3.0
367,385,2001,9.0
367,385,2003,12.0
367,390,2018,1.6
367,666,2008,1.8
367,666,2019,5.0
367,666,2020,7.5
367,666,2021,10.5
367,666,2022,7.5
367,666,2023,7.5
368,2,2002,2.22
368,2,2003,2.22
368,2,2004,5.2
368,2,2005,5.2
368,2,2006,19.0
368,2,2007,4.32
368,2,2008,9.0
368,2,2009,9.0
368,2,2015,15.0
368,2,2017,15.0
368,2,2019,15.0
368,2,2020,115.0
368,2,2021,151.0
368,2,2022,141.0
368,2,2023,51.0
368,2,2024,54.33
368,2,2025,56.8
368,200,2013,72.6
368,220,2015,9.75
368,230,2024,17.5
368,255,1993,2.08
368,255,1998,7.2
368,255,1999,8.8
368,255,2000,4.9
368,255,2001,8.8
368,255,2002,15.8
368,255,2004,45.8
368,255,2005,22.200000000000003
368,255,2006,22.200000000000003
368,255,2016,56.82
368,255,2017,3.36
368,255,2018,53.46
368,255,2019,170.36
368,255,2020,152.46
368,255,2021,151.36
368,255,2022,153.36
368,255,2023,97.9
368,290,1995,0.66
368,290,1996,14.600000000000001
368,290,2000,1.0
368,290,2014,6.4
368,290,2015,6.4
368,290,2016,6.4
368,290,2017,6.4
368,290,2018,6.4
368,290,2025,4.0
368,316,1995,1.8
368,316,1998,8.0
368,325,2006,48.0
368,325,2008,48.0
368,325,2009,48.0
368,355,1999,5.0
368,355,2014,9.0
368,365,1992,69.9
368,365,1993,7.2
368,380,1993,0.57
368,380,1998,0.16
368,380,2001,1.3
368,380,2002,0.6
368,380,2016,5.0
368,380,2020,2.1
368,380,2024,15.0
368,380,2025,15.0
368,385,1995,3.0
368,385,2001,9.9
368,385,2004,14.82
368,385,2005,6.5
368,385,2006,12.0
368,385,2020,50.0
368,385,2021,50.0
368,390,2002,9.72
368,390,2008,24.0
368,390,2009,24.0
368,390,2010,24.0
368,390,2016,8.0
368,666,2015,8.0
368,666,2016,8.0
368,666,2019,68.8
368,666,2020,83.8
368,666,2021,83.8
368,666,2023,68.8
368,666,2024,1.05
368,666,2025,1.05
369,2,2015,20.6
369,2,2016,18.0
369,2,2017,18.0
369,2,2018,31.66
369,2,2019,18.0
369,2,2020,4.5
369,2,2021,37.04
369,2,2022,2255.22
369,2,2023,4533.97
369,2,2024,5175.39
369,2,2025,2864.96
369,20,2014,6.24
369,20,2015,6.24
369,20,2022,297.95
369,20,2023,320.06
369,20,2024,293.54
369,20,2025,271.7
369,200,2015,6.0
369,200,2022,371.72
369,200,2023,372.65999999999997
369,200,2024,336.42
369,200,2025,191.48
369,205,2025,6.5
369,210,2022,80.64
369,210,2023,67.2
369,210,2024,323.40000000000003
369,210,2025,386.76000000000005
369,211,2022,26.6
369,211,2023,43.06
369,211,2024,24.72
369,211,2025,40.4
369,220,2018,16.0
369,220,2019,16.0
369,220,2021,16.0
369,220,2022,119.12
369,220,2023,311.67
369,220,2024,416.42
369,220,2025,335.68
369,230,2022,17.3
369,230,2023,57.419999999999995
369,230,2024,83.01
369,235,2022,4.88
369,235,2023,10.7
369,235,2024,40.72
369,235,2025,0.7
369,255,2022,975.8100000000001
369,255,2023,1702.02
369,255,2024,1714.54
369,255,2025,1449.1
369,290,2018,6.4
369,290,2019,5.4
369,290,2020,3.6
369,290,2021,3.6
369,290,2022,972.66
369,290,2023,1119.84
369,290,2024,416.4
369,290,2025,177.9
369,316,2018,45.7
369,316,2019,6.4
369,316,2020,13.32
369,316,2022,272.52
369,316,2023,192.34
369,316,2024,262.84000000000003
369,316,2025,99.2
369,317,2022,72.6
369,317,2023,172.07999999999998
369,317,2025,11.88
369,325,2022,64.41
369,325,2023,129.8
369,325,2024,109.6
369,325,2025,58.900000000000006
369,341,2022,3.62
369,343,2022,31.2
369,343,2023,59.199999999999996
369,344,2022,3.9
369,344,2023,39.379999999999995
369,344,2024,53.2
369,346,2023,5.5
369,349,2022,38.879999999999995
369,349,2023,2.4
369,349,2024,15.959999999999999
369,350,2022,14.4
369,350,2023,14.4
369,350,2024,19.759999999999998
369,350,2025,1.73
369,355,2024,14.0
369,360,2022,2.0
369,360,2023,2.0
369,360,2024,123.0
369,366,2022,18.08
369,366,2023,16.939999999999998
369,366,2024,1.8
369,367,2022,15.86
369,367,2023,12.559999999999999
369,367,2025,1.2
369,368,2022,15.239999999999998
369,368,2023,14.0
369,368,2024,10.2
369,375,2022,1.6
369,375,2023,19.6
369,375,2025,14.7
369,380,2022,0.8
369,380,2023,97.44
369,380,2024,70.64
369,380,2025,68.02
369,385,2022,17.119999999999997
369,385,2023,56.88
369,385,2024,238.02
369,385,2025,248.4
369,390,2022,32.480000000000004
369,390,2024,223.2
369,390,2025,216.6
369,600,2022,93.6
369,600,2023,93.6
369,600,2024,93.6
369,640,2019,28.8
369,640,2021,28.8
369,640,2022,202.0
369,640,2023,45.4
369,640,2024,29.0
369,663,2022,1.54
369,663,2024,216.0
369,694,2023,54.0
369,694,2024,21.6
369,694,2025,21.6
369,696,2015,7.5600000000000005
369,696,2022,1.82
369,696,2023,1.82
369,696,2024,1.82
369,732,2022,31.86
369,732,2023,31.86
369,732,2024,31.86
369,900,2022,23.12
369,900,2023,16.8
369,900,2024,5.6
369,900,2025,78.4
370,365,1998,82.6
370,365,1999,82.6
370,365,2006,116.0
370,365,2011,150.0
370,365,2012,150.0
370,365,2013,75.0
370,365,2014,66.0
370,365,2015,107.68
370,365,2016,295.2
370,365,2017,363.0
370,365,2018,267.17
370,365,2019,674.17
370,365,2020,91.0
370,365,2021,106.7
370,365,2022,543.1
370,365,2023,427.3
370,365,2024,1006.05
370,365,2025,782.5
370,369,2005,29.7
370,369,2006,29.7
370,369,2009,3.42
370,369,2015,9.6
370,630,2024,0.8
370,710,2016,3.0
370,710,2017,1.4
370,710,2018,1.4
370,710,2025,0.4
371,220,2023,3.84
371,317,2004,46.0
371,341,2010,2.24
371,365,1993,5.38
371,365,1994,231.20000000000002
371,365,1995,127.52000000000001
371,365,1996,142.72
371,365,2004,68.0
371,365,2009,91.6
371,365,2010,91.6
371,365,2011,1.5
371,365,2013,52.4
371,365,2016,130.2
371,365,2017,35.2
371,365,2019,227.5
371,365,2022,29.0
371,369,2004,3.6
371,369,2010,7.2
371,369,2011,7.2
371,370,2007,1.4
371,663,2019,20.8
371,710,1999,2.4
371,750,2021,32.0
371,750,2023,14.4
371,750,2024,56.4
371,750,2025,42.0
372,2,2001,6.29
372,2,2008,5.6
372,2,2009,5.6
372,2,2014,1.4
372,2,2017,7.36
372,2,2018,12.3
372,2,2019,12.3
372,2,2022,2.46
372,220,2018,34.8
372,255,1998,4.4
372,290,2007,8.0
372,290,2023,1.0
372,290,2024,1.0
372,316,2000,72.0
372,316,2001,72.84
372,316,2003,9.6
372,316,2004,2.16
372,316,2005,61.339999999999996
372,316,2006,65.48
372,316,2007,47.08
372,316,2009,4.32
372,350,1998,3.6
372,350,1999,3.6
372,350,2004,22.0
372,355,2001,9.76
372,355,2004,1.4
372,355,2005,18.4
372,355,2006,6.0
372,355,2007,6.0
372,355,2009,2.4
372,355,2011,1.68
372,355,2012,9.2
372,355,2013,5.2
372,365,1993,4.28
372,369,1997,4.0
372,369,1998,18.0
372,369,1999,21.5
372,369,2004,22.42
372,369,2005,142.82
372,369,2006,50.92
372,369,2007,167.32
372,369,2008,109.61
372,369,2009,5.35
372,640,1998,3.4
372,640,2001,2.1
372,640,2007,15.0
372,640,2008,56.3
372,640,2009,41.3
372,640,2024,13.8
372,666,2005,0.2
372,666,2007,13.6
372,666,2008,34.75
372,666,2009,2.08
372,704,2005,3.6
372,705,2006,6.06
373,2,2025,6.0
373,230,2019,13.0
373,316,2017,10.8
373,316,2018,10.8
373,316,2025,7.0
373,317,2002,1.04
373,317,2017,23.76
373,317,2018,23.76
373,325,2025,32.0
373,345,2025,36.0
373,346,2010,0.28
373,355,2002,9.36
373,365,2007,127.48
373,365,2008,63.0
373,365,2009,4.0
373,365,2010,545.5
373,365,2011,1084.5
373,365,2012,921.8000000000001
373,365,2013,1593.0
373,365,2014,1513.0
373,365,2015,1118.7
373,365,2016,43.2
373,365,2017,197.8
373,365,2018,154.6
373,369,1993,75.0
373,369,1994,75.0
373,369,2002,9.5
373,369,2004,57.36
373,369,2005,66.58
373,369,2006,297.96000000000004
373,369,2007,254.25
373,369,2008,39.55
373,369,2009,349.53999999999996
373,369,2010,131.48
373,369,2011,218.06
373,369,2012,7.6
373,369,2013,20.6
373,370,2005,62.4
373,370,2006,62.4
373,370,2008,1.32
373,370,2009,54.56
373,370,2010,54.800000000000004
373,370,2011,147.32
373,370,2012,147.32
373,370,2013,66.0
373,370,2014,66.0
373,370,2017,10.4
373,370,2018,43.2
373,370,2024,65.0
373,372,2002,69.0
373,560,2009,13.75
373,560,2010,22.5
373,560,2011,17.5
373,560,2012,22.75
373,560,2013,10.5
373,560,2014,10.5
373,560,2015,22.75
373,640,2000,3.4
373,640,2010,9.32
373,640,2011,15.32
373,640,2012,50.0
373,640,2013,50.0
373,640,2014,44.0
373,640,2015,44.0
373,640,2016,54.8
373,640,2017,10.8
373,640,2018,11.0
373,640,2019,11.0
373,640,2020,28.8
373,640,2022,12.05
373,640,2023,6.6
373,640,2024,19.0
373,640,2025,20.7
373,666,2006,13.2
373,666,2008,7.9
373,666,2009,11.7
373,666,2010,13.95
373,666,2011,24.5
373,666,2012,21.0
373,666,2013,36.5
373,666,2014,79.5
373,666,2015,488.5
373,666,2016,633.6
373,666,2017,477.5
373,666,2018,608.6
373,666,2019,67.5
373,666,2020,67.5
373,666,2025,121.8
373,710,2025,129.5
373,770,2018,2.4
373,770,2025,119.0
375,2,1957,2.5
375,2,1974,5.95
375,2,1975,8.55
375,2,1982,15.9
375,2,1983,1.4
375,2,1984,1.5
375,2,1988,1.2
375,2,1992,72.0
375,2,1993,72.0
375,2,1995,2400.0
375,2,1996,2457.6
375,2,1997,2475.2
375,2,1998,2653.2
375,2,1999,2653.2
375,2,2000,2653.2
375,2,2002,178.0
375,2,2008,27.0
375,2,2009,27.0
375,2,2010,38.1
375,2,2011,1.92
375,2,2012,180.0
375,2,2013,240.0
375,2,2014,256.0
375,2,2015,256.0
375,2,2016,207.62
375,2,2017,34.76
375,2,2018,57.0
375,2,2019,230.24
375,2,2020,215.84
375,20,1958,0.76
375,20,2007,3.0
375,20,2011,1.5
375,200,1952,18.0
375,200,1955,11.25
375,200,1956,14.77
375,200,1958,44.28
375,200,1959,39.6
375,200,1960,14.76
375,200,1962,12.4
375,200,1963,2.5
375,200,1964,2.5
375,200,1974,26.9
375,200,1975,26.9
375,200,1980,425.0
375,200,1981,425.0
375,200,1982,425.0
375,200,1983,425.0
375,200,1984,425.0
375,200,1985,440.0
375,200,1986,15.0
375,200,1989,20.0
375,200,1990,57.5
375,200,1991,37.5
375,200,1993,97.0
375,200,1994,59.5
375,200,1997,2.5
375,200,2016,1.12
375,200,2017,1.12
375,200,2018,1.12
375,210,1960,6.0
375,210,1968,12.0
375,210,1979,6.5
375,210,1980,8.5
375,210,2007,19.36
375,210,2015,200.0
375,210,2016,200.0
375,210,2017,200.0
375,210,2018,200.0
375,210,2019,210.64
375,210,2020,5.6
375,210,2021,200.0
375,220,1959,80.0
375,220,1960,80.0
375,220,1961,80.0
375,220,1962,82.0
375,220,1963,82.0
375,220,1964,80.0
375,220,1965,80.0
375,220,1966,80.0
375,220,1967,80.0
375,220,1990,36.0
375,220,1991,36.0
375,220,1992,533.0
375,220,1993,533.0
375,220,1994,395.5
375,220,1995,98.5
375,220,1996,36.0
375,220,1997,36.0
375,220,1998,36.0
375,220,1999,36.0
375,220,2000,36.0
375,220,2001,36.0
375,220,2002,36.0
375,220,2003,10.0
375,220,2005,10.0
375,220,2006,10.0
375,220,2008,70.0
375,220,2010,70.0
375,220,2011,70.0
375,220,2012,70.0
375,220,2013,226.0
375,220,2014,170.4
375,220,2015,170.4
375,220,2016,14.4
375,220,2024,20.0
375,220,2025,20.0
375,225,1962,40.0
375,225,1963,40.0
375,225,1964,40.0
375,225,2008,64.8
375,225,2010,11.1
375,230,2007,25.0
375,230,2011,12.5
375,255,1981,14.4
375,255,1985,14.4
375,255,1986,14.4
375,255,1990,9.6
375,255,1991,22.560000000000002
375,255,1992,152.25
375,255,1993,39.6
375,255,1994,53.959999999999994
375,255,1998,19.6
375,255,2003,228.4
375,255,2005,49.68
375,255,2006,49.68
375,255,2007,30.08
375,325,1968,0.7
375,325,1985,10.0
375,325,1986,10.0
375,325,1987,5.0
375,325,1996,5.0
375,325,2009,70.0
375,325,2010,70.0
375,325,2011,70.0
375,325,2012,242.5
375,325,2013,242.5
375,325,2014,70.0
375,325,2015,70.0
375,325,2016,172.5
375,365,1960,80.92
375,365,1961,76.24
375,365,1962,23.52
375,365,1963,222.0
375,365,1964,82.62
375,365,1965,163.5
375,365,1966,79.75
375,365,1967,160.5
375,365,1969,35.5
375,365,1970,29.5
375,365,1971,4.25
375,365,1973,36.0
375,365,1974,167.8
375,365,1975,103.4
375,365,1976,42.4
375,365,1977,36.0
375,365,1978,364.22
375,365,1979,52.5
375,365,1980,462.72
375,365,1981,52.0
375,365,1982,76.0
375,365,1983,58.0
375,365,1984,32.0
375,365,1985,51.4
375,365,1986,186.20000000000002
375,365,1987,162.5
375,365,1988,176.20000000000002
375,365,1989,200.20000000000002
375,365,1990,158.6
375,365,1991,10.8
375,365,1992,88.19999999999999
375,365,1994,10.8
375,365,1996,195.0
375,380,1958,3.4
375,380,1960,1.04
375,380,1963,2.55
375,380,1966,0.56
375,380,1968,10.0
375,380,1972,30.799999999999997
375,380,1973,5.6
375,380,1974,116.6
375,380,1975,116.6
375,380,1976,43.4
375,380,1979,5.0
375,380,1981,66.6
375,380,1984,84.0
375,380,1985,166.85
375,380,1986,166.85
375,380,1987,54.0
375,380,1988,132.75
375,380,1990,53.2
375,380,1991,53.2
375,380,1992,53.2
375,380,1993,20.0
375,380,1994,20.0
375,380,1995,20.0
375,380,1996,20.0
375,380,1998,20.89
375,380,1999,14.96
375,380,2000,14.4
375,380,2001,14.4
375,380,2002,14.4
375,380,2003,144.2
375,380,2004,149.2
375,380,2005,174.2
375,380,2006,293.08
375,380,2007,133.88
375,380,2008,26.88
375,380,2009,20.0
375,380,2010,20.0
375,380,2011,14.7
375,380,2013,36.0
375,380,2014,27.52
375,380,2020,2.0
375,380,2023,31.05
375,380,2024,31.05
375,380,2025,23.05
375,385,1992,7.0
375,385,1998,6.0
375,385,1999,0.28
375,385,2005,6.0
375,385,2006,6.0
375,385,2007,9.0
375,385,2013,189.0
375,385,2014,189.0
375,385,2015,180.0
375,385,2020,6.0
375,385,2021,6.0
375,385,2022,6.0
375,390,2014,5.47
375,390,2015,5.35
375,395,1980,0.22
375,560,2002,20.0
375,560,2003,20.0
375,560,2005,20.0
375,560,2006,20.9
375,560,2007,20.5
375,560,2008,10.5
375,560,2010,2.4
375,560,2011,2.4
375,560,2012,2.4
375,560,2013,3.75
375,666,2001,1.2
375,666,2005,28.2
375,666,2006,27.0
375,666,2008,22.0
375,666,2009,22.0
375,666,2023,48.0
375,666,2024,108.0
375,666,2025,63.0
375,732,2018,86.4
375,732,2019,86.4
375,732,2020,86.4
375,732,2021,86.4
375,732,2022,86.4
375,732,2023,86.4
375,732,2024,86.4
375,732,2025,86.4
380,2,1951,11.24
380,2,1952,18.5
380,2,1958,28.44
380,2,1959,27.0
380,2,1960,67.0
380,2,1961,250.0
380,2,1962,302.4
380,2,1963,355.04
380,2,1964,340.0
380,2,1965,366.4
380,2,1966,340.0
380,2,1967,345.72
380,2,1968,368.92
380,2,1969,390.52
380,2,1970,287.22
380,2,1971,1166.52
380,2,1972,1100.0
380,2,1973,890.0
380,2,1974,890.0
380,2,1975,918.0
380,2,1976,890.0
380,2,1977,1010.0
380,2,1978,1027.0
380,2,1979,1127.0
380,2,1980,1089.45
380,2,1981,1225.75
380,2,1982,913.2
380,2,1983,917.0
380,2,1984,924.55
380,2,1985,902.55
380,2,1986,1007.69
380,2,1987,1122.14
380,2,1988,1126.94
380,2,1989,1128.16
380,2,1990,1040.5
380,2,1991,148.0
380,2,1992,120.0
380,2,1993,538.0
380,2,1994,538.0
380,2,1995,464.0
380,2,1996,523.0
380,2,1997,523.0
380,2,1998,608.2
380,2,1999,523.0
380,2,2000,523.0
380,2,2001,418.0
380,2,2002,418.0
380,2,2003,418.0
380,2,2004,418.0
380,2,2005,449.8
380,2,2006,456.0
380,2,2007,426.0
380,2,2008,38.0
380,2,2009,8.0
380,2,2011,349.55
380,2,2012,348.75
380,2,2013,108.75
380,2,2016,13.56
380,2,2017,12.5
380,2,2021,624.0
380,2,2022,624.0
380,2,2023,404.0
380,2,2024,394.0
380,2,2025,404.0
380,20,2004,80.0
380,20,2005,80.0
380,20,2006,80.0
380,20,2008,80.0
380,200,1950,984.8299999999999
380,200,1951,1230.75
380,200,1952,1193.25
380,200,1953,1081.25
380,200,1954,968.25
380,200,1955,1540.01
380,200,1956,1756.01
380,200,1957,797.5
380,200,1958,562.5
380,200,1959,1524.0
380,200,1960,1526.6
380,200,1961,972.72
380,200,1962,798.22
380,200,1963,1284.42
380,200,1964,1213.2
380,200,1965,1217.2
380,200,1966,777.0
380,200,1967,789.7
380,200,1968,762.7
380,200,1969,758.7
380,200,1970,758.7
380,200,1971,777.4200000000001
380,200,1972,830.72
380,200,1973,80.72
380,200,1974,62.0
380,200,1975,54.0
380,200,1980,333.0
380,200,1981,333.0
380,200,1982,333.0
380,200,1983,333.0
380,200,1984,333.0
380,200,1985,99.0
380,200,1986,99.0
380,200,1987,99.0
380,200,1988,99.0
380,200,1992,20.0
380,200,2025,10.0
380,210,1955,3.0
380,210,1956,3.0
380,210,1958,14.0
380,210,1959,6.0
380,210,1962,26.0
380,210,1963,6.0
380,210,1964,20.0
380,210,1965,6.0
380,210,1966,36.0
380,210,1967,36.0
380,210,1968,6.0
380,210,1971,12.0
380,210,1976,12.0
380,210,2000,2.5
380,220,1952,78.0
380,220,1953,126.0
380,220,1954,126.0
380,220,1955,48.0
380,220,1956,127.5
380,220,1957,127.5
380,220,1958,137.5
380,220,1959,205.0
380,220,1960,80.0
380,220,1961,80.0
380,220,1962,20.5
380,220,1963,28.9
380,220,1964,8.4
380,220,1965,18.0
380,220,1966,225.25
380,220,1967,312.75
380,220,1968,243.25
380,220,1969,164.75
380,220,1970,164.75
380,220,1971,87.5
380,220,1972,87.5
380,220,1982,3.0
380,220,1985,3.0
380,220,1986,35.0
380,220,1987,35.0
380,220,1988,122.0
380,220,1989,87.0
380,220,1990,93.0
380,220,1991,6.0
380,220,1992,6.0
380,220,1994,14.5
380,220,1995,14.5
380,220,1999,0.8
380,220,2000,0.8
380,220,2011,91.0
380,220,2013,91.0
380,220,2014,91.0
380,220,2015,101.0
380,220,2016,101.0
380,220,2017,101.0
380,220,2018,91.0
380,220,2019,91.0
380,220,2023,3.3
380,225,1966,35.0
380,225,1967,35.0
380,225,1988,10.26
380,225,1997,1.02
380,225,1998,2.7199999999999998
380,225,1999,1.7
380,225,2002,1.7
380,230,1986,18.75
380,230,1990,6.25
380,255,1962,0.6
380,255,1966,150.0
380,255,1967,150.0
380,255,1973,510.0
380,255,1974,510.0
380,255,1975,510.0
380,255,1976,510.0
380,255,1978,38.4
380,255,1979,38.4
380,255,1980,38.4
380,255,1981,38.4
380,255,1982,38.4
380,255,1985,10.8
380,255,1986,30.0
380,255,1987,24.0
380,255,1990,33.6
380,255,1991,33.6
380,255,1992,34.1
380,255,1993,34.83
380,255,1994,353.83
380,255,1995,111.53999999999999
380,255,1996,651.54
380,255,1997,651.54
380,255,1998,783.39
380,255,1999,680.76
380,255,2000,669.6
380,255,2001,669.6
380,255,2002,573.22
380,255,2003,31.5
380,255,2006,2.5
380,255,2008,2.5
380,255,2011,15.0
380,255,2012,15.0
380,255,2015,72.5
380,255,2016,72.5
380,255,2017,72.5
380,255,2023,2.8
380,255,2024,1.2
380,255,2025,1.2
380,290,2023,20.0
380,290,2025,1.0
380,305,1990,6.72
380,325,1962,39.9
380,325,1963,39.9
380,325,1964,39.9
380,325,1966,80.75
380,325,1967,80.75
380,325,1968,80.75
380,325,1969,80.75
380,325,1970,103.85
380,325,1971,106.85
380,325,1973,20.0
380,325,1974,20.0
380,325,1975,10.0
380,325,1976,10.0
380,325,1988,20.0
380,325,1989,20.0
380,325,1991,0.7
380,325,1993,25.0
380,325,1994,25.0
380,325,2006,55.0
380,325,2007,55.0
380,325,2008,55.0
380,325,2009,55.0
380,325,2025,4.0
380,366,1996,8.0
380,375,1988,1.2
380,375,1993,4.5
380,375,2001,36.4
380,375,2002,36.4
380,375,2003,58.45
380,375,2004,22.05
380,375,2013,45.2
380,375,2014,45.2
380,375,2023,7.0
380,375,2025,30.8
380,385,1972,28.85
380,385,1978,461.6
380,385,1979,541.6
380,385,1980,541.6
380,385,1981,541.6
380,385,1982,541.6
380,385,1985,7.0
380,385,1990,39.5
380,385,1991,39.5
380,385,1992,44.5
380,385,1993,25.5
380,385,1994,25.5
380,385,2016,7.5
380,385,2017,7.5
380,385,2020,3.0
380,395,1993,5.2
380,560,1998,0.9
380,560,2006,15.3
380,560,2007,15.3
380,560,2008,14.7
380,560,2012,9.0
380,560,2013,18.0
380,666,2006,14.0
380,666,2007,14.0
380,666,2008,14.0
380,666,2009,14.0
380,666,2025,12.0
380,740,1972,72.0
380,740,1973,72.0
380,740,1974,72.0
380,740,1985,17.0
380,830,1989,13.2
380,900,2003,5.6
385,2,1950,47.2
385,2,1951,812.2400000000001
385,2,1952,819.7600000000001
385,2,1953,923.6400000000001
385,2,1954,102.24000000000001
385,2,1955,451.52
385,2,1956,512.17
385,2,1957,547.95
385,2,1958,561.95
385,2,1959,347.1
385,2,1960,456.17
385,2,1961,447.87
385,2,1962,25.6
385,2,1963,414.56
385,2,1964,448.75
385,2,1965,227.26999999999998
385,2,1966,1320.58
385,2,1967,1112.58
385,2,1968,916.0
385,2,1969,780.36
385,2,1970,154.36
385,2,1973,74.66
385,2,1974,2.16
385,2,1975,73.89
385,2,1976,58.11
385,2,1977,81.46000000000001
385,2,1978,72.5
385,2,1979,79.0
385,2,1980,1564.8
385,2,1981,1496.8
385,2,1982,1549.32
385,2,1983,1534.32
385,2,1984,1541.82
385,2,1985,80.52000000000001
385,2,1986,80.52000000000001
385,2,1987,272.6
385,2,1988,370.9
385,2,1989,608.5
385,2,1990,468.72
385,2,1991,76.12
385,2,1992,76.12
385,2,1993,89.72
385,2,1994,76.12
385,2,1995,280.12
385,2,1996,315.76
385,2,1997,332.56
385,2,1998,448.56
385,2,1999,296.15999999999997
385,2,2000,284.0
385,2,2001,287.0
385,2,2002,87.0
385,2,2003,14.0
385,2,2004,9.0
385,2,2005,6.0
385,2,2006,371.78
385,2,2007,365.78
385,2,2008,516.0
385,2,2009,516.0
385,2,2010,192.4
385,2,2011,382.4
385,2,2012,142.4
385,2,2013,102.4
385,2,2014,1.0
385,2,2015,2864.76
385,2,2016,2864.76
385,2,2017,2860.0
385,2,2018,2917.6
385,2,2019,2863.0
385,2,2020,2897.0
385,2,2021,3521.0
385,2,2022,3557.0
385,2,2023,2898.0
385,2,2024,2863.6
385,2,2025,2895.0
385,20,1955,8.0
385,20,1956,56.93
385,20,1967,12.5
385,20,1973,103.04
385,20,1974,103.04
385,200,1950,146.0
385,200,1951,108.0
385,200,1952,57.51
385,200,1953,7.44
385,200,1972,67.5
385,200,1976,11.9
385,200,1978,6.75
385,200,1981,40.5
385,200,1982,78.0
385,200,1983,60.0
385,200,1984,60.0
385,200,1985,60.0
385,200,1991,20.0
385,200,1992,26.75
385,200,1993,20.0
385,200,1994,20.0
385,200,1995,20.0
385,200,1996,13.5
385,200,1997,46.0
385,200,1998,32.5
385,200,2000,64.8
385,200,2011,80.0
385,200,2012,80.0
385,210,1963,114.0
385,210,1965,114.0
385,210,1966,144.0
385,210,1967,144.0
385,210,1968,114.0
385,210,1995,1.6
385,210,2001,83.2
385,210,2002,91.26
385,210,2013,22.0
385,210,2014,22.0
385,210,2015,22.0
385,210,2016,22.0
385,210,2017,22.0
385,211,1956,28.8
385,211,1966,12.0
385,220,1957,6.0
385,220,1958,6.0
385,220,1959,6.0
385,220,1960,6.0
385,220,1961,6.0
385,220,1962,6.0
385,220,1966,35.0
385,220,1967,35.0
385,220,1968,10.0
385,220,1983,0.5
385,220,1988,52.5
385,220,1989,52.5
385,220,1990,52.5
385,220,1992,36.0
385,220,1993,36.0
385,220,1994,36.0
385,220,1995,108.0
385,220,1996,108.0
385,220,1997,108.0
385,220,1998,72.0
385,220,2001,1.27
385,220,2005,1.27
385,220,2006,70.0
385,220,2007,70.0
385,220,2008,70.0
385,220,2009,70.0
385,220,2010,60.0
385,220,2011,165.0
385,220,2012,95.0
385,220,2013,95.0
385,220,2014,35.0
385,220,2015,35.0
385,220,2016,47.0
385,220,2018,47.0
385,220,2019,47.0
385,220,2020,12.0
385,220,2021,12.0
385,225,1965,168.0
385,225,1966,168.0
385,225,1967,168.0
385,230,2006,2237.5
385,230,2007,2237.5
385,230,2008,2237.5
385,230,2009,2237.5
385,230,2011,2237.5
385,255,1962,40.0
385,255,1964,750.0
385,255,1965,752.0
385,255,1966,822.0
385,255,1967,824.0
385,255,1969,8.4
385,255,1970,172.20000000000002
385,255,1971,163.8
385,255,1977,33.6
385,255,1979,33.6
385,255,1980,33.6
385,255,1989,750.0
385,255,1990,750.0
385,255,1991,750.0
385,255,1992,827.28
385,255,1993,227.28
385,255,1994,150.0
385,255,1998,5.94
385,255,1999,20.44
385,255,2000,14.5
385,255,2002,14.5
385,255,2005,30.0
385,255,2006,44.5
385,255,2007,84.5
385,255,2008,40.0
385,255,2010,8.44
385,255,2011,8.44
385,255,2012,8.44
385,255,2013,3.19
385,255,2017,15.0
385,255,2018,15.0
385,255,2019,4.8
385,255,2020,4.8
385,255,2022,15.0
385,255,2023,8.75
385,255,2024,23.15
385,255,2025,25.07
385,290,2023,8.8
385,290,2024,8.8
385,325,1953,1.44
385,325,1961,1.44
385,325,2006,70.0
385,325,2007,70.0
385,325,2008,42.55
385,325,2009,37.3
385,325,2010,37.3
385,325,2011,86.25
385,325,2012,93.3
385,325,2013,86.25
385,325,2014,56.0
385,325,2015,56.0
385,325,2016,56.0
385,325,2017,9.3
385,325,2018,65.3
385,325,2019,75.0
385,325,2020,75.0
385,325,2021,131.0
385,375,1991,5.4
385,375,1995,12.3
385,375,1996,12.3
385,375,2000,11.2
385,375,2004,0.7
385,375,2018,6.0
385,380,1956,4.25
385,380,1957,4.25
385,380,1966,30.0
385,380,1967,30.0
385,380,1979,0.34
385,380,1981,67.39
385,380,1982,151.3
385,380,1983,132.47
385,380,1984,506.75
385,380,1985,375.0
385,380,1986,577.5
385,380,1987,283.46000000000004
385,380,1988,657.5
385,380,1989,677.5
385,380,1990,342.5
385,380,1991,240.0
385,380,1992,276.0
385,380,1993,196.0
385,380,1994,206.0
385,380,1995,10.0
385,380,1996,166.4
385,380,1998,166.4
385,380,1999,214.4
385,380,2000,214.4
385,380,2001,48.0
385,380,2002,50.25
385,380,2010,15.0
385,380,2011,15.0
385,380,2012,15.0
385,380,2013,15.0
385,380,2014,46.35
385,380,2015,57.55
385,380,2016,46.35
385,380,2017,46.35
385,380,2018,46.35
385,380,2023,9.0
385,380,2024,9.0
385,380,2025,9.0
385,390,2024,30.0
385,390,2025,9.5
385,560,2010,23.75
385,560,2011,23.75
385,732,2018,114.0
385,732,2019,106.5
385,732,2020,106.5
385,732,2025,20.48
390,2,1950,33.48
390,2,1951,814.28
390,2,1952,802.89
390,2,1953,886.18
390,2,1954,841.42
390,2,1955,147.97
390,2,1956,133.9
390,2,1957,129.5
390,2,1958,170.45000000000002
390,2,1959,623.5
390,2,1960,329.8
390,2,1961,639.0799999999999
390,2,1962,143.82
390,2,1963,218.1
390,2,1964,570.3
390,2,1965,547.3
390,2,1966,22.740000000000002
390,2,1967,63.34
390,2,1968,132.14
390,2,1969,9.600000000000001
390,2,1970,94.36
390,2,1971,14.4
390,2,1972,47.5
390,2,1974,38.5
390,2,1975,131.5
390,2,1976,112.5
390,2,1977,112.5
390,2,1978,445.3
390,2,1979,290.5
390,2,1980,1508.95
390,2,1981,1579.45
390,2,1982,1574.3500000000001
390,2,1983,1228.1000000000001
390,2,1984,106.5
390,2,1985,136.2
390,2,1987,247.8
390,2,1988,252.8
390,2,1989,248.70000000000002
390,2,1990,17.5
390,2,1991,41.8
390,2,1992,51.8
390,2,1993,27.5
390,2,1994,106.98
390,2,1995,173.7
390,2,1996,181.7
390,2,1997,175.74
390,2,1998,205.1
390,2,1999,157.1
390,2,2000,127.5
390,2,2001,173.3
390,2,2002,49.0
390,2,2003,43.5
390,2,2004,209.91
390,2,2005,91.31
390,2,2006,89.7
390,2,2007,150.0
390,2,2008,3.0
390,2,2011,5.6
390,2,2012,134.2
390,2,2013,130.0
390,2,2014,130.0
390,2,2015,135.0
390,2,2016,286.5
390,2,2017,152.34
390,2,2018,151.65
390,2,2019,3.6
390,2,2020,2.88
390,2,2021,1155.0
390,2,2022,1194.8
390,2,2023,1189.0
390,2,2024,1197.0
390,2,2025,1177.6
390,20,1951,3.2
390,20,1955,25.34
390,20,1972,98.56
390,20,1978,1.28
390,20,1999,20.0
390,20,2001,40.0
390,20,2024,3.0
390,31,2015,0.24
390,160,1987,4.0
390,160,1988,0.42
390,200,1950,30.240000000000002
390,200,1951,65.64
390,200,1952,73.24
390,200,1953,360.85
390,200,1954,291.6
390,200,1956,120.32
390,200,1957,16.2
390,200,1958,7.2
390,200,1963,19.04
390,200,1964,43.239999999999995
390,200,1965,90.0
390,200,1966,90.0
390,200,1967,90.0
390,200,1970,57.5
390,200,1971,57.5
390,200,1972,57.5
390,200,1976,63.15
390,200,1977,51.25
390,200,1978,45.0
390,200,1980,100.0
390,200,1981,122.0
390,200,1982,42.0
390,200,1983,26.0
390,200,1984,26.0
390,200,1985,78.0
390,200,1986,78.0
390,200,1987,10.0
390,200,1988,10.0
390,200,1989,150.0
390,200,1990,72.0
390,200,1991,72.0
390,200,1992,72.0
390,200,1993,72.0
390,200,2005,175.0
390,200,2006,175.0
390,200,2009,175.0
390,200,2010,175.0
390,210,1968,2.88
390,210,1969,2.88
390,210,1993,7.84
390,210,1994,3.2
390,210,1995,11.04
390,210,2007,25.0
390,210,2012,135.0
390,210,2014,135.0
390,220,1962,39.75
390,220,1963,35.0
390,220,1964,35.0
390,220,1965,35.0
390,220,1967,2.85
390,220,1990,15.6
390,220,1991,27.6
390,220,1992,12.0
390,220,1993,12.0
390,220,1994,12.0
390,220,1995,85.68
390,220,1997,38.08
390,220,1998,38.08
390,220,2001,12.4
390,220,2002,12.4
390,220,2003,10.0
390,220,2023,12.0
390,220,2024,12.0
390,220,2025,12.0
390,225,1964,210.0
390,225,1965,210.0
390,225,1995,1.3
390,225,1996,3.38
390,225,1997,3.38
390,225,1999,7.7
390,225,2000,7.7
390,225,2005,7.7
390,225,2006,35.849999999999994
390,225,2007,44.55
390,225,2008,44.55
390,225,2009,8.7
390,225,2018,141.87
390,225,2019,141.87
390,225,2020,132.87
390,225,2021,147.12
390,225,2022,147.12
390,225,2023,132.87
390,255,1962,14.4
390,255,1963,14.4
390,255,1964,10.0
390,255,1965,10.0
390,255,1970,80.0
390,255,1976,735.0
390,255,1977,735.0
390,255,1978,735.0
390,255,1980,4.5
390,255,1981,4.5
390,255,1982,4.5
390,255,1989,33.6
390,255,1990,143.6
390,255,1991,143.6
390,255,1992,103.6
390,255,1993,103.6
390,255,1994,103.6
390,255,1995,103.6
390,255,1996,103.6
390,255,1997,0.8
390,255,1998,30.0
390,255,1999,30.0
390,255,2001,30.0
390,255,2002,134.64
390,255,2003,159.14
390,255,2004,190.14
390,255,2005,165.64
390,255,2012,70.5
390,255,2014,70.5
390,255,2020,83.2
390,255,2021,83.2
390,255,2022,83.2
390,255,2023,88.98
390,255,2024,6.78
390,325,1955,180.0
390,325,1956,180.0
390,325,1957,180.0
390,325,1958,0.72
390,325,1976,25.0
390,325,1977,25.0
390,325,1978,25.0
390,325,1980,21.0
390,325,1981,21.0
390,325,1982,21.0
390,325,1991,10.0
390,325,1992,10.0
390,325,1998,12.0
390,375,2001,1.32
390,375,2002,1.32
390,375,2025,0.7
390,380,1970,457.7
390,380,1971,457.7
390,380,1972,457.7
390,380,1976,106.23
390,380,1977,106.23
390,380,1978,48.8
390,380,1985,7.5
390,380,1986,7.5
390,380,1987,7.5
390,380,1989,72.0
390,380,1990,72.0
390,380,1991,72.0
390,380,1992,72.0
390,380,1993,72.0
390,380,1994,72.0
390,380,1995,72.0
390,380,1996,72.0
390,380,1999,32.0
390,380,2000,32.0
390,380,2001,76.0
390,380,2004,5.0
390,380,2005,5.0
390,380,2007,72.0
390,380,2008,162.0
390,380,2009,162.0
390,380,2010,90.0
390,380,2012,7.5
390,380,2014,7.5
390,380,2018,24.72
390,380,2019,24.72
390,380,2020,24.72
390,380,2021,24.72
390,380,2022,24.72
390,380,2023,24.72
390,380,2025,0.1
390,385,1951,30.0
390,385,1963,150.0
390,385,1964,150.0
390,385,1965,150.0
390,385,1966,150.0
390,385,1967,150.0
390,385,1968,150.0
390,385,1969,150.0
390,385,1989,99.0
390,385,1990,99.0
390,385,1991,99.0
390,385,1996,4.25
390,666,2010,5.0
390,666,2013,12.0
390,666,2014,12.0
390,666,2018,3.75
390,666,2019,8.75
390,666,2020,3.75
390,666,2021,3.75
390,666,2022,12.0
390,666,2023,69.83
390,666,2024,78.83
390,666,2025,76.23
395,255,1968,3.0
395,255,1975,3.0
395,385,2011,50.0
395,390,1960,20.0
395,390,1968,23.5
395,390,1975,23.5
402,140,1998,2.65
402,210,2012,10.0
402,230,2009,1.52
402,235,2019,3.04
402,255,1992,7.0
402,255,1998,6.0
402,365,1976,1.5
402,365,1979,18.0
402,365,1982,25.5
402,553,2000,0.88
404,220,1978,0.35
404,220,1984,0.28
404,235,1974,9.86
404,255,1991,6.0
404,265,1974,11.2
404,365,1975,21.599999999999998
404,365,1976,20.0
404,365,1978,13.92
404,365,1979,24.27
404,365,1980,1.98
404,365,1981,0.5
404,365,1984,10.0
404,365,1986,35.0
404,365,1988,40.0
404,365,1990,40.0
404,540,1980,0.05
404,710,1984,1.04
404,710,1990,1.5
404,750,1993,4.72
411,2,2007,0.8
411,2,2009,0.5
411,2,2014,10.0
411,230,1982,4.56
411,316,2007,7.2
411,365,1978,4.8
411,365,1980,1.12
411,365,2006,7.25
411,365,2018,7.25
411,369,2001,6.8
411,369,2004,7.2
411,369,2007,28.8
411,369,2008,29.5
411,369,2009,40.5
411,369,2011,11.2
411,369,2012,60.0
411,369,2014,80.0
411,390,1999,3.0
411,560,2013,3.75
411,560,2014,3.75
411,666,2005,10.5
411,666,2011,45.0
411,710,2009,35.9
411,710,2018,12.7
411,710,2021,0.25
411,710,2024,12.0
420,200,1981,2.5
420,225,1981,0.6
420,372,2004,4.6
420,640,2022,1.4
420,640,2023,1.14
420,640,2025,1.14
420,710,1989,11.88
420,713,2009,16.0
432,2,1969,2.0
432,2,1985,0.18
432,2,1994,0.42
432,2,1997,12.75
432,2,1998,12.75
432,20,2016,1.5
432,20,2018,2.0
432,20,2022,1.5
432,140,2018,18.0
432,200,1988,0.6
432,220,1961,2.3
432,220,1966,1.44
432,220,1988,1.3
432,220,2013,0.22
432,220,2016,6.6
432,220,2017,5.8
432,220,2020,2.08
432,230,2016,12.5
432,230,2022,13.620000000000001
432,315,1963,3.8
432,316,2005,12.84
432,317,2016,4.32
432,355,2007,9.24
432,355,2008,8.25
432,355,2009,14.85
432,355,2012,6.6
432,355,2013,7.2
432,359,2003,3.4
432,365,1961,0.72
432,365,1962,9.96
432,365,1963,0.36
432,365,1967,12.44
432,365,1971,15.0
432,365,1975,10.72
432,365,1976,88.5
432,365,1981,73.17999999999999
432,365,1982,3.88
432,365,1983,14.5
432,365,1984,13.120000000000001
432,365,2017,46.0
432,365,2019,46.0
432,365,2020,46.0
432,365,2021,29.0
432,365,2022,41.4
432,365,2023,18.4
432,365,2024,0.8
432,365,2025,28.0
432,369,2012,1.97
432,475,2000,0.24
432,560,2002,0.9
432,560,2014,0.54
432,560,2017,3.24
432,560,2018,3.24
432,560,2019,8.629999999999999
432,560,2020,4.08
432,560,2021,8.4
432,560,2022,8.4
432,560,2023,8.4
432,620,2011,0.19
432,640,2022,31.2
432,640,2023,31.2
432,640,2024,40.599999999999994
432,640,2025,31.2
432,651,1990,1.25
432,694,2018,2.88
432,696,2018,1.4
432,696,2020,34.2
432,710,1981,18.0
432,710,2000,6.5
432,710,2017,5.39
432,710,2021,7.7
432,710,2023,19.7
432,710,2025,31.56
433,2,1963,0.14
433,2,2011,2.28
433,2,2017,1.0
433,2,2021,1.0
433,20,1979,11.4
433,20,1982,7.0
433,20,2020,1.4
433,20,2022,3.0
433,20,2023,3.0
433,210,1977,51.0
433,210,1978,51.0
433,210,1979,51.0
433,212,2007,0.24
433,220,1960,0.61
433,220,1961,8.4
433,220,1964,6.1
433,220,1965,0.15
433,220,1966,2.4
433,220,1968,4.0
433,220,1969,37.8
433,220,1971,15.35
433,220,1973,0.8
433,220,1974,16.6
433,220,1976,26.6
433,220,1977,29.72
433,220,1978,2.56
433,220,1979,0.4
433,220,1983,32.8
433,220,1984,3.63
433,220,1986,14.0
433,220,1994,1.08
433,220,1995,5.9799999999999995
433,220,2006,0.76
433,220,2011,8.64
433,220,2015,10.73
433,220,2016,20.0
433,220,2017,3.0
433,220,2018,5.76
433,220,2019,26.24
433,220,2021,2.74
433,220,2023,184.05
433,220,2024,184.05
433,230,2008,1.05
433,230,2009,1.52
433,230,2011,1.56
433,230,2022,25.0
433,230,2023,25.0
433,255,2023,7.2
433,255,2024,7.2
433,317,2017,10.2
433,325,1983,5.0
433,325,2023,18.25
433,325,2024,18.25
433,355,2014,2.0
433,355,2015,2.4
433,355,2022,1.2
433,365,2005,14.5
433,365,2007,11.88
433,365,2015,7.25
433,369,2017,2.6799999999999997
433,390,1987,18.0
433,390,2023,18.0
433,390,2024,18.0
433,560,2005,0.72
433,560,2006,13.88
433,560,2008,9.040000000000001
433,560,2009,4.16
433,560,2010,8.32
433,560,2014,8.8
433,560,2016,8.8
433,560,2019,4.64
433,560,2020,4.64
433,560,2022,6.3
433,640,2018,8.75
433,640,2022,6.0
433,666,2014,0.6
433,666,2015,6.91
433,666,2016,6.0
433,666,2017,6.0
433,666,2019,15.75
433,666,2020,22.85
433,710,2016,36.5
433,710,2017,36.5
433,710,2023,8.72
433,710,2024,3.22
433,732,2020,7.6
433,850,2011,4.0
433,850,2017,9.0
433,850,2021,17.0
434,2,1970,0.35
434,2,2024,0.36
434,2,2025,1.14
434,211,2002,6.8
434,211,2007,3.7199999999999998
434,211,2009,1.92
434,220,1961,2.0
434,220,1962,0.7
434,220,1964,1.5999999999999999
434,220,1966,0.72
434,220,1971,1.0
434,220,1982,3.0
434,220,1983,1.3
434,220,1984,1.3
434,220,1985,1.3
434,220,1987,1.3499999999999999
434,220,1988,1.2
434,220,1989,1.2
434,220,2011,0.44
434,220,2012,19.5
434,220,2013,0.44
434,220,2016,0.96
434,220,2023,3.6
434,220,2024,3.6
434,220,2025,0.4
434,230,2023,1.04
434,255,1985,2.0
434,365,1978,17.0
434,365,1979,5.6
434,365,1982,7.2
434,365,1983,2.1
434,370,2025,1.44
434,437,1971,1.0
434,481,1973,1.0
434,560,2013,2.5
434,560,2024,4.2
434,663,2023,8.7
434,696,2025,0.72
434,710,2010,0.26
434,710,2022,3.34
434,710,2024,0.42
434,850,1978,8.5
435,2,1981,15.0
435,2,1998,4.25
435,2,2014,2.0
435,20,1977,26.44
435,20,1978,26.44
435,20,2012,1.0
435,140,2012,9.0
435,200,1975,5.0
435,200,1976,5.4
435,200,1978,5.4
435,200,1989,8.0
435,200,1990,11.6
435,200,2016,0.32
435,220,1960,2.1399999999999997
435,220,1961,1.75
435,220,1962,4.61
435,220,1963,8.81
435,220,1964,4.0
435,220,1965,4.0
435,220,1970,21.0
435,220,1971,1.0
435,220,1976,21.7
435,220,1977,21.0
435,220,1978,1.92
435,220,1979,6.3
435,220,1982,7.2
435,220,1989,0.4
435,220,1994,15.5
435,220,2010,12.0
435,220,2011,3.6
435,220,2019,1.12
435,220,2021,5.76
435,225,2012,0.8
435,230,1977,5.6
435,230,1979,18.0
435,230,1982,9.0
435,230,2000,8.0
435,230,2011,3.4
435,255,1990,4.8
435,255,2000,22.0
435,290,2002,9.6
435,325,1973,0.24
435,325,2000,1.2
435,325,2014,5.5
435,365,1971,12.0
435,365,1981,0.72
435,365,1991,17.5
435,436,1973,0.28
435,640,2015,2.7
435,640,2016,2.7
435,640,2018,2.7
435,696,2019,8.0
435,696,2024,2.7
435,710,1995,5.0
435,710,1996,5.0
435,710,1997,8.0
435,710,2002,17.0
435,710,2003,6.5
435,710,2010,7.2
435,710,2016,34.0
435,710,2019,25.0
435,710,2023,2.4
435,710,2024,123.5
436,2,1969,0.35
436,2,1979,56.0
436,2,2013,2.0
436,2,2015,9.26
436,2,2016,0.4
436,2,2019,10.2
436,2,2020,10.2
436,2,2021,32.599999999999994
436,2,2022,22.4
436,20,2023,1.0
436,220,1960,1.0899999999999999
436,220,1961,1.0
436,220,1964,0.61
436,220,1965,1.32
436,220,1969,2.0
436,220,1971,0.7
436,220,1974,2.5
436,220,1980,7.52
436,220,1982,5.5
436,220,1983,25.2
436,220,1986,0.84
436,220,1991,14.0
436,220,2013,1.02
436,220,2015,0.48
436,220,2019,2.08
436,220,2022,0.92
436,255,1970,0.5
436,255,1971,11.2
436,255,1978,2.7
436,255,1979,2.7
436,255,1984,3.0
436,255,1986,2.2
436,305,2008,1.0
436,325,2022,8.0
436,325,2023,8.0
436,365,2008,7.2
436,365,2020,14.5
436,369,2013,9.2
436,560,2014,3.36
436,560,2018,1.05
436,560,2022,2.8
436,620,1997,3.4
436,640,2022,14.4
436,640,2023,10.0
436,640,2024,3.5
436,640,2025,4.2
436,651,2023,3.96
436,696,2021,1.98
436,710,2009,1.09
436,710,2017,3.0
437,2,1979,5.24
437,2,1992,0.28
437,2,2022,1.72
437,2,2025,0.36
437,20,2019,1.5
437,200,2003,2.0
437,200,2016,0.32
437,210,1971,17.0
437,210,1979,8.5
437,220,1961,2.8
437,220,1962,1.3
437,220,1963,1.14
437,220,1966,1.8
437,220,1967,3.46
437,220,1968,26.0
437,220,1969,1.9
437,220,1970,7.05
437,220,1971,0.24
437,220,1972,0.72
437,220,1974,18.0
437,220,1977,21.6
437,220,1978,14.9
437,220,1979,24.0
437,220,1980,75.0
437,220,1981,55.6
437,220,1984,9.0
437,220,1989,1.6
437,220,1999,2.0
437,220,2014,16.3
437,220,2015,15.0
437,220,2016,15.0
437,220,2018,1.44
437,220,2022,7.6
437,230,2019,12.5
437,355,2000,0.16
437,355,2002,4.8
437,355,2003,19.9
437,355,2017,9.9
437,355,2018,6.8
437,355,2020,6.8
437,355,2021,6.8
437,360,2003,24.0
437,365,2018,0.12
437,369,2003,0.36
437,370,2002,21.68
437,370,2003,28.54
437,370,2004,18.4
437,370,2018,1.99
437,540,2002,1.72
437,560,1995,1.5
437,560,1997,0.36
437,560,2021,15.8
437,560,2023,15.8
437,560,2025,4.2
437,640,2021,21.0
437,640,2022,21.0
437,640,2023,21.0
437,640,2024,21.0
437,666,2004,0.2
437,666,2023,26.4
437,696,2022,0.6
437,710,2017,4.0
437,710,2022,5.6
437,710,2023,16.95
437,820,2019,1.3
438,2,1964,0.24
438,220,1963,0.24
438,220,1979,6.85
438,220,1990,0.9
438,220,1991,1.3
438,220,2017,2.4
438,315,1959,17.1
438,315,1960,0.96
438,344,2000,10.0
438,359,2000,2.4
438,360,1974,0.95
438,360,1979,6.0
438,360,2000,3.12
438,365,1959,0.78
438,365,1960,32.4
438,365,1961,2.0
438,365,1965,28.049999999999997
438,365,1967,21.599999999999998
438,365,1969,0.48
438,365,1970,0.77
438,365,1971,3.81
438,365,1972,19.2
438,365,1974,3.52
438,365,1977,8.4
438,365,1978,90.0
438,365,1979,100.0
438,365,1981,0.5
438,365,1982,1.0
438,365,1983,0.8
438,365,1986,38.52
438,365,1989,40.0
438,365,2011,0.6
438,369,1998,3.6399999999999997
438,369,2000,10.2
438,369,2001,5.8
438,560,2003,1.5
438,560,2014,5.12
438,560,2018,5.12
438,560,2019,5.12
438,560,2023,0.7
438,666,2001,0.57
438,696,2024,12.799999999999999
438,696,2025,12.799999999999999
438,710,1973,54.0
438,710,1974,54.0
438,710,1976,54.0
438,710,2010,0.7
438,710,2021,0.7
439,2,1968,0.35
439,2,1969,0.35
439,2,2006,2.85
439,2,2022,1.2
439,20,2011,1.5
439,20,2021,1.5
439,140,2011,13.5
439,200,1971,1.44
439,200,1977,8.5
439,200,1981,8.5
439,220,1961,1.0
439,220,1964,1.0
439,220,1965,0.3
439,220,1966,0.15
439,220,1969,1.0
439,220,1970,0.5
439,220,1975,13.84
439,220,1976,7.5
439,220,1977,0.1
439,220,1980,0.08
439,220,1982,2.08
439,220,1983,8.58
439,220,1991,2.6
439,220,2012,1.6
439,220,2019,0.96
439,220,2020,0.96
439,230,2020,2.6
439,230,2021,12.5
439,290,2010,0.12
439,305,2016,0.5
439,325,1986,0.96
439,325,2016,6.0
439,339,2011,1.2
439,355,2018,9.9
439,355,2019,9.9
439,355,2021,9.9
439,360,2009,1.2
439,365,1988,12.0
439,365,1993,7.25
439,365,2005,11.88
439,365,2012,1.6
439,365,2018,14.5
439,369,1999,0.24
439,560,2006,1.12
439,560,2009,1.8
439,560,2015,4.96
439,560,2018,0.48
439,560,2022,1.76
439,620,1983,9.0
439,620,1984,9.0
439,640,2018,6.0
439,640,2021,8.4
439,640,2022,23.25
439,640,2023,19.2
439,640,2024,4.0
439,651,2024,2.29
439,694,2019,2.88
439,696,2023,3.9699999999999998
439,710,1985,0.2
439,710,2024,31.6
439,710,2025,37.8
439,713,2017,2.1
439,840,1986,0.58
439,840,2007,4.0
450,2,1959,0.66
450,2,1964,2.0
450,2,1967,18.0
450,2,1971,1.0
450,2,1972,1.44
450,2,1976,2.39
450,2,1978,1.05
450,2,1986,2.0
450,2,2023,12.5
450,225,1969,0.96
450,225,1984,1.08
450,255,2023,1.5
450,360,1986,0.64
450,360,1987,8.76
450,551,1990,1.5
450,666,2025,0.24
450,696,1990,1.5
450,696,2019,1.12
450,732,1989,12.0
451,2,1973,0.6000000000000001
451,200,1983,1.12
451,220,1984,2.6
451,225,1978,1.6
451,255,1976,1.2
451,317,1994,1.2
451,365,1992,1.44
451,369,1994,5.8
451,369,1995,1.71
451,369,1999,12.6
451,370,1995,6.8
451,370,1997,6.8
451,380,1973,0.48
451,560,1995,5.8
451,560,2012,0.75
451,560,2013,0.75
451,710,1973,27.0
451,710,1987,18.0
451,710,1997,9.0
451,710,2006,9.0
451,710,2011,2.1
451,710,2015,3.0
451,710,2016,3.0
451,740,1980,42.0
452,2,1963,1.0
452,2,1967,1.44
452,2,1972,7.4
452,2,1987,1.52
452,2,2001,8.0
452,2,2007,2.4
452,2,2023,3.36
452,2,2025,0.42
452,20,1961,44.92
452,20,2011,3.0
452,20,2012,3.0
452,20,2014,15.0
452,20,2016,1.5
452,200,1960,12.19
452,200,1961,15.98
452,200,1962,20.0
452,200,1963,3.0
452,200,1964,74.6
452,200,1965,75.32
452,200,1966,9.55
452,200,1972,0.8
452,200,1973,7.92
452,200,1974,15.0
452,200,1975,3.12
452,200,1978,2.4
452,200,1985,5.0
452,200,1987,1.6
452,200,1990,2.4
452,200,1991,2.4
452,200,1994,1.6
452,200,2000,3.6
452,200,2001,3.6
452,200,2002,3.6
452,200,2022,4.48
452,210,1975,17.0
452,210,1976,42.5
452,220,1974,3.8
452,220,1981,5.0
452,220,2014,0.5
452,225,1976,4.8
452,225,1979,14.799999999999999
452,225,1980,13.2
452,225,1999,0.9
452,230,2011,25.0
452,230,2012,25.0
452,230,2016,12.5
452,255,1975,18.0
452,255,1980,30.0
452,255,1981,38.0
452,255,2012,23.76
452,305,2011,1.0
452,305,2012,1.5
452,316,1999,6.6
452,325,1966,14.7
452,325,1972,4.2
452,325,1978,15.6
452,325,1981,5.0
452,325,1987,20.4
452,325,1994,20.4
452,325,1996,11.58
452,325,1997,10.0
452,365,1961,46.0
452,365,1963,1.88
452,365,2004,29.0
452,365,2013,29.0
452,373,2023,2.16
452,475,1989,4.8
452,475,1990,4.8
452,560,1996,0.76
452,560,2003,12.48
452,560,2004,12.48
452,560,2005,0.32
452,560,2013,2.0
452,560,2014,2.0
452,560,2015,2.0
452,560,2025,4.9
452,640,2018,2.55
452,640,2019,2.55
452,640,2020,12.0
452,663,2024,3.36
452,666,1959,0.02
452,666,1973,7.0
452,710,2001,2.1
452,710,2004,1.8
452,710,2007,14.0
452,710,2009,6.24
452,710,2010,2.2
452,710,2011,56.0
452,710,2013,22.48
452,710,2015,13.0
452,710,2016,8.0
452,710,2023,2.4
452,732,2011,4.8
452,740,2024,8.0
452,750,1959,1.2
452,830,2022,36.0
461,2,1986,1.4
461,2,1994,5.7
461,2,1995,5.7
461,2,2020,20.0
461,2,2021,20.0
461,2,2022,20.0
461,2,2023,20.0
461,20,1976,26.44
461,140,1976,7.05
461,140,1978,7.05
461,200,1976,2.4
461,200,1977,2.4
461,200,1986,12.0
461,200,1992,8.0
461,220,1960,0.88
461,220,1964,0.3
461,220,1965,0.3
461,220,1968,1.0
461,220,1969,0.7
461,220,1970,1.42
461,220,1971,1.0
461,220,1973,4.2
461,220,1975,12.8
461,220,1976,14.100000000000001
461,220,1978,1.55
461,220,1979,9.0
461,220,1980,45.0
461,220,1981,45.75
461,220,1986,2.5
461,220,1987,0.24
461,220,1988,0.3
461,220,1991,9.0
461,220,2010,0.72
461,220,2014,14.8
461,220,2019,2.24
461,220,2020,2.24
461,255,1970,0.1
461,255,1975,4.5
461,290,1997,7.2
461,355,1997,2.4
461,365,2022,49.0
461,369,2019,4.8
461,560,2022,1.98
461,560,2023,1.98
461,560,2024,1.98
461,560,2025,4.2
461,620,1982,0.88
461,620,1983,2.25
461,640,2022,4.8
461,651,1982,2.66
461,696,2025,0.4
471,2,1963,0.6
471,2,1971,0.7
471,2,1977,56.0
471,2,1982,28.0
471,2,1983,7.8
471,2,1984,18.6
471,2,1989,2.5
471,2,1990,2.85
471,2,2010,10.0
471,2,2013,1.0
471,2,2015,3.8
471,2,2018,2.0
471,2,2019,4.0
471,2,2023,0.5
471,20,1971,7.5
471,20,1981,26.44
471,20,1982,26.44
471,20,1985,13.22
471,20,2013,3.0
471,200,1963,0.38
471,200,1977,17.0
471,200,1982,6.0
471,200,1984,5.0
471,220,1961,0.46
471,220,1963,0.76
471,220,1964,0.48
471,220,1965,4.96
471,220,1966,4.5600000000000005
471,220,1967,7.49
471,220,1968,6.88
471,220,1972,0.95
471,220,1973,14.8
471,220,1976,11.0
471,220,1979,1.32
471,220,1981,3.4
471,220,1982,4.8
471,220,1983,1.32
471,220,1984,102.5
471,220,1986,9.6
471,220,1987,4.8
471,220,1988,1.52
471,220,1989,4.62
471,220,1990,5.94
471,220,2005,4.8
471,220,2015,3.68
471,220,2016,3.68
471,220,2017,7.92
471,220,2021,5.28
471,220,2022,5.28
471,225,1982,45.0
471,230,2013,9.0
471,230,2014,9.2
471,255,1968,0.6
471,255,1982,4.5
471,317,2016,6.8
471,345,2016,4.0
471,346,2002,8.68
471,360,1992,3.12
471,360,1996,4.8
471,365,2013,21.75
471,365,2014,36.25
471,365,2016,11.22
471,560,1997,2.2
471,560,1998,4.8
471,560,2002,1.2
471,560,2015,1.44
471,560,2020,2.5
471,560,2021,2.5
471,560,2023,1.8
471,651,1983,2.6
471,666,1985,2.75
471,666,1986,1.32
471,666,1997,12.0
471,666,1998,12.0
471,666,1999,12.0
471,666,2001,6.0
471,666,2006,2.8
471,666,2008,0.6
471,666,2014,0.7
471,666,2015,2.24
471,696,2018,0.56
471,696,2020,0.56
471,710,1976,18.0
471,710,2012,23.4
471,710,2013,128.1
471,710,2014,85.1
475,2,1971,3.6799999999999997
475,2,1973,2.25
475,2,1974,0.75
475,2,1975,168.0
475,2,1976,168.0
475,2,1978,28.0
475,2,1980,28.0
475,2,1981,28.0
475,2,1982,28.0
475,2,1983,8.17
475,2,1984,16.17
475,2,1985,109.84
475,2,1986,5.17
475,2,1987,2.0
475,2,1988,2.0
475,2,1989,7.8
475,2,1990,7.8
475,2,1991,7.8
475,2,1992,7.04
475,2,1993,14.84
475,2,1994,14.84
475,2,1995,7.8
475,2,1996,7.8
475,2,1997,7.8
475,2,2002,16.0
475,2,2003,16.0
475,2,2011,54.0
475,2,2014,62.55
475,2,2015,14.4
475,2,2016,17.28
475,2,2018,14.4
475,2,2021,4.0
475,2,2023,14.55
475,2,2024,14.55
475,2,2025,8.55
475,20,1986,5.0
475,20,2009,2.0
475,20,2010,2.0
475,20,2015,2.8
475,20,2021,6.0
475,140,1994,54.0
475,140,2021,54.0
475,200,1959,5.32
475,200,1961,4.8
475,200,1962,10.3
475,200,1963,4.8
475,200,1964,1.5
475,200,1965,1.49
475,200,1966,18.16
475,200,1967,17.68
475,200,1968,19.28
475,200,1969,4.48
475,200,1972,59.0
475,200,1973,4.8
475,200,1974,12.0
475,200,1977,150.45
475,200,1978,152.62
475,200,1979,138.45
475,200,1980,69.8
475,200,1981,15.0
475,200,1982,34.2
475,200,1983,22.990000000000002
475,200,1984,321.83
475,200,1985,405.36
475,200,1986,73.03
475,200,1992,104.96
475,200,1993,104.96
475,200,1994,104.96
475,210,1965,7.2
475,210,1966,60.0
475,210,1972,54.0
475,210,1980,30.0
475,210,1981,18.0
475,210,1982,10.5
475,210,1986,17.0
475,210,2021,24.0
475,210,2022,17.5
475,211,1969,5.14
475,220,1965,2.5
475,220,1968,9.1
475,220,1976,90.0
475,220,1977,90.0
475,220,1978,90.0
475,220,1980,70.68
475,220,1981,55.08
475,220,1982,234.4
475,220,1984,196.0
475,220,1985,210.4
475,220,1986,14.6
475,220,1987,8.0
475,220,1988,8.0
475,220,1989,29.0
475,220,1990,37.64
475,220,1994,8.64
475,220,2012,10.8
475,220,2013,7.52
475,220,2017,7.2
475,220,2018,20.8
475,220,2020,17.2
475,220,2021,13.6
475,220,2023,13.0
475,220,2025,17.76
475,225,1980,21.0
475,225,1981,21.0
475,255,1963,7.619999999999999
475,255,1974,24.3
475,255,1975,18.0
475,255,1976,18.0
475,255,1977,18.0
475,255,1978,42.0
475,255,1979,75.32
475,255,1980,201.0
475,255,1981,277.8
475,255,1982,348.8
475,255,1984,22.6
475,255,1985,106.6
475,255,1986,104.8
475,255,1988,6.6
475,255,1996,13.2
475,255,2014,6.0
475,255,2016,6.0
475,290,1967,7.2
475,290,2003,16.75
475,305,1967,0.96
475,305,1981,7.5
475,305,1982,21.0
475,305,1983,21.0
475,305,1984,22.5
475,305,1985,22.5
475,305,1986,22.5
475,305,2017,0.75
475,305,2023,2.4
475,315,1967,26.0
475,315,1969,26.0
475,315,1971,26.0
475,315,1986,96.0
475,315,1987,96.0
475,316,2014,7.2
475,316,2015,30.520000000000003
475,325,1965,90.0
475,325,1966,90.0
475,325,1980,67.5
475,325,1981,62.5
475,325,1982,72.75
475,325,1983,36.3
475,325,1984,129.7
475,325,1985,167.2
475,325,1986,30.0
475,325,1987,110.0
475,325,1988,110.0
475,325,1992,15.6
475,325,1993,15.6
475,325,1994,15.6
475,325,2001,18.7
475,325,2003,8.1
475,325,2004,11.0
475,325,2006,18.0
475,325,2007,23.1
475,325,2009,52.0
475,325,2010,50.5
475,325,2011,16.5
475,325,2012,16.5
475,325,2019,11.0
475,325,2020,11.0
475,325,2021,6.0
475,325,2023,11.0
475,325,2024,15.95
475,345,1980,22.5
475,345,1981,22.5
475,345,2015,25.0
475,345,2016,25.0
475,355,2015,2.6
475,355,2023,18.75
475,360,1991,6.6
475,360,1992,7.64
475,365,1966,45.9
475,365,1967,22.8
475,365,1968,2.88
475,365,1969,11.52
475,365,1975,342.2
475,365,1976,10.5
475,365,1977,16.5
475,365,1978,6.0
475,365,1980,210.0
475,365,1981,62.5
475,365,1986,14.4
475,365,1987,14.4
475,365,2000,35.64
475,365,2001,2.5
475,365,2002,2.5
475,365,2003,29.0
475,365,2014,103.5
475,365,2015,112.5
475,365,2017,59.9
475,365,2018,59.9
475,365,2019,59.9
475,365,2020,14.5
475,365,2021,6.6
475,369,2006,40.0
475,369,2007,42.45
475,369,2008,10.6
475,369,2013,1.4
475,369,2014,46.64
475,369,2015,26.44
475,370,2010,7.2
475,380,1980,7.0
475,380,1983,48.0
475,380,1984,48.0
475,380,1985,48.0
475,385,2013,13.2
475,560,2010,11.2
475,560,2011,11.2
475,560,2012,11.2
475,560,2013,11.2
475,560,2014,11.2
475,560,2015,14.649999999999999
475,560,2018,1.05
475,560,2019,1.05
475,560,2024,2.1
475,615,1968,5.76
475,625,1967,0.96
475,640,2007,30.6
475,640,2008,30.6
475,640,2021,3.0
475,640,2023,63.0
475,640,2024,64.7
475,651,1968,54.92
475,651,1969,43.4
475,651,1970,43.4
475,666,2007,0.9
475,666,2009,5.25
475,666,2012,15.75
475,666,2013,15.75
475,670,2023,2.7
475,696,2014,6.6
475,696,2017,9.1
475,696,2020,4.53
475,710,2010,189.7
475,710,2014,123.5
475,710,2015,46.0
475,710,2016,74.0
475,710,2020,86.2
475,710,2021,93.1
475,710,2022,61.1
475,710,2023,32.5
475,710,2024,16.8
475,732,2020,0.7
475,732,2024,4.8
475,770,2016,2.4
475,770,2017,2.4
475,770,2018,2.4
475,770,2021,71.9
475,820,2024,20.0
475,830,2009,29.4
481,2,1969,3.4
481,2,1975,33.5
481,2,1976,28.0
481,2,1977,28.0
481,2,1978,1.8
481,2,1981,30.5
481,2,1982,5.4
481,2,1990,1.0
481,20,2023,1.5
481,140,1980,7.95
481,140,1981,5.5
481,140,1983,10.08
481,140,1984,4.9799999999999995
481,220,1961,2.94
481,220,1964,3.0
481,220,1965,0.15
481,220,1966,1.9
481,220,1968,4.2
481,220,1969,0.7
481,220,1970,0.95
481,220,1971,10.5
481,220,1973,4.5
481,220,1974,11.5
481,220,1975,1.9
481,220,1976,15.68
481,220,1978,71.71
481,220,1980,24.6
481,220,1983,1.12
481,220,1984,88.8
481,220,1985,2.6
481,220,1986,14.73
481,220,1987,16.57
481,220,1988,38.0
481,220,1990,38.0
481,220,2011,1.4
481,220,2012,1.4
481,220,2015,6.96
481,220,2016,6.96
481,220,2019,1.4
481,220,2023,1.85
481,230,1984,4.8
481,230,1990,9.0
481,230,2023,12.5
481,255,2011,4.5
481,255,2015,0.36
481,255,2016,0.36
481,305,1978,2.4
481,305,2004,0.3
481,365,2024,1.05
481,380,1984,1.2
481,380,1988,2.5
481,433,1976,3.0
481,560,2006,55.44
481,560,2007,55.44
481,560,2010,63.839999999999996
481,560,2013,2.2
481,710,2004,6.7
481,710,2006,1.05
481,710,2019,24.7
481,710,2021,2.4
481,710,2024,5.2
481,740,1971,14.6
482,2,2006,9.2
482,200,1973,0.48
482,200,1992,0.6
482,220,1961,2.26
482,220,1965,0.76
482,220,1966,2.0
482,220,1968,2.5
482,220,1978,0.48
482,220,1983,5.5
482,220,1984,1.3
482,220,1988,1.5
482,317,2008,0.38
482,325,1971,2.4
482,365,1985,6.0
482,365,2020,1.2
482,365,2022,10.8
482,365,2023,10.8
482,369,2011,6.8
482,370,2021,34.0
482,620,1981,1.06
482,620,1982,2.61
482,651,1980,0.24
482,696,2021,1.6
482,710,2018,1.68
482,710,2021,0.56
483,2,1983,10.399999999999999
483,2,1984,9.2
483,2,1986,13.9
483,2,1987,2.9
483,2,1988,9.7
483,2,1989,56.0
483,2,2006,0.64
483,2,2014,6.0
483,2,2016,6.6
483,2,2017,8.6
483,2,2020,3.08
483,20,2006,0.35
483,20,2023,1.5
483,210,1995,0.76
483,211,2007,37.88
483,211,2008,37.88
483,211,2010,37.88
483,220,1960,1.16
483,220,1961,1.0
483,220,1965,0.3
483,220,1971,3.55
483,220,1973,10.0
483,220,1974,27.0
483,220,1975,20.64
483,220,1976,16.44
483,220,1977,6.44
483,220,1980,9.6
483,220,1983,13.88
483,220,1985,1.28
483,220,1986,29.439999999999998
483,220,1987,39.55
483,220,2008,3.0
483,220,2012,3.52
483,220,2013,1.4
483,220,2019,1.12
483,220,2020,1.12
483,220,2021,3.8499999999999996
483,225,1976,1.6
483,225,2006,1.9
483,230,1983,3.8
483,325,2014,32.0
483,355,2008,4.0
483,355,2009,4.0
483,365,1998,6.6
483,365,1999,7.25
483,365,2006,14.5
483,365,2010,7.25
483,369,2001,15.959999999999999
483,369,2007,6.8
483,369,2008,75.2
483,369,2009,64.55
483,369,2010,52.55
483,369,2011,1.4
483,369,2013,18.4
483,369,2014,19.759999999999998
483,475,2021,7.0
483,475,2022,7.0
483,620,1994,3.4
483,620,2008,3.4
483,640,2018,14.0
483,640,2021,14.0
483,640,2022,12.6
483,640,2023,33.6
483,640,2024,16.6
483,666,2006,0.72
483,666,2008,3.72
483,666,2015,1.32
483,696,2021,8.4
483,696,2023,4.67
483,696,2024,1.43
483,710,2007,4.9
483,710,2008,2.2
483,710,2010,15.6
483,710,2013,39.0
483,710,2021,25.0
483,710,2025,4.0
483,830,2009,3.12
483,830,2010,3.12
483,900,1983,9.2
484,40,1978,30.4
484,40,1979,28.0
484,40,1980,28.0
484,94,2009,2.9
484,200,2015,2.24
484,220,1960,1.0
484,220,1961,0.5800000000000001
484,220,1963,0.3
484,220,1965,0.3
484,220,1970,1.0
484,220,1971,1.79
484,220,1974,7.4399999999999995
484,220,1978,7.5
484,220,1981,2.8
484,220,1985,2.8
484,220,1988,4.62
484,230,1983,18.0
484,315,1983,7.2
484,325,2021,2.1
484,355,1998,1.8
484,355,1999,1.2
484,365,1968,1.04
484,365,1969,22.5
484,365,1970,7.6
484,365,1971,9.6
484,365,1972,1.08
484,365,1975,1.3
484,365,1978,2.25
484,365,1979,13.8
484,365,1980,8.5
484,365,1984,25.2
484,365,1988,110.5
484,365,1989,110.5
484,365,1990,110.5
484,365,1991,18.0
484,365,2003,2.9
484,365,2013,29.6
484,365,2021,1.2
484,369,1997,14.4
484,369,2005,3.6
484,433,1967,1.0
484,540,1979,2.8
484,560,1997,2.7
484,560,2010,50.11
484,560,2012,46.86
484,560,2013,6.9
484,560,2014,2.9
484,560,2018,0.2
484,696,2014,5.04
484,705,1999,0.72
484,705,2000,0.72
484,710,1971,14.0
484,710,1978,13.5
484,710,2006,0.65
484,710,2007,0.65
484,710,2009,1.17
484,710,2024,8.5
490,2,1961,8.8
490,2,1962,5.0
490,2,1963,27.9
490,2,1964,113.4
490,2,1965,65.67
490,2,1966,63.67
490,2,1967,63.0
490,2,1968,63.0
490,2,1971,72.0
490,2,1975,89.25
490,2,1976,3.0
490,2,1977,28.0
490,2,1987,17.8
490,2,2009,28.0
490,2,2018,0.56
490,20,1966,3.0
490,20,1976,39.66
490,200,1962,2.5
490,200,1963,2.82
490,200,1969,6.8
490,200,1970,6.8
490,200,1979,3.2
490,200,1980,2.4
490,211,1960,1.7999999999999998
490,211,1961,0.24000000000000002
490,211,1962,2.34
490,211,1963,0.2
490,211,1964,0.5
490,211,2002,11.2
490,220,1965,3.5
490,220,1966,7.6
490,220,1971,88.0
490,220,1972,23.25
490,220,1973,9.6
490,220,1975,324.25
490,220,1976,1.2
490,220,1978,8.85
490,220,1981,19.0
490,220,1982,19.0
490,220,1983,19.0
490,220,1984,16.1
490,220,1996,27.0
490,255,1962,0.05
490,255,1963,0.24
490,255,1966,0.05
490,325,1964,1.2
490,325,1965,2.62
490,325,1969,39.95
490,325,1970,39.95
490,325,1971,2.88
490,325,1979,20.3
490,325,1980,15.6
490,325,1985,2.88
490,325,1986,2.88
490,345,1996,20.0
490,345,1997,4.8
490,345,2012,6.0
490,355,2013,2.4
490,355,2015,2.4
490,360,1971,6.0
490,365,2002,6.8
490,369,1996,13.799999999999999
490,369,2000,19.6
490,369,2006,17.2
490,369,2010,155.59
490,369,2012,9.2
490,369,2016,42.9
490,370,1997,1.44
490,370,2024,0.4
490,372,1999,115.0
490,372,2000,115.0
490,452,2005,19.06
490,560,2020,8.68
490,560,2023,8.15
490,560,2025,43.75
490,620,1998,10.4
490,630,1962,3.0
490,640,2024,14.0
490,651,1988,1.0
490,651,1990,4.0
490,666,1964,3.36
490,696,2023,5.4
490,710,1973,1.0
490,710,1974,1.0
490,710,1975,70.0
490,710,1976,133.6
490,710,1978,45.6
490,710,1981,6.0
490,710,1982,5.6
490,710,1987,18.0
490,710,2015,1.5
490,710,2023,36.0
490,710,2024,36.0
490,731,1974,8.4
490,731,1975,6.5
500,2,1966,0.35
500,2,1969,2.8
500,2,1971,7.86
500,2,1972,22.66
500,2,1982,14.1
500,2,2009,2.0
500,2,2015,4.9
500,2,2017,15.5
500,2,2020,4.6
500,20,1966,3.75
500,20,1970,2.5
500,200,1965,0.72
500,200,1966,1.6
500,200,1982,0.1
500,220,2017,4.96
500,225,1977,0.9
500,255,1964,0.76
500,255,2007,0.28
500,290,1999,35.0
500,305,2009,1.68
500,305,2010,1.68
500,305,2018,0.35
500,305,2022,1.0
500,315,1966,9.4
500,315,1967,14.0
500,315,1968,24.8
500,315,1969,14.0
500,316,2002,3.42
500,316,2018,1.12
500,316,2020,14.76
500,316,2021,14.76
500,325,1973,13.1
500,325,1985,30.0
500,325,1988,0.72
500,325,1989,30.0
500,345,2020,15.0
500,355,1998,14.0
500,355,2012,6.0
500,355,2015,1.0
500,355,2016,0.12
500,355,2018,4.0
500,355,2022,15.5
500,365,1968,1.0
500,365,1969,1.0
500,365,1970,1.0
500,365,1973,7.98
500,365,1974,71.33000000000001
500,365,1975,144.4
500,365,1976,29.96
500,365,1977,6.0
500,365,1987,14.4
500,365,1998,2.9
500,365,2004,17.82
500,365,2009,13.8
500,365,2011,566.8
500,365,2012,402.0
500,365,2013,40.0
500,365,2022,64.0
500,365,2023,62.0
500,365,2025,1.0
500,369,1995,30.8
500,369,1998,31.0
500,369,1999,3.6
500,369,2004,11.16
500,369,2005,11.16
500,369,2006,5.0
500,369,2010,114.4
500,369,2011,115.0
500,369,2012,114.4
500,369,2020,0.4
500,370,1998,7.2
500,370,2000,6.0
500,370,2004,10.2
500,370,2010,3.4
500,370,2018,7.2
500,370,2019,60.27
500,370,2020,55.230000000000004
500,560,1995,1.5
500,560,2002,2.7
500,560,2004,0.75
500,560,2005,1.86
500,560,2009,1.8
500,560,2010,5.74
500,560,2012,5.54
500,560,2014,8.55
500,560,2015,8.55
500,560,2016,8.55
500,560,2017,8.55
500,560,2018,8.55
500,560,2019,8.55
500,560,2020,8.55
500,560,2021,9.21
500,560,2022,8.55
500,560,2023,8.55
500,620,1975,3.6
500,620,1976,3.8
500,620,1987,7.03
500,620,2002,9.2
500,640,2020,10.5
500,666,1964,2.0
500,666,1966,1.0
500,666,1967,0.38
500,666,1968,10.0
500,666,1969,9.030000000000001
500,666,2002,18.0
500,666,2005,3.75
500,666,2009,10.05
500,666,2017,0.3
500,666,2021,2.5
500,696,2025,0.9
500,710,2008,13.5
500,710,2021,0.7
500,731,1987,10.73
501,2,1968,0.5
501,2,1970,0.19
501,2,1973,1.5
501,2,1978,147.75
501,2,1979,9.13
501,2,1980,41.53
501,2,1981,76.53
501,2,1982,30.130000000000003
501,2,1985,5.6
501,2,1990,6.0
501,2,1991,6.0
501,2,2015,1.0
501,2,2016,24.8
501,2,2017,24.8
501,2,2019,5.640000000000001
501,2,2020,16.7
501,2,2024,2.48
501,2,2025,23.04
501,20,1964,1.14
501,20,1965,15.0
501,20,1966,3.04
501,20,1972,7.5
501,20,1977,79.32
501,20,1978,79.32
501,20,1986,52.88
501,20,1987,52.88
501,20,1990,27.0
501,200,1964,4.890000000000001
501,200,1966,15.75
501,200,1968,1.2
501,200,1969,2.8
501,200,1971,15.0
501,200,1972,1.2
501,200,1974,23.810000000000002
501,200,1975,18.0
501,200,1976,2.16
501,200,1977,2.16
501,200,1978,1.5
501,200,1979,66.89
501,200,1980,168.69
501,200,1981,169.07999999999998
501,200,1982,173.07999999999998
501,200,1983,28.0
501,200,1984,24.0
501,200,1987,125.0
501,200,1990,22.8
501,200,1991,22.8
501,220,1967,2.1
501,220,1971,10.5
501,220,1974,1.92
501,220,1976,24.0
501,220,1977,25.7
501,220,1980,4.0
501,220,1987,22.0
501,220,1989,46.9
501,220,2011,7.6
501,220,2018,1.92
501,230,1994,30.0
501,230,1997,41.0
501,230,2012,35.0
501,255,1977,5.4
501,255,1978,13.2
501,255,1979,7.8
501,255,1980,9.6
501,255,1990,1.2
501,255,2013,1.44
501,255,2021,3.6
501,325,1974,2.25
501,325,1975,6.75
501,325,1976,3.6
501,325,1987,5.0
501,325,1997,5.0
501,325,2019,18.0
501,325,2020,66.0
501,341,2017,1.3
501,345,2014,29.0
501,345,2015,29.0
501,360,1978,54.0
501,360,1979,54.0
501,360,1980,54.0
501,365,2011,21.75
501,365,2012,7.25
501,369,2009,34.32
501,560,2011,10.72
501,560,2012,10.72
501,640,2024,14.4
501,663,2010,103.95
501,663,2012,103.95
501,663,2017,9.0
501,666,1982,12.0
501,666,1983,12.0
501,666,2025,93.75
501,696,2018,4.16
501,696,2022,1.08
501,710,1997,15.0
501,710,2000,15.0
501,710,2007,11.2
501,710,2010,13.0
501,710,2014,16.25
501,710,2015,16.25
501,710,2016,13.1
501,710,2018,0.8
501,732,2024,2.27
510,2,1970,0.7
510,2,1971,1.5
510,2,1972,2.7300000000000004
510,2,1973,2.45
510,2,1974,2.45
510,2,1981,1.9
510,2,1989,0.44
510,20,1965,2.28
510,20,1966,21.4
510,20,1971,12.0
510,20,1979,79.32
510,200,1977,25.5
510,200,1978,25.5
510,200,1979,29.88
510,200,1980,29.88
510,200,1989,4.76
510,200,2003,5.0
510,210,2009,3.6
510,210,2016,20.0
510,220,2018,21.2
510,220,2020,34.2
510,220,2021,34.2
510,255,1964,3.52
510,255,1965,0.61
510,265,1979,14.08
510,265,1980,14.08
510,290,2000,2.4
510,325,1973,0.48
510,325,1977,1.4
510,325,1979,10.48
510,325,2005,20.0
510,325,2006,20.0
510,365,1965,1.44
510,365,1966,1.56
510,365,1967,1.56
510,365,1972,12.5
510,365,1973,12.5
510,365,1974,183.7
510,365,1977,38.0
510,365,1978,106.0
510,365,1979,175.5
510,365,1980,31.0
510,365,1981,31.0
510,369,2011,3.6
510,369,2012,3.6
510,560,2009,0.4
510,696,2006,1.66
510,696,2025,4.0
510,710,1970,30.0
510,710,1971,111.0
510,710,1972,111.0
510,710,1973,135.6
510,710,1974,10.8
510,710,1975,48.0
510,710,1977,30.0
510,710,1978,30.0
510,710,1979,31.3
510,710,1981,108.0
510,710,1982,9.0
510,710,1986,0.95
510,710,1992,18.0
510,710,1994,5.0
510,710,2002,0.76
510,710,2003,46.0
510,710,2006,0.52
510,710,2007,0.52
510,710,2009,175.0
510,710,2011,274.5
510,710,2012,199.5
510,710,2013,144.9
510,710,2014,13.5
510,710,2015,20.0
510,710,2017,1.56
510,710,2021,28.5
510,731,1980,20.4
510,900,2007,0.44
516,2,2015,1.4
516,2,2016,2.94
516,200,1982,0.7
516,220,1966,8.4
516,220,1967,1.9
516,220,1969,3.0
516,220,1973,0.24
516,220,1982,1.7
516,220,1983,11.04
516,220,1984,1.7
516,255,1966,0.05
516,325,1981,0.72
516,365,1980,0.77
516,365,1981,4.5
516,365,1998,12.0
516,369,2001,1.4
516,369,2002,3.4
516,560,2009,3.56
516,560,2010,3.56
516,560,2019,2.0
516,651,1982,0.96
516,710,2012,5.25
517,2,1965,0.16
517,2,2021,2.0
517,200,1975,0.6
517,200,1977,0.6
517,200,2013,0.12
517,211,1971,0.05
517,220,1962,10.5
517,220,1973,1.9
517,220,1975,2.0
517,220,1983,3.88
517,220,1984,6.08
517,220,1985,4.4
517,220,1986,2.7
517,220,1988,1.92
517,220,1989,2.6
517,220,1990,3.0
517,220,1991,4.5
517,220,1992,2.83
517,230,2009,11.0
517,255,1964,0.12
517,255,1972,0.05
517,317,1997,1.8
517,317,2019,0.72
517,325,1974,0.6
517,365,1999,29.0
517,365,2000,29.0
517,365,2014,43.5
517,365,2015,43.5
517,365,2021,46.0
517,369,2013,2.5
517,370,1998,6.8
517,370,1999,6.8
517,560,1996,3.6
517,560,1997,3.6
517,560,1998,3.6
517,560,2006,3.0
517,560,2007,12.6
517,560,2012,0.9
517,640,2012,4.5
517,640,2017,6.9
517,640,2021,17.15
517,640,2022,15.9
517,651,1992,2.1
517,666,2008,11.0
517,666,2013,12.75
517,694,2022,0.68
517,710,2007,7.5
517,710,2008,2.6
517,710,2017,2.0
517,710,2018,4.1
517,710,2023,37.0
520,2,1981,3.0
520,2,1982,45.88
520,2,1983,27.0
520,2,1984,27.0
520,2,1985,42.0
520,2,1986,15.3
520,2,2013,0.58
520,200,1961,1.8
520,200,2013,2.0
520,220,1973,0.24
520,220,2016,2.08
520,225,1969,0.8
520,255,1978,1.8
520,325,1960,10.46
520,325,1962,0.48
520,325,1968,4.2
520,325,1978,61.2
520,325,1979,62.64
520,325,1980,25.6
520,325,1981,6.88
520,325,1982,17.92
520,325,2015,0.28
520,325,2023,4.0
520,325,2024,3.52
520,325,2025,1.8
520,365,1963,34.4
520,365,1965,81.46000000000001
520,365,1966,97.52
520,365,1967,105.84
520,365,1972,29.6
520,365,1973,200.77
520,365,1974,304.6
520,365,1975,139.26
520,365,1976,214.0
520,365,1977,40.0
520,531,1999,0.18
520,560,2013,0.38
520,560,2021,0.96
520,620,1990,16.0
520,640,2020,1.68
520,640,2021,1.12
520,651,1960,0.24
520,651,1961,0.28
520,651,1978,23.0
520,651,1979,21.96
520,651,1981,13.2
520,651,1982,10.0
520,670,1984,5.6
520,690,1979,22.4
520,694,2019,8.16
520,696,1983,13.760000000000002
520,696,2015,0.97
520,710,1980,150.0
520,710,1981,150.0
520,710,1982,7.0
520,710,2017,1.8
522,2,1991,1.0
522,2,2014,5.3
522,2,2016,0.98
522,2,2019,7.02
522,20,2014,1.5
522,200,2012,0.56
522,200,2020,0.8
522,210,2021,20.0
522,210,2022,14.0
522,220,1977,2.8
522,220,1978,5.6
522,220,1979,36.2
522,220,1980,3.29
522,220,1981,6.0
522,220,1982,2.8
522,220,1983,2.6
522,220,1985,1.23
522,220,1987,1.2
522,220,1992,2.8
522,220,2012,5.6
522,220,2021,1.8
522,230,1986,7.6
522,290,1995,2.0
522,325,2013,5.300000000000001
522,325,2014,0.9
522,325,2016,0.9
522,365,1992,14.4
522,365,1993,5.8
522,365,2002,2.8
522,370,2005,7.2
522,560,2000,1.19
522,640,2022,4.8
522,640,2023,0.28
522,645,1980,1.92
522,670,2016,5.2
522,710,2014,8.0
522,710,2015,3.9
522,710,2016,5.0
522,710,2019,3.73
522,710,2021,24.0
530,2,1953,6.0
530,2,1956,1.14
530,2,1957,15.0
530,2,1958,23.8
530,2,1959,10.9
530,2,1960,19.6
530,2,1961,19.6
530,2,1962,16.0
530,2,1963,28.4
530,2,1964,5.9
530,2,1965,23.76
530,2,1966,154.36
530,2,1967,102.60000000000001
530,2,1968,118.32000000000001
530,2,1969,5.28
530,2,1970,79.0
530,2,1971,115.16
530,2,1972,12.48
530,2,1973,10.48
530,2,1974,73.86
530,2,1975,83.7
530,2,1976,86.4
530,2,1977,22.0
530,2,1997,36.8
530,2,2014,9.6
530,2,2018,9.6
530,20,1954,7.2
530,20,1972,5.0
530,20,1976,7.5
530,200,1966,0.55
530,200,1969,22.44
530,210,1971,3.0
530,220,1965,2.8
530,220,1966,2.8
530,220,1967,7.55
530,220,1968,2.8
530,220,1970,4.75
530,220,1972,39.2
530,220,1977,28.0
530,220,1978,6.0
530,220,2016,1.92
530,255,1970,1.5
530,255,1971,0.14
530,255,1975,1.8
530,255,2019,2.4
530,265,1979,26.4
530,265,1980,26.4
530,265,1989,25.0
530,310,1997,24.0
530,310,2013,40.8
530,315,1950,1.6
530,315,1983,84.0
530,315,1988,84.0
530,316,1997,14.0
530,316,1998,14.0
530,325,1970,12.6
530,325,1988,5.2
530,345,1960,5.6
530,345,1975,4.8
530,345,1977,29.4
530,345,2012,8.96
530,346,2022,3.0
530,346,2023,3.0
530,355,1998,25.0
530,355,1999,70.0
530,355,2002,70.0
530,355,2004,9.0
530,360,1978,9.5
530,365,1965,1.6
530,365,1976,19.2
530,365,1977,1883.47
530,365,1978,2267.63
530,365,1979,507.0
530,365,1980,1470.5
530,365,1981,1438.5
530,365,1982,1656.3
530,365,1983,1387.5
530,365,1984,1171.9
530,365,1985,1212.3
530,365,1986,1362.3
530,365,1987,1193.0
530,365,1988,517.4
530,365,1989,22.0
530,365,1990,2.0
530,365,1991,80.0
530,365,1998,225.26
530,365,1999,231.0
530,365,2000,65.96
530,365,2003,404.08
530,365,2004,399.4
530,365,2010,58.0
530,365,2019,69.0
530,365,2024,38.0
530,365,2025,63.0
530,369,1997,2.4
530,369,1998,2.4
530,369,2000,27.0
530,369,2011,76.47999999999999
530,369,2012,270.39
530,369,2013,270.39
530,369,2014,245.39
530,369,2015,245.39
530,369,2016,100.0
530,369,2017,100.0
530,370,1998,20.0
530,370,2000,7.2
530,380,1951,19.4
530,380,1954,1.53
530,380,1955,1.53
530,380,1957,1.02
530,380,1960,1.7
530,380,1961,1.26
530,380,1963,0.34
530,380,1966,0.68
530,620,1983,50.0
530,630,1970,14.0
530,630,1971,14.0
530,630,1972,14.0
530,630,2021,0.15
530,640,2021,9.6
530,640,2024,4.5
530,666,2013,10.5
530,666,2014,10.5
530,666,2015,10.5
530,666,2016,10.5
530,666,2017,10.5
530,680,1986,51.0
530,696,2024,5.4
530,705,2000,15.56
530,710,1999,19.25
530,710,2012,7.0
530,710,2013,53.5
530,710,2014,7.0
530,710,2018,8.8
530,710,2019,8.8
530,710,2020,24.5
530,710,2021,6.0
530,710,2022,43.2
530,731,1985,21.0
531,200,1997,2.4
531,255,1994,1.8
531,325,1997,33.6
531,325,2000,20.0
531,355,1999,12.6
531,355,2004,9.54
531,355,2005,69.0
531,365,1995,4.0
531,365,1996,43.4
531,365,1998,212.25
531,365,1999,16.0
531,365,2001,57.0
531,365,2004,70.0
531,365,2005,3.2
531,369,1999,2.8
531,369,2002,35.25
531,369,2003,34.0
531,370,2005,26.46
531,370,2007,3.6
531,375,1994,10.8
531,375,1995,10.8
531,530,1997,17.0
531,666,1993,21.0
531,710,1994,10.0
540,2,1988,5.0
540,2,1994,5.0
540,2,2013,0.6
540,2,2017,1.6
540,20,1980,2.5
540,20,1982,4.2
540,20,1987,1.4
540,20,1990,2.8
540,20,1998,2.1
540,20,2013,3.0
540,20,2019,3.0
540,20,2024,4.5
540,20,2025,4.5
540,40,1975,1.2
540,135,2001,10.0
540,135,2004,5.4
540,140,1988,11.0
540,140,1998,15.2
540,140,2007,6.25
540,140,2013,27.0
540,200,1979,3.4
540,200,2017,2.0
540,210,1980,8.5
540,210,2005,11.2
540,220,1986,28.2
540,220,1987,8.7
540,220,1988,19.5
540,220,1989,19.5
540,220,2000,0.3
540,220,2019,15.0
540,220,2022,33.0
540,220,2023,30.0
540,220,2025,63.0
540,225,1976,1.8
540,225,1982,15.0
540,225,1987,7.6
540,225,1990,10.0
540,225,2014,0.38
540,230,1985,30.4
540,230,1986,30.4
540,230,1989,15.2
540,230,1993,22.4
540,230,1994,34.9
540,230,2024,14.0
540,230,2025,44.0
540,235,1974,1.4
540,235,1975,45.54
540,235,1976,14.0
540,235,1983,0.76
540,235,1993,1.52
540,290,1994,18.72
540,290,1995,18.72
540,310,1993,2.52
540,310,2002,34.0
540,315,1976,5.4
540,315,1986,0.4
540,316,1999,6.48
540,316,2000,11.280000000000001
540,316,2007,5.8
540,317,1994,15.48
540,317,1999,182.6
540,317,2000,123.0
540,317,2001,57.2
540,317,2002,2.4
540,317,2020,1.44
540,325,2017,29.5
540,325,2018,24.0
540,355,1993,27.72
540,355,1999,24.14
540,355,2014,7.75
540,355,2015,15.129999999999999
540,355,2017,10.58
540,355,2019,10.4
540,359,2000,6.0
540,359,2001,194.0
540,359,2002,194.0
540,359,2003,80.0
540,359,2005,92.0
540,359,2006,6.0
540,359,2007,172.0
540,359,2008,172.0
540,359,2009,80.0
540,360,1977,12.0
540,360,1978,12.0
540,360,1980,5.7
540,360,1981,14.879999999999999
540,360,1983,34.2
540,360,1984,34.2
540,360,1985,34.2
540,365,1975,380.78
540,365,1976,294.26
540,365,1977,266.0
540,365,1978,340.5
540,365,1979,328.3
540,365,1980,516.2
540,365,1981,1269.6
540,365,1982,1445.0
540,365,1983,2668.45
540,365,1984,2578.7
540,365,1985,2559.2
540,365,1986,3012.8
540,365,1987,3197.45
540,365,1988,3138.05
540,365,1989,335.0
540,365,1990,284.78
540,365,1993,103.72
540,365,1994,87.47999999999999
540,365,1996,5.8
540,365,1997,10.2
540,365,1998,96.9
540,365,2000,143.1
540,365,2001,144.3
540,365,2002,54.0
540,365,2015,58.0
540,365,2016,129.28
540,365,2017,376.2
540,365,2018,376.2
540,365,2019,376.2
540,368,2018,60.0
540,369,1996,74.8
540,369,1998,68.0
540,369,1999,21.96
540,369,2001,6.8
540,369,2002,68.0
540,369,2003,71.85
540,369,2006,7.2
540,369,2007,7.2
540,369,2020,7.2
540,370,1993,7.56
540,370,1999,176.32
540,370,2000,48.0
540,370,2015,9.68
540,370,2016,3.6
540,370,2017,29.28
540,370,2018,31.92
540,370,2022,34.8
540,560,1995,0.24
540,560,2016,21.25
540,560,2017,11.25
540,615,1980,6.0
540,666,2004,11.84
540,666,2005,11.84
540,666,2016,21.0
540,705,1998,4.88
540,705,1999,10.16
540,710,2016,14.75
540,710,2019,16.0
540,710,2020,42.0
541,20,2023,0.35
541,20,2025,1.5
541,140,2014,2.7
541,200,2013,6.8
541,220,2015,15.0
541,220,2016,48.0
541,230,2013,2.57
541,230,2025,12.5
541,235,1975,28.42
541,235,1976,18.48
541,235,2011,0.28
541,235,2012,0.28
541,255,2015,0.48
541,265,1977,57.0
541,265,1978,57.0
541,265,1979,57.0
541,265,1980,57.0
541,265,1981,18.0
541,315,1977,3.8
541,317,2014,2.0
541,360,2013,0.12
541,365,1976,45.48
541,365,1977,156.07
541,365,1978,562.5
541,365,1979,172.39
541,365,1980,116.65
541,365,1981,183.86
541,365,1982,204.1
541,365,1983,152.3
541,365,1984,224.9
541,365,1985,223.5
541,365,1986,11.0
541,365,1999,2.4
541,365,2019,7.25
541,369,2014,6.8
541,560,2003,0.88
541,560,2020,4.2
541,560,2021,4.84
541,560,2022,5.04
541,560,2023,2.65
541,696,2024,1.08
541,710,2014,4.2
541,710,2016,3.24
541,710,2018,3.45
541,750,2019,15.0
551,2,2019,6.0
551,2,2020,1.0
551,2,2023,5.0
551,2,2024,0.8
551,20,1965,16.37
551,20,1966,0.29
551,20,1971,3.75
551,20,1976,92.54
551,20,2006,3.0
551,200,1964,5.34
551,200,1966,16.5
551,200,1971,127.9
551,200,1972,8.0
551,200,1973,8.0
551,200,1978,7.3500000000000005
551,200,1980,1.2
551,255,1974,9.0
551,325,1969,6.6
551,325,1970,3.6
551,325,1971,18.82
551,325,1972,36.6
551,325,1973,32.9
551,325,1976,14.0
551,325,1977,2.11
551,325,1978,2.11
551,325,1980,7.05
551,325,1981,19.9
551,325,2006,3.14
551,325,2011,3.12
551,325,2012,3.12
551,325,2016,3.12
551,325,2019,32.0
551,325,2021,10.0
551,345,1971,19.7
551,365,1975,48.0
551,365,1976,2.2
551,365,1979,4.0
551,365,1980,268.91
551,365,1981,352.1
551,365,1982,52.6
551,365,1984,18.0
551,365,2015,14.5
551,365,2019,5.3
551,369,2000,4.8
551,369,2002,2.16
551,369,2012,4.8
551,369,2016,14.4
551,369,2017,14.4
551,380,1977,4.8
551,380,1978,4.8
551,552,1964,1.41
551,560,2005,0.06
551,560,2012,2.77
551,560,2016,1.05
551,560,2022,2.4
551,666,2017,6.0
551,666,2021,9.8
551,710,1977,68.28
551,710,1978,62.28
551,710,1981,14.4
551,710,1996,7.5
551,710,2000,38.5
551,710,2006,28.5
551,710,2007,12.5
551,710,2008,1.75
551,710,2012,50.75
551,710,2016,65.5
551,710,2017,65.5
551,710,2020,1.8
552,2,1967,0.7
552,2,1993,0.28
552,140,1984,64.8
552,140,1985,64.8
552,140,1986,64.8
552,140,1987,64.8
552,200,1950,0.96
552,200,1951,17.6
552,200,1952,8.8
552,200,1953,28.0
552,200,1954,72.0
552,200,1955,50.08
552,200,1956,11.52
552,200,1958,61.2
552,200,1960,14.799999999999999
552,200,1962,28.51
552,200,1963,28.51
552,200,1981,6.8
552,200,1982,72.0
552,200,1984,8.0
552,200,1987,6.4
552,200,1992,45.0
552,220,1962,2.85
552,220,1963,7.6
552,220,1975,6.3
552,220,1977,1.05
552,220,1987,0.2
552,220,1988,2.28
552,220,1999,3.68
552,230,1983,22.8
552,230,1986,22.8
552,230,1990,1.52
552,255,1975,1.5
552,315,1991,46.8
552,315,1992,46.8
552,316,2000,2.16
552,317,2001,0.8
552,325,1967,11.4
552,325,1978,4.08
552,325,1983,10.0
552,325,1986,50.0
552,325,1998,1.44
552,355,2000,6.0
552,365,1975,5.7
552,365,1999,21.6
552,369,2001,9.2
552,369,2005,3.6
552,369,2006,3.6
552,501,1981,8.0
552,541,1977,1.2
552,560,1967,8.4
552,560,1971,4.9
552,560,1972,21.0
552,560,1973,0.1
552,560,1974,1.68
552,560,1975,36.2
552,560,1976,27.28
552,560,1977,0.24
552,620,2003,15.6
552,666,1978,11.53
552,710,1982,9.0
552,710,1983,1.6
552,710,1985,19.8
552,710,1986,130.8
552,710,1987,12.0
552,710,1991,18.0
552,710,2004,13.5
552,710,2005,21.0
552,710,2006,21.0
552,710,2023,20.4
552,731,1984,6.6
553,2,1990,8.5
553,20,2022,3.0
553,200,1964,5.41
553,200,1980,10.0
553,200,1981,14.2
553,200,1985,4.2
553,200,1986,8.379999999999999
553,200,1987,1.8
553,200,2016,0.32
553,220,1977,18.0
553,220,1978,18.95
553,220,1979,18.0
553,220,1984,6.5
553,220,1985,9.75
553,220,1989,6.5
553,220,1990,6.5
553,255,1976,3.6
553,255,1979,4.08
553,255,1980,4.08
553,255,1986,6.6
553,255,1988,6.6
553,255,1989,2.2
553,560,1972,0.48
553,560,1994,3.64
553,560,2008,2.54
553,560,2012,0.8
553,560,2013,7.43
553,560,2014,2.88
553,560,2015,5.1899999999999995
553,560,2024,2.4
553,710,2022,16.0
560,2,1951,77.2
560,2,1952,163.5
560,2,1956,112.4
560,2,1959,1.2
560,2,1962,4.5
560,2,1963,176.0
560,2,1964,15.0
560,2,1965,15.0
560,2,1966,3.6
560,2,1967,3.6
560,2,1968,3.6
560,2,1969,0.35
560,2,1972,30.8
560,2,1973,30.8
560,2,1976,14.0
560,2,1987,1.52
560,2,1988,12.0
560,2,1997,9.2
560,2,1999,18.4
560,2,2006,28.0
560,2,2007,38.0
560,2,2008,19.8
560,2,2009,19.8
560,2,2010,37.4
560,2,2011,38.4
560,2,2012,38.4
560,20,1956,50.0
560,20,1990,2.45
560,20,1991,2.45
560,20,1994,21.0
560,20,1995,21.0
560,20,1996,21.0
560,200,1950,73.6
560,200,1952,208.6
560,200,1953,144.36
560,200,1954,146.0
560,200,1955,386.25000000000006
560,200,1956,348.6
560,200,1957,594.6
560,200,1958,554.1500000000001
560,200,1959,183.1
560,200,1960,51.6
560,200,1962,389.4
560,200,1963,337.2
560,200,1964,357.59999999999997
560,200,1965,316.03
560,200,1966,353.2
560,200,1967,60.4
560,200,1968,65.2
560,200,1969,60.4
560,200,1970,96.4
560,200,1971,60.4
560,200,1972,72.3
560,200,1973,65.2
560,200,1974,105.2
560,200,1975,40.0
560,200,1976,40.0
560,200,1977,40.0
560,200,1978,40.0
560,200,1979,40.0
560,200,1980,40.0
560,200,1981,40.0
560,200,1982,40.0
560,200,1983,140.0
560,200,1984,140.0
560,200,1987,4.75
560,200,2005,8.64
560,200,2006,120.0
560,200,2007,139.0
560,200,2008,120.0
560,200,2010,7.38
560,200,2012,7.38
560,200,2015,1.8
560,210,2005,5.0
560,210,2006,5.0
560,210,2022,90.0
560,210,2023,90.0
560,210,2025,90.0
560,220,1960,4.9
560,220,1962,367.7
560,220,1963,715.8
560,220,1964,683.3
560,220,1965,627.5
560,220,1966,1020.2
560,220,1967,780.2
560,220,1968,593.5
560,220,1969,583.3
560,220,1970,1012.55
560,220,1971,845.7
560,220,1972,907.4
560,220,1973,565.2
560,220,1974,189.75
560,220,1975,388.36
560,220,1976,827.36
560,220,1977,485.86
560,220,1978,198.0
560,220,1980,12.0
560,220,1983,1.9
560,220,1984,13.9
560,220,1986,88.5
560,220,1987,88.5
560,220,1988,88.5
560,220,1989,91.75
560,220,1990,88.5
560,220,1991,88.5
560,220,1992,88.5
560,220,1993,88.5
560,220,1994,88.5
560,220,2005,15.3
560,220,2006,60.0
560,220,2007,60.0
560,220,2008,1.3
560,220,2009,1.7
560,220,2010,1.7
560,220,2011,11.0
560,220,2012,11.0
560,220,2013,11.0
560,225,1964,90.0
560,225,1965,90.0
560,225,1966,225.0
560,225,1967,225.0
560,225,1968,225.0
560,225,1969,225.0
560,225,1990,9.55
560,225,1991,8.75
560,225,1994,75.0
560,225,1995,75.0
560,225,1996,75.0
560,225,1997,1.85
560,230,1985,11.4
560,230,1986,11.4
560,230,1987,11.4
560,230,1991,9.0
560,255,1958,0.24
560,255,1976,39.0
560,255,1977,82.2
560,255,1978,82.2
560,255,1979,82.2
560,255,1980,172.2
560,255,1981,129.0
560,255,1982,82.2
560,255,1983,47.7
560,255,1984,60.5
560,255,1985,56.4
560,255,1986,82.2
560,255,1987,39.0
560,255,2001,17.6
560,255,2005,675.0
560,255,2006,1133.0
560,255,2007,1808.0
560,255,2008,763.0
560,255,2009,5.0
560,325,1966,354.85
560,325,1967,354.85
560,325,1968,354.85
560,325,1969,363.31
560,325,1970,361.6
560,325,1971,361.6
560,325,1972,354.85
560,325,1973,372.25
560,325,1974,632.25
560,325,1975,277.6
560,325,1976,269.6
560,325,1977,289.85
560,325,1978,289.85
560,325,1979,296.6
560,325,1980,280.25
560,325,1981,260.0
560,325,1982,280.95
560,325,1983,260.7
560,325,1984,260.0
560,325,1986,20.25
560,325,2005,82.5
560,325,2006,82.5
560,325,2007,82.5
560,325,2008,82.5
560,325,2009,82.5
560,365,2014,50.0
560,369,1992,140.0
560,380,2008,236.7
560,380,2009,236.7
560,380,2010,447.1
560,380,2011,447.1
560,380,2012,447.1
560,390,1965,12.0
560,581,1981,5.0
560,663,1973,22.14
560,663,1974,22.759999999999998
560,666,1977,573.7
560,666,1978,553.3
560,666,1979,553.3
560,666,1980,553.3
560,666,1981,71.2
560,666,1982,71.2
560,666,1983,553.88
560,666,1984,71.2
560,666,1985,70.0
560,666,1986,670.78
560,666,1987,5.5
560,666,1992,621.6
560,666,1993,621.6
560,666,1994,621.6
560,666,1999,9.0
560,666,2000,9.0
560,666,2010,10.0
560,666,2011,10.0
560,666,2012,10.0
560,750,1978,48.6
560,750,1979,48.6
565,2,1994,0.84
565,2,1995,2.4
565,2,2012,5.0
565,140,2004,10.0
565,140,2009,10.6
565,325,2004,6.0
565,359,2001,4.8
565,369,2001,2.4
565,369,2010,3.4
565,560,1998,4.8
565,560,2017,1.2
565,560,2024,1.5
565,620,2002,11.399999999999999
565,710,1997,5.0
565,710,2001,14.0
565,710,2006,100.0
565,710,2008,100.0
565,710,2009,4.62
565,710,2012,51.5
565,710,2013,9.0
565,710,2016,4.0
565,710,2017,37.0
565,710,2024,54.0
565,710,2025,0.2
565,750,1994,1.5
565,750,1995,1.9
565,750,2011,0.75
565,750,2014,1.9
570,2,1989,0.18
570,2,1998,5.0
570,200,1979,5.0
570,220,2017,1.3
570,220,2018,1.3
570,220,2019,1.3
570,230,1989,7.6
570,230,1991,3.8
570,230,2001,3.8
570,255,1980,2.88
570,255,2001,2.4
570,255,2004,1.2
570,325,1986,10.0
570,620,1983,0.88
570,666,1977,1.2
570,666,2006,0.72
570,900,2004,0.24
571,2,1979,0.16
571,2,1987,10.5
571,2,1988,27.0
571,2,1989,4.2
571,2,1990,25.0
571,2,1993,1.26
571,2,1997,18.4
571,2,2001,15.18
571,2,2009,2.0
571,2,2010,2.0
571,2,2018,1.52
571,2,2019,1.52
571,2,2024,11.2
571,20,1990,2.45
571,20,1996,68.64
571,20,1997,68.64
571,20,2000,26.4
571,20,2013,1.75
571,200,1977,1.8
571,200,1978,1.8
571,200,1979,6.8
571,200,1980,2.44
571,200,1981,3.6
571,200,1985,2.5
571,200,1987,22.5
571,200,1988,22.5
571,200,1990,1.2
571,200,1992,2.0
571,200,1995,20.950000000000003
571,200,1996,19.96
571,220,1985,2.6
571,220,1995,3.9
571,220,2000,12.6
571,220,2002,4.44
571,220,2003,7.040000000000001
571,220,2016,1.5
571,220,2018,12.6
571,220,2019,12.6
571,220,2020,57.6
571,225,1990,8.75
571,225,2003,15.75
571,225,2004,15.75
571,225,2013,6.25
571,225,2019,27.0
571,225,2020,27.0
571,225,2021,27.0
571,225,2022,27.0
571,225,2023,27.0
571,230,1987,18.0
571,230,1988,18.0
571,230,1993,7.6
571,230,2009,18.0
571,230,2010,18.0
571,230,2016,3.2
571,305,2000,14.6
571,365,1981,7.0
571,365,1996,3.5
571,369,2012,6.0
571,501,1991,4.0
571,501,1993,4.0
571,666,1991,0.96
571,666,1992,0.96
571,666,2019,27.0
571,666,2020,27.0
571,666,2021,27.0
571,666,2022,27.0
571,666,2023,27.0
572,560,2000,1.14
572,560,2001,1.26
572,666,1979,5.5
572,713,2020,2.1
580,2,1971,0.1
580,2,1972,0.35
580,200,1968,1.2
580,200,1974,0.6
580,220,1961,3.0999999999999996
580,220,1963,1.46
580,220,1964,0.32
580,220,1965,7.5600000000000005
580,220,1967,11.61
580,220,1969,0.95
580,220,1974,16.37
580,220,1975,0.6
580,220,1985,5.6
580,220,1996,4.0
580,316,2025,2.6
580,365,1979,43.2
580,365,1980,42.5
580,365,1983,7.5
580,365,1985,0.6
580,365,1996,17.12
580,560,2018,1.56
580,696,2020,0.84
580,731,1975,5.6
580,731,1979,20.4
581,140,2012,1.04
581,220,1987,1.3
581,325,1977,0.72
581,369,2008,5.6
581,696,2025,0.13
590,2,1968,0.35
590,20,1996,32.5
590,200,1971,0.4
590,200,1990,2.5
590,200,1993,3.5
590,220,1979,3.3
590,220,1997,1.3
590,666,2004,2.5
590,666,2016,2.5
590,750,1974,2.2
590,750,1990,7.0
590,750,1993,4.4
590,750,2004,7.0
590,750,2014,27.5
590,750,2016,44.7
590,750,2017,37.7
590,750,2021,0.88
590,750,2022,4.0
591,2,1983,2.0
591,2,1990,0.08
591,200,1977,0.8
591,200,1980,3.5
591,220,1979,17.6
591,325,1983,13.0
591,365,1979,2.0
591,365,1980,3.32
591,365,1986,10.0
591,620,1980,0.19
591,666,2013,2.5
591,696,2011,2.8
591,710,2011,5.0
591,710,2014,10.0
591,750,1982,1.9
591,750,1988,0.95
591,750,2005,14.6
591,750,2013,7.0
591,750,2014,5.84
591,750,2016,7.5
591,750,2018,9.5
591,750,2021,19.0
600,2,1957,2.5
600,2,1962,21.6
600,2,1964,15.24
600,2,1965,226.9
600,2,1966,237.02
600,2,1967,205.0
600,2,1968,5.2
600,2,1971,1.0
600,2,1974,200.1
600,2,1975,185.1
600,2,1976,234.14
600,2,1977,456.39
600,2,1978,357.25
600,2,1979,228.1
600,2,1980,159.5
600,2,1981,609.22
600,2,1982,380.25
600,2,1983,437.4
600,2,1986,18.0
600,2,1987,2.0
600,2,1988,76.0
600,2,1989,112.0
600,2,1990,49.0
600,2,1991,43.2
600,2,1993,86.4
600,2,1994,116.57000000000001
600,2,1996,34.4
600,2,1997,136.88
600,2,1999,8.28
600,2,2000,7.2
600,2,2006,19.9
600,2,2009,12.1
600,2,2010,47.7
600,2,2011,856.3000000000001
600,2,2012,868.6
600,2,2013,64.6
600,2,2014,10.6
600,2,2015,59.040000000000006
600,2,2016,974.0
600,2,2017,960.4799999999999
600,2,2018,911.7
600,2,2019,112.0
600,2,2020,18.48
600,2,2021,8.88
600,2,2022,673.0
600,2,2023,648.0
600,2,2025,266.3
600,20,1973,18.0
600,20,2011,12.0
600,20,2012,12.0
600,200,1977,18.0
600,200,2018,4.0
600,210,1981,36.0
600,210,1982,36.0
600,210,1983,42.5
600,210,2011,303.0
600,210,2012,548.5
600,211,2008,18.92
600,211,2009,36.099999999999994
600,220,1956,30.64
600,220,1957,43.67
600,220,1958,42.12
600,220,1959,47.58
600,220,1960,51.74
600,220,1961,12.9
600,220,1962,14.39
600,220,1963,16.49
600,220,1964,0.7
600,220,1965,40.480000000000004
600,220,1966,69.5
600,220,1967,80.5
600,220,1968,92.8
600,220,1969,27.0
600,220,1970,24.0
600,220,1973,5.0
600,220,1974,213.6
600,220,1975,232.5
600,220,1976,259.1
600,220,1977,319.1
600,220,1978,483.5
600,220,1979,1309.6399999999999
600,220,1980,841.6
600,220,1981,595.6
600,220,1982,838.26
600,220,1983,430.26
600,220,1984,341.6
600,220,1985,194.0
600,220,1986,96.5
600,220,1987,96.0
600,220,1988,108.84
600,220,1990,96.0
600,220,1991,37.44
600,220,1992,33.6
600,220,1995,55.0
600,220,1996,110.0
600,220,1997,110.22
600,220,2001,15.0
600,220,2002,159.5
600,220,2010,674.0
600,220,2011,791.25
600,220,2012,747.0
600,220,2013,25.0
600,220,2014,548.05
600,220,2016,9.5
600,220,2017,100.0
600,220,2018,100.0
600,220,2021,26.0
600,220,2022,163.52
600,225,1978,1.5
600,225,2005,17.6
600,230,1981,240.4
600,230,1982,240.4
600,230,1983,93.7
600,230,1988,105.6
600,230,1989,105.6
600,230,1990,63.0
600,255,1978,10.75
600,255,1980,2.1
600,255,1981,25.5
600,255,1982,23.4
600,255,1983,14.4
600,255,2014,4.8
600,255,2022,1.08
600,255,2023,18.0
600,305,1979,84.55
600,305,1980,76.3
600,305,2023,1.2
600,305,2024,1.2
600,315,1968,28.5
600,315,1969,28.5
600,315,1970,28.5
600,325,1969,52.8
600,325,1970,52.8
600,325,1971,0.24
600,325,1974,35.64
600,325,1975,71.3
600,325,1976,74.6
600,325,1977,74.6
600,325,1978,16.8
600,325,1979,90.0
600,325,1980,90.0
600,325,1981,12.5
600,325,1982,57.5
600,325,1983,24.7
600,325,2010,64.0
600,325,2011,102.75
600,325,2012,38.75
600,325,2013,25.0
600,325,2014,41.25
600,365,1961,29.04
600,365,1962,64.08
600,365,1967,56.800000000000004
600,365,1968,56.800000000000004
600,365,1981,1.4
600,365,2001,6.0
600,365,2005,150.0
600,365,2006,150.0
600,365,2007,150.0
600,365,2008,150.0
600,369,2010,16.2
600,369,2020,4.96
600,370,1999,171.6
600,370,2000,171.6
600,380,1983,3.5
600,390,1987,36.0
600,390,1988,36.0
600,390,1990,36.0
600,560,1980,98.0
600,560,1981,98.0
600,620,1985,16.5
600,630,1970,19.2
600,640,2021,31.2
600,640,2023,7.0
600,640,2024,14.4
600,640,2025,9.0
600,645,1960,3.2
600,651,1980,2.7
600,651,1981,12.68
600,666,1983,28.8
600,666,1984,28.8
600,666,2003,40.0
600,666,2004,40.0
600,666,2005,40.0
600,666,2023,375.74
600,666,2024,343.5
600,666,2025,343.5
600,670,1993,12.0
600,694,2021,0.84
600,696,2020,3.6
600,710,2010,227.20000000000002
600,710,2011,68.25
600,710,2012,68.25
600,710,2017,195.0
600,710,2018,195.0
600,710,2021,4.0
600,710,2022,12.0
600,710,2023,8.0
600,750,2025,1.75
615,2,1963,2.2
615,2,1977,0.56
615,2,1978,22.91
615,2,1979,0.56
615,2,1981,336.0
615,2,1982,280.0
615,2,1983,476.0
615,2,1984,447.0
615,2,1985,15.0
615,2,1990,28.0
615,2,1995,8.55
615,2,1996,8.55
615,2,2000,44.0
615,2,2001,132.20000000000002
615,2,2002,80.4
615,2,2010,22.8
615,2,2011,22.8
615,2,2015,6.0
615,2,2016,20.0
615,2,2018,9.6
615,2,2019,9.6
615,2,2020,9.6
615,2,2022,32.0
615,2,2023,80.0
615,2,2024,80.0
615,20,2005,9.0
615,20,2006,9.0
615,200,1976,9.0
615,200,1977,7.5
615,200,1978,7.5
615,200,1979,7.5
615,200,1982,55.8
615,200,1983,55.8
615,200,1984,118.8
615,200,1985,55.8
615,200,1991,27.9
615,200,1992,27.9
615,200,1993,27.9
615,200,1997,55.8
615,200,1998,55.8
615,200,2001,55.8
615,200,2003,55.8
615,200,2005,55.8
615,200,2006,55.8
615,200,2010,94.0
615,200,2011,94.0
615,200,2012,19.0
615,200,2015,75.0
615,200,2016,75.0
615,210,1976,51.0
615,210,1977,35.0
615,210,1978,35.0
615,210,1979,35.0
615,210,2015,37.5
615,210,2016,37.5
615,220,1962,15.84
615,220,1964,1.4
615,220,1965,37.8
615,220,1970,28.0
615,220,1971,28.0
615,220,1983,8.8
615,220,1984,8.8
615,220,1995,4.68
615,220,2005,11.7
615,220,2006,2.4
615,220,2008,136.5
615,220,2009,136.5
615,220,2010,136.5
615,220,2011,136.5
615,220,2016,26.0
615,220,2019,130.0
615,220,2020,130.0
615,220,2021,130.0
615,220,2023,5.0
615,225,1998,0.8
615,230,2005,75.0
615,230,2006,75.0
615,255,1988,13.5
615,255,1995,13.5
615,255,2002,13.5
615,255,2013,21.6
615,255,2014,21.6
615,255,2015,466.8
615,255,2016,993.8
615,255,2017,430.8
615,255,2018,430.8
615,255,2019,430.8
615,255,2020,430.8
615,255,2021,430.8
615,255,2022,430.8
615,255,2023,430.8
615,255,2024,430.8
615,255,2025,430.8
615,290,2014,29.6
615,315,1987,132.6
615,315,1988,132.6
615,315,1989,4.6
615,315,1990,4.6
615,315,1991,133.1
615,316,1994,18.12
615,316,1995,18.12
615,316,1996,24.5
615,316,2002,68.0
615,316,2003,68.0
615,317,1995,48.6
615,317,1996,48.6
615,325,1977,33.0
615,325,1982,5.0
615,325,1983,5.0
615,325,2010,41.25
615,325,2011,41.25
615,325,2013,114.0
615,325,2014,245.8
615,325,2015,84.0
615,325,2016,39.0
615,325,2017,57.5
615,325,2020,57.5
615,325,2022,57.5
615,360,1984,5.7
615,365,1961,19.8
615,365,1962,56.400000000000006
615,365,1963,162.4
615,365,1964,453.56
615,365,1965,477.52
615,365,1966,763.85
615,365,1967,850.1
615,365,1968,139.0
615,365,1969,86.8
615,365,1970,0.48
615,365,1972,307.5
615,365,1973,325.5
615,365,1974,130.0
615,365,1975,361.6
615,365,1976,334.1
615,365,1977,2336.5
615,365,1978,3387.24
615,365,1979,5389.43
615,365,1980,4486.25
615,365,1981,4568.75
615,365,1982,4581.25
615,365,1983,2268.9
615,365,1984,2123.0
615,365,1985,1425.0
615,365,1986,633.0
615,365,1987,693.2
615,365,1988,544.2
615,365,1989,810.1
615,365,1990,1635.1
615,365,1991,1984.2
615,365,1994,340.75
615,365,1995,415.65
615,365,1996,56.65
615,365,1999,101.16
615,365,2000,332.31
615,365,2001,813.0
615,365,2002,846.2
615,365,2003,812.7
615,365,2004,812.7
615,365,2005,508.2
615,365,2006,1142.0
615,365,2007,1277.5
615,365,2008,3575.0
615,365,2009,2350.0
615,365,2010,1014.0
615,365,2011,1594.6
615,365,2012,2138.0
615,365,2013,1228.0
615,365,2014,1168.0
615,365,2015,2064.0
615,365,2016,3363.45
615,365,2017,1634.65
615,365,2018,2065.0
615,365,2020,796.75
615,365,2021,424.75
615,365,2022,444.75
615,365,2023,499.75
615,365,2024,434.75
615,365,2025,60.0
615,369,1996,4.2
615,369,1998,187.92000000000002
615,369,1999,204.06
615,369,2000,118.96000000000001
615,369,2001,54.4
615,369,2002,64.6
615,369,2003,10.2
615,369,2004,23.0
615,369,2005,18.82
615,369,2006,22.88
615,369,2007,22.04
615,369,2009,22.04
615,369,2010,22.04
615,369,2011,38.4
615,369,2012,10.45
615,369,2014,10.45
615,370,1997,28.0
615,370,1999,285.0
615,370,2000,285.0
615,370,2001,285.0
615,370,2002,285.0
615,375,2014,5.0
615,380,2016,103.0
615,390,2014,9.5
615,390,2015,9.5
615,560,1998,2.0
615,560,1999,2.0
615,560,2000,21.0
615,560,2001,21.0
615,560,2008,12.5
615,560,2009,0.7
615,560,2013,5.0
615,560,2015,5.0
615,560,2016,19.0
615,560,2017,19.0
615,600,1962,2.16
615,651,1962,7.2
615,651,1963,8.48
615,651,1964,1.44
615,651,1978,3.2
615,651,1992,50.0
615,651,1993,50.0
615,651,1994,50.0
615,651,1995,50.0
615,696,2014,44.0
615,696,2015,44.0
615,696,2016,44.0
615,696,2017,44.0
615,696,2018,110.25
615,696,2019,66.25
615,696,2022,2.5
615,710,1988,14.25
615,710,1990,124.5
615,710,1991,112.0
615,710,1995,14.25
615,710,2000,30.0
615,710,2001,30.0
615,710,2002,44.25
615,710,2006,65.6
615,710,2010,18.0
615,710,2014,155.05
615,710,2015,734.0
615,710,2016,741.0
615,710,2017,46.6
615,710,2018,78.1
615,710,2019,48.0
615,710,2020,3.0
615,710,2022,137.5
615,710,2023,186.1
615,710,2024,30.0
616,2,1960,5.28
616,2,1965,6.0
616,2,1968,11.59
616,2,1969,16.8
616,2,1972,3.84
616,2,1973,21.939999999999998
616,2,1974,7.5
616,2,1976,10.48
616,2,1978,9.8
616,2,1979,58.94
616,2,1980,35.72
616,2,1981,29.14
616,2,1982,38.75
616,2,1983,148.87
616,2,1984,248.4
616,2,1985,126.0
616,2,1987,56.0
616,2,1988,48.45
616,2,1989,65.25
616,2,1992,8.0
616,2,1995,46.0
616,2,1996,50.19
616,2,1997,61.6
616,2,1998,18.4
616,2,1999,9.6
616,2,2002,43.599999999999994
616,2,2003,0.6
616,2,2006,1.8
616,2,2008,17.29
616,2,2010,17.29
616,2,2011,17.29
616,2,2013,80.0
616,2,2014,80.0
616,2,2015,10.4
616,2,2016,40.4
616,2,2017,102.7
616,2,2018,71.26
616,2,2019,29.0
616,2,2020,29.0
616,2,2022,48.8
616,2,2023,15.2
616,2,2024,37.6
616,2,2025,7.36
616,20,2022,4.0
616,20,2023,4.0
616,140,1983,27.57
616,200,1965,17.2
616,200,1977,20.1
616,210,2018,138.0
616,220,1957,10.5
616,220,1959,17.0
616,220,1960,36.76
616,220,1961,10.4
616,220,1963,6.66
616,220,1964,4.2
616,220,1967,4.5
616,220,1968,5.7
616,220,1970,48.7
616,220,1973,4.0
616,220,1974,6.0
616,220,1975,11.32
616,220,1977,4.0
616,220,1978,1.9
616,220,1979,27.0
616,220,1981,20.0
616,220,1982,49.0
616,220,1984,11.05
616,220,1985,216.0
616,220,1987,0.2
616,220,1990,4.25
616,220,1997,0.4
616,220,1999,2.8
616,220,2016,6.48
616,220,2017,5.2
616,230,2024,52.0
616,255,1969,6.0
616,255,1985,14.4
616,255,1992,24.0
616,255,1997,6.0
616,255,2005,168.0
616,255,2017,3.4
616,305,1979,37.8
616,305,1997,2.6
616,305,2018,0.4
616,316,1994,7.8
616,316,1995,78.0
616,316,1996,78.0
616,316,1997,78.0
616,317,1995,12.0
616,317,1996,12.0
616,317,1997,12.0
616,325,1965,16.8
616,325,1971,0.24
616,325,1975,2.88
616,325,1977,31.2
616,325,1978,2.16
616,325,1979,39.6
616,325,1980,61.2
616,325,1981,0.64
616,325,1991,20.0
616,325,2015,0.45
616,380,1960,2.38
616,380,1980,63.0
616,380,1981,63.0
616,640,2014,35.0
616,640,2016,35.0
616,640,2017,24.5
616,640,2020,2.7
616,640,2021,43.95
616,640,2022,31.1
616,640,2023,41.25
616,696,2016,3.0
616,710,1977,18.0
616,710,1994,27.0
620,2,1959,0.48
620,2,1963,3.0
620,2,1964,14.7
620,2,1965,9.0
620,2,1966,6.75
620,2,1968,80.0
620,2,1969,80.0
620,2,1970,224.0
620,2,1975,2.85
620,2,1978,0.38
620,140,1975,360.0
620,140,1976,360.0
620,140,1977,360.0
620,140,1978,360.0
620,140,1981,49.5
620,140,1982,49.5
620,200,1957,3.24
620,200,1959,0.06
620,200,1960,28.0
620,200,1961,31.0
620,200,1966,18.8
620,200,1967,11.8
620,200,1968,32.1
620,200,1969,136.8
620,200,1970,21.2
620,200,1973,125.8
620,200,1976,24.0
620,200,1977,24.0
620,200,1978,24.0
620,200,1979,24.0
620,200,1980,47.8
620,200,1981,107.8
620,200,1982,60.0
620,200,1983,96.8
620,200,1984,36.8
620,200,1985,36.8
620,220,1962,2.1
620,220,1969,0.96
620,220,1971,1225.95
620,220,1972,1248.85
620,220,1973,1813.6599999999999
620,220,1974,936.16
620,220,1975,204.76
620,220,1977,45.4
620,220,1978,288.68
620,220,1979,683.6800000000001
620,220,1980,510.0
620,220,1981,525.0
620,220,1982,508.0
620,220,1983,508.0
620,220,1984,508.0
620,220,2008,10.0
620,220,2009,10.0
620,220,2010,10.0
620,220,2011,10.0
620,235,1978,3.2
620,255,1975,5.0
620,255,1976,5.0
620,255,1977,5.0
620,255,1978,5.0
620,255,1982,48.0
620,255,1983,204.0
620,255,1984,204.0
620,255,1985,156.0
620,305,1987,30.0
620,305,2011,0.8
620,315,1970,71.5
620,315,1971,85.0
620,315,1972,71.5
620,315,1973,71.5
620,315,1974,15.0
620,315,1976,14.4
620,315,1977,14.4
620,315,1978,724.0
620,315,1979,724.0
620,315,1981,756.4
620,315,1982,756.4
620,315,1983,804.0
620,315,1984,103.4
620,315,1985,15.6
620,315,1986,15.6
620,325,1971,1.55
620,325,1974,7.2
620,325,1976,120.0
620,325,1977,46.0
620,325,1978,66.4
620,325,1979,334.2
620,325,1980,507.7
620,325,1981,607.6
620,325,1982,675.4
620,325,1983,704.7
620,325,1984,416.0
620,325,1985,252.0
620,325,1986,3.0
620,325,2006,27.5
620,325,2007,27.5
620,325,2009,44.06
620,325,2010,44.06
620,325,2011,6.0
620,325,2013,1.44
620,345,1976,202.2
620,345,1977,202.2
620,345,1978,135.0
620,345,1979,135.0
620,345,1980,135.0
620,345,1981,135.0
620,345,1982,20.0
620,345,1983,139.5
620,345,1984,179.5
620,345,1985,179.5
620,365,1970,183.0
620,365,1971,169.0
620,365,1972,142.8
620,365,1973,942.8
620,365,1974,3359.8
620,365,1975,3856.68
620,365,1976,5539.68
620,365,1977,7139.68
620,365,1978,8839.16
620,365,1979,8141.76
620,365,1980,8463.78
620,365,1981,8796.38
620,365,1982,7339.38
620,365,1983,2272.6
620,365,1984,1569.5
620,365,1985,1780.0
620,365,1986,1486.0
620,365,1987,289.0
620,365,1988,12.0
620,365,1989,225.0
620,365,1990,15.2
620,365,2005,0.8
620,365,2006,38.56
620,365,2007,38.56
620,365,2008,38.56
620,365,2010,14.9
620,365,2013,35.5
620,625,2013,10.8
620,640,1980,34.2
620,640,1981,34.2
620,640,2019,34.05
620,640,2020,0.44
620,640,2024,4.5
620,651,1959,0.28
620,651,1970,24.7
620,663,2013,10.78
620,696,2012,135.0
620,696,2013,120.0
620,696,2016,2.4
620,710,1980,12.5
620,710,1981,12.5
620,710,1982,12.5
620,710,1983,12.5
620,710,1984,12.5
620,731,1980,6.0
620,731,1999,6.25
625,2,1965,7.2
625,2,1966,7.2
625,2,1978,168.0
625,2,1979,42.0
625,2,1981,85.24000000000001
625,2,1982,119.9
625,2,1983,2.8
625,2,1984,54.8
625,2,1987,4.8
625,2,1988,4.8
625,20,1977,52.88
625,20,1978,52.88
625,200,1957,1.52
625,200,1958,0.76
625,200,1960,7.12
625,200,1961,20.64
625,200,1962,53.16
625,200,1963,34.3
625,200,1964,4.0
625,200,1965,4.0
625,200,1984,7.5
625,210,1964,34.0
625,220,1980,0.24
625,220,1981,10.5
625,220,1983,2.56
625,220,1986,0.2
625,235,1986,1.25
625,255,1962,1.78
625,255,1964,0.14
625,255,1978,9.6
625,255,1979,9.6
625,255,1980,9.6
625,290,1999,12.0
625,315,1968,6.75
625,315,1970,12.0
625,317,2007,6.0
625,325,1982,22.2
625,325,1983,22.2
625,325,1987,22.2
625,325,1988,22.2
625,345,1969,18.5
625,345,2009,0.29
625,360,1984,60.0
625,360,1985,90.0
625,365,1960,0.6
625,365,1966,12.5
625,365,1967,12.5
625,365,1969,334.8
625,365,1970,575.15
625,365,1971,63.74
625,365,1974,2.8
625,365,1977,3.0
625,365,1997,8.8
625,365,2001,122.04
625,365,2002,122.04
625,365,2003,342.0
625,365,2004,450.75
625,365,2005,180.03
625,365,2006,108.75
625,365,2007,108.75
625,365,2008,112.75
625,365,2009,73.3
625,365,2010,81.5
625,365,2011,75.28
625,365,2012,51.5
625,365,2015,129.28
625,365,2016,129.28
625,365,2017,71.28
625,365,2018,0.18
625,369,1996,2.16
625,369,2006,8.9
625,369,2007,7.8
625,369,2008,55.0
625,369,2009,55.0
625,369,2010,175.2
625,369,2011,227.82999999999998
625,369,2012,177.70999999999998
625,369,2013,178.29999999999998
625,370,1996,24.9
625,370,1999,36.0
625,370,2001,36.0
625,370,2002,6.24
625,370,2003,15.82
625,370,2007,0.36
625,370,2008,69.0
625,370,2009,69.0
625,370,2010,69.0
625,370,2013,125.6
625,370,2014,18.4
625,370,2015,130.36
625,370,2016,132.76
625,370,2017,7.56
625,370,2018,1.07
625,370,2019,18.4
625,370,2022,0.8
625,370,2023,0.22
625,371,2006,4.4
625,620,1988,62.4
625,620,1989,6.6
625,630,1975,4.5
625,630,2003,9.0
625,630,2005,3.0
625,630,2006,16.9
625,630,2007,15.0
625,630,2008,17.75
625,630,2009,15.0
625,630,2010,15.0
625,630,2011,15.0
625,630,2012,15.0
625,630,2013,15.0
625,630,2014,15.0
625,630,2015,15.0
625,630,2016,15.0
625,630,2023,0.7
625,640,2023,19.2
625,640,2024,19.2
625,640,2025,22.5
625,651,1957,0.56
625,651,1958,7.6
625,651,1959,7.6
625,651,1981,12.1
625,651,1982,9.76
625,651,1983,11.059999999999999
625,651,1984,35.04
625,651,1986,2.82
625,651,1988,0.62
625,651,1989,6.25
625,651,1990,6.25
625,670,1981,30.46
625,678,1985,3.4
625,696,2013,9.0
625,696,2017,5.0
625,696,2018,5.0
625,696,2019,5.0
625,696,2022,1.8
625,698,1986,5.29
625,703,1995,3.3
625,703,2024,34.0
625,703,2025,34.0
625,710,1968,12.0
625,710,1969,12.0
625,710,1970,101.5
625,710,1971,70.0
625,710,1972,115.0
625,710,1973,70.0
625,710,1978,10.0
625,710,1981,108.0
625,710,1987,108.0
625,710,1989,7.0
625,710,1991,46.0
625,710,1992,6.3
625,710,1997,54.0
625,710,2001,23.0
625,710,2002,158.0
625,710,2003,239.0
625,710,2004,158.0
625,710,2005,160.28
625,710,2006,252.5
625,710,2007,248.5
625,710,2008,203.0
625,710,2009,207.5
625,710,2010,320.0
625,710,2011,320.0
625,710,2012,220.0
625,710,2013,215.5
625,710,2014,196.7
625,710,2015,178.5
625,710,2016,27.0
625,710,2017,79.4
625,710,2018,64.4
626,365,2011,65.25
626,365,2015,21.6
626,365,2016,21.6
626,369,2007,82.72
626,369,2008,82.72
626,369,2009,2.64
626,500,2016,4.0
626,560,2012,1.5
626,696,2013,26.4
626,696,2014,38.3
626,696,2021,16.5
626,696,2022,16.5
626,710,2014,12.0
630,2,1950,25.060000000000002
630,2,1951,6.2
630,2,1952,0.72
630,2,1953,8.120000000000001
630,2,1954,35.64
630,2,1955,91.03999999999999
630,2,1956,70.4
630,2,1957,210.16
630,2,1958,316.03999999999996
630,2,1959,299.9
630,2,1960,250.98
630,2,1961,184.74
630,2,1962,265.84
630,2,1963,154.2
630,2,1964,208.12
630,2,1965,2049.62
630,2,1966,2176.02
630,2,1967,1458.1
630,2,1968,2909.7
630,2,1969,2710.5
630,2,1970,2461.3
630,2,1971,2824.35
630,2,1972,1736.6599999999999
630,2,1973,6071.360000000001
630,2,1974,8270.33
630,2,1975,11618.33
630,2,1976,13278.210000000001
630,2,1977,11092.51
630,2,1978,8536.85
630,2,1979,2735.36
630,2,1984,4.0
630,2,1985,4.25
630,2,1986,49.95
630,20,1955,1.52
630,20,1960,0.76
630,20,1973,101.0
630,20,1975,101.0
630,20,1976,111.0
630,20,1977,111.0
630,20,1978,10.0
630,20,1979,10.0
630,20,1984,12.25
630,20,1989,8.75
630,20,1990,8.75
630,20,1991,8.75
630,140,1989,47.5
630,140,1990,47.5
630,140,1991,47.5
630,200,1959,2.4
630,200,1968,78.55
630,200,1969,93.0
630,200,1970,115.0
630,200,1971,1864.2
630,200,1972,2342.55
630,200,1973,2036.05
630,200,1974,1654.6000000000001
630,200,1975,2157.1
630,200,1976,219.5
630,200,1977,265.0
630,200,1978,520.0
630,200,1979,349.0
630,200,1981,12.0
630,200,1984,127.0
630,200,1985,52.0
630,210,1971,119.0
630,210,1973,119.0
630,210,1974,119.0
630,210,1975,119.0
630,210,1976,56.0
630,210,1977,247.0
630,210,1978,72.0
630,210,1981,128.0
630,210,1984,60.0
630,210,1985,60.0
630,210,1988,90.0
630,210,1989,90.0
630,210,1990,90.0
630,210,1991,90.0
630,210,1993,90.0
630,210,1994,90.0
630,210,1995,90.0
630,220,1966,20.0
630,220,1967,20.0
630,220,1968,20.0
630,220,1969,20.0
630,220,1970,20.0
630,220,1971,171.2
630,220,1972,9.6
630,220,1973,9.6
630,220,1974,9.6
630,220,1975,9.6
630,220,1977,572.4
630,220,1978,572.4
630,220,1981,572.4
630,220,1996,1.44
630,225,1971,10.0
630,225,1972,10.0
630,225,1975,287.5
630,225,1976,287.5
630,225,1983,12.0
630,225,1984,55.75
630,255,1969,11.25
630,255,1970,11.25
630,255,1971,11.25
630,255,1974,60.0
630,265,1989,8.0
630,290,1994,258.96
630,290,1995,258.96
630,305,1985,200.0
630,325,1968,4.5
630,325,1969,72.5
630,325,1970,72.5
630,325,1971,63.8
630,325,1972,63.8
630,325,1973,9.8
630,325,1974,373.5
630,325,1975,373.5
630,325,1976,768.5
630,325,1977,737.0
630,325,1978,815.0
630,325,1979,785.0
630,325,1980,220.0
630,325,1981,640.0
630,365,1967,367.0
630,365,1968,15.6
630,365,1970,348.36
630,365,1971,1651.4
630,365,1972,6.0
630,365,1977,1480.0
630,365,1978,1480.0
630,365,1986,396.0
630,365,1987,380.0
630,365,1988,360.0
630,365,1989,360.0
630,365,1990,365.1
630,365,1991,798.15
630,365,1992,440.0
630,365,1993,1958.9
630,365,1994,1530.3400000000001
630,365,1995,452.9
630,365,1996,1808.66
630,365,1997,1568.9
630,365,1998,1603.9
630,365,1999,1663.9
630,365,2000,1947.65
630,365,2001,1861.4
630,365,2002,428.0
630,365,2003,393.0
630,365,2004,238.0
630,365,2005,238.0
630,365,2006,860.6
630,365,2007,788.0
630,365,2008,238.0
630,365,2009,295.0
630,365,2010,282.0
630,365,2011,256.0
630,365,2012,238.0
630,365,2013,160.0
630,365,2014,160.0
630,365,2015,160.0
630,365,2016,569.0
630,365,2017,160.0
630,365,2018,160.0
630,365,2019,160.0
630,365,2020,160.0
630,365,2023,63.0
630,365,2024,63.0
630,369,1993,24.0
630,369,1994,22.0
630,369,1995,22.0
630,369,1996,22.0
630,369,1997,22.0
630,369,1998,334.0
630,369,1999,22.0
630,369,2000,22.0
630,369,2001,312.0
630,369,2002,312.0
630,370,2000,38.48
630,370,2001,38.48
630,370,2002,38.48
630,370,2011,15.0
630,380,1985,16.0
630,530,1985,35.0
630,620,1980,93.6
630,620,1981,105.69999999999999
630,620,1985,21.2
630,620,1986,20.0
630,620,1987,20.0
630,652,1982,224.0
630,652,1983,92.0
630,666,1985,38.08
630,666,1986,38.0
630,710,1981,37.5
630,710,1982,662.5
630,710,1983,662.5
630,710,1984,662.5
630,710,1985,337.72
630,710,1986,1225.22
630,710,1987,1104.0
630,710,1988,857.5
630,710,1989,274.46000000000004
630,710,1990,359.46000000000004
630,710,1991,374.46000000000004
630,710,1992,266.7
630,710,1993,467.5
630,710,1994,944.5
630,710,1995,458.25
630,710,1996,992.75
630,710,1997,557.75
630,710,1998,573.75
630,710,1999,672.0
630,710,2000,672.0
630,710,2001,749.5
630,710,2002,709.0
630,710,2003,709.0
630,710,2004,754.0
630,710,2005,559.0
630,710,2006,648.5
630,710,2007,571.5
630,710,2008,571.5
630,710,2009,571.5
630,710,2010,591.5
630,710,2011,591.5
630,710,2012,526.5
630,710,2013,184.5
630,710,2014,184.5
630,710,2015,134.5
630,731,1982,432.5
630,731,1983,780.5
630,731,1984,768.5
630,731,1985,768.5
630,731,1986,448.5
630,731,1987,624.0
630,731,1988,600.0
630,731,1989,100.0
630,731,1990,60.0
630,731,1991,272.5
630,731,1992,272.5
630,731,1993,282.5
630,731,1994,70.0
630,731,1995,70.0
630,731,1996,60.0
630,731,1997,60.0
630,731,1998,60.0
630,731,2002,256.5
630,731,2003,232.5
630,731,2004,90.0
630,732,1986,45.0
630,740,1980,125.0
630,770,1980,75.0
630,770,1981,75.0
630,770,1982,75.0
630,770,1989,6.0
630,770,1990,6.0
630,770,1991,6.0
630,770,2002,0.24
640,2,1950,292.39
640,2,1951,405.34000000000003
640,2,1952,895.26
640,2,1953,670.9200000000001
640,2,1954,720.63
640,2,1955,1367.94
640,2,1956,1026.28
640,2,1957,1590.63
640,2,1958,1605.99
640,2,1959,1631.1
640,2,1960,1387.3400000000001
640,2,1961,1839.7
640,2,1962,1143.2
640,2,1963,1850.4
640,2,1964,2041.9
640,2,1965,1661.45
640,2,1966,1656.09
640,2,1967,1268.64
640,2,1968,1173.04
640,2,1969,1961.67
640,2,1970,1901.3500000000001
640,2,1971,1732.8899999999999
640,2,1972,1513.01
640,2,1973,1600.6200000000001
640,2,1974,1915.75
640,2,1975,575.37
640,2,1976,443.0
640,2,1977,443.0
640,2,1978,1523.1
640,2,1979,1498.6399999999999
640,2,1980,312.6
640,2,1981,418.4
640,2,1982,332.4
640,2,1983,505.95
640,2,1984,504.2
640,2,1985,685.76
640,2,1986,581.06
640,2,1987,5582.0
640,2,1988,5277.15
640,2,1989,5208.7
640,2,1990,5535.4
640,2,1991,6213.15
640,2,1992,7107.87
640,2,1993,8330.65
640,2,1994,7021.47
640,2,1995,6218.39
640,2,1996,2351.66
640,2,1997,2944.3
640,2,1998,4757.4
640,2,1999,3325.2
640,2,2000,2172.1
640,2,2001,1292.1
640,2,2002,1512.3
640,2,2003,1003.0
640,2,2004,857.5
640,2,2005,499.20000000000005
640,2,2007,33.36
640,2,2008,56.22
640,2,2009,342.24
640,2,2010,8.28
640,2,2011,1585.0
640,2,2012,1805.71
640,2,2013,972.9
640,2,2014,1970.7
640,2,2015,1474.56
640,2,2016,483.56
640,2,2017,429.3
640,2,2018,350.5
640,2,2019,279.65999999999997
640,2,2020,90.36
640,2,2021,90.36
640,2,2022,294.7
640,2,2023,320.5
640,2,2024,238.5
640,2,2025,285.5
640,20,1952,20.0
640,20,1953,20.0
640,20,1954,169.8
640,20,1955,169.8
640,20,1956,149.8
640,20,1957,76.56
640,20,1958,93.6
640,20,1968,54.0
640,20,1969,54.0
640,20,1970,54.0
640,20,1971,54.0
640,20,1972,54.0
640,20,1973,54.0
640,20,1986,134.4
640,20,1987,134.4
640,20,2010,14.0
640,20,2011,14.0
640,20,2012,14.0
640,20,2013,12.0
640,20,2018,7.5
640,20,2019,7.5
640,20,2020,12.0
640,20,2021,12.0
640,20,2022,12.0
640,20,2023,12.0
640,200,1957,88.2
640,200,1958,88.2
640,200,1959,310.2
640,200,1971,80.0
640,200,1972,81.2
640,200,1983,357.0
640,200,1984,357.0
640,200,1985,357.0
640,200,1986,357.0
640,200,1987,441.0
640,200,1988,441.0
640,200,1989,28.0
640,200,1990,10.0
640,200,1991,10.0
640,200,1992,10.0
640,200,1993,10.0
640,200,1994,118.0
640,200,1995,160.0
640,200,1996,160.0
640,200,1997,820.0
640,200,1998,850.0
640,200,1999,820.0
640,200,2000,732.0
640,200,2001,702.0
640,200,2002,819.6
640,200,2003,117.6
640,200,2004,117.6
640,200,2005,117.6
640,200,2006,117.6
640,200,2007,117.6
640,200,2008,117.6
640,200,2009,117.6
640,200,2010,117.6
640,210,1971,9.6
640,210,1977,24.0
640,210,1978,24.0
640,210,1979,24.0
640,210,1980,261.44
640,210,1981,237.44
640,210,1982,237.44
640,210,1983,237.44
640,210,1985,24.0
640,210,1986,24.0
640,210,1987,78.0
640,210,1988,209.51999999999998
640,210,1989,294.0
640,210,1990,283.5
640,210,1991,283.5
640,210,1992,283.5
640,210,1993,67.5
640,210,1994,67.5
640,210,1995,76.5
640,210,1996,9.0
640,210,1997,67.5
640,210,1998,57.75
640,210,1999,39.75
640,210,2000,57.75
640,210,2005,53.0
640,210,2006,53.0
640,210,2008,53.0
640,210,2009,26.5
640,210,2010,26.5
640,210,2011,167.25
640,210,2012,150.0
640,210,2013,167.25
640,210,2014,150.0
640,210,2017,25.0
640,210,2018,59.5
640,210,2019,34.5
640,210,2023,12.5
640,211,1982,76.16
640,211,1983,76.16
640,220,1966,168.0
640,220,1967,168.0
640,220,1968,168.0
640,220,1969,168.0
640,220,1970,168.0
640,220,1971,168.0
640,220,1972,176.01999999999998
640,220,1973,168.54
640,220,1977,0.56
640,220,1982,31.0
640,220,1983,31.0
640,220,1988,5.0
640,220,1989,5.0
640,220,1990,5.0
640,220,1991,5.0
640,220,1992,5.0
640,220,1993,175.0
640,220,1994,175.0
640,220,1995,321.44
640,220,1996,320.0
640,220,1997,257.5
640,220,1998,447.37
640,220,1999,447.37
640,220,2000,508.12
640,220,2001,418.62
640,220,2002,393.0
640,220,2003,217.5
640,220,2013,37.5
640,220,2014,37.5
640,220,2020,37.5
640,220,2021,37.5
640,220,2022,37.5
640,220,2023,37.5
640,225,1977,10.0
640,225,1978,10.0
640,225,1979,10.0
640,225,1980,10.0
640,225,1986,360.0
640,225,1987,360.0
640,225,1988,360.0
640,225,1989,360.0
640,225,1990,360.0
640,225,1991,360.0
640,225,1992,360.0
640,225,1993,360.0
640,225,1994,360.0
640,225,1996,5.0
640,225,1997,90.0
640,225,1998,90.0
640,225,1999,90.0
640,225,2000,90.0
640,230,1992,468.0
640,230,1993,468.0
640,230,1994,468.0
640,230,1995,468.0
640,230,1996,468.0
640,230,1997,468.0
640,230,1998,468.0
640,230,2013,222.0
640,230,2014,901.0
640,230,2015,730.0
640,230,2017,730.0
640,230,2018,730.0
640,230,2019,730.0
640,230,2022,730.0
640,230,2023,479.5
640,255,1964,123.0
640,255,1965,60.0
640,255,1966,222.3
640,255,1967,280.5
640,255,1968,86.78
640,255,1969,242.7
640,255,1970,551.4
640,255,1971,760.7
640,255,1972,768.5
640,255,1973,60.0
640,255,1974,50.0
640,255,1975,462.6
640,255,1976,520.89
640,255,1977,364.63
640,255,1978,825.63
640,255,1979,626.99
640,255,1980,1256.4299999999998
640,255,1981,1392.3
640,255,1982,944.64
640,255,1983,384.96000000000004
640,255,1984,1263.54
640,255,1985,993.04
640,255,1986,996.24
640,255,1987,991.6400000000001
640,255,1988,1853.48
640,255,1989,1605.96
640,255,1990,638.7
640,255,1991,416.16
640,255,1992,390.84000000000003
640,255,1993,450.96000000000004
640,255,1994,1086.34
640,255,1995,1313.12
640,255,1996,1033.66
640,255,1997,429.65999999999997
640,255,1998,1423.91
640,255,1999,551.71
640,255,2000,654.25
640,255,2004,144.0
640,255,2005,1389.0
640,255,2006,1483.8
640,255,2007,1558.8
640,255,2008,1113.8
640,255,2009,996.3
640,255,2010,1085.9
640,255,2011,167.6
640,255,2012,161.6
640,255,2013,167.6
640,255,2014,209.6
640,255,2015,120.0
640,255,2017,120.0
640,255,2018,126.0
640,255,2019,126.0
640,255,2021,1.0
640,255,2022,120.0
640,255,2023,15.0
640,255,2024,554.0
640,255,2025,550.0
640,325,1964,3.0
640,325,1967,27.3
640,325,1968,39.2
640,325,1969,24.5
640,325,1970,123.2
640,325,1971,123.2
640,325,1972,141.2
640,325,1973,153.2
640,325,1974,123.2
640,325,1975,123.2
640,325,1976,12.0
640,325,1977,30.25
640,325,1978,10.0
640,325,1979,10.0
640,325,1980,10.0
640,325,1984,99.1
640,325,1985,109.1
640,325,1986,10.0
640,325,1987,140.5
640,325,1988,150.5
640,325,1989,47.0
640,325,1990,9.84
640,325,1991,9.84
640,325,1992,9.84
640,325,1993,9.84
640,325,1994,10.0
640,325,1995,65.5
640,325,1996,60.5
640,325,1997,36.0
640,325,1998,25.0
640,325,1999,15.0
640,325,2000,25.48
640,325,2001,25.0
640,325,2002,45.0
640,325,2003,20.0
640,325,2005,70.0
640,325,2006,70.0
640,325,2008,45.0
640,325,2009,10.0
640,325,2010,10.0
640,325,2011,45.5
640,325,2012,200.0
640,325,2013,68.5
640,325,2014,134.5
640,325,2015,134.5
640,325,2016,564.5
640,325,2017,514.5
640,325,2018,688.0
640,325,2019,688.0
640,325,2020,682.5
640,325,2021,882.0
640,325,2022,850.5
640,325,2023,716.25
640,325,2024,36.5
640,325,2025,168.0
640,365,1993,40.66
640,365,1994,24.36
640,365,1995,162.11
640,365,1996,137.75
640,365,2009,32.0
640,365,2010,32.0
640,365,2019,343.5
640,365,2020,64.0
640,365,2021,64.0
640,385,1960,12.8
640,385,1962,250.0
640,385,1963,250.0
640,385,1964,25.0
640,385,1965,250.0
640,385,1966,250.0
640,385,1967,250.0
640,385,1968,250.0
640,385,1969,250.0
640,385,1975,18.0
640,385,1976,18.0
640,385,1977,18.0
640,385,1981,58.24
640,385,1983,35.2
640,385,1985,35.2
640,385,1987,32.0
640,385,1991,28.8
640,385,1992,28.8
640,385,1993,28.8
640,385,1994,28.8
640,385,2001,6.4
640,385,2002,6.4
640,385,2011,6.4
640,390,1964,60.0
640,390,1981,57.2
640,390,1982,57.2
640,390,2012,8.58
640,620,1975,22.4
640,666,2001,151.2
640,666,2002,192.6
640,666,2003,151.2
640,666,2004,43.2
640,666,2005,516.8
640,666,2006,516.8
640,666,2007,519.8
640,666,2008,517.4
640,666,2009,516.8
640,666,2010,710.5999999999999
640,666,2011,163.8
640,666,2012,163.8
640,666,2014,163.8
640,666,2015,163.8
640,670,2011,57.6
640,710,1998,28.8
640,710,1999,28.8
640,710,2000,28.8
640,710,2002,270.0
640,710,2003,270.0
640,710,2004,270.0
640,710,2005,270.0
640,710,2006,270.0
640,710,2007,270.0
640,710,2008,270.0
640,710,2009,270.0
640,710,2010,270.0
640,710,2011,270.0
640,710,2012,270.0
640,713,1989,28.8
640,732,2004,1215.2
640,732,2005,1215.2
640,732,2006,1215.2
640,732,2007,1215.2
640,732,2008,1215.2
640,732,2009,1215.2
640,732,2010,1291.2
640,732,2011,1291.2
640,732,2012,1291.2
640,732,2013,1242.5
640,732,2014,27.3
640,732,2015,27.3
640,732,2016,27.3
640,732,2017,27.3
640,732,2018,27.3
640,732,2019,27.3
640,732,2020,27.3
640,732,2025,3.0
640,770,2022,12.48
640,770,2023,12.48
640,770,2024,12.48
640,770,2025,12.48
645,2,1956,34.9
645,2,1957,17.4
645,2,1958,12.0
645,2,1983,27.3
645,2,1985,18.2
645,2,1986,18.2
645,2,1987,186.0
645,2,1988,186.0
645,2,2004,18.88
645,2,2005,53.6
645,2,2006,579.3
645,2,2007,650.95
645,2,2008,573.05
645,2,2009,692.25
645,2,2010,853.62
645,2,2011,1012.3499999999999
645,2,2012,1292.01
645,2,2013,612.38
645,2,2014,772.07
645,2,2015,1473.6000000000001
645,2,2016,1572.05
645,2,2017,1454.6599999999999
645,2,2018,32.24
645,2,2019,19.2
645,2,2020,19.2
645,2,2022,11.0
645,2,2023,8.2
645,2,2024,19.259999999999998
645,2,2025,13.5
645,20,1955,0.38
645,20,1980,18.2
645,20,1981,18.2
645,20,1982,18.2
645,20,1983,18.2
645,20,1985,28.0
645,20,1986,28.0
645,20,1987,28.0
645,20,1988,35.0
645,20,1989,7.0
645,20,1990,7.0
645,20,2005,0.88
645,20,2006,0.88
645,20,2007,1.76
645,20,2008,0.88
645,20,2009,7.5
645,20,2010,7.5
645,140,1979,144.0
645,140,1980,171.5
645,140,1981,144.0
645,140,1982,177.5
645,140,1983,177.5
645,140,1984,283.7
645,140,1985,408.2
645,140,1986,219.0
645,140,1987,152.0
645,140,1988,219.0
645,200,1952,58.52
645,200,1953,52.5
645,200,1954,99.0
645,200,1955,106.5
645,200,1956,173.25
645,200,1957,74.25
645,200,1958,54.0
645,200,1963,104.4
645,200,1964,69.0
645,200,1965,157.0
645,200,1966,88.0
645,200,1971,1.8
645,200,1976,47.6
645,200,1977,47.6
645,200,1980,5.0
645,200,1982,43.5
645,200,1986,23.8
645,200,1987,23.8
645,200,1988,23.8
645,200,2005,4.75
645,200,2007,4.8
645,220,1967,52.5
645,220,1968,52.5
645,220,1969,10.5
645,220,1970,63.0
645,220,1971,24.799999999999997
645,220,1972,5.6
645,220,1973,4.93
645,220,1974,4.93
645,220,1975,115.63
645,220,1976,140.95
645,220,1977,251.85
645,220,1978,161.0
645,220,1979,206.25
645,220,1980,1083.31
645,220,1981,1435.21
645,220,1982,3388.96
645,220,1983,3180.21
645,220,1984,3166.21
645,220,1985,3158.81
645,220,1986,794.3
645,220,1987,568.3
645,220,1988,872.3
645,220,1989,505.0
645,220,1990,809.5
645,220,2010,2.04
645,220,2022,52.0
645,220,2024,82.0
645,220,2025,48.0
645,225,1979,7.2
645,225,1980,72.2
645,225,1981,65.0
645,225,1982,65.0
645,225,1983,65.0
645,225,1984,40.0
645,225,1985,40.0
645,225,1986,40.0
645,225,1987,78.0
645,225,1988,78.0
645,225,1989,1.6
645,225,1990,38.0
645,230,1989,2.5
645,230,2015,32.34
645,230,2016,32.34
645,255,1979,24.0
645,255,1980,2.4
645,255,1982,52.8
645,255,1983,28.8
645,255,1984,17.4
645,255,1988,53.6
645,255,1989,46.4
645,255,1990,17.4
645,255,2011,54.0
645,255,2012,54.0
645,255,2014,14.1
645,255,2015,20.630000000000003
645,255,2016,13.5
645,255,2017,12.0
645,265,1981,25.0
645,290,1977,80.0
645,290,1978,80.0
645,290,1979,80.0
645,290,1981,200.0
645,290,1982,200.0
645,290,2005,90.0
645,290,2006,90.0
645,290,2007,90.0
645,290,2018,2.4
645,305,1981,200.0
645,305,1982,200.0
645,305,1983,200.0
645,305,1984,200.0
645,305,1985,200.0
645,305,1986,200.0
645,310,1981,30.0
645,310,2005,81.92
645,310,2007,9.24
645,315,1966,75.0
645,315,1967,75.0
645,315,1968,102.0
645,315,1969,102.0
645,315,1975,77.0
645,315,1976,236.0
645,315,1977,236.0
645,315,1981,296.0
645,315,1984,236.0
645,315,1985,236.0
645,316,2014,62.4
645,316,2015,168.6
645,316,2016,152.4
645,316,2017,16.0
645,316,2018,10.0
645,325,1982,38.4
645,325,1984,50.0
645,325,2009,70.0
645,325,2017,148.0
645,345,1977,41.8
645,345,1978,61.8
645,345,1979,41.8
645,345,1980,69.35
645,345,1988,2.0
645,345,1989,26.25
645,345,1990,26.25
645,345,2010,4.8
645,345,2011,4.8
645,349,2016,0.8
645,350,2005,36.0
645,350,2006,36.0
645,355,2014,43.6
645,355,2015,140.8
645,355,2016,140.8
645,355,2017,40.0
645,355,2022,17.6
645,360,1982,187.5
645,360,1983,187.5
645,360,1984,187.5
645,365,1958,199.64000000000001
645,365,1959,670.7
645,365,1960,712.2
645,365,1961,397.4
645,365,1962,864.6
645,365,1963,805.4
645,365,1964,1137.32
645,365,1965,1096.8
645,365,1966,997.4
645,365,1967,1036.9
645,365,1968,1143.85
645,365,1969,1185.85
645,365,1970,810.6
645,365,1971,499.9
645,365,1972,1489.0
645,365,1973,4806.9
645,365,1974,5171.1
645,365,1975,3764.1
645,365,1976,4118.6
645,365,1977,3852.6
645,365,1978,7469.599999999999
645,365,1979,7000.099999999999
645,365,1980,7776.099999999999
645,365,1981,7453.599999999999
645,365,1982,10342.26
645,365,1983,9318.76
645,365,1984,11359.36
645,365,1985,8638.46
645,365,1986,9111.61
645,365,1987,8802.61
645,365,1988,5231.35
645,365,1989,5302.4
645,365,1990,2242.5
645,365,2006,72.5
645,365,2007,130.5
645,365,2008,130.5
645,365,2010,159.5
645,365,2011,159.5
645,365,2013,316.0
645,365,2014,1576.25
645,365,2015,1545.85
645,365,2016,1543.05
645,365,2017,828.0
645,365,2018,1172.5
645,365,2019,344.5
645,366,2015,1.2
645,369,2006,42.22
645,369,2007,44.08
645,369,2008,36.96
645,369,2009,36.96
645,369,2010,49.28
645,369,2011,234.9
645,369,2012,238.64000000000001
645,369,2013,168.9
645,370,2015,41.4
645,370,2016,41.4
645,380,1980,8.25
645,390,1983,105.0
645,560,1985,100.0
645,560,1986,100.0
645,560,1987,100.0
645,560,1988,100.0
645,560,2006,17.25
645,560,2007,17.25
645,560,2010,9.0
645,560,2011,9.0
645,560,2012,9.0
645,560,2015,2.4
645,630,2014,32.6
645,630,2015,9.2
645,630,2020,0.45
645,640,2005,63.03
645,640,2006,63.03
645,640,2007,63.03
645,640,2023,6.0
645,640,2024,6.0
645,651,1980,16.0
645,651,1981,149.96
645,651,1982,149.96
645,651,1983,149.96
645,651,1985,16.8
645,651,1986,48.3
645,651,1987,228.3
645,651,1988,228.3
645,651,1989,196.8
645,663,1985,2.4
645,663,2004,26.0
645,663,2005,36.769999999999996
645,663,2007,16.77
645,666,2023,15.12
645,696,2004,2.82
645,696,2005,2.04
645,710,1982,1295.0
645,710,1983,3905.0
645,710,1984,3710.0
645,710,1985,3710.0
645,710,1986,3835.0
645,710,1987,3975.0
645,710,1988,510.0
645,710,1989,50.0
645,710,2004,20.0
645,710,2015,86.0
645,710,2016,86.0
645,710,2024,7.85
645,732,2005,3.0
645,732,2016,427.2
645,732,2017,427.2
645,732,2020,1.4
645,770,2005,19.2
645,770,2006,6.0
645,770,2023,1.92
645,770,2024,1.92
645,900,2004,0.22
651,2,1950,23.85
651,2,1954,0.16
651,2,1976,168.0
651,2,1977,168.0
651,2,1978,18.0
651,2,1979,896.25
651,2,1980,1035.79
651,2,1981,1352.3899999999999
651,2,1982,2378.0
651,2,1983,1944.95
651,2,1984,1684.1
651,2,1985,1051.7
651,2,1986,2631.7
651,2,1987,2698.7999999999997
651,2,1988,1154.57
651,2,1989,1108.6
651,2,1990,3474.6
651,2,1991,4770.46
651,2,1992,4232.099999999999
651,2,1993,4060.84
651,2,1994,5226.57
651,2,1995,4773.2
651,2,1996,4362.73
651,2,1997,3405.69
651,2,1998,1223.04
651,2,1999,1591.04
651,2,2000,1617.78
651,2,2001,1251.3700000000001
651,2,2002,1404.86
651,2,2003,1188.21
651,2,2004,1174.72
651,2,2005,2008.6
651,2,2006,1387.56
651,2,2007,837.41
651,2,2008,788.03
651,2,2009,93.28
651,2,2010,693.9300000000001
651,2,2011,569.28
651,2,2012,607.4
651,2,2013,1424.96
651,2,2014,190.8
651,2,2015,1503.26
651,2,2016,644.5600000000001
651,2,2017,633.1
651,2,2018,689.4
651,2,2019,738.2
651,2,2020,733.4
651,2,2021,183.1
651,2,2022,150.1
651,2,2023,171.0
651,2,2024,69.0
651,2,2025,55.5
651,20,1982,132.2
651,20,1984,14.0
651,20,1985,14.0
651,20,1986,14.0
651,20,1987,14.0
651,20,1988,14.0
651,20,1990,4.9
651,20,2011,4.5
651,20,2012,1.6
651,20,2013,13.5
651,20,2014,9.0
651,20,2015,12.0
651,20,2016,18.0
651,140,1984,76.0
651,140,1985,76.0
651,140,1986,76.0
651,140,1987,76.0
651,140,1988,76.0
651,140,1990,26.6
651,200,1950,134.71
651,200,1951,75.91
651,200,1953,0.6
651,200,1954,103.80000000000001
651,200,1955,128.2
651,200,1956,73.6
651,200,1961,0.55
651,200,1973,33.75
651,200,1975,215.25
651,200,1976,215.25
651,200,1977,47.6
651,200,1978,202.85
651,200,1979,292.85
651,200,1980,90.0
651,200,1981,421.2
651,200,1982,391.2
651,200,1983,130.0
651,200,1984,130.0
651,200,1985,130.0
651,200,1986,90.0
651,200,1987,90.0
651,200,1988,105.4
651,200,1989,105.4
651,200,1990,90.0
651,200,1991,90.0
651,200,1992,90.0
651,200,1993,90.0
651,200,2023,104.0
651,210,1984,25.0
651,210,1996,196.68
651,210,1997,112.8
651,210,2006,103.67999999999999
651,210,2007,132.54
651,210,2008,85.32
651,210,2013,14.25
651,210,2015,19.0
651,210,2017,69.0
651,210,2018,12.5
651,210,2021,69.0
651,210,2022,114.75
651,210,2023,114.75
651,220,1954,83.16
651,220,1955,83.16
651,220,1956,9.0
651,220,1973,542.0
651,220,1974,545.4
651,220,1975,542.0
651,220,1976,122.8
651,220,1977,466.3
651,220,1978,270.3
651,220,1979,199.0
651,220,1980,435.2
651,220,1981,213.0
651,220,1982,508.75
651,220,1983,735.55
651,220,1984,538.15
651,220,1985,544.15
651,220,1986,538.1
651,220,1987,538.1
651,220,1988,465.8
651,220,1989,71.0
651,220,1990,65.0
651,220,1998,2.56
651,220,1999,2.56
651,220,2000,2.56
651,220,2012,4.5
651,220,2013,73.25
651,220,2014,43.25
651,220,2015,1925.45
651,220,2016,2189.0
651,220,2017,2426.0
651,220,2018,1492.0
651,220,2019,1480.0
651,220,2020,20.0
651,220,2021,986.0
651,220,2022,1106.5
651,220,2023,1074.5
651,220,2024,660.0
651,220,2025,698.0
651,225,1980,6.0
651,225,1984,207.0
651,225,1985,207.0
651,225,1986,207.0
651,225,1987,207.0
651,230,1960,100.0
651,230,1961,100.0
651,230,1962,100.0
651,230,1963,100.0
651,230,1964,100.0
651,230,1965,100.0
651,230,1966,100.0
651,230,1967,100.0
651,230,1968,100.0
651,230,1969,100.0
651,230,1984,262.4
651,230,1985,75.0
651,230,1986,75.0
651,230,2011,37.5
651,230,2013,112.5
651,230,2014,75.0
651,230,2015,100.0
651,230,2016,150.0
651,255,1981,28.8
651,255,1982,28.8
651,255,1986,320.0
651,255,1987,320.0
651,255,1988,320.0
651,255,1989,320.0
651,255,1990,320.0
651,255,1991,321.44
651,255,1992,320.0
651,255,1993,320.0
651,255,1994,320.0
651,255,1995,320.0
651,255,1996,320.0
651,255,1997,320.0
651,255,1998,320.0
651,255,1999,320.0
651,255,2000,327.4
651,255,2001,327.4
651,255,2002,437.4
651,255,2003,464.1
651,255,2005,320.0
651,255,2006,320.0
651,255,2007,320.0
651,255,2008,320.0
651,255,2009,320.0
651,255,2010,320.0
651,255,2011,320.0
651,255,2012,320.0
651,255,2013,338.0
651,255,2014,339.46
651,255,2015,348.8
651,255,2016,565.0
651,255,2017,585.0
651,255,2018,39.6
651,255,2019,264.6
651,255,2020,712.6
651,255,2021,840.1
651,255,2022,830.75
651,255,2023,830.75
651,255,2024,90.0
651,290,1971,1.4
651,305,2002,78.56
651,315,1950,42.0
651,315,1951,42.0
651,315,1952,42.0
651,315,1953,42.0
651,315,1954,62.0
651,315,1955,447.96
651,315,1956,427.96
651,315,1957,584.0
651,315,1958,42.0
651,315,1959,42.0
651,315,1960,42.0
651,315,1961,42.0
651,315,1962,42.0
651,315,1963,42.0
651,315,1964,42.0
651,315,1965,162.0
651,315,1966,229.5
651,315,1967,269.5
651,315,1968,235.5
651,315,1969,456.0
651,315,1970,222.0
651,315,1971,42.0
651,315,1972,42.0
651,315,1973,42.0
651,315,1974,42.0
651,315,1975,42.0
651,315,1976,42.0
651,315,1977,42.0
651,315,1978,42.0
651,315,1979,42.0
651,315,1980,42.0
651,315,1981,42.0
651,315,1982,42.0
651,315,1983,42.0
651,315,1984,42.0
651,315,1985,42.0
651,315,1986,42.0
651,315,1987,42.0
651,315,1988,42.0
651,315,1989,42.0
651,315,1990,42.0
651,316,1993,312.0
651,316,1994,312.0
651,316,1995,6.5
651,316,1996,1.7
651,316,1997,1.7
651,317,1993,49.0
651,317,1994,49.0
651,317,1995,49.0
651,325,1950,34.92
651,325,1951,34.92
651,325,1955,36.0
651,325,1975,22.5
651,325,1976,22.5
651,325,1981,75.0
651,325,1982,300.0
651,325,1983,24.0
651,325,1984,47.5
651,325,2012,12.0
651,325,2013,8.25
651,325,2015,13.75
651,325,2017,11.0
651,325,2020,1189.0
651,325,2021,1225.0
651,325,2022,240.0
651,325,2023,240.0
651,341,2006,94.5
651,341,2007,179.5
651,345,1956,16.8
651,365,1955,791.2
651,365,1956,1704.72
651,365,1957,882.9
651,365,1958,956.7
651,365,1959,707.7
651,365,1960,644.9
651,365,1961,1708.2
651,365,1962,2125.06
651,365,1963,3430.91
651,365,1964,3214.91
651,365,1965,3085.56
651,365,1966,3846.96
651,365,1967,6794.96
651,365,1968,4782.5
651,365,1969,5107.1
651,365,1970,6978.2
651,365,1971,7247.15
651,365,1972,10072.15
651,365,1973,6690.0
651,365,1974,2658.4
651,365,1975,1385.0
651,365,1976,35.0
651,365,1977,35.0
651,365,1992,11.6
651,365,1993,46.4
651,365,1994,50.9
651,365,1995,46.4
651,365,1996,34.8
651,365,1997,230.55
651,365,1999,195.75
651,365,2002,300.0
651,365,2003,300.0
651,365,2004,300.0
651,365,2005,393.75
651,365,2006,300.0
651,365,2007,75.0
651,365,2009,48.0
651,365,2010,720.5
651,365,2011,766.25
651,365,2012,101.5
651,365,2013,101.5
651,365,2014,110.0
651,365,2015,12.5
651,365,2016,428.5
651,365,2017,3317.4
651,365,2018,2942.4
651,365,2019,2938.0
651,365,2020,2085.0
651,369,2005,78.0
651,369,2009,78.0
651,369,2010,78.0
651,375,2000,16.0
651,375,2001,16.0
651,375,2002,16.0
651,375,2003,16.0
651,375,2004,16.0
651,375,2006,68.0
651,375,2016,23.0
651,380,1984,7.0
651,560,2014,2.1
651,620,1990,20.0
651,640,2011,12.6
651,640,2012,12.6
651,652,1970,16.8
651,663,2019,76.0
651,670,1981,2.4
651,696,2014,280.0
651,696,2015,306.4
651,696,2016,306.4
651,696,2017,280.0
651,696,2018,280.0
651,696,2019,280.0
651,696,2020,280.0
651,696,2021,280.0
651,710,1975,87.5
651,710,1979,200.0
651,710,1980,270.0
651,710,1982,1070.0
651,710,1983,1014.0
651,710,1984,1229.5
651,710,1985,861.07
651,710,1986,1000.0
651,710,1987,280.0
651,710,1988,280.0
651,710,1989,280.0
651,710,1990,280.0
651,710,1991,280.0
651,710,1992,280.0
651,710,1993,287.5
651,710,1994,280.0
651,710,1995,280.0
651,710,2001,280.0
651,710,2002,280.0
651,710,2003,280.0
651,710,2004,280.0
651,710,2005,280.0
651,710,2007,140.0
651,710,2008,140.0
651,710,2009,140.0
651,710,2010,140.0
651,710,2012,3.6
651,710,2013,3.6
651,710,2014,3.6
651,710,2016,40.0
651,710,2017,40.0
651,710,2018,40.0
651,731,1980,87.0
651,731,1981,87.0
651,731,1982,87.0
651,731,1983,87.0
651,731,1984,87.0
651,732,2017,60.0
651,732,2023,30.93
651,732,2025,31.18
652,2,1950,2.4
652,2,1954,8.4
652,20,1951,1.2
652,200,1950,47.0
652,200,1951,0.04
652,200,1952,38.4
652,200,1953,36.0
652,200,1954,0.23
652,200,1956,10.8
652,200,1969,0.75
652,200,1982,0.4
652,220,1950,11.02
652,220,1976,23.86
652,220,1977,77.00999999999999
652,220,1978,121.00999999999999
652,220,1979,97.15
652,220,1980,33.6
652,220,1981,33.6
652,230,1965,7.39
652,255,1975,4.16
652,290,1973,43.2
652,290,1984,24.0
652,290,1985,24.0
652,310,1973,36.0
652,315,1955,54.48
652,315,1956,150.0
652,315,1957,150.0
652,315,1965,77.0
652,315,1966,77.0
652,315,1967,77.0
652,315,1968,77.0
652,315,1969,77.0
652,315,1970,77.0
652,315,1971,77.0
652,315,1972,77.0
652,315,1973,28.8
652,315,1977,90.0
652,315,1978,90.0
652,315,1979,90.0
652,315,1980,396.0
652,315,1981,420.0
652,315,1982,396.0
652,315,1983,420.0
652,315,1984,420.0
652,315,1985,396.0
652,315,1986,396.0
652,315,1991,483.06
652,315,1992,483.06
652,317,1993,144.42
652,325,1950,48.84
652,355,1992,52.5
652,360,1955,0.28
652,365,1955,157.0
652,365,1956,402.0
652,365,1957,753.7
652,365,1958,478.6
652,365,1959,314.4
652,365,1960,317.9
652,365,1961,294.8
652,365,1962,266.0
652,365,1963,571.0
652,365,1964,535.0
652,365,1965,555.16
652,365,1966,1118.5
652,365,1967,3510.6499999999996
652,365,1968,3706.55
652,365,1969,4209.45
652,365,1970,4715.75
652,365,1971,4450.45
652,365,1972,7161.05
652,365,1973,9189.3
652,365,1974,9543.11
652,365,1975,6402.96
652,365,1976,4348.6
652,365,1977,6612.5
652,365,1978,7175.0
652,365,1979,9362.5
652,365,1980,9478.9
652,365,1981,8899.2
652,365,1982,9741.4
652,365,1983,10684.4
652,365,1984,9478.9
652,365,1985,9486.9
652,365,1986,7284.0
652,365,1987,7318.7
652,365,1988,7070.7
652,365,1989,5206.5
652,365,1990,752.0
652,365,1991,30.43
652,365,1992,11.12
652,365,1993,11.12
652,365,1998,40.0
652,365,1999,50.0
652,365,2000,40.0
652,365,2001,40.0
652,365,2002,70.0
652,365,2003,70.0
652,365,2004,30.0
652,365,2005,40.0
652,365,2006,26.0
652,365,2008,637.0
652,365,2009,715.3
652,365,2010,1518.9
652,365,2011,1784.6
652,365,2012,1688.0
652,365,2013,1688.0
652,365,2014,1.5
652,365,2015,16.0
652,365,2016,6.48
652,365,2017,101.88000000000001
652,365,2018,253.06
652,365,2019,140.0
652,365,2020,94.30000000000001
652,365,2021,21.9
652,370,2003,24.0
652,370,2008,171.6
652,620,1979,394.5
652,620,1982,136.5
652,630,2006,54.0
652,630,2008,312.5
652,630,2009,326.0
652,630,2010,326.0
652,630,2011,365.5
652,630,2012,314.5
652,630,2016,300.0
652,630,2017,300.0
652,640,2025,2.24
652,651,1966,13.8
652,710,1982,5.0
652,710,1983,5.0
652,710,1984,5.0
652,710,1985,5.0
652,710,2009,71.0
652,710,2010,37.5
652,710,2014,5.0
652,731,1981,30.0
652,731,1982,30.5
652,731,1983,30.0
652,731,1984,30.0
652,731,1991,212.0
652,731,1992,212.0
652,731,1993,212.0
652,731,1994,200.0
652,731,1995,200.0
652,731,1996,200.0
652,731,1997,200.0
652,731,1998,200.0
652,731,1999,200.0
652,731,2000,350.0
652,731,2001,150.0
652,731,2002,150.0
652,731,2003,150.0
652,731,2004,150.0
652,731,2005,150.0
652,731,2006,150.0
652,731,2007,150.0
652,731,2008,150.0
652,731,2009,150.0
652,770,1994,1.44
660,2,1958,40.0
660,2,1962,25.0
660,2,1963,25.0
660,2,1971,12.5
660,2,1972,12.5
660,2,1975,2.0
660,2,1976,3.6
660,2,1980,5.8
660,2,1981,4.8
660,2,1982,16.22
660,2,1983,86.4
660,2,1984,134.1
660,2,1985,86.5
660,2,1994,17.5
660,2,1995,41.769999999999996
660,2,1996,34.53
660,2,1997,38.5
660,2,1998,31.5
660,2,1999,8.38
660,2,2000,8.48
660,2,2005,1.0
660,2,2009,26.14
660,2,2010,24.14
660,2,2012,30.8
660,2,2013,23.06
660,2,2014,5.0
660,2,2015,50.22
660,2,2016,37.05
660,2,2017,42.28
660,2,2018,62.980000000000004
660,2,2019,128.54
660,2,2020,126.45
660,2,2021,105.75
660,2,2022,63.55
660,2,2023,27.29
660,20,1950,0.36
660,20,2017,4.0
660,20,2018,4.0
660,140,2017,32.6
660,140,2018,27.0
660,200,1952,0.6
660,200,1953,24.75
660,200,1954,3.0599999999999996
660,200,1955,24.75
660,200,1957,2.34
660,200,1958,41.88
660,200,1959,21.6
660,200,1965,19.38
660,200,1975,17.28
660,200,1977,15.84
660,211,2009,9.12
660,211,2010,7.92
660,220,1957,37.8
660,220,1961,4.6
660,220,1962,0.28
660,220,1963,5.7
660,220,1965,15.0
660,220,1966,144.0
660,220,1967,153.0
660,220,1968,1.5
660,220,1971,3.75
660,220,1972,42.2
660,220,1973,67.25
660,220,1974,58.449999999999996
660,220,1975,1.0
660,220,1976,1.88
660,220,1978,2.16
660,220,1980,24.15
660,220,1981,7.22
660,220,1982,18.0
660,220,1984,102.6
660,220,1985,28.0
660,220,2009,1.4
660,220,2011,0.96
660,220,2013,3.45
660,220,2015,0.48
660,220,2017,13.8
660,220,2018,13.8
660,220,2019,13.8
660,220,2024,2.4
660,235,1973,6.0
660,255,2007,2.4
660,255,2008,1.4
660,325,1973,22.2
660,325,1974,22.2
660,325,1980,22.2
660,325,2014,0.6
660,325,2015,1.25
660,325,2016,3.75
660,325,2017,3.75
660,360,1984,36.0
660,365,1972,3.6
660,365,1982,8.120000000000001
660,365,1983,6.0
660,630,1952,0.6
660,645,1957,0.24
660,652,1992,79.2
660,652,1993,79.2
660,663,1983,28.0
660,663,2009,55.44
660,663,2010,55.44
660,663,2015,8.280000000000001
660,663,2024,6.2
660,696,2007,3.06
660,696,2010,24.0
660,696,2018,2.4
663,2,1957,15.12
663,2,1958,0.5
663,2,1963,1.0
663,2,1965,28.2
663,2,1966,150.8
663,2,1967,121.4
663,2,1968,30.979999999999997
663,2,1969,297.96000000000004
663,2,1970,241.76
663,2,1971,115.76
663,2,1972,88.4
663,2,1973,68.4
663,2,1974,139.0
663,2,1975,977.0
663,2,1976,1203.61
663,2,1977,1192.07
663,2,1978,2064.49
663,2,1979,1320.33
663,2,1980,1410.12
663,2,1981,394.75
663,2,1982,437.48
663,2,1983,202.77999999999997
663,2,1984,242.23
663,2,1985,247.14999999999998
663,2,1986,27.0
663,2,1987,15.6
663,2,1988,9.6
663,2,1989,43.0
663,2,1990,24.0
663,2,1993,1.41
663,2,1994,5.2
663,2,1995,18.86
663,2,1996,107.1
663,2,1997,251.44
663,2,1998,350.71999999999997
663,2,1999,13.52
663,2,2000,45.28
663,2,2001,38.5
663,2,2002,19.32
663,2,2003,189.22
663,2,2004,38.18
663,2,2006,10.2
663,2,2007,273.3
663,2,2008,59.7
663,2,2009,30.5
663,2,2010,5.0
663,2,2011,33.8
663,2,2012,89.75999999999999
663,2,2013,97.66
663,2,2014,76.09
663,2,2015,106.55
663,2,2016,119.0
663,2,2017,160.02
663,2,2018,215.48000000000002
663,2,2019,164.9
663,2,2020,11.1
663,2,2021,33.6
663,2,2022,45.6
663,2,2023,9.0
663,2,2024,17.0
663,20,2003,3.0
663,20,2004,3.0
663,20,2016,2.0
663,20,2017,4.0
663,20,2018,2.0
663,140,1987,7.7
663,140,1988,7.7
663,200,1950,0.5
663,200,1952,7.67
663,200,1953,0.03
663,200,1954,17.8
663,200,1955,30.84
663,200,1956,37.980000000000004
663,200,1958,43.550000000000004
663,200,1959,9.6
663,200,1960,72.38
663,200,1961,64.35
663,200,1962,89.6
663,200,1963,38.120000000000005
663,200,1964,93.4
663,200,1965,92.1
663,200,1966,93.88
663,200,1967,138.52
663,200,1968,39.92
663,200,1969,139.45999999999998
663,200,1970,122.3
663,200,1971,130.22
663,200,1972,111.38
663,200,1973,100.1
663,200,1974,1.2
663,200,1975,0.72
663,200,1976,25.46
663,200,1981,649.2
663,200,1982,617.46
663,200,1983,616.5
663,200,1984,616.5
663,200,1985,616.5
663,200,1988,23.75
663,200,1989,36.75
663,200,1991,24.0
663,200,1999,374.4
663,200,2000,374.4
663,200,2001,374.4
663,200,2002,376.96
663,200,2003,509.59999999999997
663,200,2004,146.6
663,200,2010,0.96
663,200,2015,0.51
663,200,2016,20.0
663,210,2009,68.4
663,210,2011,169.52
663,210,2012,176.42000000000002
663,210,2013,6.9
663,210,2014,365.78000000000003
663,210,2015,335.78000000000003
663,210,2016,240.84
663,210,2017,174.12
663,210,2018,3.12
663,210,2019,1.2
663,210,2023,6.36
663,211,2000,10.0
663,211,2001,16.6
663,211,2005,38.7
663,211,2007,14.3
663,211,2008,186.9
663,211,2009,182.4
663,211,2010,0.6
663,211,2011,102.6
663,220,1965,15.2
663,220,1966,15.2
663,220,1967,15.2
663,220,1981,315.25
663,220,1982,674.0
663,220,1983,356.5
663,220,1984,9.0
663,220,1987,87.0
663,220,1988,87.0
663,220,1989,10.0
663,220,2006,8.0
663,220,2014,7.5
663,220,2017,7.5
663,220,2024,10.0
663,225,2017,40.0
663,225,2018,20.0
663,230,1975,15.2
663,230,1976,15.2
663,230,1987,54.4
663,230,1988,54.4
663,230,2003,25.0
663,230,2004,25.0
663,230,2006,8.0
663,230,2014,8.0
663,255,2003,13.5
663,255,2004,13.5
663,255,2006,9.0
663,255,2007,9.0
663,255,2016,33.65
663,255,2017,33.65
663,255,2018,28.85
663,255,2019,28.05
663,255,2020,28.05
663,290,2014,2.75
663,290,2016,2.75
663,305,2011,2.4
663,305,2012,2.4
663,325,2012,4.8
663,325,2014,0.8
663,325,2021,72.0
663,325,2022,72.0
663,365,1982,822.0
663,365,1983,528.0
663,365,1984,706.0
663,365,1986,246.5
663,365,1987,118.0
663,365,1988,75.0
663,365,1989,75.0
663,365,2001,8.0
663,365,2009,224.0
663,365,2010,224.0
663,365,2011,144.0
663,365,2012,144.0
663,365,2018,112.0
663,365,2019,112.0
663,369,1999,40.0
663,369,2000,40.0
663,369,2008,33.0
663,560,2003,32.0
663,560,2004,70.72
663,560,2006,70.72
663,560,2016,8.0
663,560,2017,8.0
663,560,2018,8.0
663,625,1986,4.2
663,630,1974,121.6
663,630,1975,121.6
663,640,1956,0.48
663,640,1999,20.0
663,645,1980,25.92
663,645,1988,115.94999999999999
663,651,1956,8.82
663,660,1967,1.44
663,666,2015,48.0
663,670,1967,7.2
663,670,1968,7.2
663,670,1985,3.6
663,690,1967,2.88
663,696,2005,13.0
663,696,2013,33.0
663,696,2015,50.12
663,696,2017,1.26
663,696,2019,10.0
663,696,2020,126.0
663,710,2005,37.5
663,710,2010,2.4
663,710,2014,1.4
663,710,2016,24.0
663,710,2023,22.0
663,710,2024,22.0
663,732,2012,3.0
663,770,1967,5.6
663,900,2006,0.66
666,2,1950,2.9400000000000004
666,2,1951,1.84
666,2,1952,3.8
666,2,1953,10.48
666,2,1954,4.2
666,2,1955,4.2
666,2,1956,12.2
666,2,1957,19.4
666,2,1958,8.0
666,2,1959,18.78
666,2,1961,30.0
666,2,1962,61.0
666,2,1963,7.5
666,2,1964,192.06
666,2,1965,287.88
666,2,1966,227.32
666,2,1967,556.0
666,2,1968,849.61
666,2,1969,2303.61
666,2,1970,1831.47
666,2,1971,2038.53
666,2,1972,2020.53
666,2,1973,3935.08
666,2,1974,3217.7799999999997
666,2,1975,3127.18
666,2,1976,4795.7
666,2,1977,3183.94
666,2,1978,3306.2200000000003
666,2,1979,2822.7
666,2,1980,3943.0499999999997
666,2,1981,4411.1900000000005
666,2,1982,4263.1900000000005
666,2,1983,2022.9
666,2,1984,1743.7
666,2,1985,1760.1799999999998
666,2,1986,3338.0
666,2,1987,2460.5
666,2,1988,2433.5
666,2,1989,346.0
666,2,1990,670.4
666,2,1991,2866.5
666,2,1992,2515.5
666,2,1993,2357.92
666,2,1994,1472.52
666,2,1995,1467.57
666,2,1996,365.32
666,2,1997,460.6
666,2,1998,1984.45
666,2,1999,2173.2999999999997
666,2,2000,386.85
666,2,2001,421.6
666,2,2002,657.8
666,2,2003,410.1
666,2,2004,1956.02
666,2,2005,2215.72
666,2,2006,4395.6
666,2,2007,2148.0
666,2,2008,2008.0
666,2,2009,2006.0
666,2,2010,132.0
666,2,2011,117.8
666,2,2012,183.7
666,2,2013,180.0
666,2,2014,979.52
666,2,2015,1145.72
666,2,2016,2448.54
666,2,2017,2075.54
666,2,2018,2252.0
666,2,2019,2818.8
666,2,2020,1722.54
666,2,2021,1567.5
666,2,2022,2247.19
666,2,2023,1686.29
666,2,2024,928.99
666,2,2025,1537.67
666,20,1951,0.6
666,20,1977,7.5
666,20,2007,5.0
666,20,2008,5.0
666,20,2009,15.0
666,20,2010,15.0
666,20,2011,5.0
666,20,2012,0.5
666,200,1950,32.4
666,200,1951,18.4
666,200,1952,0.8
666,200,1953,18.0
666,200,1955,48.3
666,200,1956,177.3
666,200,1958,8.64
666,200,1959,18.9
666,200,1960,61.57
666,200,1961,43.2
666,200,1962,114.80000000000001
666,200,1963,74.7
666,200,1964,265.95
666,200,1965,222.75
666,200,1966,237.75
666,200,1967,285.12
666,200,1968,62.37
666,200,1969,426.3
666,200,1970,426.3
666,200,1971,426.3
666,200,1972,426.3
666,200,1973,426.3
666,200,1974,2.4
666,210,1951,4.92
666,210,1967,17.3
666,210,1973,0.44
666,220,1950,6.0
666,220,1951,128.2
666,220,1952,101.44
666,220,1953,88.0
666,220,1954,1.15
666,220,1955,437.5
666,220,1956,666.65
666,220,1957,210.0
666,220,1958,223.75
666,220,1959,286.23
666,220,1960,263.5
666,220,1961,283.8
666,220,1962,1069.8
666,220,1963,1079.8
666,220,1964,1059.5
666,220,1965,953.5
666,220,1966,1044.7
666,220,1967,130.0
666,220,1968,35.0
666,220,1970,125.0
666,220,1971,125.0
666,220,1972,125.0
666,220,1973,125.0
666,220,1974,125.0
666,220,1975,125.0
666,220,1976,125.0
666,220,1977,125.0
666,220,1978,125.0
666,220,1979,125.0
666,220,1980,125.0
666,220,1996,16.25
666,220,1997,16.25
666,220,1998,16.25
666,225,1963,0.18
666,225,1967,0.8
666,255,1960,45.12
666,255,1962,146.2
666,255,1963,147.16
666,255,1964,20.64
666,255,1965,19.68
666,255,1968,326.5
666,255,1969,618.0
666,255,1970,301.5
666,255,1971,13.5
666,255,1973,57.6
666,255,1974,57.6
666,255,1975,57.6
666,255,1976,57.6
666,255,1977,150.0
666,255,1978,57.6
666,255,1979,57.6
666,255,1980,57.6
666,255,1981,57.6
666,255,1982,57.6
666,255,1991,52.12
666,255,1994,48.0
666,255,1995,48.0
666,255,1996,7.2
666,255,1997,7.2
666,255,1998,48.0
666,255,1999,570.0
666,255,2000,378.0
666,255,2001,93.0
666,255,2002,445.08
666,255,2003,428.08
666,255,2004,348.0
666,255,2005,354.0
666,255,2006,348.0
666,255,2007,358.0
666,255,2008,348.0
666,255,2009,348.0
666,255,2010,348.0
666,255,2011,354.0
666,255,2012,348.0
666,255,2013,423.1
666,255,2014,1200.0
666,255,2015,1200.0
666,255,2016,600.0
666,255,2017,600.0
666,255,2018,600.0
666,255,2019,600.0
666,255,2020,600.0
666,255,2021,600.0
666,255,2022,1329.0
666,255,2023,1335.05
666,255,2024,606.05
666,255,2025,606.05
666,305,1981,8.0
666,325,1952,24.0
666,325,1968,13.5
666,325,1969,42.0
666,325,1970,28.5
666,325,1973,72.5
666,325,1974,72.5
666,325,1975,79.5
666,325,1979,72.5
666,325,1980,77.0
666,325,2014,255.0
666,325,2015,255.0
666,325,2016,255.0
666,325,2022,11.0
666,325,2023,11.0
666,325,2024,27.0
666,325,2025,27.0
666,375,1965,25.0
666,375,1966,45.0
666,375,1967,45.0
666,375,1968,45.0
666,375,1969,45.0
666,375,1970,45.0
666,375,1971,20.0
666,380,1952,20.0
666,380,1953,20.0
666,500,1968,0.3
666,560,1969,12.5
670,2,1952,6.4
670,2,1953,1.0
670,2,1955,18.0
670,2,1956,26.4
670,2,1957,108.08
670,2,1958,40.9
670,2,1959,7.859999999999999
670,2,1960,6.3
670,2,1961,7.56
670,2,1962,21.68
670,2,1965,216.0
670,2,1966,514.35
670,2,1967,524.0
670,2,1968,524.0
670,2,1972,197.5
670,2,1973,357.1
670,2,1974,813.1
670,2,1975,562.1
670,2,1976,1247.5
670,2,1977,2053.5
670,2,1978,2533.76
670,2,1979,1328.8600000000001
670,2,1980,2073.18
670,2,1981,5298.86
670,2,1982,4678.17
670,2,1983,4546.89
670,2,1984,1474.24
670,2,1985,1187.52
670,2,1986,2825.8
670,2,1987,2875.3
670,2,1988,580.68
670,2,1989,704.22
670,2,1990,1659.85
670,2,1991,1529.94
670,2,1992,1892.15
670,2,1993,3035.78
670,2,1994,2818.14
670,2,1995,7099.040000000001
670,2,1996,7062.9400000000005
670,2,1997,7085.9400000000005
670,2,1998,6288.040000000001
670,2,1999,6118.040000000001
670,2,2000,17.04
670,2,2001,40.95
670,2,2002,143.64
670,2,2003,558.27
670,2,2004,700.9
670,2,2005,468.9
670,2,2006,541.86
670,2,2007,182.96
670,2,2008,443.61
670,2,2009,735.01
670,2,2010,715.4
670,2,2011,716.99
670,2,2012,2335.49
670,2,2013,2361.42
670,2,2014,4427.87
670,2,2015,5094.36
670,2,2016,15055.74
670,2,2017,10102.94
670,2,2018,8688.56
670,2,2019,9173.119999999999
670,2,2020,13578.67
670,2,2021,7043.17
670,2,2022,7287.17
670,2,2023,5396.37
670,2,2024,4675.72
670,2,2025,6665.72
670,20,1986,10.5
670,20,1987,10.5
670,20,1988,10.5
670,20,1992,157.5
670,20,1993,157.5
670,20,1994,263.85
670,20,1995,270.85
670,20,1996,270.85
670,20,1997,270.85
670,20,1998,263.85
670,20,1999,263.85
670,20,2000,54.81
670,20,2001,165.29999999999998
670,20,2002,35.1
670,20,2003,35.1
670,20,2004,35.1
670,20,2006,39.6
670,20,2007,39.6
670,20,2008,39.6
670,20,2009,39.6
670,20,2011,217.2
670,20,2012,217.2
670,20,2013,217.2
670,20,2014,255.89999999999998
670,20,2015,308.4
670,20,2016,38.7
670,20,2017,20.240000000000002
670,20,2018,189.64000000000001
670,20,2019,546.63
670,20,2020,546.63
670,20,2021,546.63
670,20,2022,546.63
670,20,2023,546.63
670,20,2024,377.23
670,20,2025,377.23
670,140,1987,76.0
670,140,1988,76.0
670,140,1989,76.0
670,140,1990,76.0
670,140,1991,76.0
670,140,1992,76.0
670,140,2016,22.0
670,200,1950,0.4
670,200,1952,2.28
670,200,1953,1.44
670,200,1954,1.44
670,200,1955,1.14
670,200,1956,1.7199999999999998
670,200,1957,1.14
670,200,1958,1.2
670,200,1964,5.0
670,200,1966,94.6
670,200,1967,464.8
670,200,1968,547.4000000000001
670,200,1969,547.4000000000001
670,200,1970,23.75
670,200,1971,23.75
670,200,1972,35.37
670,200,1973,25.0
670,200,1976,30.0
670,200,1977,30.0
670,200,1978,30.0
670,200,1981,11.9
670,200,1983,72.0
670,200,1984,72.0
670,200,1985,342.0
670,200,1986,1878.0
670,200,1987,1882.0
670,200,1988,270.0
670,200,1989,2549.2
670,200,1990,2549.2
670,200,1991,1906.3
670,200,1992,62.5
670,200,1993,299.5
670,200,1996,1670.5
670,200,1997,1923.0
670,200,1998,1695.5
670,200,1999,25.0
670,200,2000,69.6
670,200,2008,46.98
670,200,2009,2739.48
670,200,2010,2692.5
670,200,2011,2946.5
670,200,2012,306.5
670,200,2013,2946.5
670,200,2014,2722.5
670,200,2015,4150.5
670,200,2016,1866.5
670,200,2017,1866.5
670,200,2018,150.0
670,200,2019,370.0
670,200,2020,220.0
670,200,2021,238.0
670,200,2022,238.0
670,210,1980,78.0
670,210,1981,78.0
670,210,1982,78.0
670,210,1983,78.0
670,210,2011,112.5
670,210,2012,112.5
670,210,2013,112.5
670,210,2014,112.5
670,210,2015,112.5
670,211,2000,91.0
670,211,2001,91.0
670,211,2002,91.0
670,211,2003,91.0
670,211,2004,91.0
670,211,2006,7.0
670,211,2011,58.8
670,211,2012,58.8
670,211,2013,58.8
670,211,2014,58.8
670,211,2019,190.4
670,211,2020,190.4
670,211,2021,190.4
670,211,2022,190.4
670,211,2023,190.4
670,211,2024,190.4
670,211,2025,190.4
670,220,1966,6.5
670,220,1967,6.5
670,220,1969,164.5
670,220,1970,164.5
670,220,1971,24.0
670,220,1972,24.0
670,220,1973,24.0
670,220,1975,404.09999999999997
670,220,1976,1005.5
670,220,1977,965.0
670,220,1978,1054.25
670,220,1979,1416.05
670,220,1980,1875.05
670,220,1981,1785.8
670,220,1982,1555.2
670,220,1983,546.2
670,220,1984,513.0
670,220,1985,1967.25
670,220,1986,2507.25
670,220,1987,1084.0
670,220,1988,1095.52
670,220,1989,925.02
670,220,1990,1028.6
670,220,1991,408.85
670,220,1992,221.0
670,220,1993,98.0
670,220,1997,7.71
670,220,1998,89.24
670,220,1999,87.0
670,220,2000,132.0
670,220,2001,87.0
670,220,2002,1104.25
670,220,2003,62.5
670,220,2004,1149.25
670,220,2005,45.0
670,220,2006,4.8
670,220,2007,94.8
670,220,2008,90.0
670,220,2009,157.5
670,220,2010,273.1
670,220,2011,491.0
670,220,2012,394.0
670,220,2013,721.01
670,220,2014,682.01
670,220,2015,738.31
670,220,2016,310.86
670,220,2017,242.2
670,220,2018,475.28000000000003
670,220,2019,459.6
670,220,2020,420.35
670,220,2021,300.63
670,220,2022,545.6
670,220,2023,296.0
670,220,2024,153.0
670,220,2025,95.0
670,225,1975,320.0
670,225,1976,320.0
670,225,1977,320.0
670,225,1986,57.0
670,225,1987,57.0
670,225,1988,397.0
670,225,1989,320.0
670,225,1990,320.0
670,225,1991,356.0
670,225,1992,356.0
670,225,1993,356.0
670,225,1994,320.0
670,225,1995,358.0
670,225,1996,358.0
670,225,1997,38.0
670,225,2009,90.0
670,225,2010,90.0
670,225,2011,90.0
670,225,2014,275.0
670,225,2015,275.0
670,225,2016,275.0
670,225,2020,50.0
670,225,2021,50.0
670,225,2022,50.0
670,225,2023,50.0
670,230,1985,42.0
670,230,1986,42.0
670,230,1987,36.0
670,230,2015,25.0
670,230,2017,25.0
670,230,2018,44.0
670,230,2020,30.0
670,230,2022,986.25
670,230,2023,986.25
670,230,2024,986.25
670,255,1969,52.5
670,255,1978,3.6
670,255,1979,3.6
670,255,1980,6.5
670,255,1981,6.5
670,255,1982,6.5
670,255,1983,6.5
670,255,1987,12.2
670,255,1989,58.8
670,255,1991,12.6
670,255,2010,282.4
670,255,2011,283.0
670,255,2012,296.4
670,255,2013,297.36
670,255,2014,282.56
670,255,2015,5.73
670,255,2016,185.73
670,255,2017,254.75
670,255,2018,255.47
670,255,2022,105.0
670,255,2023,105.0
670,255,2024,105.0
670,305,1990,5.0
670,305,2010,14.8
670,305,2015,7.0
670,305,2016,7.0
670,317,2013,8.64
670,317,2014,8.64
670,317,2015,8.64
670,317,2016,8.64
670,317,2019,16.8
670,317,2020,16.8
670,325,1968,69.6
670,325,1969,69.6
670,325,1976,9.0
670,325,1980,32.5
670,325,1981,139.8
670,325,1982,139.8
670,325,1983,198.04
670,325,1984,88.24000000000001
670,325,1985,30.0
670,325,2002,88.25
670,325,2004,8.25
670,325,2007,45.0
670,325,2008,45.0
670,325,2009,45.0
670,325,2012,0.8
670,325,2015,154.0
670,325,2016,202.0
670,325,2017,72.0
670,325,2022,13.75
670,325,2023,13.75
670,325,2024,13.75
670,345,2015,85.0
670,345,2016,90.7
670,345,2017,84.7
670,355,2015,22.0
670,355,2016,1.92
670,355,2017,23.92
670,365,2019,12.0
670,369,2018,80.2
670,369,2019,80.2
670,369,2021,10.8
670,372,2016,13.0
670,372,2017,13.0
670,375,2012,21.6
670,375,2013,21.6
670,375,2014,21.6
670,375,2015,21.6
670,380,2010,6.0
670,380,2011,6.0
670,380,2014,160.0
670,560,2006,6.9
670,560,2007,7.5
670,560,2008,7.5
670,560,2011,3.75
670,560,2014,0.75
670,560,2015,21.0
670,560,2016,21.0
670,560,2017,31.5
670,560,2018,10.5
670,560,2019,10.5
670,560,2020,10.5
670,640,2004,14.7
670,640,2005,19.2
670,640,2006,19.2
670,640,2007,22.7
670,640,2008,90.0
670,640,2009,90.0
670,640,2010,183.6
670,640,2011,93.6
670,640,2012,93.6
670,640,2013,189.6
670,640,2014,96.0
670,640,2015,201.0
670,640,2016,105.0
670,640,2017,105.0
670,640,2020,4.5
670,640,2023,43.8
670,640,2024,43.8
670,651,1957,20.4
670,651,1958,0.28
670,663,1959,2.0
670,696,2024,25.9
670,696,2025,25.9
670,710,1987,450.0
670,710,1988,450.0
670,710,2008,72.9
670,710,2009,72.9
670,710,2015,125.0
670,710,2016,125.0
670,710,2017,325.0
670,710,2018,295.5
670,710,2019,200.0
670,710,2020,200.0
670,710,2021,225.0
670,710,2022,200.0
670,732,2018,10.5
670,732,2022,5.0
670,732,2023,53.800000000000004
670,732,2024,48.800000000000004
670,770,2005,4.8
678,2,1950,0.36
678,2,1952,4.0
678,2,1978,13.8
678,2,1979,410.31
678,20,1955,0.8
678,200,1974,5.0
678,315,1957,18.28
678,325,1963,0.72
678,325,1974,4.2
678,325,1981,22.2
678,365,1957,25.12
678,365,1958,8.2
678,365,1961,23.36
678,365,1967,26.52
678,365,1968,27.0
678,365,1969,11.2
678,365,1975,6.08
678,365,1979,721.1
678,365,1980,1058.6
678,365,1981,152.86
678,365,1982,45.2
678,365,1983,9.2
678,365,1984,188.5
678,365,1985,195.3
678,365,1988,79.9
678,651,1967,15.16
678,651,1975,3.2
678,670,1955,0.2
678,670,1976,0.4
678,670,1977,12.8
678,670,1979,5.0
678,920,1984,17.0
678,920,1985,17.0
679,2,2006,3.2
679,2,2008,6.3
679,2,2011,12.4
679,2,2013,3.0
679,2,2015,11.0
679,220,1998,4.2
679,220,1999,4.2
679,230,2013,9.0
679,290,2001,18.9
679,290,2002,20.0
679,316,1999,42.0
679,316,2000,79.2
679,316,2002,80.4
679,316,2010,1.92
679,316,2013,0.64
679,325,2007,70.0
679,325,2008,70.0
679,365,1990,155.6
679,365,1991,190.6
679,365,1994,4.0
679,365,2000,66.92
679,365,2001,66.92
679,365,2002,531.5
679,365,2003,54.0
679,365,2004,508.5
679,365,2005,508.5
679,365,2010,90.0
679,369,1995,20.8
679,369,1999,7.2
679,369,2003,63.39
679,369,2004,36.0
679,369,2005,25.2
679,369,2006,87.6
679,369,2007,62.4
679,369,2011,0.84
679,370,2000,46.33
679,370,2010,195.62
679,370,2011,195.62
679,370,2012,182.16
679,560,2009,42.5
679,560,2010,59.3
679,560,2011,35.0
679,560,2012,35.0
679,560,2013,35.0
679,560,2014,35.0
679,663,2010,5.9
679,670,2010,1.4
679,670,2015,2.5
679,696,2015,19.0
679,696,2016,5.3
679,696,2017,11.0
679,696,2018,14.2
679,710,1995,146.25
679,731,2001,56.25
679,731,2002,56.25
679,900,2005,49.0
680,20,1967,2.28
680,200,1967,28.11
680,200,1968,3.17
680,200,1969,10.0
680,290,1979,40.0
680,365,1968,11.4
680,365,1969,81.6
680,365,1970,50.4
680,365,1971,108.0
680,365,1972,151.02
680,365,1973,133.58
680,365,1974,104.78999999999999
680,365,1975,35.8
680,365,1977,8.0
680,365,1978,55.0
680,365,1979,1965.24
680,365,1980,2236.8
680,365,1981,1028.3600000000001
680,365,1982,82.0
680,365,1983,274.0
680,365,1984,149.5
680,365,1985,77.9
680,365,1986,111.0
680,365,1987,75.0
680,365,1988,11.98
680,365,1989,50.0
680,530,1987,51.0
690,2,1971,56.0
690,2,1974,31.5
690,2,1975,31.5
690,2,1976,55.5
690,2,1977,671.0
690,2,1978,647.0
690,2,1979,31.5
690,2,1980,43.54
690,2,1983,152.6
690,2,1984,164.4
690,2,1985,146.4
690,2,1986,58.6
690,2,1987,25.0
690,2,1990,5.0
690,2,1991,1545.0
690,2,1992,1590.2
690,2,1993,1601.2
690,2,1994,29.8
690,2,1995,1684.06
690,2,1996,1647.26
690,2,1997,1163.26
690,2,1998,19.0
690,2,1999,9.0
690,2,2003,18.9
690,2,2005,5.0
690,2,2006,5.0
690,2,2007,288.12
690,2,2009,21.27
690,2,2010,129.63
690,2,2011,104.64999999999999
690,2,2012,74.36
690,2,2013,142.0
690,2,2014,1064.4
690,2,2015,616.4
690,2,2016,378.18
690,2,2017,111.02
690,2,2018,124.0
690,2,2019,14.0
690,2,2021,2528.0
690,2,2022,2597.0
690,2,2023,95.0
690,2,2024,33.0
690,2,2025,37.5
690,20,1966,7.5
690,200,1953,0.14
690,200,1954,4.78
690,200,1955,1.1
690,200,1958,1.8
690,200,1960,43.75
690,200,1961,4.48
690,200,1962,9.6
690,200,1963,12.5
690,200,1964,83.84
690,200,1965,48.14
690,200,1966,3.36
690,200,1968,183.18
690,200,1969,218.38000000000002
690,200,1970,130.0
690,200,1971,120.0
690,200,1972,105.0
690,200,1973,4.1
690,200,1978,371.25
690,200,1979,371.25
690,200,1981,7.14
690,200,1982,9.5
690,200,1983,9.5
690,200,1984,26.8
690,200,1985,129.8
690,200,1986,102.0
690,200,1987,102.0
690,200,1989,0.5
690,200,1995,256.09999999999997
690,200,1996,203.2
690,200,1997,203.2
690,200,1999,16.0
690,200,2000,40.0
690,200,2010,6.0
690,200,2011,6.0
690,211,1984,37.2
690,211,1986,37.2
690,211,1998,10.5
690,211,1999,10.5
690,220,1968,8.0
690,220,1974,3.2
690,220,1975,128.4
690,220,1976,432.2
690,220,1977,343.2
690,220,1980,11.25
690,220,1981,11.25
690,220,1982,67.8
690,220,1983,75.8
690,220,1984,278.62
690,220,1985,395.02
690,220,1986,112.5
690,220,1987,81.0
690,220,1990,6.0
690,220,1991,18.6
690,220,1997,2.4
690,220,1998,12.5
690,220,1999,310.40000000000003
690,220,2000,300.8
690,220,2005,6.5
690,220,2009,2.4
690,220,2016,30.0
690,220,2017,30.0
690,220,2018,30.0
690,220,2019,75.0
690,220,2020,291.0
690,220,2021,291.0
690,220,2022,216.0
690,220,2023,41.5
690,220,2024,41.5
690,225,1989,110.0
690,225,1990,110.0
690,225,1996,110.0
690,225,2001,50.0
690,225,2016,20.0
690,225,2017,50.0
690,225,2018,50.0
690,225,2019,50.0
690,225,2020,50.0
690,255,1982,264.0
690,255,1983,126.0
690,255,1984,390.0
690,255,1994,3.75
690,255,1999,19.2
690,255,2000,19.2
690,255,2004,1.76
690,255,2017,4.8
690,305,1997,12.0
690,305,1998,21.0
690,305,1999,21.0
690,305,2013,24.0
690,305,2014,24.0
690,325,1968,8.8
690,325,1969,8.8
690,325,1970,1.4
690,325,1988,57.6
690,325,1989,57.6
690,325,1990,57.6
690,325,1991,57.6
690,325,1996,57.6
690,325,1997,57.6
690,325,2008,45.0
690,325,2009,45.0
690,325,2010,45.0
690,325,2011,45.0
690,325,2012,45.0
690,325,2013,45.0
690,325,2021,1342.5
690,325,2022,1342.5
690,325,2023,1342.5
690,325,2024,1342.5
690,325,2025,1322.5
690,345,1990,481.0
690,345,1991,502.0
690,365,1979,22.0
690,365,1980,22.0
690,365,1984,68.0
690,365,1985,298.0
690,365,1989,245.0
690,365,1990,245.0
690,365,1994,46.0
690,365,1995,343.40000000000003
690,365,1996,297.4
690,365,1997,213.0
690,365,2010,105.0
690,365,2011,105.0
690,365,2015,49.5
690,380,1982,20.0
690,380,1983,52.0
690,380,1984,32.0
690,640,2025,43.2
690,651,1988,2.5
690,651,1989,26.44
690,651,1990,26.44
690,696,2017,37.4
690,696,2018,30.0
690,710,2000,50.800000000000004
690,710,2001,49.800000000000004
690,710,2002,44.4
690,710,2003,45.4
690,830,1979,18.3
690,830,1994,8.6
690,900,1993,30.0
690,900,1997,3.96
690,900,1998,3.96
692,2,1973,0.6
692,2,1974,1.2999999999999998
692,2,1982,10.3
692,2,1983,20.0
692,2,1984,20.0
692,2,1985,68.4
692,2,1986,135.0
692,2,1987,222.20000000000002
692,2,1988,119.0
692,2,1989,9.36
692,2,1990,361.5
692,2,1991,99.89
692,2,1992,59.8
692,2,1993,28.75
692,2,1995,116.4
692,2,1996,59.16
692,2,1997,236.2
692,2,1998,7.2
692,2,2000,298.68
692,2,2001,4.6
692,2,2002,54.7
692,2,2003,1.1
692,2,2005,71.5
692,2,2006,2.85
692,2,2007,56.4
692,2,2008,5.4
692,2,2010,68.0
692,2,2013,60.0
692,2,2015,15.0
692,2,2017,22.2
692,2,2018,19.16
692,2,2019,2.04
692,2,2021,289.6
692,2,2022,443.26
692,2,2023,1014.72
692,2,2024,1081.16
692,2,2025,63.4
692,20,2016,4.05
692,200,1971,0.2
692,200,1972,6.56
692,200,1980,4.8
692,200,1981,1.6
692,200,1985,10.4
692,200,2001,25.0
692,200,2003,0.48
692,200,2006,60.0
692,200,2018,32.0
692,200,2020,15.2
692,210,1994,6.02
692,210,1996,9.0
692,210,1997,4.9
692,210,1998,4.9
692,211,2008,16.08
692,211,2015,5.4
692,211,2016,5.4
692,220,1978,33.7
692,220,1979,33.7
692,220,1980,33.7
692,220,1981,17.6
692,220,1984,18.0
692,220,1986,27.0
692,220,1987,27.0
692,220,1988,27.0
692,220,1989,27.0
692,220,1995,18.3
692,220,2010,15.3
692,220,2011,2.8
692,220,2012,2.8
692,220,2013,2.8
692,220,2014,2.8
692,225,1986,30.0
692,255,1977,2.4
692,255,1978,1.2
692,255,1981,29.4
692,255,1984,88.0
692,255,1986,88.0
692,255,1987,152.0
692,255,1988,152.0
692,255,1989,88.0
692,255,1994,2.4
692,325,1982,44.4
692,325,2018,27.0
692,325,2019,27.0
692,325,2021,27.0
692,325,2022,27.0
692,338,2004,10.0
692,365,2016,10.0
692,365,2018,21.12
692,380,1980,12.88
692,380,1981,12.88
692,380,1984,13.0
692,380,1986,26.0
692,380,1987,26.0
692,380,1988,26.0
692,380,1989,26.0
692,640,2005,3.15
692,640,2008,2.25
692,640,2011,3.51
692,640,2012,59.870000000000005
692,640,2013,43.67
692,640,2016,43.67
692,640,2017,43.67
692,640,2018,43.67
692,640,2019,43.67
692,640,2020,45.83
692,640,2022,10.5
692,663,2019,3.2
692,696,2010,14.8
692,698,2005,0.84
692,710,2016,8.8
692,770,2019,0.84
694,2,1997,1.2
694,2,1998,1.2
694,2,1999,1.2
694,2,2009,280.0
694,2,2011,160.0
694,2,2012,280.0
694,2,2015,1358.0
694,2,2016,575.0
694,2,2017,1435.4
694,2,2018,1421.9
694,2,2019,1990.8
694,2,2020,2079.8
694,2,2021,3910.85
694,2,2022,3515.85
694,2,2023,3283.85
694,2,2024,1417.52
694,2,2025,1265.0
694,20,2014,12.0
694,20,2015,12.0
694,20,2016,12.0
694,20,2019,5.0
694,140,1979,14.4
694,140,1992,24.0
694,200,1968,2.4
694,200,1969,6.0
694,200,1970,9.0
694,200,1971,16.0
694,200,1975,63.0
694,200,1976,63.6
694,200,1982,54.0
694,200,1983,178.0
694,200,1984,198.0
694,200,1985,3.0
694,200,1986,3.0
694,200,1996,127.0
694,200,1997,137.8
694,200,1998,10.8
694,200,1999,10.8
694,200,2019,128.0
694,200,2020,128.0
694,200,2021,90.0
694,200,2022,1512.0
694,200,2023,1439.5
694,200,2024,1549.5
694,200,2025,1543.5
694,210,1996,59.0
694,210,1997,59.0
694,211,1998,25.2
694,211,1999,25.2
694,220,1977,71.60000000000001
694,220,1978,27.0
694,220,1980,132.8
694,220,1981,117.0
694,220,1982,291.0
694,220,1983,699.0
694,220,1984,473.2
694,220,1987,142.5
694,220,1988,132.6
694,220,1989,38.4
694,220,1990,28.5
694,220,1991,28.5
694,220,1992,75.4
694,220,1993,46.92
694,220,1994,46.92
694,220,1995,46.92
694,220,1996,85.0
694,220,1997,529.06
694,220,1998,433.26
694,220,1999,427.56
694,220,2000,5.0
694,220,2007,27.0
694,220,2010,3.15
694,220,2012,84.45
694,220,2013,84.45
694,220,2015,5.0
694,220,2018,20.8
694,220,2019,1785.4
694,220,2020,1785.4
694,220,2021,2279.6
694,220,2022,944.0
694,220,2023,280.0
694,220,2024,130.0
694,220,2025,130.0
694,225,2014,120.0
694,225,2015,120.0
694,225,2016,120.0
694,225,2022,5.3
694,255,1996,24.0
694,255,1997,24.0
694,255,2015,430.4
694,255,2016,445.4
694,255,2017,351.54999999999995
694,255,2018,332.0
694,255,2019,9.6
694,255,2020,29.6
694,255,2021,54.0
694,255,2022,54.0
694,255,2025,10.2
694,325,1996,10.0
694,325,1997,10.0
694,325,2009,108.0
694,325,2010,108.0
694,325,2011,108.0
694,325,2012,108.0
694,325,2013,108.0
694,325,2017,40.0
694,325,2018,40.0
694,325,2021,1320.0
694,325,2022,1779.0
694,325,2023,1566.5
694,325,2024,533.5
694,325,2025,309.5
694,365,2018,40.0
694,365,2019,40.0
694,369,2021,28.0
694,375,2024,5.0
694,385,2024,30.0
694,385,2025,30.0
694,560,1991,12.0
694,640,2013,33.6
694,640,2014,33.6
694,640,2017,108.5
694,640,2018,126.5
694,640,2019,168.9
694,640,2020,147.02
694,640,2021,285.32
694,640,2022,266.82
694,640,2023,38.52
694,710,2017,125.6
694,710,2018,125.6
694,770,2017,1.92
696,2,1971,0.18
696,2,1972,2.1
696,2,1973,6.5
696,2,1974,6.6
696,2,1975,56.0
696,2,1977,13.3
696,2,1981,100.0
696,2,1983,28.0
696,2,1984,66.85
696,2,1985,10.85
696,2,1986,233.31
696,2,1987,266.31
696,2,1988,33.0
696,2,1989,11.88
696,2,1990,11.88
696,2,1993,304.8
696,2,1994,304.8
696,2,1995,26.2
696,2,1996,154.4
696,2,1997,5.7
696,2,1998,34.56
696,2,1999,46.42
696,2,2000,55.06
696,2,2001,77.46000000000001
696,2,2002,55.86
696,2,2003,207.91
696,2,2004,3476.35
696,2,2005,3481.94
696,2,2006,3510.7799999999997
696,2,2007,3471.5
696,2,2008,3682.5
696,2,2009,690.1
696,2,2010,336.46000000000004
696,2,2011,1441.66
696,2,2012,2841.1
696,2,2013,2196.7
696,2,2014,1475.6
696,2,2015,3384.0
696,2,2016,2893.3
696,2,2017,1825.38
696,2,2018,2310.1800000000003
696,2,2019,1952.5
696,2,2020,586.73
696,2,2021,1406.8
696,2,2022,1427.8
696,2,2023,1650.0
696,2,2024,1245.3899999999999
696,2,2025,1180.3899999999999
696,20,1968,15.0
696,20,1969,15.0
696,20,1971,3.75
696,20,1978,52.88
696,20,1982,18.12
696,20,1985,3.5
696,20,1986,3.5
696,20,2010,12.0
696,20,2011,24.5
696,20,2012,24.5
696,20,2013,37.0
696,20,2014,25.0
696,20,2015,37.0
696,20,2016,12.0
696,20,2017,12.0
696,20,2018,42.0
696,20,2019,49.5
696,20,2020,42.0
696,20,2021,21.0
696,20,2022,28.6
696,20,2024,42.0
696,140,1982,16.5
696,140,1983,16.5
696,140,2025,1.4
696,200,1968,11.64
696,200,1969,13.440000000000001
696,200,1970,89.92
696,200,1971,46.32
696,200,1972,16.439999999999998
696,200,1973,4.8
696,200,1975,49.8
696,200,1976,227.39999999999998
696,200,1977,177.6
696,200,1978,142.2
696,200,1979,3.2
696,200,1980,29.88
696,200,1981,35.879999999999995
696,200,1983,72.6
696,200,1984,178.0
696,200,1985,177.72
696,200,1986,44.85
696,200,1987,1.2
696,200,1988,9.0
696,200,1989,352.0
696,200,1990,350.0
696,200,1991,350.8
696,200,1992,350.8
696,200,1993,530.0
696,200,1994,530.0
696,200,1995,36.0
696,200,1996,350.0
696,200,1997,350.0
696,200,1998,350.0
696,200,1999,22.0
696,200,2001,1.72
696,200,2004,1.72
696,200,2013,66.0
696,200,2018,15.0
696,200,2019,15.0
696,200,2020,4.0
696,200,2021,2.0
696,200,2024,48.0
696,200,2025,44.0
696,210,1990,20.0
696,210,1991,20.0
696,210,1997,479.15999999999997
696,210,1998,479.15999999999997
696,210,1999,63.16
696,210,2017,167.0
696,210,2018,167.0
696,210,2021,30.0
696,210,2023,39.0
696,210,2024,9.0
696,220,1972,22.75
696,220,1973,208.53
696,220,1974,220.53
696,220,1975,65.33
696,220,1976,481.53
696,220,1977,482.65999999999997
696,220,1978,314.5
696,220,1979,95.10000000000001
696,220,1980,247.8
696,220,1981,165.8
696,220,1982,194.8
696,220,1983,76.0
696,220,1984,99.0
696,220,1985,39.0
696,220,1989,912.5
696,220,1990,506.15
696,220,1991,515.35
696,220,1993,45.0
696,220,1994,1585.5
696,220,1995,1548.0
696,220,1996,1540.5
696,220,1997,1595.1
696,220,1998,1595.1
696,220,1999,1676.6
696,220,2000,1676.6
696,220,2001,1658.8
696,220,2002,1770.3
696,220,2003,4714.1
696,220,2004,3108.98
696,220,2005,4632.5
696,220,2006,4587.5
696,220,2007,3047.0
696,220,2008,423.6
696,220,2009,39.6
696,220,2010,189.6
696,220,2011,429.0
696,220,2012,5.0
696,220,2013,900.0
696,220,2015,749.0
696,220,2016,534.5
696,220,2017,534.5
696,220,2020,65.0
696,220,2021,15.0
696,220,2023,484.5
696,220,2024,680.5
696,220,2025,275.0
696,225,1982,17.5
696,225,1984,97.5
696,225,1985,12.5
696,225,1986,12.5
696,225,1989,1.6
696,225,2011,125.0
696,225,2012,125.0
696,230,1982,15.2
696,230,2019,62.5
696,255,1975,4.8
696,255,1980,264.0
696,255,1981,270.48
696,255,1982,2.88
696,255,1983,2.88
696,255,1984,3.36
696,255,1985,3.36
696,255,1986,3.36
696,255,1990,240.0
696,255,1991,152.0
696,255,1994,130.8
696,255,1995,130.8
696,255,1996,130.8
696,255,1997,132.0
696,255,1998,130.8
696,255,1999,130.8
696,255,2000,130.8
696,255,2001,130.8
696,255,2002,130.8
696,255,2003,132.0
696,255,2004,137.60000000000002
696,255,2005,137.60000000000002
696,255,2006,174.8
696,255,2007,11.2
696,255,2008,142.0
696,255,2009,142.0
696,255,2010,160.8
696,255,2011,36.0
696,255,2013,46.8
696,255,2014,74.0
696,255,2015,42.0
696,255,2016,46.0
696,255,2017,55.6
696,255,2018,10.0
696,255,2019,40.0
696,255,2020,40.0
696,255,2021,35.0
696,255,2024,10.0
696,305,2006,12.0
696,305,2007,12.0
696,305,2008,12.0
696,305,2009,12.0
696,305,2010,12.0
696,325,1968,2.8
696,325,1974,0.24
696,325,1976,23.200000000000003
696,325,1977,10.4
696,325,1978,10.4
696,325,1979,10.4
696,325,1980,30.0
696,325,1981,82.2
696,325,1982,55.9
696,325,1983,39.12
696,325,1984,48.699999999999996
696,325,1985,42.0
696,325,1986,4.76
696,325,1987,44.1
696,325,1988,28.8
696,325,1989,15.0
696,325,1990,11.0
696,325,1991,27.2
696,325,1992,40.2
696,325,1993,30.0
696,325,1994,30.0
696,325,1995,30.0
696,325,2006,6.25
696,325,2007,36.0
696,325,2011,15.0
696,325,2012,16.5
696,325,2013,378.7
696,325,2014,40.0
696,325,2015,125.5
696,325,2016,31.5
696,325,2017,15.0
696,325,2018,19.2
696,325,2019,19.2
696,325,2023,5.5
696,325,2024,5.5
696,325,2025,21.5
696,345,2017,12.4
696,345,2018,12.4
696,355,2003,18.0
696,360,1993,39.6
696,360,1994,39.6
696,360,2006,39.6
696,360,2007,39.6
696,365,1986,6.0
696,365,1987,6.0
696,365,1992,375.0
696,365,1993,375.0
696,365,1994,1028.0
696,365,1995,653.0
696,365,1996,603.0
696,365,1997,603.0
696,365,1998,631.0
696,365,1999,644.2
696,365,2000,603.0
696,365,2008,2.0
696,365,2009,852.0
696,365,2010,850.0
696,365,2011,850.0
696,365,2012,850.0
696,365,2013,850.0
696,365,2018,200.0
696,365,2019,200.0
696,365,2020,200.0
696,369,2003,22.8
696,375,2008,5.25
696,375,2010,5.25
696,375,2013,3.6
696,375,2014,3.6
696,375,2015,3.6
696,375,2016,16.0
696,380,1980,26.439999999999998
696,380,1981,15.0
696,380,1990,26.0
696,380,1991,13.0
696,380,1996,24.0
696,380,1997,24.0
696,380,1998,24.0
696,380,2006,17.2
696,380,2007,17.2
696,380,2008,1.7999999999999998
696,380,2009,1.4
696,380,2010,79.60000000000001
696,380,2011,124.2
696,380,2013,219.0
696,380,2014,174.0
696,380,2015,219.0
696,380,2016,45.0
696,380,2017,50.0
696,380,2018,5.0
696,380,2020,80.0
696,380,2021,40.0
696,380,2024,80.0
696,560,1991,117.0
696,560,1992,117.0
696,560,1993,117.0
696,560,1996,0.8
696,560,2003,1.0
696,560,2006,13.68
696,560,2007,8.64
696,560,2009,8.64
696,560,2010,9.040000000000001
696,560,2011,8.64
696,560,2012,8.64
696,560,2013,21.36
696,560,2014,25.32
696,560,2015,106.56
696,560,2016,126.52000000000001
696,560,2017,202.2
696,560,2018,472.2
696,560,2019,387.0
696,560,2020,362.53999999999996
696,560,2021,361.94
696,560,2022,350.0
696,560,2023,350.0
696,560,2024,270.0
696,560,2025,270.0
696,620,2006,54.0
696,620,2009,54.0
696,620,2010,54.0
696,640,1999,40.8
696,640,2000,40.8
696,640,2005,38.1
696,640,2006,36.0
696,640,2007,36.0
696,640,2008,36.0
696,640,2010,6.6
696,640,2012,9.6
696,640,2013,20.0
696,640,2014,20.0
696,640,2015,20.0
696,640,2019,328.0
696,640,2020,328.0
696,640,2021,328.0
696,640,2022,395.55
696,640,2023,376.0
696,640,2024,9.0
696,666,2022,187.5
696,710,1993,14.0
696,710,1994,14.0
696,710,2013,75.0
696,710,2014,75.0
696,710,2015,75.0
696,710,2016,75.0
696,710,2017,155.0
696,710,2018,80.0
696,710,2019,26.0
696,710,2020,33.2
696,731,1989,49.25
696,732,2021,70.4
696,732,2022,70.4
696,732,2023,71.4
696,732,2024,431.4
696,732,2025,360.0
696,820,2013,30.0
696,820,2014,30.0
696,830,1983,15.0
696,830,1987,11.0
696,830,1989,30.0
696,830,2009,14.4
696,830,2010,14.4
696,830,2011,14.4
696,830,2012,14.4
696,830,2013,21.6
696,830,2014,21.6
696,830,2015,21.6
696,830,2016,7.2
696,830,2025,78.7
696,850,1993,63.0
696,850,1994,63.0
696,850,1995,63.0
696,900,2019,80.0
696,900,2023,80.0
696,900,2024,80.0
696,920,2015,0.9
698,2,1966,2.4
698,2,1971,3.0
698,2,1973,0.15
698,2,1975,34.3
698,2,1981,38.8
698,2,1982,57.5
698,2,1983,92.0
698,2,1984,36.0
698,2,1986,27.0
698,2,1990,36.12
698,2,1993,13.1
698,2,1994,29.0
698,2,1995,29.0
698,2,1996,25.2
698,2,1997,4.0
698,2,1998,12.1
698,2,2002,5.62
698,2,2003,5.62
698,2,2004,16.0
698,2,2005,418.0
698,2,2006,488.18
698,2,2007,35.5
698,2,2008,400.0
698,2,2009,3.0
698,2,2010,3.0
698,2,2012,40.0
698,2,2013,80.0
698,2,2014,514.2
698,2,2015,14.0
698,2,2016,227.62
698,2,2017,176.16
698,2,2020,8.0
698,2,2021,8.0
698,20,1970,11.25
698,20,1973,7.5
698,20,1979,13.22
698,20,1981,13.22
698,20,1983,13.22
698,20,2000,4.2
698,20,2001,4.2
698,20,2008,4.0
698,20,2013,12.0
698,20,2014,12.0
698,20,2015,12.0
698,20,2016,12.0
698,200,1959,2.2800000000000002
698,200,1960,2.2800000000000002
698,200,1963,0.61
698,200,1964,1.8
698,200,1965,1.8
698,200,1967,7.0
698,200,1968,4.95
698,200,1969,36.0
698,200,1970,20.0
698,200,1971,68.06
698,200,1972,20.0
698,200,1973,86.7
698,200,1974,99.8
698,200,1975,123.2
698,200,1976,289.4
698,200,1977,456.48
698,200,1978,156.0
698,200,1979,25.0
698,200,1981,10.8
698,200,1982,127.75
698,200,1983,313.04
698,200,1984,158.75
698,200,1985,93.64999999999999
698,200,1986,22.2
698,200,1988,26.0
698,200,1989,110.9
698,200,1990,22.4
698,200,1993,40.0
698,200,1994,173.2
698,200,1995,353.5
698,200,1996,294.5
698,200,1997,209.0
698,200,1998,8.58
698,200,2000,111.0
698,200,2001,52.4
698,200,2002,26.4
698,200,2003,26.4
698,200,2004,76.0
698,200,2005,76.0
698,200,2013,433.5
698,200,2014,433.5
698,200,2017,780.0
698,200,2018,700.0
698,200,2022,8.64
698,200,2023,8.64
698,210,1974,9.2
698,210,1975,13.5
698,210,1996,21.5
698,210,1997,21.5
698,210,2013,51.75
698,210,2014,51.75
698,210,2015,37.0
698,210,2016,37.0
698,220,1978,3.0
698,220,1982,25.8
698,220,1983,36.6
698,220,1984,36.9
698,220,1985,23.25
698,220,1986,15.15
698,220,1987,14.25
698,220,1988,14.25
698,220,1989,32.25
698,220,1990,9.5
698,220,1995,57.0
698,220,1996,131.5
698,220,1997,80.62
698,220,1998,6.12
698,220,2001,30.42
698,220,2002,30.42
698,220,2003,30.42
698,220,2004,9.72
698,220,2006,3.9
698,220,2009,91.8
698,220,2010,140.0
698,220,2011,140.0
698,220,2012,185.0
698,220,2013,214.0
698,220,2014,214.0
698,220,2017,140.0
698,225,1974,0.9
698,225,1975,1.2
698,225,1989,0.3
698,225,1995,7.5
698,225,1996,25.0
698,225,2000,22.8
698,225,2001,22.8
698,225,2019,1.8
698,230,2013,50.0
698,230,2014,50.0
698,230,2015,88.0
698,230,2016,140.0
698,230,2017,52.0
698,255,1984,4.4
698,255,1987,35.0
698,255,2013,24.0
698,255,2014,24.0
698,255,2017,13.76
698,255,2018,13.76
698,255,2019,13.76
698,255,2020,13.76
698,325,1971,23.76
698,325,1974,26.2
698,325,1975,26.2
698,325,1982,5.0
698,325,1983,10.0
698,325,1984,10.0
698,325,1985,2.5
698,325,1989,5.0
698,325,1996,5.5
698,325,1997,5.5
698,325,2001,9.0
698,325,2010,13.5
698,325,2011,6.75
698,325,2013,8.25
698,325,2014,8.25
698,325,2015,11.0
698,325,2016,11.0
698,380,1980,11.1
698,380,1981,11.1
698,380,1982,13.6
698,380,1983,5.0
698,380,1984,5.0
698,380,1989,2.5
698,380,1995,7.5
698,380,1996,7.5
698,385,2016,150.0
698,385,2017,150.0
698,390,2015,10.0
698,390,2016,10.0
698,560,1994,36.0
698,560,1996,36.0
698,630,1972,12.58
698,630,1973,12.58
698,640,2017,9.99
698,640,2018,201.39000000000001
698,640,2019,201.39000000000001
698,640,2020,191.4
698,651,1988,1.5
698,651,1990,2.75
698,663,1975,49.6
698,663,1982,0.6
698,670,1972,2.1
698,690,1980,2.88
698,694,1993,39.6
698,696,1974,7.84
698,696,2006,15.0
698,710,2002,3.6
698,710,2003,17.5
698,770,1994,0.72
698,770,2002,1.2
698,830,1981,5.0
698,830,1983,10.0
698,830,2015,140.0
698,830,2016,140.0
698,900,2016,40.0
700,2,2005,18.8
700,2,2007,41.6
700,2,2008,657.15
700,2,2009,615.55
700,2,2010,615.55
700,2,2011,1316.92
700,2,2012,919.62
700,2,2013,715.46
700,2,2014,181.6
700,2,2015,157.62
700,2,2016,225.89000000000001
700,2,2017,506.15
700,2,2018,931.37
700,2,2019,931.37
700,2,2020,913.77
700,2,2021,654.4
700,20,2016,10.0
700,20,2018,3.0
700,140,2016,90.0
700,140,2018,27.0
700,200,2010,5.8
700,225,2013,33.3
700,225,2014,33.3
700,225,2015,33.3
700,315,1977,91.0
700,315,1983,91.0
700,315,1984,91.0
700,316,2007,28.71
700,316,2008,62.37
700,316,2009,33.66
700,317,2006,3.36
700,317,2008,8.7
700,325,2009,158.4
700,325,2010,158.4
700,325,2011,158.4
700,325,2012,158.4
700,346,2011,13.86
700,346,2013,2.8
700,365,1955,4.0
700,365,1956,3.6
700,365,1957,570.78
700,365,1958,533.48
700,365,1959,629.0
700,365,1960,101.8
700,365,1961,162.4
700,365,1962,200.4
700,365,1963,127.0
700,365,1964,160.84
700,365,1965,171.34
700,365,1966,695.72
700,365,1967,670.72
700,365,1968,467.6
700,365,1969,645.0
700,365,1970,195.0
700,365,1971,26.4
700,365,1974,93.6
700,365,1975,273.6
700,365,1976,320.0
700,365,1977,321.6
700,365,1978,616.4
700,365,1979,2226.5
700,365,1980,2925.82
700,365,1981,2700.82
700,365,1982,2702.32
700,365,1983,1810.0
700,365,1984,2313.25
700,365,1985,1673.0
700,365,1986,1939.25
700,365,1987,3057.95
700,365,1988,6823.75
700,365,1989,6297.85
700,365,1990,6395.45
700,365,1991,4759.05
700,365,2002,34.4
700,365,2005,14.6
700,365,2009,29.0
700,365,2010,72.5
700,365,2011,169.65
700,365,2012,152.25
700,365,2013,87.0
700,365,2014,217.5
700,369,2008,17.6
700,370,2019,13.6
700,385,2009,0.64
700,640,2007,4.8
700,710,2017,1.5
700,750,2015,15.45
700,750,2016,13.2
701,2,2021,18.16
701,20,2021,2.5
701,140,2021,22.5
701,210,2011,9.5
701,210,2012,9.5
701,210,2013,38.0
701,210,2014,38.0
701,210,2015,38.0
701,210,2016,38.0
701,220,2013,2.52
701,220,2017,2.52
701,220,2021,35.0
701,255,2011,0.3
701,255,2015,18.0
701,255,2016,18.0
701,255,2017,18.0
701,255,2021,6.0
701,305,2011,3.2
701,316,2016,2.16
701,325,2011,29.6
701,325,2012,5.0
701,325,2013,20.0
701,325,2014,20.0
701,325,2015,30.0
701,325,2016,46.5
701,325,2017,26.5
701,325,2021,133.25
701,345,2021,1.64
701,365,2009,70.8
701,365,2010,36.7
701,365,2011,168.2
701,365,2012,80.0
701,365,2013,29.8
701,365,2014,25.0
701,365,2015,86.5
701,365,2016,72.0
701,365,2021,1.5
701,369,2003,27.0
701,369,2004,27.0
701,369,2008,7.2
701,369,2011,68.96
701,369,2012,54.4
701,370,2011,2.0
701,370,2016,2.4
701,370,2017,2.4
701,372,2004,11.5
701,640,2011,40.0
701,640,2012,40.0
701,640,2013,160.0
701,640,2014,160.0
701,640,2015,352.0
701,640,2016,378.45
701,640,2017,208.65
701,640,2021,158.45
701,666,2016,0.14
701,666,2021,2.06
701,696,2016,2.64
701,696,2021,1.3
701,710,2016,228.3
701,710,2017,15.5
702,355,2013,3.6
702,365,1994,29.0
702,365,2006,12.6
702,365,2007,7.2
702,365,2009,33.96
702,365,2016,7.02
702,365,2017,19.21
702,365,2018,1.5
702,365,2019,4.19
702,365,2022,2.7199999999999998
702,630,2023,0.6
702,630,2024,0.6
702,630,2025,0.6
702,710,2018,3.0
702,710,2019,1.4
702,710,2025,75.0
703,365,2003,9.57
703,365,2005,2.9
703,365,2015,17.599999999999998
703,365,2016,16.2
703,365,2017,23.0
703,365,2018,0.89
703,365,2019,15.2
703,365,2023,10.15
703,370,2023,30.0
703,640,2021,9.6
703,640,2022,18.6
703,640,2023,14.0
703,705,2004,5.8
704,2,2015,35.86
704,20,2015,6.0
704,20,2016,6.0
704,220,2014,10.4
704,220,2015,58.0
704,220,2016,68.4
704,220,2019,58.0
704,220,2021,58.0
704,220,2022,58.0
704,220,2023,58.0
704,230,2015,50.0
704,230,2016,50.0
704,365,2001,17.5
704,365,2002,17.5
704,365,2010,30.0
704,365,2017,11.25
704,365,2018,11.25
704,365,2019,144.0
704,365,2020,138.0
704,365,2021,9.8
704,640,2018,8.4
704,640,2019,8.4
704,640,2023,9.6
704,710,2014,16.2
704,710,2018,117.0
704,710,2024,47.0
704,710,2025,32.0
705,2,2004,18.6
705,2,2007,6.2
705,2,2008,5.2
705,2,2009,5.2
705,2,2012,12.4
705,2,2014,12.4
705,2,2016,12.4
705,2,2017,12.4
705,20,2013,3.0
705,20,2014,3.0
705,20,2016,3.0
705,20,2017,3.0
705,20,2023,1.5
705,220,2014,13.0
705,220,2023,39.0
705,220,2024,39.0
705,220,2025,39.0
705,230,2013,25.0
705,230,2014,25.0
705,230,2016,25.0
705,230,2017,25.0
705,230,2023,12.5
705,230,2024,73.0
705,255,2011,39.0
705,255,2012,39.0
705,255,2013,39.0
705,255,2014,39.0
705,255,2015,39.0
705,255,2016,39.0
705,255,2017,39.0
705,255,2024,12.0
705,316,2023,5.2
705,365,1995,99.12
705,365,1996,23.4
705,365,1997,64.4
705,365,1999,238.0
705,365,2000,326.4
705,365,2001,238.0
705,365,2002,21.75
705,365,2004,114.1
705,365,2005,114.1
705,365,2006,101.5
705,365,2007,172.6
705,365,2008,82.85
705,365,2009,95.7
705,365,2010,204.1
705,365,2011,166.35
705,365,2012,168.7
705,365,2013,146.7
705,365,2014,115.9
705,365,2015,543.0
705,365,2016,593.25
705,365,2017,564.75
705,365,2018,489.45
705,365,2019,660.0
705,365,2020,706.0
705,365,2021,745.0
705,365,2022,813.45
705,365,2023,590.0
705,365,2024,440.0
705,369,1999,0.6699999999999999
705,369,2005,11.5
705,369,2006,9.5
705,369,2007,9.5
705,369,2011,20.0
705,369,2012,24.56
705,369,2013,58.16
705,369,2014,1.6
705,560,2016,31.5
705,560,2017,31.5
705,560,2018,31.5
705,560,2019,32.9
705,560,2020,32.9
705,560,2024,32.9
705,640,1999,3.4
705,640,2001,3.4
705,640,2012,1.05
705,640,2014,6.0
705,640,2022,9.0
705,640,2023,9.0
705,640,2024,13.5
705,640,2025,2.25
705,666,2008,55.800000000000004
705,666,2009,65.8
705,666,2010,10.0
705,666,2018,2.8
705,666,2019,2.8
705,710,2016,11.0
705,710,2025,2.1
705,732,2006,14.4
710,2,1984,156.0
710,2,1985,156.0
710,2,1988,16.0
710,2,1994,35.0
710,2,1995,3.6
710,2,1996,3.6
710,20,1984,7.5
710,20,1985,7.5
710,200,1987,5.0
710,200,1998,1000.0
710,200,1999,1060.0
710,200,2000,1220.0
710,200,2001,1220.0
710,200,2002,1160.0
710,200,2003,1160.0
710,200,2004,1160.0
710,200,2005,1160.0
710,200,2006,1000.0
710,200,2007,1000.0
710,200,2008,1000.0
710,200,2009,1000.0
710,200,2010,1000.0
710,200,2011,1000.0
710,200,2012,1000.0
710,200,2013,1000.0
710,200,2014,1000.0
710,200,2015,1000.0
710,200,2016,1000.0
710,200,2017,1000.0
710,200,2018,1000.0
710,220,1967,14.25
710,220,1977,155.0
710,220,1978,155.0
710,220,1982,97.5
710,220,1983,15.0
710,220,1986,45.0
710,220,1987,272.0
710,220,1988,1035.3
710,220,1989,1213.8
710,220,1990,1093.5
710,220,1991,1392.0
710,220,1992,2861.0
710,220,1993,2983.5
710,220,1994,2953.5
710,220,1995,3083.0
710,220,1996,3071.0
710,220,1997,2887.5
710,220,1998,2843.0
710,220,1999,2145.0
710,220,2000,1917.0
710,220,2001,2280.25
710,220,2002,2366.25
710,220,2003,2202.75
710,220,2004,2242.75
710,220,2005,2816.25
710,220,2006,2326.25
710,220,2007,2338.75
710,220,2008,2652.75
710,220,2009,2202.75
710,220,2010,2652.75
710,220,2011,2788.75
710,220,2012,2866.25
710,220,2013,3090.25
710,220,2014,2640.25
710,220,2015,3090.25
710,220,2016,3226.25
710,220,2017,2603.5
710,220,2018,2739.5
710,220,2019,2739.5
710,220,2020,2289.5
710,220,2021,2153.5
710,220,2022,2068.5
710,220,2023,2068.5
710,220,2024,1618.5
710,220,2025,2068.5
710,225,1997,1300.0
710,225,1998,1300.0
710,225,1999,1300.0
710,225,2000,1300.0
710,225,2001,1300.0
710,225,2002,1300.0
710,225,2003,1300.0
710,225,2004,1300.0
710,225,2005,1300.0
710,225,2006,1300.0
710,225,2007,1300.0
710,225,2008,1300.0
710,225,2009,1300.0
710,225,2010,1300.0
710,225,2011,1300.0
710,225,2012,1300.0
710,225,2013,1300.0
710,225,2014,1300.0
710,225,2015,1300.0
710,225,2016,1300.0
710,225,2017,1300.0
710,225,2018,1300.0
710,255,1970,6.0
710,255,1971,6.0
710,255,1972,6.0
710,255,1973,6.0
710,255,1974,6.0
710,255,1975,6.0
710,255,1976,6.0
710,255,1979,12.0
710,255,1980,12.0
710,255,1982,105.0
710,255,1983,105.0
710,255,1984,105.0
710,255,1985,105.0
710,255,1986,105.0
710,255,1987,105.0
710,255,1988,105.0
710,255,1989,105.0
710,255,1990,105.0
710,255,1991,105.0
710,255,1992,105.0
710,255,1993,150.0
710,255,1994,105.0
710,255,1995,105.0
710,255,1996,166.0
710,255,1997,121.0
710,255,1998,121.0
710,255,1999,167.48
710,255,2000,121.0
710,255,2001,117.0
710,255,2002,105.0
710,255,2003,117.0
710,255,2004,162.0
710,255,2005,162.0
710,255,2006,162.0
710,255,2007,150.0
710,255,2008,105.0
710,255,2009,105.0
710,255,2010,105.0
710,255,2011,105.0
710,255,2012,105.0
710,255,2013,125.0
710,255,2014,323.0
710,255,2015,323.0
710,255,2016,303.0
710,255,2017,303.0
710,255,2018,303.0
710,255,2019,303.0
710,255,2020,303.0
710,255,2021,303.0
710,255,2022,303.0
710,255,2023,105.0
710,255,2024,198.0
710,255,2025,198.0
710,325,1986,10.0
710,325,1987,26.2
710,325,1988,16.2
710,325,1989,16.2
710,325,1990,16.2
710,325,1991,16.2
710,365,1950,7784.07
710,365,1951,8227.95
710,365,1952,15577.15
710,365,1953,17243.65
710,365,1954,18270.44
710,365,1955,12490.81
710,365,1956,16205.0
710,365,1957,16078.4
710,365,1958,17324.25
710,365,1959,17640.25
710,365,1960,17616.0
710,365,1961,6653.15
710,365,1962,2612.4
710,365,1963,2458.75
710,365,1964,2538.0
710,365,1965,1296.5
710,365,1966,459.61
710,365,1967,357.5
710,365,1968,392.5
710,365,1990,174.0
710,365,1991,353.25
710,365,1992,1007.5
710,365,1993,1205.25
710,365,1994,338.0
710,365,1995,747.5
710,365,1996,2062.5
710,365,1997,2804.5
710,365,1998,4953.0
710,365,1999,6998.5
710,365,2000,9641.75
710,365,2001,9225.5
710,365,2002,10104.25
710,365,2003,9156.0
710,365,2004,10676.75
710,365,2005,10137.0
710,365,2006,10826.5
710,365,2007,8360.7
710,365,2008,5468.2
710,365,2009,4389.5
710,365,2010,3716.5
710,365,2011,3980.0
710,365,2012,4134.5
710,365,2013,3908.0
710,365,2014,3278.0
710,365,2015,3926.95
710,365,2016,4969.45
710,365,2017,4547.0
710,365,2018,6771.75
710,365,2019,4747.25
710,365,2020,2692.25
710,365,2021,2455.0
710,365,2022,2789.0
710,365,2023,2513.5
710,365,2024,1461.0
710,365,2025,1671.0
710,369,1992,47.5
710,369,1993,47.5
710,369,1994,47.5
710,369,1996,55.0
710,369,1997,34.8
710,369,1998,34.8
710,369,1999,54.8
710,369,2000,417.14
710,369,2001,414.8
710,369,2002,450.8
710,369,2003,34.8
710,369,2004,94.8
710,369,2005,465.2
710,369,2006,465.2
710,369,2007,465.2
710,369,2008,405.2
710,369,2009,405.2
710,369,2012,631.6
710,369,2013,535.8
710,369,2014,854.5
710,369,2015,604.3
710,369,2016,849.9000000000001
710,369,2017,916.8
710,369,2018,916.8
710,369,2019,681.6
710,369,2020,681.6
710,369,2021,681.6
710,369,2022,681.6
710,369,2023,285.6
710,369,2024,396.0
710,369,2025,396.0
710,370,2013,170.0
710,666,1990,330.0
710,666,1991,330.0
710,666,1992,330.0
710,666,1993,330.0
710,666,1994,330.0
710,666,1995,330.0
710,666,1996,330.0
710,666,1997,330.0
710,666,1998,350.0
710,666,1999,350.0
710,666,2000,330.0
710,666,2001,330.0
710,704,2015,102.0
710,704,2016,102.0
710,740,1989,45.0
710,740,1990,45.0
712,290,1979,0.42
712,365,1951,18.0
712,365,1952,38.7
712,365,1953,18.0
712,365,1954,3.0
712,365,1955,19.8
712,365,1956,18.8
712,365,1957,24.0
712,365,1958,24.0
712,365,1960,20.0
712,365,1961,302.8
712,365,1962,299.6
712,365,1963,285.6
712,365,1964,597.1
712,365,1965,375.37
712,365,1966,353.6
712,365,1967,312.5
712,365,1968,15.0
712,365,1969,21.6
712,365,1970,22.5
712,365,1971,80.75
712,365,1972,58.25
712,365,1973,230.0
712,365,1974,230.0
712,365,1975,433.0
712,365,1976,140.5
712,365,1977,146.0
712,365,1978,280.4
712,365,1979,202.4
712,365,1980,263.5
712,365,1981,261.9
712,365,1982,608.4
712,365,1983,574.4
712,365,1984,524.4
712,365,1985,390.0
712,365,1986,90.0
712,365,1987,90.0
712,365,1988,90.0
712,365,2008,14.5
712,365,2010,63.6
712,365,2011,2.8
712,365,2012,148.37
712,365,2015,143.94
712,365,2019,41.3
712,365,2021,41.3
712,900,2022,2.6
713,2,1951,551.5
713,2,1952,841.46
713,2,1953,1039.8600000000001
713,2,1954,994.7
713,2,1955,1448.67
713,2,1956,976.6999999999999
713,2,1957,1215.26
713,2,1958,1898.91
713,2,1959,1861.66
713,2,1960,1123.75
713,2,1961,567.52
713,2,1962,449.78
713,2,1963,1095.44
713,2,1964,1204.04
713,2,1965,1998.6999999999998
713,2,1966,1381.38
713,2,1967,1385.2
713,2,1968,1331.56
713,2,1969,1976.54
713,2,1970,1170.8600000000001
713,2,1971,717.9
713,2,1972,571.48
713,2,1973,525.22
713,2,1974,1900.27
713,2,1975,1667.12
713,2,1976,1718.54
713,2,1977,2048.36
713,2,1978,2370.0099999999998
713,2,1979,2258.86
713,2,1980,2059.61
713,2,1981,2448.98
713,2,1982,2656.13
713,2,1983,2762.62
713,2,1984,1117.13
713,2,1985,2279.14
713,2,1986,2577.27
713,2,1987,1196.32
713,2,1988,1295.1
713,2,1989,1920.6
713,2,1990,1341.5
713,2,1991,2415.04
713,2,1992,2128.5
713,2,1993,5352.610000000001
713,2,1994,5171.52
713,2,1995,5813.13
713,2,1996,4242.01
713,2,1997,8933.35
713,2,1998,8627.65
713,2,1999,6054.14
713,2,2000,1926.98
713,2,2001,1480.27
713,2,2002,791.4
713,2,2003,240.0
713,2,2004,2521.0
713,2,2005,1188.26
713,2,2006,1039.0800000000002
713,2,2007,77.99
713,2,2008,77.09
713,2,2009,54.64
713,2,2010,157.84
713,2,2011,574.75
713,2,2012,2107.59
713,2,2013,2147.67
713,2,2014,2579.92
713,2,2015,1630.49
713,2,2016,412.89
713,2,2017,776.89
713,2,2018,388.09
713,2,2019,750.0899999999999
713,2,2020,563.68
713,2,2021,680.94
713,2,2022,968.14
713,2,2023,624.14
713,2,2024,756.2
713,2,2025,667.46
713,20,1991,67.5
713,20,1992,67.5
713,20,1993,67.5
713,200,2025,12.0
713,210,1987,520.0
713,210,1988,520.0
713,210,1989,108.0
713,210,1990,108.0
713,210,1991,108.0
713,210,1992,108.0
713,220,1995,30.0
713,220,1996,2106.0
713,220,1997,4086.3
713,220,1998,4086.3
713,220,2004,30.0
713,220,2005,50.0
713,225,1986,277.5
713,225,1987,277.5
713,225,1988,277.5
713,255,1988,220.0
713,255,1989,220.0
713,255,1990,400.0
713,255,1991,180.0
713,255,1994,72.0
713,255,1999,72.0
713,255,2000,72.0
713,255,2003,3.6
713,255,2009,108.0
713,255,2010,108.0
713,255,2011,108.0
713,255,2014,3.0
713,255,2021,18.0
713,255,2023,18.0
713,255,2024,18.0
713,325,1978,5.0
713,325,1982,5.0
713,325,1988,9.0
713,325,1989,9.0
713,325,2014,2.75
713,325,2021,19.25
713,325,2023,19.25
713,325,2024,19.25
713,390,1987,80.64
713,666,1975,1.64
713,666,1980,700.0
713,666,1981,700.0
713,666,1982,700.0
713,666,1983,700.0
713,666,1984,700.0
713,666,1985,700.0
713,666,1986,700.0
713,666,1987,200.0
713,666,1988,200.0
713,666,1989,200.0
713,666,1990,200.0
713,666,1991,200.0
713,666,1992,200.0
713,666,2000,9.0
713,740,1955,33.6
713,740,1957,14.0
713,740,1958,0.48
713,740,1959,0.48
713,740,1969,10.0
713,740,1986,92.4
713,830,1984,1.6
713,830,1987,100.0
713,830,1988,100.0
713,830,1989,100.0
713,830,1990,100.0
731,365,1950,1524.75
731,365,1951,1566.7
731,365,1952,1621.5
731,365,1953,2307.4
731,365,1954,1764.5
731,365,1955,1850.5
731,365,1956,1934.5
731,365,1957,2285.5
731,365,1958,2093.5
731,365,1959,1718.5
731,365,1960,935.0
731,365,1961,609.0
731,365,1962,978.05
731,365,1963,877.85
731,365,1964,861.85
731,365,1965,656.8
731,365,1966,2176.7
731,365,1967,3212.2
731,365,1968,3877.6
731,365,1969,3207.6
731,365,1970,3294.5
731,365,1971,5332.6
731,365,1972,4598.5
731,365,1973,4607.5
731,365,1974,3523.7
731,365,1975,3240.5
731,365,1976,3100.0
731,365,1977,3100.0
731,365,1978,3010.0
731,365,1979,3134.4
731,365,1980,3128.8
731,365,1981,3042.05
731,365,1982,3042.05
731,365,1983,1946.05
731,365,1984,1673.25
731,365,1985,3654.7
731,365,1986,3607.9
731,365,1987,3026.65
731,365,1988,2772.75
731,365,1989,2409.35
731,365,1990,2097.25
731,365,1991,1683.25
731,365,1992,864.0
731,365,1993,773.0
731,365,1994,753.0
731,365,1995,865.0
731,365,1996,825.0
731,365,1997,675.0
731,365,1998,675.0
731,365,1999,675.0
731,365,2000,703.8
731,365,2001,703.8
731,365,2002,675.0
731,365,2003,675.0
731,365,2004,135.0
731,365,2005,135.0
731,365,2006,135.0
731,365,2007,135.0
731,365,2008,135.0
731,365,2009,135.0
731,365,2010,30.0
731,705,1995,6.72
731,710,1958,1201.8
731,710,1959,1093.0
731,710,1960,800.0
731,710,1961,100.0
731,710,1962,100.0
731,710,1963,100.0
731,710,1964,300.0
731,710,1965,300.0
731,710,1966,300.0
731,710,1967,687.0
731,710,1968,687.0
731,710,1969,705.0
731,710,1970,705.0
731,710,1971,755.0
731,710,1972,665.0
731,710,1973,1874.5
731,710,1974,1886.4
731,710,1975,1958.4
731,710,1976,1929.0
731,710,1977,656.5
731,710,1978,1938.5
731,710,1979,1590.0
731,710,1980,1760.0
731,710,1981,468.75
731,710,1982,1848.75
731,710,1983,1525.0
731,710,1984,1525.0
731,710,1985,425.0
731,710,1986,2040.0
731,710,1987,2040.0
731,710,1988,2040.0
731,710,1989,1810.0
731,710,1990,520.0
731,710,1991,1470.0
731,710,1992,50.0
731,710,1993,1200.0
731,710,1994,50.0
731,710,1995,1150.0
732,2,1950,604.2
732,2,1951,742.79
732,2,1952,701.9
732,2,1953,634.03
732,2,1954,1080.47
732,2,1955,1341.6100000000001
732,2,1956,1464.43
732,2,1957,1264.82
732,2,1958,1314.2
732,2,1959,1139.31
732,2,1960,945.84
732,2,1961,736.8
732,2,1962,627.6
732,2,1963,1086.49
732,2,1964,1690.8200000000002
732,2,1965,1466.1399999999999
732,2,1966,1498.57
732,2,1967,410.85
732,2,1968,835.21
732,2,1969,1050.12
732,2,1970,606.0799999999999
732,2,1971,805.06
732,2,1972,953.78
732,2,1973,890.3399999999999
732,2,1974,1841.48
732,2,1975,2483.41
732,2,1976,2327.11
732,2,1977,2970.4
732,2,1978,2406.0
732,2,1979,3934.46
732,2,1980,3412.67
732,2,1981,3805.6
732,2,1982,3820.8
732,2,1983,2647.8
732,2,1984,5892.36
732,2,1985,6009.860000000001
732,2,1986,6766.0
732,2,1987,5812.56
732,2,1988,6003.54
732,2,1989,6491.1
732,2,1990,5811.48
732,2,1991,5311.84
732,2,1992,4961.71
732,2,1993,4839.27
732,2,1994,8186.05
732,2,1995,9520.880000000001
732,2,1996,8074.81
732,2,1997,8215.06
732,2,1998,8135.36
732,2,1999,9712.1
732,2,2000,6004.0
732,2,2001,5985.3
732,2,2002,2017.6
732,2,2003,2757.2
732,2,2004,3392.01
732,2,2005,5420.91
732,2,2006,5495.23
732,2,2007,5068.15
732,2,2008,5530.6
732,2,2009,1975.6
732,2,2010,2771.31
732,2,2011,3058.15
732,2,2012,3202.65
732,2,2013,485.02
732,2,2014,685.7
732,2,2015,429.5
732,2,2016,1285.67
732,2,2017,1635.52
732,2,2018,3193.66
732,2,2019,3097.48
732,2,2020,3057.64
732,2,2021,2863.4
732,2,2022,2813.5
732,2,2023,521.8
732,2,2024,1425.3
732,2,2025,590.8
732,20,1950,2.5
732,20,1966,3.8
732,20,1977,4.0
732,20,2000,36.75
732,20,2001,36.75
732,20,2002,36.75
732,20,2003,36.75
732,20,2004,36.75
732,20,2005,36.75
732,20,2006,36.75
732,20,2007,36.75
732,140,1980,21.6
732,200,1985,112.5
732,200,1987,40.0
732,200,1988,152.5
732,200,1989,125.0
732,200,1990,317.0
732,200,1991,304.5
732,200,1992,282.5
732,200,1993,295.0
732,200,1995,112.5
732,200,1997,125.0
732,200,1999,205.5
732,200,2000,205.5
732,200,2001,175.5
732,200,2016,112.0
732,200,2018,12.0
732,200,2019,48.0
732,200,2021,36.0
732,200,2023,48.0
732,200,2024,12.0
732,210,1981,149.0
732,210,1982,224.0
732,210,1983,224.0
732,210,1984,224.0
732,210,1985,289.0
732,210,1986,289.0
732,210,1988,140.0
732,210,1989,205.0
732,210,1990,205.0
732,210,1993,330.0
732,210,1994,125.0
732,210,1995,125.0
732,210,1997,65.0
732,210,1998,65.0
732,210,1999,85.0
732,210,2000,85.0
732,210,2003,75.0
732,210,2004,75.0
732,210,2005,75.0
732,210,2007,68.5
732,210,2008,50.0
732,210,2010,50.0
732,210,2012,50.0
732,220,1972,6.0
732,220,1975,12.4
732,220,1976,12.4
732,220,1977,12.4
732,220,1978,12.4
732,220,1984,15.0
732,220,1986,15.0
732,220,1987,0.5
732,220,1993,88.56
732,220,1994,88.84
732,220,1995,88.56
732,220,1996,88.56
732,220,1997,94.56
732,220,1998,168.92000000000002
732,220,1999,648.78
732,220,2000,636.78
732,220,2001,480.0
732,220,2002,480.0
732,220,2003,496.25
732,220,2004,480.0
732,220,2005,496.25
732,220,2006,676.25
732,220,2007,674.0
732,220,2008,666.0
732,220,2009,660.0
732,220,2010,6.0
732,220,2012,6.0
732,220,2016,16.0
732,220,2017,34.5
732,220,2019,392.0
732,220,2021,10.0
732,220,2024,11.5
732,220,2025,4.0
732,225,1975,13.5
732,230,1993,108.0
732,230,1994,108.0
732,255,1981,21.6
732,255,1982,69.6
732,255,1983,69.6
732,255,1984,591.6
732,255,1985,613.2
732,255,1986,613.2
732,255,1987,522.0
732,255,1988,591.6
732,255,1989,613.2
732,255,1990,613.2
732,255,1991,522.0
732,255,1992,529.5
732,255,1993,1225.7
732,255,1994,1134.5
732,255,1995,1134.5
732,255,1996,1134.5
732,255,1997,1134.5
732,255,1998,826.7
732,255,1999,1394.14
732,255,2000,1394.14
732,255,2001,1357.54
732,255,2002,752.5400000000001
732,255,2003,774.74
732,255,2004,788.8199999999999
732,255,2005,788.8199999999999
732,255,2006,766.62
732,255,2007,1584.1200000000001
732,255,2008,1944.52
732,255,2009,1854.52
732,255,2010,357.12
732,255,2011,433.04
732,255,2012,429.52
732,255,2013,313.04
732,255,2014,2033.04
732,255,2015,238.96
732,255,2016,1994.8600000000001
732,255,2017,2027.3600000000001
732,255,2018,1995.8600000000001
732,255,2019,1921.96
732,255,2020,1921.96
732,255,2021,21.3
732,255,2023,16.8
732,255,2024,2.4
732,290,2025,1.9
732,305,2012,0.6
732,325,1977,49.5
732,325,1978,49.5
732,325,1979,49.5
732,325,1980,49.5
732,325,1981,219.5
732,325,1982,219.5
732,325,1983,219.5
732,325,1984,170.0
732,325,1985,357.0
732,325,1986,357.0
732,325,1987,49.5
732,325,1988,357.0
732,325,1989,357.0
732,325,1990,307.5
732,325,1993,307.5
732,325,1997,170.0
732,325,1998,15.75
732,325,1999,15.75
732,325,2000,15.75
732,365,1996,205.5
732,365,1997,188.0
732,365,1998,56.0
732,365,1999,58.0
732,365,2000,58.0
732,365,2003,40.0
732,365,2004,90.75
732,365,2005,231.7
732,365,2006,180.95
732,380,2008,45.0
732,380,2009,24.0
732,380,2010,24.0
732,380,2011,45.0
732,380,2012,45.0
732,380,2013,101.0
732,380,2014,101.0
732,380,2015,56.0
732,380,2018,45.0
732,385,1953,8.0
732,666,1998,40.0
732,666,1999,40.0
732,666,2000,40.0
732,666,2002,90.0
732,666,2012,35.0
732,666,2013,131.65
732,666,2014,120.0
732,666,2015,129.0
732,666,2016,138.0
732,666,2021,30.0
732,666,2023,18.0
732,666,2024,18.0
732,666,2025,18.0
732,740,1966,1.0
732,850,2001,72.0
732,850,2002,72.0
740,2,1952,141.56
740,2,1953,397.71
740,2,1954,538.26
740,2,1955,2407.45
740,2,1956,3172.2
740,2,1957,3119.3
740,2,1958,3983.3
740,2,1959,4197.93
740,2,1960,3465.25
740,2,1961,3876.64
740,2,1962,3952.2
740,2,1963,4372.0
740,2,1964,7251.7
740,2,1965,7637.25
740,2,1966,4690.8
740,2,1967,5846.0
740,2,1968,5961.4
740,2,1969,5963.099999999999
740,2,1970,6044.6
740,2,1971,9571.9
740,2,1972,8936.4
740,2,1973,9111.16
740,2,1974,9509.06
740,2,1975,9812.26
740,2,1976,9586.91
740,2,1977,8895.36
740,2,1978,9752.74
740,2,1979,9895.07
740,2,1980,20128.44
740,2,1981,23947.94
740,2,1982,20943.489999999998
740,2,1983,21191.04
740,2,1984,21355.41
740,2,1985,19863.91
740,2,1986,22238.51
740,2,1987,22185.51
740,2,1988,22459.59
740,2,1989,24202.99
740,2,1990,24700.7
740,2,1991,22772.02
740,2,1992,20825.27
740,2,1993,20138.739999999998
740,2,1994,19050.34
740,2,1995,20036.56
740,2,1996,20270.89
740,2,1997,19593.82
740,2,1998,18927.620000000003
740,2,1999,17361.52
740,2,2000,6837.22
740,2,2001,6441.55
740,2,2002,6315.9
740,2,2003,6155.85
740,2,2004,6319.05
740,2,2005,7658.85
740,2,2006,6479.75
740,2,2007,7582.75
740,2,2008,7525.3
740,2,2009,7550.65
740,2,2010,7059.79
740,2,2011,5796.84
740,2,2012,4132.24
740,2,2013,5203.49
740,2,2014,3394.75
740,2,2015,4650.03
740,2,2016,7154.16
740,2,2017,6171.68
740,2,2018,5483.83
740,2,2019,6061.75
740,2,2020,5321.4
740,2,2021,6529.45
740,2,2022,7657.25
740,2,2023,5967.65
740,2,2024,5705.7
740,2,2025,7063.45
740,200,1953,0.9
740,200,1957,12.5
740,200,1959,32.2
740,200,1960,32.2
740,200,1961,32.2
740,200,1962,32.2
740,200,1967,50.6
740,200,1968,50.6
740,200,1969,50.6
740,200,1970,50.6
740,200,1971,50.6
740,200,1972,50.6
740,200,1973,50.6
740,200,1974,604.4
740,200,1975,553.8
740,200,1976,553.8
740,200,1977,553.8
740,200,1978,553.8
740,200,1979,553.8
740,200,1980,553.8
740,200,1981,698.8
740,200,1982,731.8
740,200,1983,731.8
740,200,1984,731.8
740,200,1985,731.8
740,200,1986,923.8
740,200,1987,731.8
740,200,1988,890.8
740,200,1989,745.8
740,200,1990,745.8
740,200,1991,745.8
740,200,1992,581.55
740,200,1993,219.75
740,200,1994,27.75
740,200,1995,225.5
740,200,1996,225.5
740,200,1997,225.5
740,200,1998,55.5
740,200,1999,170.0
740,200,2000,170.0
740,200,2001,170.0
740,200,2002,170.0
740,200,2003,170.0
740,200,2004,170.0
740,200,2005,170.0
740,200,2006,332.5
740,200,2008,40.0
740,200,2009,202.5
740,200,2010,212.5
740,200,2011,162.5
740,200,2012,32.0
740,200,2013,194.5
740,200,2014,32.0
740,200,2015,162.5
740,200,2016,162.5
740,200,2017,162.5
740,200,2018,162.5
740,200,2019,162.5
740,200,2021,60.0
740,200,2022,204.0
740,200,2023,144.0
740,200,2024,204.0
740,200,2025,204.0
740,210,1980,12.0
740,210,1981,12.0
740,220,1960,8.0
740,220,1978,50.0
740,220,1979,50.0
740,220,1980,50.0
740,220,1982,50.0
740,220,1983,50.0
740,220,1984,50.0
740,220,1985,10.0
740,220,1986,12.0
740,220,1988,12.0
740,220,1990,204.2
740,220,1991,35.0
740,220,1992,41.0
740,220,1993,189.2
740,220,1994,189.2
740,220,1995,154.2
740,220,1996,154.2
740,220,1997,154.2
740,220,1998,154.2
740,220,1999,154.2
740,220,2000,204.2
740,220,2001,204.2
740,220,2002,169.2
740,220,2003,169.2
740,220,2004,189.2
740,220,2005,154.2
740,220,2006,189.2
740,220,2007,189.2
740,220,2008,154.2
740,220,2009,154.2
740,220,2010,154.2
740,220,2011,154.2
740,220,2012,154.2
740,220,2013,154.2
740,220,2014,154.2
740,220,2015,154.2
740,220,2016,154.2
740,220,2017,154.2
740,220,2018,154.2
740,220,2019,154.2
740,220,2020,154.2
740,220,2021,154.2
740,220,2022,154.2
740,220,2023,154.2
740,220,2024,154.2
740,225,1960,10.4
740,225,1966,122.5
740,225,1967,122.5
740,225,1968,122.5
740,225,1969,122.5
740,225,1970,122.5
740,225,1971,122.5
740,225,1972,122.5
740,225,1973,122.5
740,225,1974,122.5
740,225,1975,175.0
740,225,1976,175.0
740,225,1977,175.0
740,225,1978,175.0
740,225,1992,5.0
740,255,1965,2.5
740,255,1966,2.5
740,255,1967,2.5
740,255,1968,2.5
740,255,1969,2.5
740,255,1971,3.5
740,255,1972,3.5
740,255,1973,3.5
740,255,1974,3.5
740,255,1976,3.5
740,255,1978,3.5
740,255,1984,480.0
740,255,1985,480.0
740,255,1986,480.0
740,255,1987,480.0
740,255,1988,480.0
740,255,1989,480.0
740,255,1990,480.0
740,255,1991,480.0
740,255,1992,480.0
740,255,1993,480.0
740,255,1994,480.0
740,255,1995,480.0
740,255,1996,480.0
740,255,1997,480.0
740,255,1998,480.0
740,255,1999,480.0
740,255,2009,33.75
740,255,2010,33.75
740,255,2011,33.75
740,255,2012,33.75
740,255,2013,33.75
740,255,2014,33.75
740,255,2015,33.75
740,255,2022,45.0
740,255,2023,45.0
740,255,2024,45.0
740,255,2025,45.0
740,325,1981,122.5
740,325,1982,122.5
740,325,1983,122.5
740,325,1984,122.5
740,325,1985,122.5
740,325,1986,122.5
740,325,1987,122.5
740,325,1988,122.5
740,325,1989,122.5
740,325,1990,122.5
740,325,1991,122.5
740,325,1993,238.0
740,325,1995,238.0
740,325,1996,143.5
740,325,1997,122.5
740,325,1998,143.5
740,325,1999,122.5
740,325,2000,122.5
740,325,2001,122.5
740,325,2002,122.5
740,325,2003,148.75
740,325,2004,148.75
740,325,2005,26.25
740,325,2006,26.25
740,375,2025,16.9
740,380,1964,90.0
740,380,1966,90.0
740,380,1967,90.0
740,380,1968,90.0
740,380,1969,90.0
740,380,1970,90.0
740,380,1972,90.0
740,380,1974,90.0
740,380,1977,90.0
740,380,1978,90.0
740,380,2001,8.0
740,380,2009,80.0
740,380,2010,80.0
740,380,2011,80.0
740,380,2012,80.0
740,380,2013,80.0
740,380,2015,80.0
740,380,2016,80.0
740,380,2017,80.0
740,380,2018,80.0
740,380,2019,80.0
740,385,2023,54.0
740,385,2024,54.0
740,385,2025,54.0
740,900,2014,1.4
740,900,2018,1.4
750,2,1951,0.5
750,2,1952,67.2
750,2,1954,237.6
750,2,1955,234.0
750,2,1956,6.6
750,2,1957,3.36
750,2,1961,123.92999999999999
750,2,1962,23.13
750,2,1963,106.65
750,2,1964,51.0
750,2,1965,51.0
750,2,1968,7.5
750,2,1969,7.5
750,2,1970,7.5
750,2,1971,9.5
750,2,1972,9.5
750,2,1973,7.5
750,2,1974,7.5
750,2,1975,7.5
750,2,1976,7.5
750,2,1988,43.0
750,2,1994,6.3
750,2,2006,96.0
750,2,2007,99.69999999999999
750,2,2010,282.0
750,2,2011,282.0
750,2,2012,1042.0
750,2,2013,2512.8
750,2,2014,2513.8
750,2,2015,1092.8
750,2,2016,145.6
750,2,2017,377.4
750,2,2018,64.8
750,2,2019,1062.6399999999999
750,2,2020,1387.8400000000001
750,2,2021,895.6
750,2,2022,949.48
750,2,2023,414.98
750,2,2024,415.98
750,2,2025,570.98
750,20,1956,20.8
750,20,1957,20.8
750,20,1958,20.8
750,20,1963,81.1
750,20,1964,60.0
750,20,1967,2.4
750,20,1968,15.0
750,20,1985,20.0
750,20,1986,20.0
750,20,1987,20.0
750,20,1988,20.0
750,20,2013,26.25
750,20,2014,26.25
750,20,2015,68.25
750,20,2023,24.0
750,20,2024,24.0
750,20,2025,24.0
750,140,2017,31.2
750,140,2019,31.2
750,200,1950,1256.8600000000001
750,200,1951,1170.5
750,200,1952,1170.5
750,200,1953,1294.51
750,200,1954,1285.5
750,200,1955,1263.35
750,200,1956,1535.8500000000001
750,200,1957,3258.7
750,200,1958,3589.26
750,200,1959,3548.26
750,200,1960,1782.1000000000001
750,200,1961,2036.5
750,200,1962,497.2
750,200,1963,856.41
750,200,1964,1062.21
750,200,1965,4519.5
750,200,1966,4477.0
750,200,1967,4270.8
750,200,1968,4216.7
750,200,1969,4373.3
750,200,1970,4299.5
750,200,1971,4426.72
750,200,1972,4692.68
750,200,1973,4547.8
750,200,1974,4398.3
750,200,1975,4094.3
750,200,1976,4171.8
750,200,1977,3840.5
750,200,1978,3732.5
750,200,1979,3911.1
750,200,1980,3975.0
750,200,1981,5050.5
750,200,1982,4836.5
750,200,1983,5028.0
750,200,1984,4996.5
750,200,1985,4794.2
750,200,1986,4960.2
750,200,1987,5116.1
750,200,1988,654.45
750,200,1989,1014.81
750,200,1990,972.11
750,200,1991,861.36
750,200,1992,661.36
750,200,1993,94.62
750,200,1994,57.12
750,200,1995,245.0
750,200,1996,195.0
750,200,1997,282.5
750,200,1998,232.5
750,200,1999,232.5
750,200,2002,18.18
750,200,2004,221.0
750,200,2005,221.0
750,200,2007,920.0
750,200,2008,920.0
750,200,2009,920.0
750,200,2010,660.0
750,200,2011,660.0
750,200,2012,660.0
750,200,2013,570.0
750,200,2014,570.0
750,200,2015,570.0
750,200,2016,570.0
750,200,2018,145.0
750,200,2019,145.0
750,200,2020,305.0
750,200,2021,374.12
750,200,2022,374.12
750,200,2023,69.12
750,200,2024,69.12
750,210,1974,77.5
750,210,1976,83.5
750,210,1977,83.5
750,210,1980,83.5
750,210,1981,83.5
750,210,1983,24.5
750,210,1985,18.0
750,210,1988,1278.0
750,210,1989,1260.0
750,210,1990,1260.0
750,210,1991,1260.0
750,210,1992,1260.0
750,210,1993,1260.0
750,210,1994,1260.0
750,210,1995,1310.0
750,210,1996,1260.0
750,210,1997,1331.5
750,210,1998,1310.0
750,210,1999,1357.5
750,210,2000,127.0
750,210,2001,74.0
750,210,2004,100.5
750,210,2005,100.5
750,210,2009,28.5
750,210,2010,28.5
750,210,2014,66.5
750,210,2015,66.5
750,210,2016,66.5
750,210,2021,66.5
750,210,2022,66.5
750,210,2023,66.5
750,210,2025,66.5
750,220,1953,191.7
750,220,1954,89.1
750,220,1957,472.1
750,220,1958,472.1
750,220,1961,63.0
750,220,1962,77.85
750,220,1963,388.5
750,220,1964,388.5
750,220,1965,313.5
750,220,1966,388.5
750,220,1967,313.5
750,220,1968,400.8
750,220,1969,313.5
750,220,1970,531.86
750,220,1971,456.86
750,220,1972,456.86
750,220,1973,468.5
750,220,1974,538.5
750,220,1975,538.5
750,220,1976,413.5
750,220,1977,586.0
750,220,1978,556.0
750,220,1979,556.0
750,220,1980,563.0
750,220,1981,653.0
750,220,1982,664.0
750,220,1983,709.0
750,220,1984,1265.3
750,220,1985,2189.8
750,220,1986,1817.8
750,220,1987,1177.8
750,220,1988,1627.8
750,220,1989,1467.3
750,220,1990,1395.3
750,220,1991,1260.3
750,220,1992,1250.3
750,220,1993,1228.3
750,220,1994,1207.3
750,220,1995,1152.3
750,220,1996,1144.3
750,220,1997,1144.3
750,220,1998,1164.3
750,220,1999,1144.3
750,220,2000,1158.3
750,220,2001,773.3
750,220,2002,733.3
750,220,2003,733.3
750,220,2004,683.3
750,220,2005,663.3
750,220,2006,247.3
750,220,2007,256.3
750,220,2008,274.3
750,220,2009,281.8
750,220,2010,412.3
750,220,2011,404.8
750,220,2012,404.8
750,220,2013,431.8
750,220,2014,635.0
750,220,2015,2021.0
750,220,2016,1997.0
750,220,2017,3490.42
750,220,2018,1866.5
750,220,2019,5624.22
750,220,2020,4046.1
750,220,2021,5995.37
750,220,2022,5819.92
750,220,2023,1894.8
750,220,2024,1485.75
750,220,2025,3240.87
750,225,1973,1575.0
750,225,1974,1575.0
750,225,1975,1575.0
750,225,1976,1575.0
750,225,1977,1575.0
750,225,1978,1575.0
750,225,1979,1575.0
750,225,1980,1575.0
750,225,1981,1575.0
750,225,1982,1575.0
750,225,1983,1575.0
750,225,1984,1575.0
750,225,1985,1575.0
750,225,2013,93.75
750,225,2014,93.75
750,225,2015,93.75
750,230,2023,200.0
750,230,2024,200.0
750,230,2025,250.0
750,255,1966,38.08
750,255,1967,230.0
750,255,1975,230.0
750,255,1984,247.3
750,255,1985,247.3
750,255,1986,1184.8
750,255,1987,446.40000000000003
750,255,1988,446.40000000000003
750,255,1989,446.40000000000003
750,255,1990,446.40000000000003
750,255,1991,628.4
750,255,1992,1428.3999999999999
750,255,1993,566.8
750,255,1994,1184.8
750,255,1995,247.3
750,255,1996,247.3
750,255,1997,429.3
750,255,1998,429.3
750,255,1999,429.3
750,255,2000,407.3
750,255,2001,247.3
750,255,2002,429.3
750,255,2003,308.90000000000003
750,255,2004,289.3
750,255,2005,289.3
750,255,2006,471.3
750,255,2007,471.3
750,255,2008,471.3
750,255,2009,497.70000000000005
750,255,2010,521.7
750,255,2011,305.3
750,255,2012,289.3
750,255,2013,411.3
750,255,2014,387.3
750,255,2015,386.1
750,255,2016,376.1
750,255,2017,280.98
750,255,2018,263.3
750,255,2019,502.98
750,255,2020,500.1
750,255,2021,472.18
750,255,2022,393.18
750,255,2023,394.70000000000005
750,255,2024,143.0
750,255,2025,26.88
750,290,1966,40.0
750,290,1975,140.0
750,290,1976,379.12
750,290,1977,239.6
750,290,1978,239.12
750,290,1979,239.12
750,290,1980,239.12
750,290,1981,239.12
750,290,1982,239.12
750,290,1983,239.12
750,290,1984,239.12
750,290,1985,319.12
750,290,1986,80.0
750,290,1998,0.48
750,290,1999,5.76
750,290,2000,65.44
750,290,2001,61.6
750,290,2002,112.0
750,290,2003,112.0
750,290,2004,112.0
750,290,2006,319.2
750,290,2007,319.2
750,290,2013,11.2
750,290,2022,1.0
750,315,1955,0.16
750,315,1969,81.0
750,315,1970,81.0
750,315,1971,171.0
750,315,1972,171.0
750,315,1973,110.5
750,315,1974,110.5
750,315,1975,20.5
750,315,1976,20.5
750,315,1977,20.5
750,316,2000,5.04
750,316,2001,5.04
750,316,2002,5.04
750,316,2003,5.04
750,316,2004,5.04
750,316,2005,5.04
750,316,2006,5.04
750,316,2007,5.04
750,316,2008,5.04
750,316,2009,5.04
750,316,2010,5.04
750,316,2011,5.04
750,316,2012,5.04
750,316,2013,5.04
750,316,2014,5.04
750,316,2015,5.04
750,316,2016,5.04
750,316,2017,5.04
750,316,2018,5.04
750,316,2019,5.04
750,316,2020,5.04
750,316,2021,5.04
750,316,2022,5.04
750,316,2023,5.04
750,316,2024,5.04
750,316,2025,5.04
750,317,1995,45.15
750,317,1996,100.62
750,317,1997,100.62
750,317,2001,54.18
750,317,2002,54.18
750,325,1954,4.0
750,325,1971,36.0
750,325,1978,37.5
750,325,1979,37.5
750,325,1980,37.5
750,325,1981,37.5
750,325,1982,37.5
750,325,1983,37.5
750,325,1984,37.5
750,325,1985,37.5
750,325,1986,37.5
750,325,1987,37.5
750,325,1988,37.5
750,325,2000,64.25
750,325,2001,46.25
750,325,2002,36.75
750,325,2003,39.5
750,325,2004,72.5
750,325,2005,72.5
750,325,2006,31.25
750,325,2007,31.25
750,325,2010,35.25
750,325,2011,331.25
750,325,2012,35.25
750,325,2013,11.0
750,325,2014,30.25
750,325,2015,19.25
750,325,2016,8.25
750,325,2017,11.0
750,325,2020,11.0
750,325,2021,11.0
750,325,2022,34.5
750,325,2023,22.0
750,325,2024,11.0
750,325,2025,31.0
750,365,1955,4.0
750,365,1956,4.0
750,365,1961,542.04
750,365,1962,510.08
750,365,1963,1217.54
750,365,1964,3883.04
750,365,1965,3911.59
750,365,1966,4070.19
750,365,1967,4232.55
750,365,1968,5488.75
750,365,1969,5570.71
750,365,1970,3994.71
750,365,1971,5467.21
750,365,1972,5483.96
750,365,1973,7145.5
750,365,1974,4636.5
750,365,1975,5965.4
750,365,1976,7389.58
750,365,1977,8628.93
750,365,1978,4003.23
750,365,1979,3969.23
750,365,1980,5686.7300000000005
750,365,1981,8458.43
750,365,1982,9668.93
750,365,1983,9871.68
750,365,1984,11261.18
750,365,1985,13000.93
750,365,1986,17188.2
750,365,1987,19066.2
750,365,1988,14811.45
750,365,1989,13442.7
750,365,1990,9747.85
750,365,1991,6443.25
750,365,1992,4425.5
750,365,1993,4425.5
750,365,1994,4016.96
750,365,1995,4864.3099999999995
750,365,1996,4159.48
750,365,1997,6950.73
750,365,1998,4716.0
750,365,1999,5855.25
750,365,2000,5495.5
750,365,2001,7550.87
750,365,2002,6447.62
750,365,2003,6371.0
750,365,2004,5583.5
750,365,2005,11267.25
750,365,2006,12189.25
750,365,2007,11616.05
750,365,2008,13462.35
750,365,2009,15539.35
750,365,2010,15809.35
750,365,2011,16349.75
750,365,2012,21374.75
750,365,2013,20471.75
750,365,2014,16085.75
750,365,2015,18272.75
750,365,2016,17786.75
750,365,2017,15736.75
750,365,2018,14134.75
750,365,2019,13031.37
750,365,2020,13493.47
750,365,2021,14621.25
750,365,2022,7210.27
750,365,2023,3064.65
750,365,2024,3964.0
750,365,2025,3129.75
750,369,1992,39.5
750,369,1993,39.5
750,369,1994,39.5
750,369,1995,52.0
750,369,1997,252.91
750,369,1999,181.41
750,369,2000,153.41
750,369,2001,181.41
750,369,2002,184.91
750,369,2003,207.41
750,369,2004,206.60999999999999
750,369,2011,132.0
750,369,2012,180.0
750,369,2013,248.4
750,369,2014,192.0
750,369,2015,192.0
750,369,2016,192.0
750,369,2017,132.0
750,369,2018,132.0
750,369,2021,80.0
750,369,2022,80.0
750,369,2023,80.0
750,369,2024,32.0
750,369,2025,112.0
750,380,1980,7.0
750,380,1981,7.0
750,380,1986,410.0
750,380,1987,410.0
750,380,1988,410.0
750,380,1989,410.0
750,380,1990,410.0
750,380,1991,410.0
750,390,2021,33.25
750,390,2022,33.25
750,390,2023,33.25
750,452,1979,6.0
750,560,1999,11.88
750,560,2001,9.9
750,560,2011,90.0
750,560,2012,90.0
750,560,2013,90.0
750,560,2014,90.0
750,560,2022,27.72
750,560,2023,27.72
750,560,2024,27.72
750,666,1965,80.0
750,666,1966,80.0
750,666,1967,80.0
750,666,1968,80.0
750,666,1997,87.5
750,666,1998,108.8
750,666,1999,57.3
750,666,2000,117.6
750,666,2001,313.6
750,666,2002,315.25
750,666,2003,540.65
750,666,2004,629.75
750,666,2005,692.25
750,666,2006,506.5
750,666,2007,195.5
750,666,2008,131.5
750,666,2009,259.0
750,666,2010,334.5
750,666,2011,610.1
750,666,2012,501.5
750,666,2013,397.5
750,666,2014,552.0
750,666,2015,525.0
750,666,2016,2789.75
750,666,2017,2630.25
750,666,2018,2586.25
750,666,2019,1385.3
750,666,2020,1377.05
750,666,2021,2085.25
750,666,2022,1763.75
750,666,2023,2221.0
750,666,2024,1942.5
750,666,2025,2295.5
750,703,1995,54.0
750,703,2003,76.0
750,703,2006,36.0
750,703,2007,36.0
750,703,2015,14.0
750,703,2016,14.0
750,703,2017,14.0
750,704,2003,378.0
750,704,2004,378.0
750,704,2009,627.0
750,704,2010,627.0
750,704,2011,627.0
750,705,1997,16.5
750,705,1998,16.5
750,705,1999,16.5
750,705,2000,16.5
750,705,2001,16.5
750,732,1989,252.0
750,732,1990,252.0
750,732,1991,252.0
750,732,1993,252.0
750,732,2018,434.0
750,732,2019,434.0
750,732,2020,434.0
750,732,2021,434.0
750,740,1983,59.5
750,740,1984,59.5
750,740,1985,59.5
750,830,1987,57.6
750,830,1989,57.6
750,830,1990,57.6
750,850,1963,7.2
750,900,1970,34.0
750,900,1971,34.0
750,900,2002,16.6
750,900,2006,91.3
750,900,2007,91.3
750,900,2008,91.3
750,900,2009,91.3
750,900,2010,91.3
750,900,2011,91.3
760,220,2015,1.9
760,220,2016,1.9
760,750,1968,0.75
760,750,2004,0.11
760,800,2021,4.5
770,2,1950,11.0
770,2,1952,0.24
770,2,1954,9.0
770,2,1955,261.46
770,2,1956,524.34
770,2,1957,655.58
770,2,1958,475.28000000000003
770,2,1959,479.68
770,2,1960,182.42000000000002
770,2,1961,106.58
770,2,1962,361.56
770,2,1963,528.21
770,2,1964,203.59
770,2,1965,41.5
770,2,1966,9.4
770,2,1968,10.8
770,2,1972,0.45
770,2,1973,81.29
770,2,1974,171.4
770,2,1975,126.9
770,2,1976,41.4
770,2,1977,24.119999999999997
770,2,1978,217.28
770,2,1979,110.1
770,2,1980,285.12
770,2,1981,81.6
770,2,1982,186.0
770,2,1983,1092.97
770,2,1984,1223.2
770,2,1985,1215.8
770,2,1986,292.1
770,2,1987,213.8
770,2,1988,176.5
770,2,1989,870.2
770,2,1990,253.65
770,2,1991,233.35
770,2,1992,193.75
770,2,1993,194.75
770,2,1994,197.35
770,2,1995,193.75
770,2,1996,487.95
770,2,1997,358.75
770,2,1998,193.75
770,2,1999,193.75
770,2,2000,316.2
770,2,2001,316.2
770,2,2002,336.7
770,2,2003,319.8
770,2,2004,449.2
770,2,2005,830.34
770,2,2006,481.31
770,2,2007,1469.51
770,2,2008,798.25
770,2,2009,579.1800000000001
770,2,2010,1964.6799999999998
770,2,2011,665.98
770,2,2012,940.0
770,2,2013,729.3399999999999
770,2,2014,764.02
770,2,2015,191.45
770,2,2016,69.64
770,2,2017,337.36
770,2,2018,66.8
770,2,2020,11.6
770,2,2023,14.0
770,2,2024,3.0
770,2,2025,14.0
770,20,1986,7.5
770,20,1988,7.5
770,20,2015,20.0
770,140,2013,20.0
770,140,2014,20.0
770,140,2015,20.0
770,140,2016,20.0
770,140,2017,20.0
770,200,1950,508.5
770,200,1951,652.5
770,200,1952,639.0
770,200,1953,440.64
770,200,1954,370.5
770,200,1955,334.5
770,200,1956,6.0
770,200,1957,287.1
770,200,1958,185.13
770,200,1965,28.0
770,200,1967,3.0
770,200,1968,42.06
770,200,1969,28.56
770,200,1973,14.28
770,200,1974,60.0
770,200,1982,198.4
770,200,1988,104.84
770,200,1989,2.7
770,200,1990,2.4
770,200,1991,2.4
770,200,1993,544.14
770,200,1994,555.5
770,200,2008,0.76
770,200,2013,0.6
770,200,2017,10.8
770,200,2018,29.5
770,200,2019,6.0
770,200,2021,12.0
770,200,2022,6.0
770,210,1994,50.0
770,210,1995,1.52
770,210,1997,27.0
770,210,1998,27.0
770,210,2020,80.4
770,210,2022,44.0
770,210,2023,44.0
770,210,2024,213.0
770,210,2025,44.0
770,211,2022,78.4
770,211,2023,78.4
770,220,1968,7.8
770,220,1969,288.0
770,220,1970,201.0
770,220,1971,337.5
770,220,1972,371.7
770,220,1973,34.2
770,220,1974,34.2
770,220,1975,134.4
770,220,1976,314.85
770,220,1977,413.95
770,220,1978,485.95
770,220,1979,762.45
770,220,1980,1035.73
770,220,1981,566.53
770,220,1982,585.73
770,220,1983,551.53
770,220,1984,56.25
770,220,1985,71.25
770,220,1986,65.0
770,220,1987,55.0
770,220,1988,34.8
770,220,1989,0.6
770,220,1990,0.6
770,220,1991,12.6
770,220,1992,174.0
770,220,1993,9.0
770,220,1994,9.0
770,220,1995,26.5
770,220,1996,182.5
770,220,1997,17.5
770,220,1998,479.5
770,220,1999,953.25
770,220,2000,425.75
770,220,2001,425.75
770,220,2002,397.0
770,220,2003,917.0
770,220,2004,415.75
770,220,2005,118.75
770,220,2006,131.75
770,220,2008,303.04
770,220,2009,40.0
770,220,2010,87.6
770,220,2011,56.7
770,220,2012,51.6
770,220,2013,104.6
770,220,2014,13.76
770,225,1983,200.0
770,225,1984,200.0
770,225,1985,150.0
770,225,1987,150.0
770,225,1988,150.0
770,225,1989,500.0
770,225,1990,500.0
770,225,1991,500.0
770,225,1992,500.0
770,225,1993,500.0
770,225,1994,500.0
770,225,1995,500.0
770,225,1996,500.0
770,225,2007,156.0
770,225,2008,156.0
770,225,2009,156.0
770,225,2016,39.0
770,225,2017,39.0
770,230,2013,10.4
770,235,1975,22.0
770,255,1964,40.0
770,255,1965,40.0
770,255,1966,166.0
770,255,1967,40.0
770,255,1968,40.0
770,255,1969,40.0
770,255,1970,40.0
770,255,1971,40.0
770,255,1972,40.0
770,255,1973,55.0
770,255,1974,55.0
770,255,1975,55.0
770,255,1976,55.0
770,255,1977,40.0
770,255,1978,40.0
770,255,1979,211.25
770,255,1980,171.25
770,255,1981,146.25
770,255,1990,16.5
770,255,1991,16.5
770,255,1997,4.8
770,255,1999,4.8
770,255,2006,6.0
770,255,2007,111.0
770,255,2008,111.0
770,255,2009,30.0
770,255,2010,33.5
770,255,2013,30.0
770,255,2018,56.0
770,255,2019,56.0
770,255,2022,28.0
770,255,2023,6.0
770,255,2025,6.0
770,317,1993,0.72
770,325,1975,22.5
770,325,1976,22.5
770,325,1977,22.5
770,325,1978,22.5
770,325,1989,3.0
770,325,1990,45.0
770,325,1991,45.0
770,325,1999,10.0
770,325,2000,145.0
770,325,2001,135.0
770,325,2002,135.0
770,325,2003,135.0
770,325,2004,192.0
770,325,2005,57.0
770,325,2008,5.0
770,325,2009,5.0
770,325,2010,306.75
770,325,2011,300.0
770,325,2012,295.0
770,325,2013,357.2
770,325,2014,135.0
770,325,2015,62.2
770,325,2016,30.0
770,325,2017,221.28
770,325,2018,166.97
770,325,2019,101.28
770,325,2023,33.5
770,325,2025,33.5
770,338,2015,5.2
770,360,1988,24.0
770,365,1966,0.4
770,365,1968,241.0
770,365,1969,134.0
770,365,1970,72.0
770,365,1984,66.0
770,365,1985,66.0
770,365,1995,36.25
770,365,1996,87.0
770,365,2002,106.14
770,365,2004,87.0
770,365,2007,455.4
770,365,2008,455.4
770,365,2009,455.4
770,365,2010,455.4
770,365,2011,455.4
770,365,2012,455.4
770,365,2013,455.4
770,365,2014,455.4
770,365,2015,455.4
770,365,2016,461.2
770,365,2017,455.4
770,365,2018,501.4
770,365,2019,475.4
770,365,2020,455.4
770,365,2021,455.4
770,365,2023,455.4
770,365,2024,455.4
770,365,2025,455.4
770,368,2022,13.2
770,369,1997,1280.0
770,369,1998,1280.0
770,369,1999,1280.0
770,369,2001,4.5
770,369,2004,129.7
770,369,2005,129.7
770,369,2006,129.7
770,369,2007,129.7
770,369,2008,94.5
770,369,2009,318.9
770,369,2010,318.9
770,369,2011,318.9
770,369,2012,94.5
770,369,2013,94.5
770,369,2014,127.5
770,369,2015,33.0
770,369,2016,33.0
770,369,2017,33.0
770,369,2018,41.69
770,369,2019,68.69
770,369,2020,27.0
770,369,2021,27.0
770,369,2022,27.0
770,369,2023,27.0
770,370,1997,38.4
770,370,1998,38.4
770,370,1999,38.4
770,380,1974,62.16
770,380,1975,62.16
770,380,1976,62.16
770,380,1977,62.16
770,380,1978,62.16
770,380,1979,62.16
770,380,1980,62.16
770,380,1981,62.16
770,380,1982,62.16
770,380,1983,62.16
770,380,1984,62.16
770,380,1985,62.16
770,380,1986,116.56
770,380,1987,142.56
770,380,1988,208.16
770,380,1989,182.16
770,380,1990,182.16
770,380,1991,182.16
770,380,1992,182.16
770,380,1993,188.66
770,380,1994,182.16
770,380,1995,182.16
770,380,1996,120.0
770,380,1997,120.0
770,380,1998,120.0
770,380,1999,132.0
770,380,2000,132.0
770,380,2001,132.0
770,380,2002,132.0
770,380,2003,132.0
770,380,2004,132.0
770,380,2005,120.0
770,380,2006,120.0
770,380,2007,120.0
770,380,2008,126.6
770,380,2009,440.0
770,380,2010,440.0
770,380,2011,120.0
770,380,2012,120.0
770,380,2013,120.0
770,380,2014,120.0
770,380,2015,120.0
770,380,2016,136.0
770,380,2017,120.0
770,380,2018,136.0
770,380,2020,240.0
770,380,2023,240.0
770,380,2024,240.0
770,620,2004,225.0
770,620,2005,225.0
770,620,2007,45.0
770,620,2008,45.0
770,620,2009,45.0
770,620,2010,45.0
770,630,1967,27.6
770,630,1974,56.8
770,630,1975,8.8
770,640,1995,5.0
770,640,1996,5.0
770,640,2007,50.2
770,640,2008,63.400000000000006
770,640,2009,13.2
770,640,2011,66.0
770,640,2012,66.0
770,640,2013,66.0
770,640,2015,24.48
770,640,2017,8.0
770,640,2018,104.0
770,640,2022,21.6
770,640,2023,445.1
770,640,2024,45.1
770,640,2025,420.0
770,651,2021,81.0
770,651,2022,81.0
770,660,2002,48.0
770,663,1971,36.0
770,663,2013,24.0
770,663,2014,114.4
770,663,2015,7.3
770,694,2021,10.8
770,696,1987,1.52
770,696,2009,33.6
770,710,1964,12.5
770,710,1965,732.5
770,710,1966,775.6
770,710,1967,692.3
770,710,1968,685.0
770,710,1969,675.0
770,710,1970,725.0
770,710,1971,870.0
770,710,1972,1018.0
770,710,1973,416.0
770,710,1974,180.0
770,710,1975,143.0
770,710,1976,300.1
770,710,1977,121.1
770,710,1978,1243.6
770,710,1979,1163.6
770,710,1980,1332.6
770,710,1981,941.5
770,710,1982,769.5
770,710,1983,1143.17
770,710,1984,1281.5
770,710,1985,789.5
770,710,1986,742.5
770,710,1987,1151.5
770,710,1988,1006.5
770,710,1989,999.7
770,710,1990,1278.2
770,710,1991,1191.0
770,710,1992,1052.1
770,710,1993,1812.1
770,710,1994,1583.1
770,710,1995,1627.1
770,710,1996,1656.8
770,710,1997,961.2
770,710,1998,982.4
770,710,1999,881.5
770,710,2000,614.4
770,710,2001,2585.5
770,710,2002,994.5
770,710,2003,1239.05
770,710,2004,2129.55
770,710,2005,2124.5
770,710,2006,2147.5
770,710,2007,3049.0
770,710,2008,2954.5
770,710,2009,4310.8
770,710,2010,4741.55
770,710,2011,4240.05
770,710,2012,4624.05
770,710,2013,5550.05
770,710,2014,4091.05
770,710,2015,4432.05
770,710,2016,4756.93
770,710,2017,4568.05
770,710,2018,4649.65
770,710,2019,3823.55
770,710,2020,4280.75
770,710,2021,5966.43
770,710,2022,6264.25
770,710,2023,7012.75
770,710,2024,3113.25
770,710,2025,3025.25
770,800,2006,79.0
770,850,1970,11.52
770,850,2004,27.0
770,900,1990,216.0
770,900,1991,216.0
770,920,1992,3.4
770,920,1994,3.4
771,2,1977,22.2
771,2,1981,16.7
771,2,1982,9.32
771,2,1988,11.1
771,2,1991,36.0
771,2,1992,43.39
771,2,1995,8.64
771,2,1997,0.95
771,2,2000,60.72
771,2,2002,4.75
771,2,2013,54.0
771,2,2015,54.0
771,2,2021,20.650000000000002
771,2,2022,18.05
771,2,2023,18.05
771,2,2024,18.05
771,20,2017,1.5
771,20,2022,1.5
771,200,1973,1.8
771,200,1976,36.0
771,200,1978,36.0
771,200,1982,59.4
771,200,1994,36.0
771,200,2002,40.0
771,200,2003,40.0
771,200,2004,40.0
771,200,2010,23.2
771,200,2019,32.0
771,200,2020,80.0
771,200,2021,4.0
771,200,2022,52.0
771,200,2024,48.0
771,210,2001,18.75
771,220,1977,6.0
771,220,1980,1.6
771,220,1985,2.0
771,220,1986,2.64
771,220,2001,6.0
771,220,2012,6.5
771,220,2013,9.0
771,220,2015,10.0
771,220,2017,6.0
771,220,2019,10.0
771,220,2025,26.0
771,225,2019,13.0
771,230,2017,12.5
771,230,2022,12.5
771,255,2001,7.5
771,255,2013,14.0
771,255,2021,23.6
771,255,2022,23.6
771,305,2019,0.6
771,316,1995,32.0
771,316,2015,7.8
771,325,1975,38.25
771,325,1976,38.25
771,325,1977,38.25
771,325,2001,21.25
771,325,2006,16.0
771,325,2011,5.5
771,325,2012,16.0
771,325,2013,16.0
771,325,2015,12.0
771,325,2017,4.5
771,325,2018,24.5
771,325,2022,10.6
771,325,2025,5.5
771,345,1975,9.6
771,345,2013,28.6
771,345,2015,28.6
771,345,2016,27.0
771,345,2018,27.0
771,360,2005,2.7
771,365,1973,70.42
771,365,1974,42.0
771,365,1981,25.5
771,365,1990,22.0
771,365,1993,29.0
771,365,1994,4.9
771,365,1995,58.0
771,365,1999,258.75
771,365,2000,237.0
771,365,2001,52.3
771,365,2002,27.3
771,365,2006,21.0
771,365,2007,21.75
771,365,2011,28.0
771,365,2012,21.75
771,365,2013,49.55
771,365,2015,165.85
771,365,2016,328.35
771,365,2017,162.5
771,365,2019,36.25
771,369,1995,15.8
771,369,2002,3.04
771,369,2011,2.28
771,369,2012,14.1
771,369,2013,14.1
771,369,2014,5.4
771,369,2015,43.8
771,369,2016,38.4
771,369,2020,9.2
771,380,1985,4.5
771,640,2007,3.3
771,640,2008,3.3
771,640,2013,3.3
771,640,2017,48.9
771,640,2018,48.9
771,640,2021,110.5
771,640,2022,120.5
771,640,2023,153.4
771,640,2024,11.3
771,651,1975,13.2
771,651,1993,15.0
771,710,1975,4.8
771,710,1976,48.0
771,710,1977,58.26
771,710,1978,58.26
771,710,1979,10.26
771,710,1980,114.66
771,710,1981,55.16
771,710,1982,126.25999999999999
771,710,1983,109.2
771,710,1984,9.0
771,710,1985,110.25999999999999
771,710,1986,10.26
771,710,1987,10.26
771,710,1988,252.26
771,710,1989,411.0
771,710,1990,326.0
771,710,1991,62.5
771,710,1992,88.4
771,710,1993,5.0
771,710,1994,20.0
771,710,1995,9.0
771,710,1996,6.5600000000000005
771,710,1999,44.0
771,710,2000,44.0
771,710,2001,2.19
771,710,2004,7.0
771,710,2005,9.0
771,710,2006,205.44
771,710,2007,66.9
771,710,2008,10.54
771,710,2010,145.0
771,710,2011,192.0
771,710,2012,510.70000000000005
771,710,2013,679.2
771,710,2014,592.7
771,710,2015,833.9
771,710,2016,637.69
771,710,2017,586.0
771,710,2018,482.9
771,710,2019,1048.6
771,710,2020,44.5
771,710,2021,20.0
771,710,2022,277.0
771,710,2023,78.0
771,710,2024,93.0
771,732,1997,25.25
771,732,2000,9.6
771,732,2001,180.0
771,750,1971,6.680000000000001
771,750,1972,1.5
771,750,1973,5.54
771,750,1974,4.4
771,750,2020,2.16
771,770,1971,3.0
771,770,1985,12.0
771,770,1990,80.0
771,770,2004,15.37
771,770,2005,13.68
771,820,1999,10.9
771,830,1985,25.9
775,2,1957,4.2
775,2,1959,30.599999999999998
775,2,1961,39.599999999999994
775,2,1962,28.2
775,2,1963,50.76
775,2,1964,38.76
775,2,1965,13.6
775,2,1966,5.0
775,2,1967,12.5
775,2,1968,6.0
775,2,1971,21.6
775,2,1972,4.0
775,2,1975,53.459999999999994
775,2,1976,3.4
775,2,1977,20.7
775,2,1978,17.0
775,2,1980,16.5
775,2,1982,3.4
775,20,1951,1.2
775,20,1952,1.2
775,20,1954,1.2
775,20,1959,7.2
775,20,1960,7.2
775,20,1961,7.2
775,20,1979,5.6
775,20,1980,2.8
775,20,1986,1.4
775,20,1990,1.05
775,200,1950,3.95
775,200,1953,16.0
775,200,1954,34.8
775,200,1955,19.54
775,200,1956,80.67
775,200,1957,108.39
775,200,1958,48.5
775,200,1959,11.78
775,200,1960,13.7
775,200,1961,1.92
775,200,1962,1.92
775,200,1963,1.92
775,200,1964,1.92
775,200,1965,1.92
775,200,1966,0.21
775,200,1967,0.21
775,200,1991,2.4
775,210,2017,17.6
775,211,2016,0.28
775,220,1955,1.0
775,220,1961,2.85
775,220,1963,10.45
775,220,1964,10.45
775,220,1965,10.45
775,220,1967,10.45
775,220,1970,10.45
775,220,2014,20.0
775,220,2015,20.0
775,225,1976,5.6
775,225,1977,5.6
775,225,1978,5.6
775,225,1979,20.0
775,225,1980,10.0
775,225,1986,7.6
775,225,1990,5.7
775,255,2003,0.8
775,255,2015,8.0
775,255,2016,8.0
775,290,1990,72.3
775,290,1991,48.1
775,290,1992,72.3
775,305,2018,1.0
775,305,2019,1.8
775,305,2020,1.8
775,305,2021,1.8
775,325,1976,4.8
775,345,1958,29.0
775,345,1965,4.76
775,345,1969,5.8
775,345,1970,5.8
775,345,1971,6.25
775,345,1990,16.5
775,345,1991,32.1
775,345,2001,14.58
775,345,2006,10.69
775,345,2007,10.69
775,345,2008,45.0
775,355,1999,7.0
775,365,1963,5.64
775,365,1995,50.75
775,365,1997,36.25
775,365,2001,214.0
775,365,2002,219.7
775,365,2004,611.0
775,365,2005,661.75
775,365,2006,675.75
775,365,2007,611.0
775,365,2008,140.0
775,365,2009,140.0
775,365,2010,212.6
775,365,2011,710.4
775,365,2012,671.76
775,365,2013,429.1
775,365,2014,429.1
775,365,2015,59.4
775,365,2017,74.25
775,365,2018,97.2
775,365,2019,108.45
775,365,2020,64.98
775,365,2022,331.98
775,365,2023,330.0
775,365,2024,351.75
775,365,2025,24.0
775,369,1999,7.2
775,369,2002,14.56
775,369,2003,40.4
775,369,2007,38.0
775,369,2008,12.0
775,369,2009,38.0
775,369,2011,16.8
775,369,2015,16.8
775,369,2019,5.6
775,369,2021,16.8
775,369,2022,16.8
775,369,2023,16.8
775,369,2024,16.8
775,370,2015,12.0
775,370,2016,57.0
775,370,2019,7.2
775,390,1980,52.5
775,390,1982,52.5
775,390,1994,3.4
775,390,2014,3.8
775,666,1954,38.28
775,666,1955,38.28
775,666,2000,8.98
775,666,2001,4.0
775,666,2003,4.0
775,666,2009,5.94
775,666,2010,5.94
775,666,2011,1.0
775,666,2017,42.0
775,666,2018,42.0
775,666,2019,43.8
775,666,2023,42.0
775,710,1989,76.21000000000001
775,710,1990,311.21
775,710,1991,420.21
775,710,1992,39.0
775,710,1993,488.5
775,710,1994,101.0
775,710,1995,406.5
775,710,1996,346.5
775,710,1997,508.5
775,710,1998,326.1
775,710,1999,197.1
775,710,2000,12.5
775,710,2001,107.5
775,710,2002,27.5
775,710,2003,110.0
775,710,2004,94.25
775,710,2005,38.0
775,710,2006,12.0
775,710,2007,17.5
775,710,2008,27.5
775,710,2009,34.1
775,710,2010,5.0
775,710,2011,333.3
775,710,2012,496.4
775,710,2013,425.4
775,710,2014,206.8
775,710,2015,673.8
775,710,2016,453.0
775,710,2017,407.25
775,710,2018,225.15
775,710,2019,165.65
775,710,2020,18.75
775,710,2021,154.75
775,710,2022,249.4
775,710,2023,98.0
775,710,2024,293.0
775,710,2025,69.0
775,731,1999,11.2
775,731,2009,15.6
775,731,2010,15.6
775,732,2019,84.85
775,740,1958,3.12
775,740,1959,3.12
775,740,1960,3.12
775,740,1969,19.2
775,740,1978,8.8
775,750,2000,4.8
775,750,2006,8.98
775,750,2007,7.0
775,750,2008,7.0
775,750,2013,6.0
775,750,2015,33.0
775,750,2016,24.0
775,750,2019,6.0
775,750,2020,151.2
775,750,2023,7.5
775,816,2018,10.4
780,2,1964,0.24
780,2,1969,2.1
780,2,1971,3.38
780,2,1972,1.88
780,2,1976,0.1
780,2,1980,0.11
780,2,1984,8.8
780,2,1985,57.0
780,2,1986,38.14
780,2,1987,14.8
780,2,1990,14.8
780,2,1997,36.0
780,2,1998,6.0
780,2,2000,10.0
780,2,2002,9.0
780,2,2003,6.0
780,2,2004,6.0
780,2,2005,6.0
780,2,2007,5.0
780,2,2011,10.0
780,2,2018,54.0
780,2,2021,54.0
780,2,2022,0.28
780,2,2024,7.5
780,2,2025,6.0
780,20,1984,3.4
780,160,1993,17.2
780,160,1994,17.2
780,200,1950,0.32
780,200,1952,1.44
780,200,1953,17.64
780,200,1955,9.7
780,200,1956,3.3
780,200,1957,5.58
780,200,1958,28.98
780,200,1959,20.4
780,200,1960,7.4399999999999995
780,200,1971,19.0
780,200,1975,1.0
780,200,1986,3.4
780,200,1987,1.26
780,200,1988,1.26
780,200,1990,3.38
780,200,1991,6.8
780,200,2000,48.96
780,200,2001,12.0
780,211,1990,1.15
780,211,1991,1.15
780,220,1978,6.5
780,220,1993,2.8
780,220,1994,2.8
780,220,2017,16.0
780,220,2018,16.0
780,315,1991,13.5
780,316,1996,10.8
780,316,1997,10.8
780,316,2000,27.36
780,316,2001,28.08
780,316,2002,7.36
780,316,2003,7.36
780,317,2002,2.88
780,325,1985,3.12
780,325,1987,0.21
780,325,1989,1.04
780,365,1971,10.32
780,365,1977,17.0
780,365,1993,21.75
780,365,1994,43.5
780,365,1998,46.14
780,365,1999,35.64
780,365,2000,13.2
780,365,2001,62.7
780,365,2013,21.75
780,369,1994,5.76
780,369,1995,43.2
780,369,1996,63.1
780,369,1997,44.0
780,369,1998,10.2
780,369,2000,68.4
780,369,2001,28.8
780,369,2006,20.8
780,560,1987,2.82
780,666,1959,23.0
780,666,1987,31.5
780,666,1988,31.5
780,666,1995,21.0
780,666,1996,233.79999999999998
780,666,1997,168.0
780,666,1998,168.4
780,666,1999,178.5
780,666,2000,307.45
780,666,2001,214.65
780,666,2002,194.25
780,666,2003,168.0
780,666,2004,168.0
780,666,2005,180.21
780,666,2006,168.0
780,666,2007,168.9
780,666,2009,31.5
780,666,2011,31.5
780,705,1996,12.0
780,710,1972,45.0
780,710,1980,18.0
780,710,1986,15.0
780,710,1987,61.0
780,710,1988,3.0
780,710,1989,15.0
780,710,1991,157.9
780,710,1992,33.0
780,710,1994,23.0
780,710,1995,15.0
780,710,1996,52.0
780,710,1998,28.0
780,710,1999,18.0
780,710,2000,28.9
780,710,2001,22.9
780,710,2002,42.0
780,710,2003,42.0
780,710,2004,72.0
780,710,2005,82.5
780,710,2006,135.0
780,710,2007,124.5
780,710,2008,72.63
780,710,2010,5.0
780,710,2018,1.14
780,710,2019,59.4
780,710,2023,5.0
780,750,2000,16.0
780,750,2006,9.5
780,750,2007,20.5
780,750,2008,11.0
780,750,2017,74.0
780,750,2018,74.0
780,750,2022,2.8
780,770,2000,3.6
780,770,2008,1.0
780,770,2025,5.0
780,830,1984,36.0
780,830,1987,26.0
780,830,1991,6.0
780,830,1992,6.0
780,830,2000,0.9
780,850,2008,0.7
780,900,2014,5.2
780,900,2024,1.14
781,640,1997,0.45
781,640,2024,7.2
781,640,2025,9.6
781,696,2025,1.5
781,750,1992,1.9000000000000001
781,750,2006,14.6
781,750,2010,4.5
781,750,2013,4.5
781,750,2019,1.8
781,750,2020,2.8
781,750,2021,1.8
781,780,1998,8.0
790,2,1989,0.95
790,2,2019,2.3
790,200,1965,1.68
790,200,1970,2.5
790,200,1971,5.0
790,200,1972,5.0
790,200,1975,8.5
790,200,1981,1.2
790,200,1984,2.5
790,200,1985,1.44
790,200,1995,0.72
790,200,2004,0.48
790,220,1971,3.8
790,220,1975,12.0
790,220,1976,12.0
790,220,1985,2.6
790,220,2002,1.3
790,220,2018,1.3
790,290,2002,2.75
790,290,2004,2.75
790,290,2019,5.5
790,290,2025,5.5
790,316,2008,0.96
790,325,2018,12.0
790,325,2019,12.0
790,365,2004,7.25
790,365,2015,14.5
790,369,2002,5.8
790,370,2003,5.8
790,560,2004,2.96
790,560,2005,2.96
790,666,1970,5.76
790,705,2001,9.57
790,710,2005,1.75
790,710,2016,24.45
790,710,2017,24.45
790,710,2019,24.45
790,710,2021,24.45
790,750,1974,1.9
790,750,1992,5.2
790,750,2001,2.26
790,750,2002,0.24
790,750,2003,7.5
790,750,2004,27.5
790,750,2005,4.5
790,750,2011,2.64
790,750,2014,4.5
790,850,2019,9.0
790,900,1971,2.0
800,2,1950,62.3
800,2,1951,209.85999999999999
800,2,1952,167.18
800,2,1953,144.57
800,2,1954,133.2
800,2,1955,158.54
800,2,1956,22.4
800,2,1957,101.71
800,2,1958,20.34
800,2,1959,40.8
800,2,1960,64.7
800,2,1961,129.98000000000002
800,2,1962,337.25
800,2,1963,309.34
800,2,1964,272.40000000000003
800,2,1965,371.84000000000003
800,2,1966,282.65
800,2,1967,503.2
800,2,1968,288.73
800,2,1969,571.08
800,2,1970,744.84
800,2,1971,681.68
800,2,1972,536.89
800,2,1973,579.26
800,2,1974,213.03
800,2,1975,129.45
800,2,1976,48.4
800,2,1977,52.61
800,2,1978,247.60000000000002
800,2,1979,351.22
800,2,1980,331.8
800,2,1981,430.38
800,2,1982,76.58
800,2,1983,142.96
800,2,1984,211.97
800,2,1985,210.5
800,2,1986,178.5
800,2,1987,273.4
800,2,1988,577.15
800,2,1989,359.5
800,2,1990,403.89
800,2,1991,280.66
800,2,1992,32.0
800,2,1993,151.0
800,2,1994,408.4
800,2,1995,590.0
800,2,1996,896.2099999999999
800,2,1997,793.1
800,2,1998,117.8
800,2,1999,113.0
800,2,2000,89.0
800,2,2001,33.75
800,2,2002,291.69
800,2,2003,274.74
800,2,2004,88.38
800,2,2005,36.5
800,2,2006,7.5
800,2,2009,4.0
800,2,2011,57.1
800,2,2012,40.0
800,2,2013,53.31
800,2,2014,57.75
800,2,2015,66.6
800,2,2016,100.25
800,2,2017,77.2
800,2,2018,49.400000000000006
800,2,2019,48.3
800,2,2020,44.14
800,2,2022,78.45
800,2,2023,78.45
800,2,2024,54.4
800,2,2025,47.0
800,20,1950,2.16
800,20,1968,11.25
800,20,1978,11.8
800,20,1981,12.0
800,20,1984,7.5
800,20,1987,2.5
800,20,1991,7.0
800,20,1992,7.0
800,20,1993,1.5
800,20,1994,4.5
800,20,1996,2.1
800,20,1998,2.1
800,20,2009,4.5
800,20,2016,3.0
800,20,2019,3.0
800,20,2022,6.0
800,20,2023,7.5
800,20,2024,4.0
800,20,2025,4.0
800,200,1950,33.6
800,200,1951,6.96
800,200,1952,6.96
800,200,1953,6.96
800,200,1954,8.96
800,200,1971,7.2
800,200,1972,3.2
800,200,1973,81.1
800,200,1975,7.5
800,200,1976,0.6
800,200,1978,127.82
800,200,1981,127.82
800,200,1982,133.82
800,200,1983,130.82
800,200,1984,151.92
800,200,1985,16.6
800,200,1986,24.0
800,200,1987,25.5
800,200,1988,24.0
800,200,1989,24.0
800,200,1990,24.0
800,200,1991,24.0
800,200,1992,152.9
800,200,1995,7.5
800,200,1996,7.5
800,200,2004,25.0
800,200,2005,10.0
800,200,2006,23.2
800,200,2012,5.0
800,200,2013,45.8
800,200,2016,22.5
800,200,2017,22.5
800,200,2019,35.0
800,210,1971,18.0
800,210,1973,25.5
800,210,1974,18.0
800,210,1976,18.0
800,210,1977,18.0
800,210,1979,18.0
800,210,1980,18.0
800,210,1983,102.5
800,210,1984,153.5
800,210,1986,49.5
800,210,1987,75.5
800,210,1993,8.0
800,210,1994,18.0
800,210,1995,37.0
800,210,2005,16.0
800,210,2007,7.5
800,210,2013,9.25
800,210,2019,9.25
800,210,2021,20.0
800,210,2022,20.0
800,220,1954,31.92
800,220,1973,1.5
800,220,1976,60.0
800,220,1977,60.0
800,220,1978,60.0
800,220,1979,78.75
800,220,1980,78.75
800,220,1983,19.8
800,220,1984,84.0
800,220,1985,84.0
800,220,1986,0.2
800,220,1987,31.5
800,220,1988,37.5
800,220,1989,6.0
800,220,1996,156.9
800,220,1997,142.5
800,220,2001,5.4
800,220,2009,41.1
800,220,2013,10.4
800,220,2014,10.4
800,220,2015,32.0
800,220,2016,16.0
800,220,2018,61.0
800,220,2021,32.0
800,220,2023,23.2
800,225,1973,7.2
800,225,1987,48.0
800,225,1988,53.0
800,225,1991,38.0
800,225,1992,38.0
800,225,1996,11.4
800,225,1998,11.4
800,225,2017,26.0
800,225,2023,1.85
800,230,1996,16.6
800,230,1997,447.39
800,230,2016,25.0
800,230,2019,25.0
800,230,2022,13.0
800,230,2023,12.5
800,255,1976,132.0
800,255,1977,132.0
800,255,1979,10.8
800,255,1980,35.8
800,255,1983,10.0
800,255,1984,18.8
800,255,1986,48.8
800,255,1987,82.8
800,255,1988,26.8
800,255,1989,26.8
800,255,1990,18.8
800,255,1991,79.8
800,255,1992,64.0
800,255,1993,3.96
800,255,1994,6.0
800,255,1995,27.0
800,255,1996,21.0
800,255,1997,3.0
800,255,2000,118.8
800,255,2001,118.8
800,255,2004,4.62
800,255,2010,4.35
800,255,2011,4.35
800,255,2012,12.35
800,255,2013,15.25
800,255,2014,4.25
800,255,2015,43.75
800,255,2016,60.0
800,255,2017,25.3
800,255,2018,59.5
800,255,2019,39.0
800,255,2021,13.5
800,255,2022,10.0
800,305,1988,6.0
800,305,1996,18.0
800,305,1998,18.0
800,305,2009,2.1
800,305,2010,3.1
800,305,2011,1.5
800,305,2020,3.9
800,305,2021,2.5999999999999996
800,305,2022,1.5
800,305,2023,0.8
800,316,1993,144.0
800,316,1994,144.0
800,316,1996,16.0
800,316,1997,16.0
800,325,1973,2.88
800,325,1974,2.88
800,325,1976,5.0
800,325,1979,139.2
800,325,1980,139.2
800,325,1982,1.44
800,325,1983,55.0
800,325,1984,22.5
800,325,1986,28.5
800,325,1987,38.5
800,325,1988,29.32
800,325,1989,12.0
800,325,1992,10.5
800,325,1995,76.8
800,325,1999,115.0
800,325,2002,5.4
800,325,2005,26.0
800,325,2006,26.0
800,325,2012,2.75
800,325,2013,14.75
800,325,2014,12.0
800,325,2015,32.5
800,325,2016,68.0
800,325,2017,51.5
800,325,2018,35.25
800,325,2019,2.75
800,325,2021,12.5
800,365,2008,2.88
800,365,2011,21.75
800,365,2015,14.5
800,365,2018,14.5
800,365,2021,21.75
800,365,2022,4.0
800,369,1993,21.6
800,369,1994,21.6
800,369,1996,2.4
800,369,1997,2.4
800,369,2010,126.4
800,369,2011,54.55
800,369,2012,180.1
800,369,2013,152.14999999999998
800,369,2014,337.95
800,369,2015,348.15
800,369,2016,337.95
800,369,2017,357.3
800,369,2018,199.0
800,380,1997,4.45
800,380,2002,6.0
800,380,2003,6.0
800,380,2005,6.0
800,380,2010,26.8
800,380,2011,157.8
800,380,2012,46.5
800,380,2013,180.3
800,380,2014,7.5
800,380,2015,25.0
800,380,2016,25.0
800,380,2017,4.0
800,380,2018,25.0
800,390,2012,7.25
800,560,2008,13.05
800,560,2011,18.0
800,560,2012,18.0
800,560,2013,18.0
800,560,2016,16.05
800,560,2017,16.05
800,560,2018,16.05
800,560,2019,16.05
800,560,2020,16.05
800,666,1975,37.4
800,666,1976,9.0
800,666,1977,9.0
800,666,1980,8.25
800,666,1981,8.25
800,666,1982,8.25
800,666,1988,27.2
800,666,1996,5.0
800,666,1998,2.0
800,666,2001,1.2
800,666,2004,10.6
800,666,2014,7.02
800,666,2015,7.52
800,666,2016,7.02
800,666,2018,64.03999999999999
800,666,2019,64.53999999999999
800,666,2020,89.52
800,666,2021,74.0
800,666,2022,70.53999999999999
800,666,2023,26.5
800,666,2024,4.0
800,666,2025,14.04
800,710,1985,12.6
800,710,1987,196.6
800,710,1988,204.1
800,710,1989,80.6
800,710,1990,5.0
800,710,1991,410.5
800,710,1992,373.0
800,710,1994,478.5
800,710,1995,478.5
800,710,1996,150.0
800,710,2000,21.0
800,710,2005,126.5
800,710,2006,126.5
800,710,2009,54.0
800,710,2011,21.6
800,710,2012,54.0
800,710,2013,62.8
800,710,2014,54.0
800,710,2015,16.56
800,710,2016,109.66
800,710,2017,308.76
800,710,2018,308.76
800,710,2019,354.36
800,710,2020,25.659999999999997
800,710,2021,47.11
800,710,2022,191.56
800,710,2023,414.65999999999997
800,732,2018,285.95
800,732,2019,142.4
800,732,2020,142.4
800,732,2023,1.0
800,732,2024,35.6
800,740,1963,21.0
800,740,1964,21.0
800,740,1966,3.5
800,740,1969,1.5
800,820,1982,6.4
800,830,1981,10.0
800,830,2004,57.82
800,830,2010,3.0
800,830,2011,3.6
800,830,2012,75.0
800,850,1980,3.8
800,850,1985,11.4
800,850,1986,11.4
800,900,1982,31.5
800,900,1983,31.5
800,900,1984,40.5
800,900,1985,2.5
800,920,1973,3.6
800,920,1974,3.6
800,920,1992,0.9
800,920,1999,1.8
800,920,2000,1.8
800,920,2002,0.6
800,920,2004,1.2
800,920,2005,1.2
811,2,1955,7.2
811,2,1956,11.100000000000001
811,2,1957,8.22
811,2,1958,4.0
811,2,1961,0.38
811,2,1962,3.4899999999999998
811,2,1963,8.4
811,2,1964,3.9
811,2,1966,10.8
811,2,1967,10.8
811,2,1970,8.02
811,2,1971,36.9
811,2,1972,163.3
811,2,1973,214.04000000000002
811,2,1974,50.8
811,20,2012,3.0
811,220,1954,3.18
811,220,1955,27.3
811,220,1956,42.6
811,220,1957,12.0
811,220,1959,2.26
811,220,1960,1.4
811,220,1961,4.0
811,220,1962,4.0
811,220,1963,5.6
811,220,1964,24.45
811,220,1965,38.74
811,220,1968,3.4
811,220,1969,19.3
811,220,1993,2.6
811,290,1994,30.0
811,316,1994,27.12
811,316,2013,29.16
811,317,1997,4.8
811,317,2012,4.68
811,325,2018,2.4
811,345,1965,5.6
811,345,2010,30.0
811,355,1986,8.0
811,355,1996,8.0
811,355,1997,8.0
811,355,2010,4.24
811,365,1964,27.66
811,365,1965,2.56
811,365,1967,16.4
811,365,1978,4.5
811,365,1980,33.82
811,365,1983,13.4
811,365,1984,98.0
811,365,1985,116.9
811,365,1986,150.04
811,365,1987,54.32
811,365,1988,18.32
811,365,1989,127.03
811,365,1990,47.75
811,365,2021,5.8
811,369,1994,11.6
811,369,1996,22.4
811,369,1997,13.0
811,369,2012,54.0
811,591,1995,0.8999999999999999
811,694,2021,0.6
811,698,1994,0.48
811,710,1965,0.57
811,710,1966,34.68
811,710,1967,25.8
811,710,1968,13.0
811,710,1978,38.2
811,710,1985,6.0
811,710,1988,2.0
811,710,1994,5.0
811,710,2007,56.0
811,710,2009,4.0
811,710,2012,16.0
811,710,2013,39.0
811,710,2018,3.0
811,710,2019,3.0
811,710,2021,28.8
811,710,2022,37.8
811,710,2023,55.5
811,740,1954,1.54
811,816,2006,13.6
811,900,1972,6.0
812,2,1956,2.3
812,2,1957,1.8
812,2,1958,10.91
812,2,1959,0.91
812,2,1960,3.0
812,2,1961,4.01
812,2,1962,70.0
812,2,1963,74.5
812,2,1964,70.0
812,2,1965,70.0
812,2,1966,70.0
812,2,1967,70.0
812,2,1968,70.0
812,2,1969,81.8
812,2,1970,94.83
812,2,1971,2.0
812,2,1972,35.58
812,2,1973,57.58
812,2,1974,5.0
812,2,1975,5.0
812,20,2012,3.0
812,20,2013,3.0
812,220,1954,0.66
812,220,1955,1.6199999999999999
812,220,1959,1.4
812,220,1962,0.18
812,220,1963,3.8
812,220,2015,6.5
812,365,1962,4.95
812,365,1967,3.6
812,365,1971,3.0
812,365,1975,35.85
812,365,1976,51.0
812,365,1977,149.2
812,365,1978,25.5
812,365,1980,70.0
812,365,1981,90.55
812,365,1982,2.8
812,365,1983,94.0
812,365,1984,25.7
812,365,1985,59.21
812,365,1987,36.0
812,365,1988,36.0
812,365,1997,57.0
812,365,1998,36.25
812,365,1999,3.5
812,365,2000,7.25
812,365,2003,0.45
812,365,2005,3.5
812,365,2011,14.5
812,365,2018,101.46
812,365,2019,53.459999999999994
812,365,2020,51.48
812,365,2021,3.4
812,365,2024,7.25
812,369,1999,26.0
812,369,2009,26.0
812,710,1971,10.0
812,710,1990,8.0
812,710,2008,6.5
812,710,2012,16.0
812,710,2013,16.0
812,710,2015,2.16
812,710,2017,4.5600000000000005
812,710,2018,67.9
812,710,2019,10.4
812,710,2023,3.2
812,816,1987,11.4
812,900,1971,3.0
816,2,2017,54.0
816,2,2021,54.0
816,2,2024,31.2
816,2,2025,85.2
816,20,2012,7.5
816,20,2013,7.5
816,20,2014,18.0
816,20,2015,4.5
816,20,2024,6.0
816,20,2025,6.0
816,210,2021,86.0
816,220,2011,16.0
816,230,2014,37.5
816,230,2015,37.5
816,255,2001,6.0
816,265,1976,24.0
816,265,1977,24.0
816,290,2002,4.0
816,290,2005,15.0
816,310,1968,56.0
816,310,1969,56.0
816,315,1961,1.0
816,315,1966,15.0
816,315,1970,12.0
816,315,1971,12.0
816,315,1980,84.0
816,315,1981,84.0
816,315,1984,1.6
816,316,2003,20.0
816,316,2005,26.0
816,316,2014,48.0
816,316,2015,48.0
816,316,2016,48.0
816,316,2024,82.8
816,316,2025,82.8
816,317,2014,10.8
816,317,2016,7.2
816,360,1997,2.4
816,360,2009,2.0
816,360,2010,2.0
816,360,2011,2.0
816,365,1954,20.0
816,365,1955,38.0
816,365,1956,18.0
816,365,1957,48.0
816,365,1958,51.0
816,365,1959,117.0
816,365,1960,243.0
816,365,1961,181.5
816,365,1962,508.9
816,365,1963,619.3
816,365,1964,1137.3
816,365,1965,3718.65
816,365,1966,4927.6
816,365,1967,4774.139999999999
816,365,1968,4660.639999999999
816,365,1969,4157.1900000000005
816,365,1970,4319.79
816,365,1971,3644.19
816,365,1972,4794.49
816,365,1973,3809.94
816,365,1974,2954.5
816,365,1975,2420.0
816,365,1976,180.0
816,365,1977,180.0
816,365,1978,484.0
816,365,1979,2980.5
816,365,1980,2644.23
816,365,1981,3406.75
816,365,1982,1918.5
816,365,1983,2405.5
816,365,1984,2117.5
816,365,1985,55.0
816,365,1986,180.0
816,365,1987,189.0
816,365,1988,219.0
816,365,1989,346.0
816,365,1990,319.03999999999996
816,365,1995,320.0
816,365,1996,210.2
816,365,1997,323.2
816,365,1998,273.2
816,365,1999,173.2
816,365,2000,28.0
816,365,2001,117.0
816,365,2002,80.0
816,365,2003,28.0
816,365,2004,325.2
816,365,2005,204.5
816,365,2006,110.5
816,365,2007,28.0
816,365,2008,786.0
816,365,2009,360.0
816,365,2010,821.0
816,365,2011,1837.0
816,365,2012,1076.6
816,365,2013,1826.0
816,365,2014,3395.6
816,365,2015,3250.0
816,365,2016,3250.0
816,365,2017,1970.0
816,365,2018,666.0
816,365,2019,286.0
816,365,2020,30.0
816,365,2021,126.0
816,365,2022,126.0
816,369,1995,28.5
816,369,1996,65.5
816,369,1997,28.5
816,369,1998,28.5
816,369,1999,41.5
816,369,2000,28.5
816,369,2005,41.6
816,369,2006,41.6
816,369,2008,44.0
816,369,2011,20.0
816,369,2012,36.0
816,369,2013,36.0
816,369,2014,69.0
816,369,2015,44.0
816,369,2016,44.0
816,369,2017,20.0
816,369,2018,20.0
816,370,2014,150.0
816,370,2015,150.0
816,370,2016,150.0
816,370,2017,150.0
816,370,2018,150.0
816,370,2019,150.0
816,370,2020,150.0
816,370,2021,150.0
816,370,2022,150.0
816,370,2023,150.0
816,666,2006,18.0
816,666,2007,18.0
816,666,2008,18.0
816,666,2009,18.0
816,666,2013,26.0
816,666,2014,28.5
816,666,2015,21.0
816,666,2016,489.75
816,666,2017,468.75
816,666,2018,468.75
816,666,2021,9.0
816,710,1957,36.0
816,710,1964,70.22
816,710,1965,124.48
816,710,1966,127.7
816,710,1967,55.7
816,710,1968,556.5
816,710,1969,464.5
816,710,1970,1107.5
816,710,1971,1056.23
816,710,1972,1016.23
816,710,1974,4.4
816,731,1996,7.0
816,731,1997,7.0
816,731,1998,31.25
816,732,2017,60.0
816,732,2018,60.0
816,732,2025,60.0
816,750,2023,30.0
816,850,2018,7.6
817,2,1954,0.48
817,2,1955,87.18
817,2,1956,127.98000000000002
817,2,1957,48.9
817,2,1958,74.7
817,2,1959,30.0
817,2,1960,62.72
817,2,1961,236.95999999999998
817,2,1962,403.94
817,2,1963,324.22
817,2,1964,392.74
817,2,1965,697.85
817,2,1966,707.35
817,2,1967,778.8299999999999
817,2,1968,2354.91
817,2,1969,3050.6
817,2,1970,2803.42
817,2,1971,3297.19
817,2,1972,3878.2200000000003
817,2,1973,2023.45
817,2,1974,765.25
817,220,1953,1.92
817,220,1954,44.24
817,220,1955,58.72
817,220,1956,60.120000000000005
817,220,1957,8.0
817,220,1958,0.4
817,630,1972,96.0
817,713,1972,153.6
817,732,1972,140.8
817,740,1954,0.88
820,2,1961,0.7
820,2,1967,15.0
820,2,1968,75.0
820,2,1969,15.0
820,2,1971,61.45
820,2,1972,20.0
820,2,1973,20.0
820,2,1974,18.16
820,2,1975,158.4
820,2,1976,344.70000000000005
820,2,1977,48.0
820,2,1978,127.1
820,2,1979,123.6
820,2,1980,84.0
820,2,1981,55.8
820,2,1983,21.0
820,2,1984,4.0
820,2,1985,206.6
820,2,1986,222.88
820,2,1991,28.0
820,2,1994,57.0
820,2,1995,197.17000000000002
820,2,1997,335.4
820,2,1999,6.0
820,2,2002,19.92
820,2,2003,39.42
820,2,2004,19.5
820,2,2005,2.0
820,2,2006,35.6
820,2,2007,15.6
820,2,2009,30.0
820,2,2010,30.84
820,2,2011,2.2
820,2,2013,5.7
820,2,2014,10.0
820,2,2015,3.6
820,2,2016,12.6
820,2,2017,6.6
820,2,2019,2.0
820,2,2020,2.0
820,2,2022,25.5
820,2,2023,11.0
820,20,1966,15.0
820,20,1967,43.0
820,20,1968,43.0
820,20,1969,103.0
820,20,1970,60.0
820,20,1972,60.0
820,20,1982,15.4
820,20,1983,15.4
820,20,1984,15.4
820,20,2001,3.15
820,20,2007,3.5
820,20,2016,1.75
820,140,2002,20.5
820,140,2010,18.0
820,200,1958,24.849999999999998
820,200,1959,30.1
820,200,1960,4.6
820,200,1961,2.48
820,200,1962,59.879999999999995
820,200,1963,149.69
820,200,1964,156.14
820,200,1965,9.8
820,200,1966,116.25
820,200,1967,133.5
820,200,1968,73.5
820,200,1971,91.08
820,200,1972,14.08
820,200,1977,36.0
820,200,1978,8.8
820,200,1979,8.8
820,200,1983,47.5
820,200,1984,4.8
820,200,1985,0.4
820,200,1988,1.92
820,200,1989,10.92
820,200,1991,4.8
820,200,1992,26.0
820,200,1994,301.0
820,200,1995,269.36
820,200,1996,45.36
820,200,1997,65.36
820,200,1998,8.5
820,200,1999,394.5
820,200,2002,20.0
820,200,2003,81.0
820,200,2004,81.0
820,200,2005,96.0
820,200,2006,103.5
820,200,2007,118.5
820,200,2009,3.2
820,200,2010,7.75
820,200,2015,40.0
820,200,2016,61.0
820,200,2017,53.5
820,200,2018,13.5
820,200,2020,13.5
820,210,1971,11.5
820,210,1976,36.0
820,210,1977,36.0
820,210,1984,30.0
820,210,1985,13.0
820,210,1986,13.0
820,210,1999,18.0
820,210,2013,5.0
820,210,2014,5.0
820,210,2017,12.0
820,210,2018,12.0
820,210,2019,12.0
820,210,2020,12.0
820,210,2021,12.0
820,211,1983,137.7
820,211,1984,144.89999999999998
820,211,1985,7.2
820,220,1963,12.35
820,220,1964,12.35
820,220,1966,7.6
820,220,1969,4.75
820,220,1972,203.33
820,220,1973,300.05
820,220,1974,105.04
820,220,1979,23.5
820,220,1984,21.75
820,220,1985,10.5
820,220,1986,10.5
820,220,1996,20.0
820,220,1997,2.0
820,220,1998,18.0
820,220,1999,15.0
820,220,2000,0.74
820,220,2003,38.0
820,220,2004,33.0
820,220,2005,27.0
820,220,2007,8.0
820,220,2008,38.0
820,220,2009,337.52
820,220,2010,32.4
820,220,2011,30.0
820,220,2012,96.0
820,220,2013,109.0
820,220,2014,96.0
820,220,2016,12.1
820,220,2018,2.4
820,220,2019,2.4
820,220,2020,10.8
820,220,2021,10.8
820,225,1982,55.0
820,225,1983,55.0
820,225,1984,55.0
820,225,1988,12.0
820,225,1989,20.0
820,225,1995,2.2
820,225,1996,2.2
820,225,1997,2.2
820,225,1998,2.2
820,225,1999,2.2
820,225,2001,11.25
820,225,2002,6.0
820,225,2007,12.5
820,225,2010,9.0
820,225,2016,6.25
820,230,2009,299.52
820,230,2015,292.0
820,230,2016,292.0
820,230,2017,292.0
820,255,1972,19.2
820,255,1973,19.2
820,255,1976,135.0
820,255,1977,135.0
820,255,1979,14.4
820,255,1980,40.5
820,255,1982,100.98
820,255,1983,149.58
820,255,1984,389.08000000000004
820,255,1997,22.0
820,255,1999,42.0
820,255,2006,256.5
820,255,2008,20.0
820,255,2009,257.46
820,255,2010,256.5
820,255,2013,12.0
820,255,2014,32.56
820,255,2015,68.56
820,255,2016,68.56
820,255,2017,68.56
820,255,2018,20.56
820,255,2019,20.56
820,255,2020,20.56
820,255,2021,20.56
820,290,2007,167.0
820,290,2008,167.0
820,290,2009,153.6
820,290,2010,173.0
820,305,2018,0.4
820,325,1970,45.0
820,325,1971,45.0
820,325,1972,45.0
820,325,1983,61.2
820,325,1984,61.2
820,325,1985,225.1
820,325,1997,170.35
820,325,1998,55.95
820,325,1999,183.54999999999998
820,325,2000,26.4
820,325,2002,26.4
820,325,2003,12.5
820,325,2004,26.4
820,325,2005,30.25
820,325,2006,73.75
820,325,2009,136.3
820,325,2010,43.5
820,325,2022,18.0
820,365,1995,535.5
820,365,1999,14.5
820,365,2001,2.0
820,365,2002,62.739999999999995
820,365,2003,34.0
820,365,2007,1182.0
820,365,2008,1182.0
820,365,2009,1182.0
820,365,2010,1.0
820,365,2012,17.5
820,365,2013,17.5
820,369,1995,24.89
820,380,1972,9.0
820,380,1973,9.0
820,380,1976,13.5
820,380,1977,13.5
820,380,1979,205.6
820,380,1980,2.25
820,380,1983,4.5
820,380,1984,11.5
820,380,1985,15.0
820,380,1986,15.0
820,380,1987,10.0
820,380,1989,6.5
820,380,1999,15.0
820,380,2000,8.0
820,385,2021,48.0
820,390,2017,9.5
820,390,2018,9.5
820,560,2001,22.0
820,560,2002,22.0
820,560,2016,6.48
820,560,2017,53.28
820,560,2018,53.28
820,560,2019,53.28
820,560,2020,46.8
820,560,2021,46.8
820,640,2002,88.38
820,640,2003,88.38
820,640,2004,50.1
820,640,2010,33.16
820,640,2014,60.72
820,640,2015,60.72
820,640,2016,106.22999999999999
820,640,2017,169.59
820,640,2018,108.87
820,640,2019,108.87
820,640,2020,108.87
820,640,2021,108.87
820,640,2024,7.0
820,696,2017,1.62
820,710,2009,5.12
820,710,2019,110.0
820,710,2021,110.0
820,710,2022,110.0
820,732,1985,55.5
820,732,1986,55.5
820,732,1993,12.6
820,732,1995,20.7
820,732,2009,5.0
820,732,2017,80.0
820,732,2018,80.0
820,770,2002,15.7
820,770,2003,15.7
820,800,2016,6.0
820,800,2017,6.0
820,830,1971,1.54
820,830,1978,2.66
820,835,2016,11.6
820,850,1999,54.0
820,850,2005,18.0
820,850,2006,18.0
820,900,1969,23.1
820,900,1971,13.86
820,900,2001,0.69
820,920,1967,0.73
830,2,1969,5.6
830,2,1970,75.45
830,2,1971,71.95
830,2,1972,8.0
830,2,1973,55.0
830,2,1974,478.0
830,2,1975,448.0
830,2,1976,478.24
830,2,1977,500.24
830,2,1978,117.14
830,2,1979,318.0
830,2,1980,352.3
830,2,1981,93.0
830,2,1982,157.0
830,2,1983,235.5
830,2,1984,72.0
830,2,1985,63.0
830,2,1986,9.0
830,2,1987,429.1
830,2,1988,950.16
830,2,1989,491.6
830,2,1990,284.34000000000003
830,2,1991,145.5
830,2,1992,142.5
830,2,1993,209.34
830,2,1994,153.0
830,2,1995,24.0
830,2,1996,110.0
830,2,1997,561.6
830,2,1998,632.9200000000001
830,2,1999,589.4
830,2,2000,714.4
830,2,2001,105.7
830,2,2002,281.4
830,2,2003,118.9
830,2,2004,696.9
830,2,2005,897.05
830,2,2006,30.0
830,2,2007,45.0
830,2,2008,51.0
830,2,2009,1304.48
830,2,2010,2209.42
830,2,2011,1194.68
830,2,2012,1094.52
830,2,2013,761.12
830,2,2014,182.48
830,2,2015,187.44
830,2,2016,825.78
830,2,2017,674.34
830,2,2018,70.0
830,2,2019,2.48
830,2,2020,5.0
830,2,2021,537.0
830,2,2022,537.0
830,2,2023,175.0
830,2,2024,12.0
830,2,2025,12.0
830,20,1984,12.0
830,20,1985,12.0
830,20,1986,12.0
830,20,1987,12.0
830,20,1993,13.5
830,20,1994,13.5
830,20,1995,13.5
830,20,2008,9.5
830,200,1956,5.5
830,200,1965,0.72
830,200,1966,8.0
830,200,1968,11.6
830,200,1969,145.4
830,200,1970,83.4
830,200,1971,87.14
830,200,1972,69.96
830,200,1973,84.96000000000001
830,200,1974,15.0
830,200,1976,7.14
830,200,1982,124.0
830,200,1983,124.0
830,200,1994,9.9
830,200,1995,9.9
830,200,1996,9.9
830,200,1997,9.9
830,200,1998,152.9
830,200,1999,143.0
830,200,2000,12.0
830,200,2001,12.0
830,200,2018,132.0
830,200,2019,132.0
830,200,2020,132.0
830,210,1970,5.0
830,210,1971,18.0
830,210,1972,36.0
830,210,1974,36.0
830,210,1975,36.0
830,210,1976,36.0
830,210,1993,32.0
830,210,1994,159.5
830,210,1995,143.34
830,210,2013,27.0
830,210,2014,27.0
830,210,2015,27.0
830,210,2017,64.0
830,210,2018,64.0
830,210,2019,64.0
830,220,1969,3.8
830,220,1970,3.8
830,220,1980,12.0
830,220,1982,8.0
830,220,1983,17.1
830,220,1985,159.5
830,220,1986,159.5
830,220,1987,159.5
830,220,1988,159.5
830,220,1990,133.5
830,220,1991,58.0
830,220,1992,151.7
830,220,1993,165.5
830,220,1994,86.8
830,220,1995,45.0
830,220,1996,75.0
830,220,1997,36.71
830,220,1999,27.0
830,220,2000,33.71
830,220,2001,6.71
830,220,2006,93.5
830,220,2007,1767.0
830,220,2008,1767.0
830,220,2009,1767.0
830,220,2012,120.0
830,220,2013,120.0
830,220,2014,20.4
830,220,2015,35.4
830,220,2016,20.4
830,220,2017,410.0
830,220,2018,998.0
830,220,2019,688.0
830,220,2020,588.0
830,220,2021,144.0
830,220,2022,144.0
830,220,2023,144.0
830,225,1974,28.0
830,225,1979,85.0
830,225,1980,85.0
830,225,1981,54.0
830,225,1991,60.0
830,225,1992,60.0
830,225,2008,95.0
830,225,2014,32.5
830,225,2015,32.5
830,255,1972,264.0
830,255,1974,264.0
830,255,1975,264.0
830,255,1976,264.0
830,255,1990,456.0
830,255,1991,456.0
830,255,1996,36.0
830,255,1997,36.0
830,255,1998,36.0
830,255,2007,513.12
830,255,2008,513.12
830,255,2009,513.12
830,255,2010,445.34000000000003
830,255,2011,445.34000000000003
830,255,2012,425.37
830,255,2013,8.25
830,255,2016,118.8
830,255,2017,142.8
830,255,2018,142.8
830,255,2019,171.4
830,255,2020,28.6
830,255,2021,28.6
830,255,2022,28.6
830,255,2023,678.6
830,255,2024,678.6
830,255,2025,28.6
830,325,1971,3.84
830,325,1979,1.44
830,325,1982,1.44
830,325,1984,60.0
830,325,1985,60.0
830,325,1986,60.0
830,325,1987,60.0
830,325,1990,41.5
830,325,1991,41.5
830,325,1994,12.5
830,325,1995,12.5
830,325,1996,58.0
830,325,1997,58.0
830,325,1998,98.0
830,325,2007,41.5
830,325,2008,41.5
830,325,2009,41.5
830,325,2011,80.0
830,325,2012,182.0
830,325,2013,102.0
830,325,2014,102.0
830,325,2017,22.0
830,325,2018,22.0
830,325,2019,22.0
830,365,1998,28.0
830,365,1999,28.0
830,380,1972,13.5
830,380,1974,13.5
830,380,1975,13.5
830,380,1976,13.5
830,380,1980,40.0
830,380,1981,40.0
830,380,1982,13.0
830,380,1990,30.0
830,380,1991,30.0
830,380,1995,180.0
830,380,1997,72.6
830,380,1999,15.0
830,380,2000,326.8
830,380,2001,341.8
830,380,2003,12.0
830,380,2011,248.0
830,380,2012,243.0
830,380,2013,45.0
830,380,2019,5.0
830,560,1992,20.0
830,560,2016,212.45
830,560,2017,212.45
830,560,2018,212.45
830,560,2019,212.45
830,560,2020,212.45
830,560,2021,212.45
830,560,2022,212.45
830,560,2023,212.45
830,560,2024,212.45
830,560,2025,212.45
830,663,1977,18.4
830,663,1994,29.4
830,666,1969,14.4
830,666,1971,55.55
830,666,1972,82.55
830,666,1974,27.0
830,666,1975,27.0
830,666,1976,27.0
830,666,1977,32.3
830,666,1989,4.0
830,666,1990,32.5
830,666,1991,32.5
830,666,1994,12.0
830,666,1995,12.0
830,666,1996,123.0
830,666,1997,225.0
830,666,1998,159.0
830,666,1999,102.0
830,666,2000,152.0
830,666,2001,197.0
830,666,2002,147.0
830,666,2003,147.0
830,666,2004,147.0
830,666,2005,45.0
830,666,2006,105.0
830,666,2007,100.0
830,666,2009,140.0
830,666,2010,140.0
830,666,2011,220.75
830,666,2012,110.75
830,666,2013,30.0
830,666,2015,25.0
830,666,2016,55.0
830,666,2017,10.0
830,666,2018,15.0
830,666,2019,151.0
830,666,2020,136.0
830,666,2021,198.5
830,666,2022,228.5
830,666,2023,228.5
830,666,2024,166.0
830,666,2025,166.0
830,680,1975,6.4
830,690,1984,3.52
830,698,1977,5.0
830,750,1973,54.0
830,750,1974,54.0
830,750,1975,66.96000000000001
830,771,1984,1.76
830,900,2010,60.0
830,900,2011,60.0
830,900,2012,21.0
830,900,2013,21.0
830,920,1969,0.16
830,920,1973,0.32
835,2,1965,0.6
835,2,1968,0.7
835,2,1970,5.24
835,2,1971,9.5
835,2,1974,13.719999999999999
835,2,1981,1.4
835,2,1982,12.5
835,2,1983,25.9
835,2,1986,13.0
835,2,1996,29.0
835,2,1997,30.0
835,2,1998,29.0
835,2,2003,0.57
835,2,2004,0.57
835,2,2013,87.0
835,2,2014,87.0
835,2,2015,87.0
835,20,1997,1.4
835,20,2024,3.0
835,200,1965,4.5
835,200,1966,1.2
835,200,1967,18.3
835,200,1971,8.5
835,200,1972,3.6
835,200,1973,3.6
835,200,1974,3.6
835,200,1975,3.6
835,200,1976,3.6
835,200,1978,14.03
835,200,1981,0.75
835,200,1983,119.0
835,200,1984,119.0
835,210,2011,14.25
835,210,2014,4.75
835,220,1972,0.32
835,220,1978,9.0
835,220,1979,9.0
835,220,1990,7.8
835,220,1991,7.8
835,220,1999,4.32
835,220,2001,5.7
835,220,2002,5.7
835,220,2005,2.16
835,220,2006,2.16
835,220,2012,20.0
835,220,2014,10.0
835,225,1997,5.0
835,230,2024,25.0
835,255,1978,7.2
835,255,1979,7.2
835,255,1981,7.2
835,255,2009,65.6
835,255,2010,65.6
835,255,2011,193.4
835,255,2014,63.0
835,325,1982,0.48
835,380,2011,7.5
835,380,2014,2.5
835,390,2011,14.25
835,390,2014,4.75
835,830,1978,79.8
835,830,1979,79.8
835,830,2023,11.2
835,850,1997,9.0
835,900,1996,9.8
840,2,1951,2.0
840,2,1952,0.5
840,2,1953,32.0
840,2,1954,31.2
840,2,1955,49.099999999999994
840,2,1956,58.64
840,2,1957,93.8
840,2,1958,69.45
840,2,1959,68.17999999999999
840,2,1960,84.6
840,2,1961,71.47
840,2,1962,25.95
840,2,1963,9.0
840,2,1964,7.08
840,2,1965,223.49
840,2,1966,191.84
840,2,1967,210.89
840,2,1968,22.8
840,2,1969,34.839999999999996
840,2,1970,15.56
840,2,1971,99.15
840,2,1972,50.2
840,2,1973,121.42
840,2,1974,41.5
840,2,1975,114.73
840,2,1976,313.42
840,2,1977,187.35
840,2,1978,153.87
840,2,1979,47.64
840,2,1980,103.07999999999998
840,2,1981,5.0
840,2,1982,2.7199999999999998
840,2,1983,136.69
840,2,1984,110.0
840,2,1985,33.83
840,2,1987,26.2
840,2,1988,12.0
840,2,1990,15.4
840,2,1991,58.6
840,2,1992,57.88
840,2,1993,90.68
840,2,1994,81.9
840,2,1995,7.7
840,2,1996,3.6
840,2,1997,17.8
840,2,1998,38.36
840,2,2001,9.2
840,2,2002,8.38
840,2,2003,8.38
840,2,2004,25.97
840,2,2005,22.97
840,2,2006,15.18
840,2,2007,31.340000000000003
840,2,2008,20.96
840,2,2009,0.24
840,2,2011,59.68
840,2,2012,6.0
840,2,2013,55.3
840,2,2014,12.1
840,2,2015,67.8
840,2,2016,105.88
840,2,2017,47.15
840,2,2018,3.08
840,2,2019,21.15
840,2,2020,151.75
840,2,2021,153.4
840,2,2022,6.4
840,2,2023,19.2
840,2,2024,173.4
840,2,2025,162.0
840,20,1981,7.5
840,20,1982,7.5
840,20,1989,7.2
840,20,1990,7.2
840,20,1991,7.2
840,20,2015,4.5
840,20,2019,1.5
840,20,2020,3.0
840,20,2022,4.5
840,20,2023,4.5
840,140,2020,27.0
840,140,2024,4.9
840,140,2025,4.9
840,200,1975,18.6
840,200,1976,18.6
840,200,1977,34.03
840,200,1978,18.6
840,200,1979,18.6
840,200,1980,18.6
840,200,1981,23.1
840,200,1982,23.1
840,200,1993,35.25
840,200,1994,35.25
840,200,1995,42.9
840,200,1996,42.9
840,200,1997,78.9
840,200,2007,3.4
840,200,2019,29.0
840,200,2020,1.0
840,210,1981,25.5
840,210,1982,25.5
840,210,2015,0.48
840,211,1996,7.2
840,211,1997,7.2
840,211,1998,7.2
840,211,2015,3.96
840,220,1997,6.0
840,220,2019,4.0
840,220,2021,3.6
840,220,2025,30.0
840,230,2015,37.5
840,230,2016,37.5
840,230,2019,12.5
840,230,2022,42.26
840,230,2023,43.15
840,230,2025,4.76
840,235,1979,4.0
840,235,1980,4.0
840,255,1974,22.8
840,255,1976,22.8
840,255,1977,22.8
840,255,1978,22.8
840,255,1979,50.8
840,255,1980,22.8
840,255,1981,22.8
840,255,1989,4.8
840,255,1990,4.8
840,255,1991,4.8
840,255,1992,4.8
840,255,2013,4.4
840,255,2016,4.8
840,255,2017,4.8
840,255,2019,15.6
840,255,2020,47.6
840,255,2021,32.0
840,255,2022,2.03
840,255,2023,19.43
840,255,2024,18.0
840,255,2025,43.43
840,290,2012,29.6
840,290,2013,29.6
840,325,1973,11.04
840,325,1974,11.04
840,325,1976,13.5
840,325,1977,13.5
840,325,1989,36.0
840,325,1990,36.0
840,325,1991,36.0
840,325,1993,9.36
840,325,1994,21.36
840,325,2010,4.32
840,325,2011,4.32
840,325,2013,8.25
840,325,2015,27.5
840,325,2020,10.5
840,325,2021,10.5
840,325,2025,10.5
840,380,2022,15.0
840,640,2004,0.3
840,640,2010,1.8
840,640,2022,64.5
840,640,2023,8.7
840,640,2024,64.5
840,640,2025,20.0
840,663,1997,6.4
840,663,2019,6.0
840,666,1983,5.95
840,666,2001,0.3
840,666,2015,26.4
840,666,2016,24.0
840,666,2017,67.08
840,666,2018,4.9
840,666,2019,79.4
840,666,2020,27.0
840,666,2022,285.35
840,666,2023,84.85
840,666,2024,285.25
840,666,2025,93.6
840,713,1989,12.8
840,732,1993,19.68
840,732,1994,19.68
840,732,1995,24.0
840,732,1996,33.6
840,732,1998,32.0
840,732,2006,9.6
840,732,2009,0.6
840,732,2015,197.4
840,732,2016,197.4
840,732,2017,197.4
840,732,2019,73.36
840,732,2020,492.5
840,732,2021,495.5
840,732,2022,15.0
840,732,2025,542.0
840,740,1958,6.84
840,740,1959,41.84
840,740,1966,0.5
840,740,1974,28.0
840,740,1979,11.09
840,740,2017,5.7
840,740,2018,5.7
840,740,2023,39.0
840,740,2024,39.0
840,740,2025,39.0
840,750,2024,116.0
840,750,2025,116.0
840,800,2003,14.4
840,800,2004,14.4
840,830,1975,16.8
840,830,2004,6.92
840,850,2016,169.7
840,850,2017,169.7
840,850,2018,7.6
840,900,1975,16.5
840,900,1976,16.5
840,900,1980,1.5
840,900,1990,1.8
840,900,2015,6.4
840,900,2016,9.6
850,2,1950,2.4
850,2,1951,2.4
850,2,1952,2.4
850,2,1953,7.800000000000001
850,2,1954,2.4
850,2,1955,3.48
850,2,1958,84.0
850,2,1960,220.64999999999998
850,2,1961,202.42000000000002
850,2,1962,19.299999999999997
850,2,1963,7.6
850,2,1964,7.6
850,2,1965,4.08
850,2,1966,9.9
850,2,1967,3.96
850,2,1968,0.4
850,2,1969,1.5
850,2,1970,20.4
850,2,1971,85.68
850,2,1972,8.92
850,2,1973,120.52
850,2,1974,101.0
850,2,1976,102.9
850,2,1977,160.42000000000002
850,2,1978,134.82
850,2,1979,295.3
850,2,1980,472.3
850,2,1981,227.3
850,2,1982,183.85
850,2,1983,117.74
850,2,1984,61.07
850,2,1985,48.2
850,2,1986,44.0
850,2,1987,0.48
850,2,1988,56.3
850,2,1989,262.05
850,2,1990,254.55
850,2,1991,6.75
850,2,1994,16.0
850,2,1995,16.0
850,2,1996,40.0
850,2,1997,39.0
850,2,1998,24.6
850,2,1999,30.200000000000003
850,2,2000,16.6
850,2,2002,2.0
850,2,2003,7.0
850,2,2004,2.0
850,2,2005,2.0
850,2,2006,44.2
850,2,2007,44.0
850,2,2008,20.0
850,2,2011,0.36
850,2,2012,125.4
850,2,2013,177.16000000000003
850,2,2014,643.33
850,2,2015,480.4
850,2,2016,451.62
850,2,2017,593.41
850,2,2018,143.77
850,2,2019,60.34
850,2,2020,218.3
850,2,2021,235.3
850,2,2022,66.6
850,2,2023,202.7
850,2,2024,203.13
850,2,2025,14.0
850,20,1958,1.6
850,20,1959,0.64
850,20,1960,2.4
850,20,1961,0.38
850,20,1981,15.0
850,20,1982,15.0
850,20,2003,2.45
850,20,2005,2.45
850,20,2007,1.75
850,20,2008,1.75
850,20,2011,2.8
850,20,2012,20.3
850,20,2013,13.5
850,20,2014,17.5
850,20,2015,17.5
850,20,2016,4.0
850,20,2021,3.05
850,20,2022,1.05
850,140,2012,36.0
850,140,2014,72.0
850,140,2015,72.0
850,140,2016,36.0
850,140,2020,27.0
850,200,1956,18.0
850,200,1958,3.0
850,200,1959,6.6
850,200,1960,143.12
850,200,1961,136.51999999999998
850,200,1962,77.22
850,200,1970,7.5
850,200,1975,0.6
850,200,1976,12.0
850,200,1979,18.0
850,200,1980,86.0
850,200,1981,103.5
850,200,1983,42.5
850,200,1984,25.5
850,200,1985,395.6
850,200,1986,582.6
850,200,1987,262.0
850,200,1992,29.7
850,200,1993,26.0
850,200,1994,26.25
850,200,1995,35.25
850,200,1996,301.75
850,200,1997,266.75
850,200,1998,233.0
850,200,1999,233.0
850,200,2000,176.0
850,200,2014,681.75
850,200,2015,90.0
850,200,2016,165.0
850,200,2017,165.0
850,200,2018,165.0
850,200,2019,165.0
850,200,2020,165.0
850,200,2021,165.0
850,200,2022,165.0
850,200,2023,165.0
850,200,2025,10.0
850,210,1950,221.85
850,210,1951,84.82000000000001
850,210,1952,40.77
850,210,1976,56.0
850,210,1977,19.8
850,210,1978,19.8
850,210,1979,280.8
850,210,1980,375.18
850,210,1981,108.58
850,210,1982,3.2
850,210,1986,257.96
850,210,1987,257.96
850,210,1988,362.96
850,210,1989,140.0
850,210,1990,24.0
850,210,1991,24.0
850,210,2000,29.0
850,210,2002,29.0
850,210,2004,29.0
850,210,2007,303.0
850,210,2008,303.0
850,210,2009,303.0
850,210,2017,491.0
850,211,2013,13.2
850,211,2014,15.0
850,211,2015,15.0
850,211,2016,15.0
850,211,2017,41.94
850,211,2018,41.620000000000005
850,211,2019,8.4
850,211,2020,8.4
850,211,2021,8.4
850,211,2024,14.4
850,220,1961,164.9
850,220,1962,199.6
850,220,1963,185.0
850,220,1964,27.5
850,220,1966,9.5
850,220,1969,4.9
850,220,1978,54.0
850,220,1979,288.0
850,220,1980,288.0
850,220,1981,309.6
850,220,1982,85.6
850,220,1983,64.0
850,220,1984,83.0
850,220,1985,29.0
850,220,1987,29.0
850,220,1994,0.8
850,220,1996,12.0
850,220,1997,20.520000000000003
850,220,1998,10.8
850,220,2000,22.5
850,220,2001,83.0
850,220,2002,90.5
850,220,2003,10.5
850,220,2004,73.5
850,220,2005,96.0
850,220,2006,113.5
850,220,2007,132.0
850,220,2008,27.4
850,220,2009,28.8
850,220,2010,27.0
850,220,2011,65.5
850,220,2012,65.5
850,220,2013,44.74
850,220,2014,84.63
850,220,2015,149.33
850,220,2016,168.04
850,220,2017,291.1
850,220,2018,145.0
850,220,2019,250.96
850,220,2020,205.96
850,220,2021,218.2
850,220,2022,145.0
850,220,2023,209.0
850,220,2024,58.0
850,220,2025,180.0
850,225,1981,3.0
850,225,1984,3.0
850,225,2014,108.0
850,225,2015,123.0
850,225,2020,57.0
850,230,1980,7.6
850,230,1984,91.2
850,230,1985,91.2
850,230,1986,91.2
850,230,1987,91.2
850,230,1988,91.2
850,230,1989,91.2
850,230,1999,7.6
850,230,2005,37.5
850,230,2006,37.5
850,230,2007,37.5
850,230,2012,112.5
850,230,2013,135.3
850,230,2014,135.3
850,230,2015,112.5
850,230,2016,22.8
850,230,2025,73.0
850,255,1954,80.0
850,255,1955,80.0
850,255,1956,80.0
850,255,1957,80.0
850,255,1958,73.0
850,255,1959,213.0
850,255,1960,213.0
850,255,1977,68.4
850,255,1978,132.4
850,255,1979,146.4
850,255,1980,146.4
850,255,1981,374.4
850,255,1982,64.0
850,255,1983,112.4
850,255,1984,44.0
850,255,1985,112.4
850,255,1986,68.4
850,255,1988,220.4
850,255,1989,163.0
850,255,1990,79.4
850,255,1991,68.4
850,255,1992,152.0
850,255,1993,1071.8
850,255,1994,1008.9000000000001
850,255,1995,1039.7
850,255,1996,633.6
850,255,1999,68.4
850,255,2000,173.2
850,255,2001,97.2
850,255,2002,104.8
850,255,2003,28.8
850,255,2004,104.8
850,255,2005,28.8
850,255,2009,68.4
850,255,2011,74.4
850,255,2012,6.0
850,255,2013,108.96000000000001
850,255,2014,128.07
850,255,2015,101.59
850,255,2016,168.79999999999998
850,255,2017,224.04
850,255,2018,65.4
850,255,2019,18.54
850,255,2020,0.54
850,255,2021,63.0
850,255,2023,133.0
850,255,2025,28.0
850,290,1960,0.4
850,290,2007,8.42
850,290,2009,8.98
850,290,2016,1.12
850,305,2017,1.35
850,305,2024,14.95
850,315,1964,18.0
850,315,1965,18.0
850,316,2003,2.16
850,316,2004,2.16
850,316,2008,1.08
850,316,2016,7.6
850,316,2019,12.0
850,316,2022,26.6
850,316,2023,26.6
850,317,1998,8.1
850,317,2000,3.96
850,325,1958,194.0
850,325,1986,9.0
850,325,1987,9.0
850,325,2007,13.0
850,325,2008,13.0
850,325,2009,13.0
850,325,2014,8.25
850,325,2017,7.48
850,325,2018,48.379999999999995
850,325,2019,46.4
850,325,2023,12.5
850,325,2025,920.0
850,345,1958,42.0
850,345,1964,22.5
850,345,1965,12.5
850,345,1981,69.35
850,365,1958,568.4
850,365,1959,638.3
850,365,1960,287.52
850,365,1961,932.0699999999999
850,365,1962,1604.52
850,365,1963,581.12
850,365,1964,955.48
850,365,1965,499.42
850,365,2002,10.8
850,365,2003,230.0
850,365,2004,29.0
850,365,2008,43.5
850,365,2009,165.0
850,365,2010,187.8
850,365,2011,70.5
850,365,2012,53.0
850,365,2013,365.0
850,365,2014,55.5
850,369,1997,3.6999999999999997
850,369,1998,0.72
850,369,1999,3.4
850,369,2008,28.5
850,369,2009,28.5
850,369,2010,28.5
850,369,2011,28.5
850,369,2012,28.5
850,369,2013,28.5
850,369,2015,0.95
850,369,2016,4.75
850,369,2020,0.3
850,380,1979,24.0
850,380,1980,24.0
850,380,1982,28.25
850,380,1988,10.0
850,380,1989,10.0
850,380,1992,10.0
850,380,1993,10.0
850,380,2000,10.0
850,380,2002,10.0
850,380,2004,10.0
850,380,2017,0.2
850,380,2022,10.0
850,380,2023,10.0
850,385,2020,30.0
850,385,2021,30.0
850,390,2003,2.4
850,390,2007,9.6
850,390,2009,9.6
850,390,2011,9.6
850,390,2015,4.75
850,390,2019,2.4
850,390,2022,34.0
850,390,2023,34.0
850,560,2004,0.16
850,640,2024,33.12
850,640,2025,52.0
850,666,1979,57.6
850,666,1980,57.6
850,666,1981,3.6
850,666,1982,57.6
850,666,1983,57.6
850,666,2012,1.2
850,666,2024,13.8
850,696,1995,26.44
850,710,1958,38.28
850,710,1959,60.0
850,710,2006,13.0
850,710,2007,13.0
850,710,2008,2.7
850,710,2010,1.5
850,710,2011,43.0
850,710,2012,62.5
850,710,2013,125.5
850,710,2014,134.5
850,710,2015,116.5
850,710,2016,116.9
850,710,2017,76.0
850,710,2018,64.0
850,710,2019,90.0
850,710,2020,26.0
850,710,2021,1.6
850,710,2024,5.0
850,732,1979,210.0
850,732,1980,210.0
850,732,1981,126.0
850,732,1982,63.0
850,732,2000,26.4
850,732,2003,98.14999999999999
850,732,2004,5.0
850,732,2005,13.3
850,732,2007,348.9
850,732,2008,9.5
850,732,2009,343.0
850,732,2011,387.0
850,732,2012,27.439999999999998
850,732,2013,341.6
850,732,2014,353.84
850,732,2015,15.0
850,732,2017,442.5
850,732,2018,442.5
850,732,2019,84.85
850,732,2020,6.0
850,732,2021,448.2
850,732,2022,5.7
850,740,1959,0.19
850,740,1961,61.06
850,800,2019,1.5
850,820,1971,6.72
850,830,1997,5.0
850,830,2002,3.62
850,835,2011,24.0
850,900,1969,2.94
850,900,1970,0.48
850,900,1973,29.2
850,900,1974,4.8
850,900,1975,9.0
850,900,1976,9.0
850,900,1978,13.15
850,900,1979,12.0
850,900,1981,15.0
850,900,1982,26.880000000000003
850,900,1983,11.88
850,900,1985,11.88
850,900,1986,11.88
850,900,1997,14.1
850,900,2003,8.0
850,900,2013,73.92
850,900,2014,74.97
850,900,2015,73.92
850,900,2016,56.0
850,900,2017,56.0
850,900,2023,2.1
850,920,1972,0.16
860,710,2010,18.0
860,732,2011,14.4
900,2,1951,120.6
900,2,1952,120.0
900,2,1955,10.0
900,2,1956,333.0
900,2,1957,333.0
900,2,1958,609.0
900,2,1959,613.26
900,2,1960,418.32
900,2,1961,405.36
900,2,1962,243.36
900,2,1963,63.36
900,2,1964,264.56
900,2,1965,810.16
900,2,1966,672.56
900,2,1967,760.06
900,2,1968,398.72
900,2,1969,587.68
900,2,1970,562.38
900,2,1971,606.52
900,2,1972,247.7
900,2,1973,1446.52
900,2,1974,1647.7
900,2,1975,346.2
900,2,1976,317.7
900,2,1977,990.7
900,2,1978,1316.0
900,2,1979,832.0
900,2,1980,775.0
900,2,1981,740.0
900,2,1982,174.0
900,2,1983,659.1
900,2,1984,1169.1
900,2,1985,3048.5
900,2,1986,2960.5
900,2,1987,2411.5
900,2,1988,2507.24
900,2,1989,2655.9
900,2,1990,2661.0
900,2,1991,366.54
900,2,1992,688.2
900,2,1993,1013.2
900,2,1994,469.13
900,2,1995,99.28999999999999
900,2,1996,241.51
900,2,1997,75.4
900,2,1998,144.4
900,2,1999,531.5
900,2,2000,490.8
900,2,2001,331.0
900,2,2002,425.9
900,2,2003,656.88
900,2,2004,562.63
900,2,2005,597.58
900,2,2006,1414.51
900,2,2007,1342.21
900,2,2008,1259.7
900,2,2009,1667.3600000000001
900,2,2010,2958.2400000000002
900,2,2011,2571.3
900,2,2012,1114.1200000000001
900,2,2013,881.3199999999999
900,2,2014,4735.42
900,2,2015,2004.0
900,2,2016,3331.96
900,2,2017,2929.66
900,2,2018,6098.06
900,2,2019,5955.42
900,2,2020,6225.42
900,2,2021,4509.42
900,2,2022,4527.92
900,2,2023,4582.55
900,2,2024,5032.75
900,2,2025,1331.75
900,20,1953,1.6
900,20,1955,1.9
900,20,1957,1.9
900,20,1960,1.9
900,20,1961,1.9
900,20,1963,77.5
900,20,1964,77.5
900,20,1965,67.5
900,20,1966,26.25
900,20,1968,15.0
900,20,1969,15.0
900,20,1971,15.0
900,20,1983,35.6
900,20,1987,23.45
900,20,1988,23.45
900,20,1989,23.45
900,20,1990,23.45
900,20,1991,23.57
900,20,1994,28.11
900,20,1995,28.11
900,20,1996,31.89
900,20,2002,20.7
900,20,2003,42.57
900,20,2004,42.57
900,20,2005,42.57
900,20,2017,35.3
900,20,2018,24.5
900,20,2019,31.7
900,200,1950,932.1
900,200,1951,1313.48
900,200,1952,989.35
900,200,1953,973.15
900,200,1954,742.35
900,200,1955,1431.6
900,200,1956,1346.65
900,200,1957,1440.35
900,200,1958,1375.25
900,200,1959,720.25
900,200,1960,312.85
900,200,1961,587.15
900,200,1962,776.44
900,200,1963,644.1
900,200,1964,498.0
900,200,1965,2.0
900,200,1966,9.2
900,200,1967,307.2
900,200,1968,626.8
900,200,1969,626.8
900,200,1970,39.8
900,200,1971,39.8
900,200,1972,38.8
900,200,1973,17.0
900,200,1974,111.9
900,200,1975,100.0
900,200,1977,207.0
900,200,1978,347.0
900,200,1979,222.0
900,200,1980,406.5
900,200,1981,456.5
900,200,1982,241.5
900,200,1983,271.5
900,200,1984,241.5
900,200,1985,57.0
900,200,1986,57.0
900,200,1987,123.6
900,200,1988,123.6
900,200,1989,145.6
900,200,1990,66.6
900,200,1991,66.6
900,200,1992,66.6
900,200,1996,6.0
900,200,2000,402.0
900,200,2001,402.0
900,200,2002,194.9
900,200,2003,102.5
900,200,2004,102.5
900,200,2005,30.5
900,200,2011,90.0
900,200,2012,88.6
900,200,2014,19.0
900,200,2015,19.0
900,200,2017,2.4
900,200,2018,20.0
900,200,2019,20.0
900,200,2024,54.15
900,200,2025,42.9
900,205,2005,104.65
900,205,2006,104.65
900,205,2007,155.05
900,205,2008,138.95
900,205,2009,88.55
900,205,2010,102.89999999999999
900,205,2012,110.25
900,205,2013,74.9
900,205,2014,74.9
900,205,2024,35.0
900,205,2025,35.0
900,210,1963,16.0
900,210,1964,16.0
900,210,1965,16.0
900,210,1968,4.0
900,210,1969,20.0
900,210,1971,32.0
900,210,1973,32.0
900,210,2017,45.0
900,220,1963,1320.0
900,220,1964,1337.85
900,220,1965,1335.0
900,220,1966,1330.0
900,220,1967,1351.9
900,220,1968,1330.0
900,220,1973,72.0
900,220,1974,72.0
900,220,1981,1.5
900,220,1982,49.5
900,220,1983,49.5
900,220,1984,23.4
900,220,1985,1.2
900,220,1986,150.0
900,220,1996,150.0
900,220,1998,150.0
900,220,1999,90.0
900,220,2001,150.0
900,220,2002,60.0
900,220,2003,150.0
900,220,2004,313.0
900,220,2005,313.0
900,220,2006,313.0
900,220,2007,397.0
900,220,2008,547.0
900,220,2009,547.0
900,220,2010,521.0
900,220,2011,1172.0
900,220,2012,885.0
900,220,2013,443.0
900,220,2014,481.0
900,220,2015,481.0
900,220,2016,477.0
900,220,2017,429.0
900,220,2018,265.0
900,220,2019,20.0
900,225,1968,8.55
900,225,1969,8.55
900,225,1971,8.55
900,225,1987,127.3
900,225,1988,127.3
900,225,1989,127.3
900,225,1990,127.3
900,225,1991,127.3
900,225,2017,245.0
900,225,2018,245.0
900,225,2019,245.0
900,230,2014,959.0
900,230,2015,959.0
900,230,2017,1497.0
900,230,2018,1497.0
900,230,2020,1497.0
900,230,2021,248.0
900,230,2023,30.0
900,255,1976,105.0
900,255,1977,118.4
900,255,1978,125.0
900,255,1979,30.0
900,255,1980,30.0
900,255,1982,30.0
900,255,1983,30.0
900,255,1984,30.0
900,255,1985,30.0
900,255,1996,2010.0
900,255,1998,2010.0
900,255,2001,2010.0
900,255,2002,2010.0
900,255,2003,2010.0
900,255,2004,2010.0
900,255,2005,2010.0
900,255,2006,2010.0
900,255,2007,90.65
900,255,2008,96.41000000000001
900,255,2009,90.65
900,255,2010,90.65
900,255,2011,119.0
900,255,2012,28.35
900,255,2014,12.0
900,255,2015,45.75
900,255,2016,33.75
900,255,2017,33.75
900,255,2020,27.0
900,255,2021,12.0
900,255,2022,71.5
900,255,2024,98.5
900,255,2025,170.98
900,305,2017,1.2
900,305,2018,1.2
900,305,2019,1.2
900,325,1960,9.0
900,325,1968,157.5
900,325,1969,157.5
900,325,1970,157.5
900,325,1971,203.7
900,325,1972,46.2
900,325,1988,11.9
900,325,1989,11.9
900,325,1990,11.9
900,325,1991,11.9
900,325,1992,11.9
900,325,1999,345.0
900,325,2000,345.0
900,325,2001,345.0
900,325,2002,345.0
900,325,2007,5.5
900,325,2015,160.0
900,325,2016,160.0
900,325,2017,160.0
900,325,2018,160.0
900,325,2021,12.0
900,380,1987,8.0
900,380,1996,1530.0
900,380,1998,1530.0
900,380,1999,1470.0
900,380,2001,1530.0
900,380,2002,60.0
900,380,2003,1545.0
900,380,2004,75.0
900,380,2005,75.0
900,380,2006,75.0
900,380,2007,15.0
900,380,2012,22.5
900,380,2013,22.5
900,380,2014,15.0
900,380,2015,15.0
900,385,2001,17.6
900,385,2002,33.6
900,385,2003,16.0
900,385,2012,26.0
900,385,2023,90.0
900,385,2024,95.0
900,385,2025,90.0
900,560,1989,0.15
900,666,1991,40.0
900,666,1992,40.0
900,666,2002,45.0
900,666,2003,45.0
900,666,2004,45.0
900,666,2005,45.0
900,666,2006,37.0
900,666,2007,37.0
900,666,2009,70.0
900,666,2010,40.0
900,666,2024,2.4
900,666,2025,2.4
900,710,2021,2.4
900,732,2006,30.0
900,732,2025,9.55
900,920,1968,0.54
900,920,1974,5.55
900,920,1975,5.55
900,920,1981,2.1
900,920,1982,2.1
900,920,1991,33.6
910,2,1991,2.0
910,2,1992,2.0
910,200,1994,0.5
910,230,1991,18.0
910,230,1992,18.0
910,666,1986,8.25
910,710,2017,0.35
910,830,1996,0.75
910,830,1997,7.08
910,900,1975,32.0
910,900,1977,4.5
910,900,1978,4.5
910,900,1981,2.0
910,900,1982,4.0
910,900,1984,2.0
910,900,1987,24.0
910,900,1988,24.0
910,900,1989,24.0
910,900,1990,4.19
910,900,2014,3.2
910,900,2018,28.0
910,900,2021,28.0
910,900,2023,28.0
910,920,2018,2.7
910,920,2023,2.7
920,2,1960,4.4
920,2,1962,8.0
920,2,1965,1.44
920,2,1966,243.38
920,2,1967,7.5
920,2,1968,56.0
920,2,1970,178.88
920,2,1971,18.0
920,2,1972,37.5
920,2,1973,37.5
920,2,1974,37.5
920,2,1975,37.5
920,2,1976,26.2
920,2,1981,30.85
920,2,1983,15.0
920,2,1984,15.0
920,2,1985,19.759999999999998
920,2,1986,24.560000000000002
920,2,1988,30.0
920,2,1989,34.59
920,2,1990,30.0
920,2,1991,30.0
920,2,1992,9.0
920,2,1995,14.0
920,2,1996,14.0
920,2,1997,94.95
920,2,1998,17.82
920,2,1999,79.5
920,2,2001,60.0
920,2,2002,60.0
920,2,2003,81.3
920,2,2004,66.3
920,2,2006,4.92
920,2,2007,4.92
920,2,2008,4.92
920,2,2014,142.3
920,2,2015,142.0
920,2,2018,11.4
920,2,2019,11.4
920,2,2020,11.4
920,2,2021,4.55
920,2,2022,520.0
920,2,2023,521.29
920,2,2024,200.0
920,20,2003,123.45
920,20,2004,123.45
920,20,2014,5.5
920,20,2015,5.5
920,200,1950,43.89
920,200,1951,87.5
920,200,1952,146.7
920,200,1953,13.649999999999999
920,200,1955,50.18
920,200,1956,161.7
920,200,1957,90.0
920,200,1958,57.8
920,200,1960,221.36
920,200,1961,221.72
920,200,1963,4.86
920,200,1965,9.2
920,200,1966,167.2
920,200,1971,125.0
920,200,1972,26.400000000000002
920,200,1973,25.0
920,200,1974,0.32
920,200,1975,46.94
920,200,1976,7.14
920,200,1977,34.0
920,200,1982,72.53999999999999
920,200,1983,105.46
920,200,1985,0.96
920,200,1986,0.38
920,200,1987,14.4
920,200,1988,14.4
920,200,1989,14.4
920,200,1990,1.28
920,200,1991,7.2
920,200,1992,7.2
920,200,1993,7.2
920,200,2020,87.5
920,200,2021,87.5
920,200,2022,87.5
920,210,1990,19.0
920,210,1992,19.0
920,210,2003,43.86
920,210,2006,5.0
920,210,2007,75.0
920,210,2020,25.0
920,210,2022,25.0
920,220,1997,12.43
920,220,1998,2.43
920,220,1999,10.9
920,220,2011,63.0
920,220,2012,63.0
920,220,2013,63.0
920,220,2014,63.0
920,255,1997,502.5
920,255,1999,502.5
920,255,2010,12.0
920,255,2020,4.8
920,325,1960,3.6
920,325,1991,100.8
920,325,1992,100.8
920,325,1993,100.8
920,325,2011,13.75
920,325,2012,22.0
920,375,2007,5.0
920,380,1997,15.0
920,380,1999,15.0
920,385,2020,2.4
920,390,1988,1.5
920,390,1994,16.0
920,663,1986,6.0
920,666,2011,15.0
920,666,2012,15.0
920,666,2013,15.0
920,666,2014,15.0
920,732,1988,53.5
920,732,2020,95.8
920,900,1952,36.0
920,900,1984,36.0
920,900,1989,6.0
920,900,2009,56.0
920,900,2010,66.0
920,900,2014,8.0
920,900,2015,8.0
920,900,2018,0.7
920,900,2023,15.05
935,900,1987,6.0
935,900,2021,7.0
940,900,1988,6.0
940,900,1991,6.0
940,900,2019,14.0
940,900,2021,14.0
950,2,1975,12.0
950,2,1976,12.0
950,220,1990,1.3
950,220,1992,3.25
950,900,1994,18.0
950,900,1995,18.0
950,900,2017,1.4
950,900,2020,14.0
950,900,2024,22.96
955,2,1996,0.26
955,900,1989,18.0
955,900,1990,18.0
955,900,1991,18.0
955,900,2019,14.0
955,900,2020,14.0
955,920,1986,0.03
