year,ccode1,ccode2,abb1,abb2,onset,overlap_lag1,both_import_lag1,shared_dominant,shared_us,ally_defense,cinc_diff,regime_dist,ln_capdist,ln_trade_lag1,py,py2,py3,dyad_id
1990,630,640,IRN,TUR,0,0.0387992810255679,1,0.0,0.0,0,0.0032015502999999997,0.357,7.4353790210240085,6.838915263669228,2,0.04,0.008,IRN_TUR
1990,630,645,IRN,IRQ,0,0.411651500286562,1,0.0,0.0,0,0.0034679233,0.079,6.5441995739511825,0.0,1,0.01,0.001,IRN_IRQ
1990,630,651,IRN,EGY,0,0.1453035806953814,1,0.0,0.0,0,0.0010976782000000004,0.063,7.5927190667340625,1.4419655821366033,45,20.25,91.125,IRN_EGY
1990,630,652,IRN,SYR,0,0.4023650121268344,1,0.0,0.0,0,0.005238631800000001,0.016000000000000014,7.247080584585756,5.376923535200993,45,20.25,91.125,IRN_SYR
1990,630,660,IRN,LEB,0,0.0,0,,,0,0.00872194054,0.18200000000000002,7.291860547968892,1.9980959022258835,45,20.25,91.125,IRN_LEB
1990,630,663,IRN,JOR,0,0.4023650121268344,1,0.0,0.0,0,0.0080550569,0.06,7.305188215393037,1.5258883980953788,45,20.25,91.125,IRN_JOR
1990,630,666,IRN,ISR,0,0.0,1,0.0,0.0,0,0.0061119811,0.607,7.35224877405778,0.0,45,20.25,91.125,IRN_ISR
1990,630,670,IRN,SAU,0,0.016403208122178,1,0.0,0.0,0,0.0006263748999999989,0.147,7.174111564719166,2.5517060507096727,2,0.04,0.008,IRN_SAU
1990,630,679,IRN,YEM,0,0.0,0,,,0,0.007191232200000001,0.064,7.772289451283258,0.0,45,20.25,91.125,IRN_YEM
1990,630,690,IRN,KUW,0,0.4023650121268344,1,0.0,0.0,0,0.0057703813,0.07400000000000001,6.652475857637857,3.8215264495245074,2,0.04,0.008,IRN_KUW
1990,630,692,IRN,BHR,0,0.0,1,0.0,0.0,0,0.00870105359,0.111,6.964135612418245,2.4309783077624445,2,0.04,0.008,IRN_BHR
1990,630,694,IRN,QAT,0,0.0,1,0.0,0.0,0,0.00868050809,0.14400000000000002,7.055916629962658,2.896260993367061,3,0.09,0.027,IRN_QAT
1990,630,696,IRN,UAE,0,0.03589048483126,1,0.0,0.0,0,0.0074826876,0.137,7.155474362862388,7.00669522683704,2,0.04,0.008,IRN_UAE
1990,630,698,IRN,OMA,0,0.0,1,0.0,0.0,0,0.00851960652,0.146,7.320725486576075,1.1881129897180533,6,0.36,0.216,IRN_OMA
1990,640,645,TUR,IRQ,1,0.0084800522736819,1,0.0,0.0,0,0.0002663730000000003,0.436,7.141165942652124,7.668835229319724,3,0.09,0.027,TUR_IRQ
1990,640,651,TUR,EGY,0,0.7457146477018255,1,1.0,1.0,0,0.0042992285,0.29400000000000004,7.011574607621134,4.978883154915541,31,9.61,29.791,TUR_EGY
1990,640,652,TUR,SYR,0,0.0,1,0.0,0.0,0,0.0084401821,0.373,6.655955018418123,5.214598091910688,1,0.01,0.001,TUR_SYR
1990,640,660,TUR,LEB,0,0.0,0,,,0,0.01192349084,0.175,6.56512411504534,4.479881267791378,45,20.25,91.125,TUR_LEB
1990,640,663,TUR,JOR,1,0.2653565387902873,1,0.0,0.0,0,0.011256607200000001,0.29700000000000004,6.834216375647267,4.431647691651497,45,20.25,91.125,TUR_JOR
1990,640,666,TUR,ISR,0,0.6873939288363119,1,1.0,1.0,0,0.0093135314,0.25,6.83722551279161,4.4938922189203385,14,1.96,2.744,TUR_ISR
1990,640,670,TUR,SAU,0,0.2165482379573324,1,0.0,0.0,0,0.002575175400000001,0.504,7.664581236205265,6.3870017866107,45,20.25,91.125,TUR_SAU
1990,640,679,TUR,YEM,0,0.0,0,,,0,0.0103927825,0.29300000000000004,7.9884411791167915,0.0,45,20.25,91.125,TUR_YEM
1990,640,690,TUR,KUW,0,0.0548494827513326,1,0.0,0.0,0,0.0089719316,0.43100000000000005,7.501247856381898,5.535015359958169,45,20.25,91.125,TUR_KUW
1990,640,692,TUR,BHR,0,0.2748495433285801,1,0.0,0.0,0,0.01190260389,0.468,7.714454334226198,2.196780011864966,45,20.25,91.125,TUR_BHR
1990,640,694,TUR,QAT,0,0.0006598517181219,1,0.0,0.0,0,0.01188205839,0.501,7.775401836029897,2.286492549816501,45,20.25,91.125,TUR_QAT
1990,640,696,TUR,UAE,0,0.0203810535919887,1,0.0,0.0,0,0.0106842379,0.494,7.879707749681193,4.834876157443705,45,20.25,91.125,TUR_UAE
1990,640,698,TUR,OMA,0,0.0125450405406294,1,0.0,0.0,0,0.01172115682,0.503,8.011852497880817,2.206715605806503,45,20.25,91.125,TUR_OMA
1990,645,651,IRQ,EGY,1,0.0525504059825548,1,0.0,0.0,1,0.0045656015000000005,0.14200000000000002,7.168733968599368,3.946571261945166,28,7.84,21.952,IRQ_EGY
1990,645,652,IRQ,SYR,1,0.8638714880375369,1,1.0,0.0,1,0.0087065551,0.06299999999999999,6.622869293832357,0.004595216402403158,3,0.09,0.027,IRQ_SYR
1990,645,660,IRQ,LEB,0,0.0,0,,,1,0.01218986384,0.261,6.719978871505218,0.0,45,20.25,91.125,IRQ_LEB
1990,645,663,IRQ,JOR,0,0.5159332321699545,1,0.0,0.0,1,0.011522980200000001,0.139,6.69369534640097,6.409776661239449,20,4.0,8.0,IRQ_JOR
1990,645,666,IRQ,ISR,1,0.0,1,0.0,0.0,0,0.0095799044,0.686,6.778898656857133,0.0,8,0.64,0.512,IRQ_ISR
1990,645,670,IRQ,SAU,1,0.0900952272338484,1,0.0,0.0,1,0.002841548400000001,0.068,6.896289800872859,5.351461704197462,17,2.89,4.913,IRQ_SAU
1990,645,679,IRQ,YEM,0,0.0,0,,,1,0.0106591555,0.14300000000000002,7.60150227961405,0.0,45,20.25,91.125,IRQ_YEM
1990,645,690,IRQ,KUW,1,0.5897244147723885,1,1.0,0.0,1,0.0092383046,0.0049999999999999906,6.324358962381311,6.302805313694266,5,0.25,0.125,IRQ_KUW
1990,645,692,IRQ,BHR,0,0.0898345538819964,1,0.0,0.0,1,0.01216897689,0.032,6.9000254809201955,2.24109875187916,4,0.16,0.064,IRQ_BHR
1990,645,694,IRQ,QAT,0,0.0822750266782883,1,0.0,0.0,1,0.01214843139,0.065,7.032006241319994,0.0,45,20.25,91.125,IRQ_QAT
1990,645,696,IRQ,UAE,1,0.0825357000301403,1,0.0,0.0,1,0.010950610900000001,0.058,7.232082635630662,5.004372657997525,45,20.25,91.125,IRQ_UAE
1990,645,698,IRQ,OMA,0,0.0825357000301403,1,0.0,0.0,0,0.01198752982,0.067,7.471249251315212,4.788447036343819,45,20.25,91.125,IRQ_OMA
1990,651,652,EGY,SYR,0,0.0,1,0.0,0.0,1,0.0041409536,0.07900000000000001,6.423246963533519,2.0887924478644235,45,20.25,91.125,EGY_SYR
1990,651,660,EGY,LEB,0,0.0,0,,,1,0.00762426234,0.11900000000000002,6.376556865408209,3.260278808981312,45,20.25,91.125,EGY_LEB
1990,651,663,EGY,JOR,1,0.3525427732887731,1,0.0,0.0,1,0.0069573787,0.0030000000000000027,6.209595556598647,4.000845787499216,28,7.84,21.952,EGY_JOR
1990,651,666,EGY,ISR,0,0.5752983912817851,1,1.0,1.0,0,0.0050143029,0.544,6.0553778728516345,3.3430737963116472,1,0.01,0.001,EGY_ISR
1990,651,670,EGY,SAU,0,0.2562251487510411,1,0.0,0.0,1,0.0017240530999999993,0.21,7.401536468138869,4.8634603935135186,23,5.29,12.167,EGY_SAU
1990,651,679,EGY,YEM,0,0.0,0,,,1,0.006093554,0.0010000000000000009,7.651357903030576,0.0,45,20.25,91.125,EGY_YEM
1990,651,690,EGY,KUW,0,0.0011375528962096,1,0.0,0.0,1,0.0046727031,0.137,7.388946097618437,3.718539561903512,45,20.25,91.125,EGY_KUW
1990,651,692,EGY,BHR,0,0.2651566701773553,1,0.0,0.0,1,0.00760337539,0.174,7.571679600865179,1.0271162869630397,45,20.25,91.125,EGY_BHR
1990,651,694,EGY,QAT,0,0.0368448365334717,1,0.0,0.0,1,0.00758282989,0.20700000000000002,7.632740216390833,1.9324988033654484,45,20.25,91.125,EGY_QAT
1990,651,696,EGY,UAE,0,0.1001986966461181,1,0.0,0.0,1,0.0063850094,0.2,7.768321862083931,3.1790117463998318,45,20.25,91.125,EGY_UAE
1990,651,698,EGY,OMA,0,0.0915412558380903,1,0.0,0.0,0,0.00742192832,0.209,7.937374696163295,1.2741605137097034,45,20.25,91.125,EGY_OMA
1990,652,660,SYR,LEB,0,0.0,0,,,1,0.0034833087399999997,0.19800000000000004,4.487512142519859,5.043338403482326,21,4.41,9.261,SYR_LEB
1990,652,663,SYR,JOR,1,0.4552352048558422,1,0.0,0.0,1,0.0028164250999999996,0.07600000000000001,5.176149732573829,3.8379366915014215,8,0.64,0.512,SYR_JOR
1990,652,666,SYR,ISR,0,0.0,1,0.0,0.0,0,0.0008733492999999995,0.623,5.392718041969521,0.0,4,0.16,0.064,SYR_ISR
1990,652,670,SYR,SAU,0,0.0,1,0.0,0.0,1,0.0058650067,0.13099999999999998,7.249570360013846,5.104235770766514,45,20.25,91.125,SYR_SAU
1990,652,679,SYR,YEM,0,0.0,0,,,1,0.0019526003999999998,0.08000000000000002,7.682666761344722,0.0,45,20.25,91.125,SYR_YEM
1990,652,690,SYR,KUW,0,0.5574009191427401,1,1.0,0.0,1,0.0005317494999999995,0.057999999999999996,7.089243155027514,3.928718418172359,45,20.25,91.125,SYR_KUW
1990,652,692,SYR,BHR,0,0.0,1,0.0,0.0,1,0.0034624217899999997,0.09499999999999999,7.375443730270433,1.1450877442193077,45,20.25,91.125,SYR_BHR
1990,652,694,SYR,QAT,0,0.0,1,0.0,0.0,1,0.0034418762899999997,0.128,7.457840076700244,2.039050938471967,45,20.25,91.125,SYR_QAT
1990,652,696,SYR,UAE,0,0.0,1,0.0,0.0,1,0.0022440557999999994,0.121,7.61085279039525,3.309957623108458,45,20.25,91.125,SYR_UAE
1990,652,698,SYR,OMA,0,0.0,1,0.0,0.0,0,0.0032809747199999996,0.12999999999999998,7.796551476546899,0.9310063638904041,45,20.25,91.125,SYR_OMA
1990,660,663,LEB,JOR,0,0.0,0,,,1,0.0006668836400000001,0.12200000000000003,5.40042258948519,2.993589830160258,45,20.25,91.125,LEB_JOR
1990,660,666,LEB,ISR,0,0.0,0,,,0,0.00260995944,0.425,5.477717994914328,0.0,5,0.25,0.125,LEB_ISR
1990,660,670,LEB,SAU,0,0.0,0,,,1,0.00934831544,0.329,7.308944592227513,4.800833346466608,45,20.25,91.125,LEB_SAU
1990,660,679,LEB,YEM,0,0.0,0,,,1,0.00153070834,0.11800000000000002,7.714855949617927,0.0,45,20.25,91.125,LEB_YEM
1990,660,690,LEB,KUW,0,0.0,0,,,1,0.00295155924,0.256,7.158903026705945,4.691398798364088,45,20.25,91.125,LEB_KUW
1990,660,692,LEB,BHR,0,0.0,0,,,1,2.0886950000000015e-05,0.29300000000000004,7.428927194802272,2.2640521120987125,45,20.25,91.125,LEB_BHR
1990,660,694,LEB,QAT,0,0.0,0,,,1,4.143245000000004e-05,0.326,7.507250903460627,2.1335810629679814,45,20.25,91.125,LEB_QAT
1990,660,696,LEB,UAE,0,0.0,0,,,1,0.00123925294,0.319,7.6533051383351305,4.207238048677153,45,20.25,91.125,LEB_UAE
1990,660,698,LEB,OMA,0,0.0,0,,,0,0.00020233402,0.328,7.831656973857627,1.913129013813633,45,20.25,91.125,LEB_OMA
1990,663,666,JOR,ISR,1,0.2610015174506828,1,0.0,0.0,0,0.0019430758000000001,0.547,4.289088639014612,0.0,17,2.89,4.913,JOR_ISR
1990,663,670,JOR,SAU,1,0.4357562674803196,1,0.0,0.0,1,0.0086814318,0.207,7.190977420711825,5.031175427145976,45,20.25,91.125,JOR_SAU
1990,663,679,JOR,YEM,0,0.0,0,,,1,0.0008638246999999998,0.0040000000000000036,7.614756053830618,0.0,45,20.25,91.125,JOR_YEM
1990,663,690,JOR,KUW,1,0.4563727577520518,1,0.0,0.0,1,0.0022846756,0.134,7.078847353824543,4.98605738326072,45,20.25,91.125,JOR_KUW
1990,663,692,JOR,BHR,0,0.12294862587756,1,0.0,0.0,1,0.0006459966900000001,0.17099999999999999,7.351286587896758,2.9836668279217937,45,20.25,91.125,JOR_BHR
1990,663,694,JOR,QAT,0,0.0606980273141122,1,0.0,0.0,1,0.0006254511900000001,0.20400000000000001,7.433134483755639,2.9035457650048637,45,20.25,91.125,JOR_QAT
1990,663,696,JOR,UAE,1,0.2924207185015027,1,0.0,0.0,1,0.0005723693,0.197,7.5932734323775914,4.02535169073515,45,20.25,91.125,JOR_UAE
1990,663,698,JOR,OMA,0,0.283763277693475,1,0.0,0.0,0,0.0004645496200000001,0.206,7.786551806428712,0.9860433733294607,45,20.25,91.125,JOR_OMA
1990,666,670,ISR,SAU,0,0.1519929897868446,1,0.0,0.0,0,0.006738355999999999,0.754,7.225044696186576,0.0,9,0.81,0.729,ISR_SAU
1990,666,679,ISR,YEM,0,0.0,0,,,0,0.0010792511000000003,0.543,7.621293149189817,0.0,45,20.25,91.125,ISR_YEM
1990,666,690,ISR,KUW,0,0.0,1,0.0,0.0,0,0.0003415998,0.681,7.131538625583686,0.0,23,5.29,12.167,ISR_KUW
1990,666,692,ISR,BHR,0,0.0622505985634477,1,0.0,0.0,0,0.00258907249,0.718,7.387771118354598,0.0,45,20.25,91.125,ISR_BHR
1990,666,694,ISR,QAT,0,0.0,1,0.0,0.0,0,0.00256852699,0.751,7.466055916772316,0.0,45,20.25,91.125,ISR_QAT
1990,666,696,ISR,UAE,0,0.0086574408080278,1,0.0,0.0,0,0.0013707065000000001,0.744,7.622076694773489,0.0,45,20.25,91.125,ISR_UAE
1990,666,698,ISR,OMA,0,0.0,1,0.0,0.0,0,0.00240762542,0.753,7.811244419019083,0.0,45,20.25,91.125,ISR_OMA
1990,670,679,SAU,YEM,0,0.0,0,,,1,0.007817607099999999,0.211,6.976908137670454,0.0,45,20.25,91.125,SAU_YEM
1990,670,690,SAU,KUW,0,0.0702036923580117,1,0.0,0.0,1,0.006396756199999999,0.073,6.284507225801859,6.038357269415477,45,20.25,91.125,SAU_KUW
1990,670,692,SAU,BHR,0,0.2545105360071915,1,0.0,0.0,1,0.00932742849,0.036000000000000004,6.052559646467793,7.284641884198302,45,20.25,91.125,SAU_BHR
1990,670,694,SAU,QAT,0,0.199648626015488,1,0.0,0.0,1,0.00930688299,0.003000000000000001,6.195629131824389,4.711927325912056,45,20.25,91.125,SAU_QAT
1990,670,696,SAU,UAE,0,0.4659888167998318,1,0.0,0.0,1,0.0081090625,0.01,6.652992053287465,6.083953067956081,45,20.25,91.125,SAU_UAE
1990,670,698,SAU,OMA,0,0.7518341725537482,1,1.0,0.0,0,0.00914598142,0.0010000000000000009,7.100192169517185,4.296414033486539,45,20.25,91.125,SAU_OMA
1990,679,690,YEM,KUW,0,0.0,0,,,1,0.0014208509000000003,0.138,7.381937665049289,0.0,45,20.25,91.125,YEM_KUW
1990,679,692,YEM,BHR,0,0.0,0,,,1,0.00150982139,0.175,7.228388451573604,0.0,45,20.25,91.125,YEM_BHR
1990,679,694,YEM,QAT,0,0.0,0,,,1,0.0014892758899999999,0.20800000000000002,7.201618210508999,0.0,45,20.25,91.125,YEM_QAT
1990,679,696,YEM,UAE,0,0.0,0,,,1,0.00029145539999999985,0.201,7.2911111015022,0.0,45,20.25,91.125,YEM_UAE
1990,679,698,YEM,OMA,0,0.0,0,,,0,0.0013283743199999998,0.21,7.475735983249187,0.0,45,20.25,91.125,YEM_OMA
1990,690,692,KUW,BHR,0,0.0,1,0.0,0.0,1,0.00293067229,0.03699999999999999,6.076035448558252,4.074050030961001,45,20.25,91.125,KUW_BHR
1990,690,694,KUW,QAT,0,0.0,1,0.0,0.0,1,0.00291012679,0.06999999999999999,6.355065451117447,4.10512412012856,45,20.25,91.125,KUW_QAT
1990,690,696,KUW,UAE,0,0.0132346503215683,1,0.0,0.0,1,0.0017123063000000001,0.063,6.728867818922465,4.957810792921988,45,20.25,91.125,KUW_UAE
1990,690,698,KUW,OMA,0,0.0362485167915392,1,0.0,0.0,0,0.00274922522,0.072,7.118907217443969,3.0149332493059378,45,20.25,91.125,KUW_OMA
1990,692,694,BHR,QAT,0,0.1795690343176376,1,0.0,0.0,1,2.0545500000000022e-05,0.033,4.954417614098027,2.869047106241664,4,0.16,0.064,BHR_QAT
1990,692,696,BHR,UAE,0,0.1882264751256654,1,0.0,0.0,1,0.00121836599,0.026000000000000002,6.058422015232863,5.036679772991275,45,20.25,91.125,BHR_UAE
1990,692,698,BHR,OMA,0,0.1961308097399629,1,0.0,0.0,0,0.00018144707,0.035,6.755419617678439,2.9912654119656312,45,20.25,91.125,BHR_OMA
1990,694,696,QAT,UAE,0,0.6649759879903515,1,1.0,0.0,1,0.00119782049,0.006999999999999999,5.707442435487688,5.052459026709329,45,20.25,91.125,QAT_UAE
1990,694,698,QAT,OMA,0,0.213646902947996,1,0.0,0.0,0,0.00016090156999999997,0.002,6.606379879398354,4.239032121918341,45,20.25,91.125,QAT_OMA
1990,696,698,UAE,OMA,0,0.4822607650556602,1,0.0,0.0,0,0.0010369189200000002,0.009,6.0888180923638915,6.308998109546594,45,20.25,91.125,UAE_OMA
1991,630,640,IRN,TUR,0,0.0414325883749072,1,0.0,0.0,0,0.003146844000000001,0.358,7.4353790210240085,7.106114213473716,3,0.09,0.027,IRN_TUR
1991,630,645,IRN,IRQ,0,0.3919556769328689,1,0.0,0.0,0,0.0021774863999999994,0.08,6.5441995739511825,0.0,2,0.04,0.008,IRN_IRQ
1991,630,651,IRN,EGY,0,0.0720547755083158,1,0.0,0.0,0,0.0020415226,0.05199999999999999,7.5927190667340625,1.671097255212704,46,21.16,97.336,IRN_EGY
1991,630,652,IRN,SYR,0,0.3897268389534697,1,0.0,0.0,0,0.005766714199999999,0.015000000000000013,7.247080584585756,4.1491350061143635,46,21.16,97.336,IRN_SYR
1991,630,660,IRN,LEB,0,0.0,0,,,0,0.010081301919999999,0.17600000000000002,7.291860547968892,2.841560760176382,46,21.16,97.336,IRN_LEB
1991,630,663,IRN,JOR,0,0.0,1,0.0,0.0,0,0.009400951099999999,0.061,7.305188215393037,1.5823706160126114,46,21.16,97.336,IRN_JOR
1991,630,666,IRN,ISR,0,0.0,1,0.0,0.0,0,0.007589947599999999,0.608,7.35224877405778,0.0,46,21.16,97.336,IRN_ISR
1991,630,670,IRN,SAU,0,0.0134784035185727,1,0.0,0.0,0,0.002758438,0.147,7.174111564719166,3.7727256041370683,3,0.09,0.027,IRN_SAU
1991,630,679,IRN,YEM,0,0.3897268389534697,1,0.0,0.0,0,0.0088300316,0.12000000000000002,7.772289451283258,3.24087075319776,46,21.16,97.336,IRN_YEM
1991,630,690,IRN,KUW,0,0.2631465887609555,1,0.0,0.0,0,0.007084812499999999,0.052000000000000005,6.652475857637857,4.333361423322521,3,0.09,0.027,IRN_KUW
1991,630,692,IRN,BHR,0,0.0,1,0.0,0.0,0,0.01007887748,0.111,6.964135612418245,2.810967735108896,3,0.09,0.027,IRN_BHR
1991,630,694,IRN,QAT,0,0.0,1,0.0,0.0,0,0.00990800394,0.14400000000000002,7.055916629962658,3.4032831050281533,4,0.16,0.064,IRN_QAT
1991,630,696,IRN,UAE,0,0.0171669399071268,1,0.0,0.0,0,0.0082908247,0.138,7.155474362862388,7.039660349862076,3,0.09,0.027,IRN_UAE
1991,630,698,IRN,OMA,0,0.0,1,0.0,0.0,0,0.00989850434,0.146,7.320725486576075,0.817950141008961,7,0.49,0.343,IRN_OMA
1991,640,645,TUR,IRQ,0,0.0183703940608552,1,0.0,0.0,0,0.0053243304000000005,0.438,7.141165942652124,7.157300264945131,1,0.01,0.001,TUR_IRQ
1991,640,651,TUR,EGY,0,0.8799419633447382,1,1.0,1.0,0,0.005188366600000001,0.30600000000000005,7.011574607621134,5.199584892368981,32,10.24,32.768,TUR_EGY
1991,640,652,TUR,SYR,0,0.0,1,0.0,0.0,0,0.008913558200000001,0.373,6.655955018418123,5.604980442090547,2,0.04,0.008,TUR_SYR
1991,640,660,TUR,LEB,0,0.0,0,,,0,0.01322814592,0.182,6.56512411504534,4.143014100068851,46,21.16,97.336,TUR_LEB
1991,640,663,TUR,JOR,0,0.808980422188576,1,1.0,1.0,0,0.0125477951,0.29700000000000004,6.834216375647267,4.649979102163288,1,0.01,0.001,TUR_JOR
1991,640,666,TUR,ISR,0,0.808980422188576,1,1.0,1.0,0,0.0107367916,0.25,6.83722551279161,4.602326175621799,15,2.25,3.375,TUR_ISR
1991,640,670,TUR,SAU,0,0.3491751173976947,1,0.0,0.0,0,0.00038840600000000086,0.505,7.664581236205265,6.930194818723665,46,21.16,97.336,TUR_SAU
1991,640,679,TUR,YEM,0,0.0,1,0.0,0.0,0,0.0119768756,0.238,7.9884411791167915,3.4176283181199016,46,21.16,97.336,TUR_YEM
1991,640,690,TUR,KUW,0,0.0601519661526682,1,0.0,0.0,0,0.0102316565,0.41000000000000003,7.501247856381898,5.049323878514664,46,21.16,97.336,TUR_KUW
1991,640,692,TUR,BHR,0,0.808980422188576,1,1.0,1.0,0,0.01322572148,0.46900000000000003,7.714454334226198,2.54537439655509,46,21.16,97.336,TUR_BHR
1991,640,694,TUR,QAT,0,0.0007307334810389,1,0.0,0.0,0,0.013054847940000001,0.502,7.775401836029897,2.3387548683044543,46,21.16,97.336,TUR_QAT
1991,640,696,TUR,UAE,0,0.1243382810136742,1,0.0,0.0,0,0.0114376687,0.496,7.879707749681193,6.165464071650773,46,21.16,97.336,TUR_UAE
1991,640,698,TUR,OMA,0,0.5125779571196746,1,1.0,1.0,0,0.01304534834,0.504,8.011852497880817,2.4633274002326977,46,21.16,97.336,TUR_OMA
1991,645,651,IRQ,EGY,0,0.0217092072407064,1,0.0,0.0,1,0.00013596379999999963,0.132,7.168733968599368,3.7574909428837437,1,0.01,0.001,IRQ_EGY
1991,645,652,IRQ,SYR,0,0.7140241669718052,1,1.0,0.0,1,0.0035892278,0.06499999999999999,6.622869293832357,0.0,1,0.01,0.001,IRQ_SYR
1991,645,660,IRQ,LEB,0,0.0,0,,,1,0.00790381552,0.256,6.719978871505218,0.0,46,21.16,97.336,IRQ_LEB
1991,645,663,IRQ,JOR,0,0.0,1,0.0,0.0,1,0.0072234646999999996,0.14100000000000001,6.69369534640097,6.4118632584876165,21,4.41,9.261,IRQ_JOR
1991,645,666,IRQ,ISR,0,0.0,1,0.0,0.0,0,0.0054124611999999996,0.6880000000000001,6.778898656857133,0.0,1,0.01,0.001,IRQ_ISR
1991,645,670,IRQ,SAU,0,0.1945189569528797,1,0.0,0.0,1,0.0049359244,0.067,6.896289800872859,5.093532324312666,1,0.01,0.001,IRQ_SAU
1991,645,679,IRQ,YEM,0,0.7140241669718052,1,1.0,0.0,1,0.0066525452,0.2,7.60150227961405,0.36581082737804355,46,21.16,97.336,IRQ_YEM
1991,645,690,IRQ,KUW,0,0.2900485436129539,1,0.0,0.0,1,0.0049073261,0.027999999999999997,6.324358962381311,5.615277182330531,1,0.01,0.001,IRQ_KUW
1991,645,692,IRQ,BHR,1,0.0,1,0.0,0.0,1,0.00790139108,0.031,6.9000254809201955,0.0,5,0.25,0.125,IRQ_BHR
1991,645,694,IRQ,QAT,1,0.2577491920462325,1,0.0,0.0,1,0.00773051754,0.064,7.032006241319994,0.0,46,21.16,97.336,IRQ_QAT
1991,645,696,IRQ,UAE,0,0.2632894464521675,1,0.0,0.0,1,0.0061133383,0.058,7.232082635630662,4.497049787577316,1,0.01,0.001,IRQ_UAE
1991,645,698,IRQ,OMA,1,0.1342376713296594,1,0.0,0.0,0,0.00772101794,0.066,7.471249251315212,4.741599799709552,46,21.16,97.336,IRQ_OMA
1991,651,652,EGY,SYR,0,0.0,1,0.0,0.0,1,0.0037251915999999994,0.067,6.423246963533519,3.5208257063176736,46,21.16,97.336,EGY_SYR
1991,651,660,EGY,LEB,0,0.0,0,,,1,0.008039779319999999,0.12400000000000003,6.376556865408209,3.2483958302406517,46,21.16,97.336,EGY_LEB
1991,651,663,EGY,JOR,0,0.8037288057181189,1,1.0,1.0,1,0.007359428499999999,0.009000000000000008,6.209595556598647,3.4367241974358893,1,0.01,0.001,EGY_JOR
1991,651,666,EGY,ISR,0,0.8037288057181189,1,1.0,1.0,0,0.005548424999999999,0.556,6.0553778728516345,3.1390098115832914,2,0.04,0.008,EGY_ISR
1991,651,670,EGY,SAU,0,0.3363769995214128,1,0.0,0.0,1,0.0047999606,0.19899999999999998,7.401536468138869,5.181380660153988,24,5.76,13.824,EGY_SAU
1991,651,679,EGY,YEM,0,0.0,1,0.0,0.0,1,0.006788509,0.06800000000000003,7.651357903030576,3.112977386778264,46,21.16,97.336,EGY_YEM
1991,651,690,EGY,KUW,0,0.0118147448015122,1,0.0,0.0,1,0.005043289899999999,0.104,7.388946097618437,3.926223460013282,46,21.16,97.336,EGY_KUW
1991,651,692,EGY,BHR,0,0.8037288057181189,1,1.0,1.0,1,0.00803735488,0.16299999999999998,7.571679600865179,1.836732834870786,46,21.16,97.336,EGY_BHR
1991,651,694,EGY,QAT,0,0.0150355069278989,1,0.0,0.0,1,0.00786648134,0.196,7.632740216390833,2.0097542550353356,46,21.16,97.336,EGY_QAT
1991,651,696,EGY,UAE,0,0.1200720206240949,1,0.0,0.0,1,0.0062493021,0.19,7.768321862083931,3.3024814087229974,46,21.16,97.336,EGY_UAE
1991,651,698,EGY,OMA,0,0.546239657812317,1,1.0,1.0,0,0.00785698174,0.19799999999999998,7.937374696163295,1.5421518335476168,46,21.16,97.336,EGY_OMA
1991,652,660,SYR,LEB,0,0.0,0,,,1,0.0043145877200000005,0.19100000000000003,4.487512142519859,5.738451788193969,22,4.84,10.648,SYR_LEB
1991,652,663,SYR,JOR,0,0.0,1,0.0,0.0,1,0.0036342369,0.07600000000000001,5.176149732573829,3.5602681096069757,1,0.01,0.001,SYR_JOR
1991,652,666,SYR,ISR,0,0.0,1,0.0,0.0,0,0.0018232334000000002,0.623,5.392718041969521,0.0,5,0.25,0.125,SYR_ISR
1991,652,670,SYR,SAU,0,0.0,1,0.0,0.0,1,0.0085251522,0.13199999999999998,7.249570360013846,5.223922914901444,46,21.16,97.336,SYR_SAU
1991,652,679,SYR,YEM,0,1.0,1,1.0,0.0,1,0.0030633174,0.13500000000000004,7.682666761344722,1.2258014367106107,46,21.16,97.336,SYR_YEM
1991,652,690,SYR,KUW,0,0.2631465887609555,1,0.0,0.0,1,0.0013180983000000003,0.03699999999999999,7.089243155027514,3.6357417493204496,46,21.16,97.336,SYR_KUW
1991,652,692,SYR,BHR,0,0.0,1,0.0,0.0,1,0.00431216328,0.09599999999999999,7.375443730270433,2.0053250041048156,46,21.16,97.336,SYR_BHR
1991,652,694,SYR,QAT,0,0.0,1,0.0,0.0,1,0.00414128974,0.129,7.457840076700244,2.299992605400217,46,21.16,97.336,SYR_QAT
1991,652,696,SYR,UAE,0,0.0,1,0.0,0.0,1,0.0025241105,0.123,7.61085279039525,3.4429447399013093,46,21.16,97.336,SYR_UAE
1991,652,698,SYR,OMA,0,0.0,1,0.0,0.0,0,0.00413179014,0.13099999999999998,7.796551476546899,0.6950958307073979,46,21.16,97.336,SYR_OMA
1991,660,663,LEB,JOR,0,0.0,0,,,1,0.0006803508199999999,0.11500000000000002,5.40042258948519,3.4734738562190377,46,21.16,97.336,LEB_JOR
1991,660,666,LEB,ISR,0,0.0,0,,,0,0.00249135432,0.432,5.477717994914328,0.0,6,0.36,0.216,LEB_ISR
1991,660,670,LEB,SAU,0,0.0,0,,,1,0.012839739919999999,0.323,7.308944592227513,4.831815200020653,46,21.16,97.336,LEB_SAU
1991,660,679,LEB,YEM,0,0.0,0,,,1,0.00125127032,0.055999999999999994,7.714855949617927,1.6954751400943073,46,21.16,97.336,LEB_YEM
1991,660,690,LEB,KUW,0,0.0,0,,,1,0.00299648942,0.22800000000000004,7.158903026705945,3.451910901346162,46,21.16,97.336,LEB_KUW
1991,660,692,LEB,BHR,0,0.0,0,,,1,2.424439999999979e-06,0.28700000000000003,7.428927194802272,2.2404543588095684,46,21.16,97.336,LEB_BHR
1991,660,694,LEB,QAT,0,0.0,0,,,1,0.00017329797999999998,0.32,7.507250903460627,2.28428686691867,46,21.16,97.336,LEB_QAT
1991,660,696,LEB,UAE,0,0.0,0,,,1,0.00179047722,0.314,7.6533051383351305,4.23357662510548,46,21.16,97.336,LEB_UAE
1991,660,698,LEB,OMA,0,0.0,0,,,0,0.00018279758000000002,0.322,7.831656973857627,1.9634774086292066,46,21.16,97.336,LEB_OMA
1991,663,666,JOR,ISR,0,1.0,1,1.0,1.0,0,0.0018110035,0.547,4.289088639014612,0.0,1,0.01,0.001,JOR_ISR
1991,663,670,JOR,SAU,0,0.2943701063197751,1,0.0,0.0,1,0.0121593891,0.208,7.190977420711825,5.344002476928333,1,0.01,0.001,JOR_SAU
1991,663,679,JOR,YEM,0,0.0,1,0.0,0.0,1,0.0005709195000000002,0.059000000000000025,7.614756053830618,2.838953017044044,46,21.16,97.336,JOR_YEM
1991,663,690,JOR,KUW,0,0.0053703385461419,1,0.0,0.0,1,0.0023161386,0.113,7.078847353824543,4.038646176140364,1,0.01,0.001,JOR_KUW
1991,663,692,JOR,BHR,1,1.0,1,1.0,1.0,1,0.0006779263799999999,0.172,7.351286587896758,2.8579531865211965,46,21.16,97.336,JOR_BHR
1991,663,694,JOR,QAT,1,0.0,1,0.0,0.0,1,0.0005070528399999999,0.20500000000000002,7.433134483755639,2.8942441394283662,46,21.16,97.336,JOR_QAT
1991,663,696,JOR,UAE,0,0.0101971623048333,1,0.0,0.0,1,0.0011101264,0.199,7.5932734323775914,4.311154525310727,1,0.01,0.001,JOR_UAE
1991,663,698,JOR,OMA,1,0.5103857566765578,1,1.0,1.0,0,0.0004975532399999999,0.207,7.786551806428712,1.176555008294025,46,21.16,97.336,JOR_OMA
1991,666,670,ISR,SAU,0,0.2943701063197751,1,0.0,0.0,0,0.0103483856,0.755,7.225044696186576,0.0,10,1.0,1.0,ISR_SAU
1991,666,679,ISR,YEM,0,0.0,1,0.0,0.0,0,0.0012400839999999998,0.488,7.621293149189817,0.0,46,21.16,97.336,ISR_YEM
1991,666,690,ISR,KUW,0,0.0053703385461419,1,0.0,0.0,0,0.0005051350999999999,0.66,7.131538625583686,0.0,24,5.76,13.824,ISR_KUW
1991,666,692,ISR,BHR,0,1.0,1,1.0,1.0,0,0.00248892988,0.719,7.387771118354598,0.0,46,21.16,97.336,ISR_BHR
1991,666,694,ISR,QAT,0,0.0,1,0.0,0.0,0,0.00231805634,0.752,7.466055916772316,0.0,46,21.16,97.336,ISR_QAT
1991,666,696,ISR,UAE,0,0.0101971623048333,1,0.0,0.0,0,0.0007008771,0.746,7.622076694773489,0.0,46,21.16,97.336,ISR_UAE
1991,666,698,ISR,OMA,0,0.5103857566765578,1,1.0,1.0,0,0.00230855674,0.754,7.811244419019083,0.0,46,21.16,97.336,ISR_OMA
1991,670,679,SAU,YEM,0,0.0,1,0.0,0.0,1,0.0115884696,0.267,6.976908137670454,5.537688692391419,46,21.16,97.336,SAU_YEM
1991,670,690,SAU,KUW,0,0.0685659175112921,1,0.0,0.0,1,0.0098432505,0.095,6.284507225801859,5.624541773067568,46,21.16,97.336,SAU_KUW
1991,670,692,SAU,BHR,0,0.2943701063197751,1,0.0,0.0,1,0.01283731548,0.036000000000000004,6.052559646467793,7.598028684202443,46,21.16,97.336,SAU_BHR
1991,670,694,SAU,QAT,0,0.1824195507789985,1,0.0,0.0,1,0.01266644194,0.003000000000000001,6.195629131824389,4.804539025312249,46,21.16,97.336,SAU_QAT
1991,670,696,SAU,UAE,0,0.4930381614585518,1,0.0,0.0,1,0.0110492627,0.009,6.652992053287465,6.3661731011228175,46,21.16,97.336,SAU_UAE
1991,670,698,SAU,OMA,0,0.745126076363579,1,0.0,0.0,0,0.01265694234,0.0010000000000000009,7.100192169517185,4.549088963533833,46,21.16,97.336,SAU_OMA
1991,679,690,YEM,KUW,0,0.2631465887609555,1,0.0,0.0,1,0.0017452190999999997,0.17200000000000004,7.381937665049289,2.967194003392393,46,21.16,97.336,YEM_KUW
1991,679,692,YEM,BHR,0,0.0,1,0.0,0.0,1,0.0012488458800000001,0.23100000000000004,7.228388451573604,3.2374725096216093,46,21.16,97.336,YEM_BHR
1991,679,694,YEM,QAT,0,0.0,1,0.0,0.0,1,0.0010779723400000001,0.264,7.201618210508999,0.23537611549452495,46,21.16,97.336,YEM_QAT
1991,679,696,YEM,UAE,0,0.0,1,0.0,0.0,1,0.0005392068999999998,0.258,7.2911111015022,4.014568402354874,46,21.16,97.336,YEM_UAE
1991,679,698,YEM,OMA,0,0.0,1,0.0,0.0,0,0.00106847274,0.266,7.475735983249187,4.599662184761389,46,21.16,97.336,YEM_OMA
1991,690,692,KUW,BHR,0,0.0053703385461419,1,0.0,0.0,1,0.00299406498,0.059,6.076035448558252,3.4243277990510097,46,21.16,97.336,KUW_BHR
1991,690,694,KUW,QAT,0,0.0064444062553703,1,0.0,0.0,1,0.00282319144,0.092,6.355065451117447,2.0663062248894946,46,21.16,97.336,KUW_QAT
1991,690,696,KUW,UAE,0,0.021256561750432,1,0.0,0.0,1,0.0012060121999999999,0.086,6.728867818922465,3.6888794541139363,46,21.16,97.336,KUW_UAE
1991,690,698,KUW,OMA,0,0.0402130950335109,1,0.0,0.0,0,0.00281369184,0.094,7.118907217443969,2.407828771826716,46,21.16,97.336,KUW_OMA
1991,692,694,BHR,QAT,0,0.0,1,0.0,0.0,1,0.00017087354,0.033,4.954417614098027,3.1804173267552174,5,0.25,0.125,BHR_QAT
1991,692,696,BHR,UAE,0,0.0101971623048333,1,0.0,0.0,1,0.00178805278,0.027000000000000003,6.058422015232863,5.2615340285810595,46,21.16,97.336,BHR_UAE
1991,692,698,BHR,OMA,0,0.5103857566765578,1,1.0,1.0,0,0.00018037314000000004,0.035,6.755419617678439,3.3738291310761404,46,21.16,97.336,BHR_OMA
1991,694,696,QAT,UAE,0,0.4344523316996129,1,0.0,0.0,1,0.00161717924,0.005999999999999998,5.707442435487688,5.194634332020575,46,21.16,97.336,QAT_UAE
1991,694,698,QAT,OMA,0,0.1342376713296594,1,0.0,0.0,0,9.49960000000004e-06,0.002,6.606379879398354,2.7299221238375333,46,21.16,97.336,QAT_OMA
1991,696,698,UAE,OMA,0,0.4448562820092128,1,0.0,0.0,0,0.00160767964,0.007999999999999998,6.0888180923638915,6.446691553448273,46,21.16,97.336,UAE_OMA
1992,630,640,IRN,TUR,0,0.0386954118297401,1,0.0,0.0,0,0.0029566420000000006,0.374,7.4353790210240085,7.013499920854041,4,0.16,0.064,IRN_TUR
1992,630,645,IRN,IRQ,1,0.0,0,,,0,0.004549392099999999,0.079,6.5441995739511825,0.0,3,0.09,0.027,IRN_IRQ
1992,630,651,IRN,EGY,0,0.0512642120873688,1,0.0,0.0,0,0.0018965318999999998,0.05299999999999999,7.5927190667340625,1.4882866882940382,47,22.09,103.823,IRN_EGY
1992,630,652,IRN,SYR,0,0.2125380454573986,1,0.0,0.0,0,0.006189914999999999,0.015000000000000013,7.247080584585756,2.760289015011927,47,22.09,103.823,IRN_SYR
1992,630,660,IRN,LEB,0,0.0,0,,,0,0.01017821773,0.17700000000000002,7.291860547968892,3.2924979647388146,47,22.09,103.823,IRN_LEB
1992,630,663,IRN,JOR,0,0.0,1,0.0,0.0,0,0.009441382799999998,0.068,7.305188215393037,4.120962020295224,47,22.09,103.823,IRN_JOR
1992,630,666,IRN,ISR,0,0.0,1,0.0,0.0,0,0.007149332299999999,0.603,7.35224877405778,0.0,47,22.09,103.823,IRN_ISR
1992,630,670,IRN,SAU,0,0.0177168979576612,1,0.0,0.0,0,0.0011209710999999997,0.146,7.174111564719166,4.306332156608008,4,0.16,0.064,IRN_SAU
1992,630,679,IRN,YEM,0,0.4996682025341813,1,0.0,0.0,0,0.009341631999999999,0.12200000000000003,7.772289451283258,0.06985844490350798,47,22.09,103.823,IRN_YEM
1992,630,690,IRN,KUW,0,0.0,1,0.0,0.0,0,0.003677440399999999,0.04200000000000001,6.652475857637857,3.867025618576908,4,0.16,0.064,IRN_KUW
1992,630,692,IRN,BHR,0,0.0,1,0.0,0.0,0,0.01020324563,0.11,6.964135612418245,3.8946733467430126,4,0.16,0.064,IRN_BHR
1992,630,694,IRN,QAT,0,0.0,1,0.0,0.0,0,0.010051972179999999,0.14300000000000002,7.055916629962658,4.288138558201105,5,0.25,0.125,IRN_QAT
1992,630,696,IRN,UAE,1,0.0167315012339482,1,0.0,0.0,0,0.008991962,0.134,7.155474362862388,7.3901814282264295,4,0.16,0.064,IRN_UAE
1992,630,698,IRN,OMA,0,0.0,0,,,0,0.009869547159999999,0.145,7.320725486576075,0.939687168205541,8,0.64,0.512,IRN_OMA
1992,640,645,TUR,IRQ,0,0.0,0,,,0,0.0075060341,0.453,7.141165942652124,6.632363582818894,1,0.01,0.001,TUR_IRQ
1992,640,651,TUR,EGY,0,0.9062110571968688,1,1.0,1.0,0,0.0048531739,0.32100000000000006,7.011574607621134,5.206372019339673,33,10.89,35.937,TUR_EGY
1992,640,652,TUR,SYR,0,0.0,1,0.0,0.0,0,0.009146557,0.389,6.655955018418123,5.774240814042561,3,0.09,0.027,TUR_SYR
1992,640,660,TUR,LEB,0,0.0,0,,,0,0.01313485973,0.197,6.56512411504534,3.6229052628950855,47,22.09,103.823,TUR_LEB
1992,640,663,TUR,JOR,0,0.0013649175248585,1,0.0,0.0,0,0.0123980248,0.30600000000000005,6.834216375647267,4.740592202755929,1,0.01,0.001,TUR_JOR
1992,640,666,TUR,ISR,0,0.8659014866497826,1,1.0,1.0,0,0.0101059743,0.22899999999999998,6.83722551279161,5.080447323315215,16,2.56,4.096,TUR_ISR
1992,640,670,TUR,SAU,0,0.4107768252823385,1,0.0,0.0,0,0.0040776131,0.52,7.664581236205265,7.68771752142983,47,22.09,103.823,TUR_SAU
1992,640,679,TUR,YEM,0,0.0,1,0.0,0.0,0,0.012298274,0.252,7.9884411791167915,4.191122558196407,47,22.09,103.823,TUR_YEM
1992,640,690,TUR,KUW,0,0.7297007448412534,1,1.0,1.0,0,0.0066340824,0.332,7.501247856381898,5.056188478864413,47,22.09,103.823,TUR_KUW
1992,640,692,TUR,BHR,0,0.8480437319574965,1,1.0,1.0,0,0.01315988763,0.48400000000000004,7.714454334226198,1.9277461929752127,47,22.09,103.823,TUR_BHR
1992,640,694,TUR,QAT,0,0.0006824587624292,1,0.0,0.0,0,0.01300861418,0.517,7.775401836029897,2.3431003716818086,47,22.09,103.823,TUR_QAT
1992,640,696,TUR,UAE,0,0.0769243640802107,1,0.0,0.0,0,0.011948604,0.508,7.879707749681193,6.1106909628122486,47,22.09,103.823,TUR_UAE
1992,640,698,TUR,OMA,0,0.0,0,,,0,0.01282618916,0.519,8.011852497880817,2.583011783702982,47,22.09,103.823,TUR_OMA
1992,645,651,IRQ,EGY,0,0.0,0,,,1,0.002652860199999999,0.132,7.168733968599368,1.6412659438517267,1,0.01,0.001,IRQ_EGY
1992,645,652,IRQ,SYR,0,0.0,0,,,1,0.0016405229,0.06399999999999999,6.622869293832357,0.025767595564688425,1,0.01,0.001,IRQ_SYR
1992,645,660,IRQ,LEB,0,0.0,0,,,1,0.005628825630000001,0.256,6.719978871505218,0.0,47,22.09,103.823,IRQ_LEB
1992,645,663,IRQ,JOR,0,0.0,0,,,1,0.0048919907,0.14700000000000002,6.69369534640097,6.045002565217068,22,4.84,10.648,IRQ_JOR
1992,645,666,IRQ,ISR,0,0.0,0,,,0,0.0025999402000000003,0.682,6.778898656857133,0.0,1,0.01,0.001,IRQ_ISR
1992,645,670,IRQ,SAU,0,0.0,0,,,1,0.003428420999999999,0.067,6.896289800872859,0.18516575821567688,1,0.01,0.001,IRQ_SAU
1992,645,679,IRQ,YEM,0,0.0,0,,,1,0.0047922399,0.201,7.60150227961405,0.20008563707613836,47,22.09,103.823,IRQ_YEM
1992,645,690,IRQ,KUW,0,0.0,0,,,1,0.0008719517,0.12100000000000001,6.324358962381311,0.0,1,0.01,0.001,IRQ_KUW
1992,645,692,IRQ,BHR,0,0.0,0,,,1,0.00565385353,0.031,6.9000254809201955,0.0,1,0.01,0.001,IRQ_BHR
1992,645,694,IRQ,QAT,0,0.0,0,,,1,0.0055025800800000005,0.064,7.032006241319994,0.0,1,0.01,0.001,IRQ_QAT
1992,645,696,IRQ,UAE,0,0.0,0,,,1,0.0044425699,0.055,7.232082635630662,0.0,1,0.01,0.001,IRQ_UAE
1992,645,698,IRQ,OMA,0,0.0,0,,,0,0.005320155060000001,0.066,7.471249251315212,0.0,1,0.01,0.001,IRQ_OMA
1992,651,652,EGY,SYR,0,0.0,1,0.0,0.0,1,0.004293383099999999,0.068,6.423246963533519,3.647518121468685,47,22.09,103.823,EGY_SYR
1992,651,660,EGY,LEB,0,0.0,0,,,1,0.00828168583,0.12400000000000003,6.376556865408209,3.586569862982526,47,22.09,103.823,EGY_LEB
1992,651,663,EGY,JOR,0,0.0164777824566542,1,0.0,0.0,1,0.0075448508999999995,0.015000000000000013,6.209595556598647,3.549925557681703,1,0.01,0.001,EGY_JOR
1992,651,666,EGY,ISR,0,0.8912644446719636,1,1.0,1.0,0,0.0052528003999999994,0.55,6.0553778728516345,2.882339642202483,3,0.09,0.027,EGY_ISR
1992,651,670,EGY,SAU,0,0.3760702005567967,1,0.0,0.0,1,0.0007755608000000001,0.19899999999999998,7.401536468138869,5.6465628118817515,25,6.25,15.625,EGY_SAU
1992,651,679,EGY,YEM,0,0.0,1,0.0,0.0,1,0.007445100099999999,0.06900000000000003,7.651357903030576,3.213924386705428,47,22.09,103.823,EGY_YEM
1992,651,690,EGY,KUW,0,0.7276752072343633,1,1.0,1.0,1,0.0017809084999999992,0.010999999999999982,7.388946097618437,4.098104185971498,47,22.09,103.823,EGY_KUW
1992,651,692,EGY,BHR,0,0.8734066899796775,1,1.0,1.0,1,0.00830671373,0.16299999999999998,7.571679600865179,1.4494334660311763,47,22.09,103.823,EGY_BHR
1992,651,694,EGY,QAT,0,0.0,1,0.0,0.0,1,0.008155440279999999,0.196,7.632740216390833,2.960381741578722,47,22.09,103.823,EGY_QAT
1992,651,696,EGY,UAE,0,0.0753290979329537,1,0.0,0.0,1,0.007095430099999999,0.187,7.768321862083931,3.575038609675833,47,22.09,103.823,EGY_UAE
1992,651,698,EGY,OMA,0,0.0,0,,,0,0.007973015259999999,0.19799999999999998,7.937374696163295,2.052543203263829,47,22.09,103.823,EGY_OMA
1992,652,660,SYR,LEB,0,0.0,0,,,1,0.0039883027300000005,0.19200000000000003,4.487512142519859,5.972653855181207,23,5.29,12.167,SYR_LEB
1992,652,663,SYR,JOR,0,0.0,1,0.0,0.0,1,0.0032514678000000003,0.08300000000000002,5.176149732573829,4.304618993826947,1,0.01,0.001,SYR_JOR
1992,652,666,SYR,ISR,0,0.0,1,0.0,0.0,0,0.0009594173000000003,0.618,5.392718041969521,0.0,6,0.36,0.216,SYR_ISR
1992,652,670,SYR,SAU,0,0.0,1,0.0,0.0,1,0.005068943899999999,0.13099999999999998,7.249570360013846,5.660869963193959,47,22.09,103.823,SYR_SAU
1992,652,679,SYR,YEM,0,0.0419440653902879,1,0.0,0.0,1,0.003151717,0.13700000000000004,7.682666761344722,1.0822191863301998,47,22.09,103.823,SYR_YEM
1992,652,690,SYR,KUW,0,0.0,1,0.0,0.0,1,0.0025124746,0.05700000000000002,7.089243155027514,3.950861587886485,47,22.09,103.823,SYR_KUW
1992,652,692,SYR,BHR,0,0.0,1,0.0,0.0,1,0.00401333063,0.09499999999999999,7.375443730270433,2.022677904317163,47,22.09,103.823,SYR_BHR
1992,652,694,SYR,QAT,0,0.0,1,0.0,0.0,1,0.0038620571800000005,0.128,7.457840076700244,2.506741850529392,47,22.09,103.823,SYR_QAT
1992,652,696,SYR,UAE,0,0.0,1,0.0,0.0,1,0.0028020470000000002,0.119,7.61085279039525,3.3066598632781,47,22.09,103.823,SYR_UAE
1992,652,698,SYR,OMA,0,0.0,0,,,0,0.00367963216,0.12999999999999998,7.796551476546899,1.1112251115455796,47,22.09,103.823,SYR_OMA
1992,660,663,LEB,JOR,0,0.0,0,,,1,0.0007368349299999999,0.10900000000000001,5.40042258948519,3.9740795615371485,47,22.09,103.823,LEB_JOR
1992,660,666,LEB,ISR,0,0.0,0,,,0,0.00302888543,0.426,5.477717994914328,0.0,7,0.49,0.343,LEB_ISR
1992,660,670,LEB,SAU,0,0.0,0,,,1,0.00905724663,0.323,7.308944592227513,5.032200289078429,47,22.09,103.823,LEB_SAU
1992,660,679,LEB,YEM,0,0.0,0,,,1,0.0008365857299999999,0.05499999999999999,7.714855949617927,0.9973664073911229,47,22.09,103.823,LEB_YEM
1992,660,690,LEB,KUW,0,0.0,0,,,1,0.0065007773300000005,0.135,7.158903026705945,0.0,47,22.09,103.823,LEB_KUW
1992,660,692,LEB,BHR,0,0.0,0,,,1,2.502790000000004e-05,0.28700000000000003,7.428927194802272,2.326043773872006,47,22.09,103.823,LEB_BHR
1992,660,694,LEB,QAT,0,0.0,0,,,1,0.00012624554999999995,0.32,7.507250903460627,2.4770922803109707,47,22.09,103.823,LEB_QAT
1992,660,696,LEB,UAE,0,0.0,0,,,1,0.00118625573,0.311,7.6533051383351305,4.325021109145919,47,22.09,103.823,LEB_UAE
1992,660,698,LEB,OMA,0,0.0,0,,,0,0.00030867056999999993,0.322,7.831656973857627,1.9135236068085404,47,22.09,103.823,LEB_OMA
1992,663,666,JOR,ISR,0,0.0,1,0.0,0.0,0,0.0022920505,0.535,4.289088639014612,0.0,1,0.01,0.001,JOR_ISR
1992,663,670,JOR,SAU,0,0.4443910865353907,1,0.0,0.0,1,0.008320411699999999,0.214,7.190977420711825,5.207878084636228,1,0.01,0.001,JOR_SAU
1992,663,679,JOR,YEM,0,0.0,1,0.0,0.0,1,9.975080000000007e-05,0.05400000000000002,7.614756053830618,3.666199394978578,47,22.09,103.823,JOR_YEM
1992,663,690,JOR,KUW,0,0.0,1,0.0,0.0,1,0.0057639424,0.025999999999999995,7.078847353824543,3.394415503291156,2,0.04,0.008,JOR_KUW
1992,663,692,JOR,BHR,0,0.0,1,0.0,0.0,1,0.0007618628299999999,0.178,7.351286587896758,2.8799038825844088,1,0.01,0.001,JOR_BHR
1992,663,694,JOR,QAT,0,0.0,1,0.0,0.0,1,0.0006105893799999999,0.21100000000000002,7.433134483755639,3.3985414243948155,1,0.01,0.001,JOR_QAT
1992,663,696,JOR,UAE,0,0.2934705316434517,1,0.0,0.0,1,0.00044942080000000013,0.202,7.5932734323775914,3.960457430139323,1,0.01,0.001,JOR_UAE
1992,663,698,JOR,OMA,0,0.0,0,,,0,0.00042816435999999995,0.213,7.786551806428712,1.3365149202776132,1,0.01,0.001,JOR_OMA
1992,666,670,ISR,SAU,0,0.3595924181001425,1,0.0,0.0,0,0.0060283611999999995,0.749,7.225044696186576,0.0,11,1.21,1.331,ISR_SAU
1992,666,679,ISR,YEM,0,0.0,1,0.0,0.0,0,0.0021922997,0.481,7.621293149189817,0.0,47,22.09,103.823,ISR_YEM
1992,666,690,ISR,KUW,0,0.7276752072343633,1,1.0,1.0,0,0.0034718919000000003,0.5609999999999999,7.131538625583686,0.0,25,6.25,15.625,ISR_KUW
1992,666,692,ISR,BHR,0,0.982142245307714,1,1.0,1.0,0,0.00305391333,0.713,7.387771118354598,0.0,47,22.09,103.823,ISR_BHR
1992,666,694,ISR,QAT,0,0.0,1,0.0,0.0,0,0.00290263988,0.746,7.466055916772316,0.0,47,22.09,103.823,ISR_QAT
1992,666,696,ISR,UAE,0,0.017857754692286,1,0.0,0.0,0,0.0018426297,0.737,7.622076694773489,0.0,47,22.09,103.823,ISR_UAE
1992,666,698,ISR,OMA,0,0.0,0,,,0,0.00272021486,0.748,7.811244419019083,0.0,47,22.09,103.823,ISR_OMA
1992,670,679,SAU,YEM,0,0.0,1,0.0,0.0,1,0.0082206609,0.268,6.976908137670454,4.905793976964878,47,22.09,103.823,SAU_YEM
1992,670,690,SAU,KUW,0,0.3654155046305862,1,0.0,0.0,1,0.0025564692999999993,0.188,6.284507225801859,6.512005221575689,47,22.09,103.823,SAU_KUW
1992,670,692,SAU,BHR,0,0.3566551429124249,1,0.0,0.0,1,0.00908227453,0.036000000000000004,6.052559646467793,7.506229186869343,47,22.09,103.823,SAU_BHR
1992,670,694,SAU,QAT,1,0.0953099174998659,1,0.0,0.0,1,0.008931001079999999,0.003000000000000001,6.195629131824389,4.8466619741519095,47,22.09,103.823,SAU_QAT
1992,670,696,SAU,UAE,0,0.3917177243310352,1,0.0,0.0,1,0.0078709909,0.012000000000000002,6.652992053287465,6.359888922843828,47,22.09,103.823,SAU_UAE
1992,670,698,SAU,OMA,0,0.0,0,,,0,0.008748576059999999,0.0010000000000000009,7.100192169517185,4.7142879642861075,47,22.09,103.823,SAU_OMA
1992,679,690,YEM,KUW,0,0.0,1,0.0,0.0,1,0.0056641916,0.08000000000000002,7.381937665049289,2.3933241958720983,47,22.09,103.823,YEM_KUW
1992,679,692,YEM,BHR,0,0.0,1,0.0,0.0,1,0.00086161363,0.23200000000000004,7.228388451573604,3.284803892638529,47,22.09,103.823,YEM_BHR
1992,679,694,YEM,QAT,0,0.0,1,0.0,0.0,1,0.00071034018,0.265,7.201618210508999,0.36083317051890795,47,22.09,103.823,YEM_QAT
1992,679,696,YEM,UAE,0,0.0,1,0.0,0.0,1,0.00034967000000000006,0.256,7.2911111015022,4.898230544495839,47,22.09,103.823,YEM_UAE
1992,679,698,YEM,OMA,0,0.0,0,,,0,0.00052791516,0.267,7.475735983249187,1.0141244521428534,47,22.09,103.823,YEM_OMA
1992,690,692,KUW,BHR,0,0.7276752072343633,1,1.0,1.0,1,0.00652580523,0.15200000000000002,6.076035448558252,0.0,47,22.09,103.823,KUW_BHR
1992,690,694,KUW,QAT,0,0.0087603617181612,1,0.0,0.0,1,0.0063745317800000005,0.185,6.355065451117447,2.057569508138808,47,22.09,103.823,KUW_QAT
1992,690,696,KUW,UAE,0,0.0315152033963308,1,0.0,0.0,1,0.0053145216,0.17600000000000002,6.728867818922465,3.5553480614894135,47,22.09,103.823,KUW_UAE
1992,690,698,KUW,OMA,0,0.0,0,,,0,0.006192106760000001,0.187,7.118907217443969,2.572706195257901,47,22.09,103.823,KUW_OMA
1992,692,694,BHR,QAT,0,0.0,1,0.0,0.0,1,0.00015127345,0.033,4.954417614098027,3.41460572010874,6,0.36,0.216,BHR_QAT
1992,692,696,BHR,UAE,0,0.0,1,0.0,0.0,1,0.0012112836300000001,0.024,6.058422015232863,5.11739069644714,47,22.09,103.823,BHR_UAE
1992,692,698,BHR,OMA,0,0.0,0,,,0,0.00033369846999999997,0.035,6.755419617678439,3.171289419889871,47,22.09,103.823,BHR_OMA
1992,694,696,QAT,UAE,0,0.5290082402643578,1,0.0,0.0,1,0.00106001018,0.009000000000000001,5.707442435487688,5.284151553521803,47,22.09,103.823,QAT_UAE
1992,694,698,QAT,OMA,0,0.0,0,,,0,0.00018242501999999998,0.002,6.606379879398354,2.9916200800640613,47,22.09,103.823,QAT_OMA
1992,696,698,UAE,OMA,0,0.0,0,,,0,0.0008775851600000001,0.011000000000000001,6.0888180923638915,6.704698775297123,47,22.09,103.823,UAE_OMA
1993,630,640,IRN,TUR,0,0.0,1,0.0,0.0,0,0.0031446519999999995,0.368,7.4353790210240085,6.934283376770161,5,0.25,0.125,IRN_TUR
1993,630,645,IRN,IRQ,0,0.0,0,,,0,0.0047498564,0.08,6.5441995739511825,0.0,1,0.01,0.001,IRN_IRQ
1993,630,651,IRN,EGY,1,0.059103715264406,1,0.0,0.0,0,0.0022405051,0.05399999999999999,7.5927190667340625,1.2644091448891563,48,23.04,110.592,IRN_EGY
1993,630,652,IRN,SYR,0,0.2929454345972761,1,0.0,0.0,0,0.006074418800000001,0.018000000000000016,7.247080584585756,2.978941799166895,48,23.04,110.592,IRN_SYR
1993,630,660,IRN,LEB,0,0.0,1,0.0,0.0,0,0.010463151280000001,0.155,7.291860547968892,3.736955101172042,48,23.04,110.592,IRN_LEB
1993,630,663,IRN,JOR,0,0.0,0,,,0,0.0097256254,0.07299999999999998,7.305188215393037,3.589997932152207,48,23.04,110.592,IRN_JOR
1993,630,666,IRN,ISR,0,0.0,1,0.0,0.0,0,0.007242678400000001,0.6,7.35224877405778,0.0,48,23.04,110.592,IRN_ISR
1993,630,670,IRN,SAU,0,0.0,1,0.0,0.0,0,0.0003961580000000006,0.14600000000000002,7.174111564719166,4.51618353943739,5,0.25,0.125,IRN_SAU
1993,630,679,IRN,YEM,0,0.0,0,,,0,0.0097455912,0.147,7.772289451283258,0.0890077145644229,48,23.04,110.592,IRN_YEM
1993,630,690,IRN,KUW,0,0.0,1,0.0,0.0,0,0.009466561,0.11999999999999997,6.652475857637857,4.599152133783252,5,0.25,0.125,IRN_KUW
1993,630,692,IRN,BHR,0,0.0,1,0.0,0.0,0,0.010497775610000001,0.113,6.964135612418245,3.9712348462098506,5,0.25,0.125,IRN_BHR
1993,630,694,IRN,QAT,0,0.0,1,0.0,0.0,0,0.010239741430000001,0.14600000000000002,7.055916629962658,3.812870292540368,6,0.36,0.216,IRN_QAT
1993,630,696,IRN,UAE,0,0.4246885617214043,1,0.0,0.0,0,0.0092785019,0.139,7.155474362862388,7.502738210754851,1,0.01,0.001,IRN_UAE
1993,630,698,IRN,OMA,0,0.0,0,,,0,0.010143145230000001,0.148,7.320725486576075,1.048199659013091,9,0.81,0.729,IRN_OMA
1993,640,645,TUR,IRQ,0,0.0,0,,,0,0.0078945084,0.448,7.141165942652124,5.460044983040243,2,0.04,0.008,TUR_IRQ
1993,640,651,TUR,EGY,0,0.8666712835517697,1,1.0,1.0,0,0.005385157099999999,0.31400000000000006,7.011574607621134,5.2240947185885265,34,11.56,39.304,TUR_EGY
1993,640,652,TUR,SYR,0,0.0,1,0.0,0.0,0,0.0092190708,0.386,6.655955018418123,5.603429437660953,4,0.16,0.064,TUR_SYR
1993,640,660,TUR,LEB,0,0.0,1,0.0,0.0,0,0.01360780328,0.21300000000000002,6.56512411504534,4.340202823398589,48,23.04,110.592,TUR_LEB
1993,640,663,TUR,JOR,0,0.0,0,,,0,0.0128702774,0.29500000000000004,6.834216375647267,5.131524552296239,2,0.04,0.008,TUR_JOR
1993,640,666,TUR,ISR,0,0.8204054779341747,1,1.0,1.0,0,0.0103873304,0.23199999999999998,6.83722551279161,5.179961610668731,17,2.89,4.913,TUR_ISR
1993,640,670,TUR,SAU,0,0.7275680563532255,1,1.0,1.0,0,0.00354081,0.514,7.664581236205265,7.613355744499492,48,23.04,110.592,TUR_SAU
1993,640,679,TUR,YEM,0,0.0,0,,,0,0.0128902432,0.22100000000000003,7.9884411791167915,4.619274254354362,48,23.04,110.592,TUR_YEM
1993,640,690,TUR,KUW,0,0.8204054779341747,1,1.0,1.0,0,0.012611213,0.24800000000000005,7.501247856381898,5.063006340833376,48,23.04,110.592,TUR_KUW
1993,640,692,TUR,BHR,0,0.8204054779341747,1,1.0,1.0,0,0.01364242761,0.48100000000000004,7.714454334226198,0.0,48,23.04,110.592,TUR_BHR
1993,640,694,TUR,QAT,0,0.0005771106378803,1,0.0,0.0,0,0.01338439343,0.514,7.775401836029897,2.226700398788675,48,23.04,110.592,TUR_QAT
1993,640,696,TUR,UAE,0,0.0022899750111093,1,0.0,0.0,0,0.012423153900000001,0.507,7.879707749681193,6.167910522262457,48,23.04,110.592,TUR_UAE
1993,640,698,TUR,OMA,0,0.0,0,,,0,0.01328779723,0.516,8.011852497880817,2.689890779004588,48,23.04,110.592,TUR_OMA
1993,645,651,IRQ,EGY,0,0.0,0,,,1,0.0025093513000000005,0.134,7.168733968599368,1.170065659531165,2,0.04,0.008,IRQ_EGY
1993,645,652,IRQ,SYR,0,0.0,0,,,1,0.0013245624000000006,0.061999999999999986,6.622869293832357,0.03350800551321475,2,0.04,0.008,IRQ_SYR
1993,645,660,IRQ,LEB,0,0.0,0,,,1,0.005713294880000001,0.235,6.719978871505218,0.0,48,23.04,110.592,IRQ_LEB
1993,645,663,IRQ,JOR,0,0.0,0,,,1,0.0049757690000000005,0.15299999999999997,6.69369534640097,6.2433560477394945,23,5.29,12.167,IRQ_JOR
1993,645,666,IRQ,ISR,0,0.0,0,,,0,0.0024928220000000004,0.68,6.778898656857133,0.0,2,0.04,0.008,IRQ_ISR
1993,645,670,IRQ,SAU,1,0.0,0,,,1,0.0043536984,0.066,6.896289800872859,0.0,2,0.04,0.008,IRQ_SAU
1993,645,679,IRQ,YEM,0,0.0,0,,,1,0.0049957348,0.22699999999999998,7.60150227961405,0.0013313365780374899,48,23.04,110.592,IRQ_YEM
1993,645,690,IRQ,KUW,0,0.0,0,,,1,0.0047167046,0.19999999999999996,6.324358962381311,0.0,1,0.01,0.001,IRQ_KUW
1993,645,692,IRQ,BHR,0,0.0,0,,,1,0.005747919210000001,0.033,6.9000254809201955,0.0,2,0.04,0.008,IRQ_BHR
1993,645,694,IRQ,QAT,0,0.0,0,,,1,0.005489885030000001,0.066,7.032006241319994,0.0,2,0.04,0.008,IRQ_QAT
1993,645,696,IRQ,UAE,0,0.0,0,,,1,0.0045286455,0.059000000000000004,7.232082635630662,0.0,2,0.04,0.008,IRQ_UAE
1993,645,698,IRQ,OMA,0,0.0,0,,,0,0.005393288830000001,0.068,7.471249251315212,0.0,2,0.04,0.008,IRQ_OMA
1993,651,652,EGY,SYR,0,0.002351176601739,1,0.0,0.0,1,0.003833913700000001,0.07200000000000001,6.423246963533519,4.142752097642933,48,23.04,110.592,EGY_SYR
1993,651,660,EGY,LEB,0,0.0,1,0.0,0.0,1,0.008222646180000001,0.101,6.376556865408209,3.7234717321832083,48,23.04,110.592,EGY_LEB
1993,651,663,EGY,JOR,0,0.0,0,,,1,0.007485120300000001,0.01899999999999999,6.209595556598647,4.1648962492356985,2,0.04,0.008,EGY_JOR
1993,651,666,EGY,ISR,0,0.8577943531224029,1,1.0,1.0,0,0.005002173300000001,0.546,6.0553778728516345,3.0272308921637485,4,0.16,0.064,EGY_ISR
1993,651,670,EGY,SAU,0,0.7025266459394823,1,1.0,1.0,1,0.0018443470999999993,0.2,7.401536468138869,5.862001069287352,26,6.76,17.576,EGY_SAU
1993,651,679,EGY,YEM,0,0.0,0,,,1,0.007505086100000001,0.093,7.651357903030576,3.2674617777117287,48,23.04,110.592,EGY_YEM
1993,651,690,EGY,KUW,0,0.8577943531224029,1,1.0,1.0,1,0.0072260559,0.06599999999999998,7.388946097618437,3.804237306945859,48,23.04,110.592,EGY_KUW
1993,651,692,EGY,BHR,0,0.8577943531224029,1,1.0,1.0,1,0.008257270510000001,0.16699999999999998,7.571679600865179,1.6890805770241484,48,23.04,110.592,EGY_BHR
1993,651,694,EGY,QAT,0,0.0,1,0.0,0.0,1,0.007999236330000001,0.2,7.632740216390833,2.828767534899351,48,23.04,110.592,EGY_QAT
1993,651,696,EGY,UAE,0,0.0205930640290248,1,0.0,0.0,1,0.007037996800000001,0.193,7.768321862083931,3.9646723609490464,48,23.04,110.592,EGY_UAE
1993,651,698,EGY,OMA,0,0.0,0,,,0,0.007902640130000001,0.20199999999999999,7.937374696163295,1.7337110241336529,48,23.04,110.592,EGY_OMA
1993,652,660,SYR,LEB,0,0.0,1,0.0,0.0,1,0.004388732479999999,0.17300000000000001,4.487512142519859,6.194112246101057,24,5.76,13.824,SYR_LEB
1993,652,663,SYR,JOR,0,0.0,0,,,1,0.0036512066,0.091,5.176149732573829,4.006878027118276,2,0.04,0.008,SYR_JOR
1993,652,666,SYR,ISR,1,0.0,1,0.0,0.0,0,0.0011682595999999998,0.618,5.392718041969521,0.0,7,0.49,0.343,SYR_ISR
1993,652,670,SYR,SAU,0,0.0,1,0.0,0.0,1,0.0056782608,0.128,7.249570360013846,5.188152439276535,48,23.04,110.592,SYR_SAU
1993,652,679,SYR,YEM,0,0.0,0,,,1,0.0036711723999999996,0.165,7.682666761344722,1.364362915497042,48,23.04,110.592,SYR_YEM
1993,652,690,SYR,KUW,0,0.0,1,0.0,0.0,1,0.0033921421999999995,0.13799999999999998,7.089243155027514,4.190113560995327,48,23.04,110.592,SYR_KUW
1993,652,692,SYR,BHR,0,0.0,1,0.0,0.0,1,0.004423356809999999,0.09499999999999999,7.375443730270433,2.1449566326927845,48,23.04,110.592,SYR_BHR
1993,652,694,SYR,QAT,0,0.0,1,0.0,0.0,1,0.004165322629999999,0.128,7.457840076700244,2.48706947585923,48,23.04,110.592,SYR_QAT
1993,652,696,SYR,UAE,0,0.0146570359044656,1,0.0,0.0,1,0.0032040830999999995,0.121,7.61085279039525,3.4264960219627465,48,23.04,110.592,SYR_UAE
1993,652,698,SYR,OMA,0,0.0,0,,,0,0.00406872643,0.12999999999999998,7.796551476546899,1.4041968755208611,48,23.04,110.592,SYR_OMA
1993,660,663,LEB,JOR,0,0.0,0,,,1,0.0007375258799999999,0.08200000000000002,5.40042258948519,4.1165609407422155,48,23.04,110.592,LEB_JOR
1993,660,666,LEB,ISR,1,0.0,1,0.0,0.0,0,0.00322047288,0.445,5.477717994914328,0.0,8,0.64,0.512,LEB_ISR
1993,660,670,LEB,SAU,0,0.0,1,0.0,0.0,1,0.01006699328,0.301,7.308944592227513,4.984660791903037,48,23.04,110.592,LEB_SAU
1993,660,679,LEB,YEM,0,0.0,0,,,1,0.00071756008,0.008000000000000007,7.714855949617927,1.0524913489473857,48,23.04,110.592,LEB_YEM
1993,660,690,LEB,KUW,0,0.0,1,0.0,0.0,1,0.00099659028,0.03500000000000003,7.158903026705945,0.0,48,23.04,110.592,LEB_KUW
1993,660,692,LEB,BHR,0,0.0,1,0.0,0.0,1,3.462433000000001e-05,0.268,7.428927194802272,2.412434160016391,48,23.04,110.592,LEB_BHR
1993,660,694,LEB,QAT,0,0.0,1,0.0,0.0,1,0.00022340985,0.301,7.507250903460627,2.5674820705113097,48,23.04,110.592,LEB_QAT
1993,660,696,LEB,UAE,0,0.0,1,0.0,0.0,1,0.00118464938,0.294,7.6533051383351305,4.486654789721131,48,23.04,110.592,LEB_UAE
1993,660,698,LEB,OMA,0,0.0,0,,,0,0.00032000605,0.303,7.831656973857627,1.5148024989237865,48,23.04,110.592,LEB_OMA
1993,663,666,JOR,ISR,0,0.0,0,,,0,0.002482947,0.527,4.289088639014612,0.0,2,0.04,0.008,JOR_ISR
1993,663,670,JOR,SAU,0,0.0,0,,,1,0.0093294674,0.21899999999999997,7.190977420711825,5.050259579649394,2,0.04,0.008,JOR_SAU
1993,663,679,JOR,YEM,0,0.0,0,,,1,1.9965799999999883e-05,0.07400000000000001,7.614756053830618,3.2090240551577236,48,23.04,110.592,JOR_YEM
1993,663,690,JOR,KUW,0,0.0,0,,,1,0.0002590644000000002,0.046999999999999986,7.078847353824543,1.045563067578294,3,0.09,0.027,JOR_KUW
1993,663,692,JOR,BHR,0,0.0,0,,,1,0.0007721502099999999,0.186,7.351286587896758,3.3647257024501935,2,0.04,0.008,JOR_BHR
1993,663,694,JOR,QAT,0,0.0,0,,,1,0.0005141160299999999,0.21899999999999997,7.433134483755639,3.357340404292741,2,0.04,0.008,JOR_QAT
1993,663,696,JOR,UAE,0,0.0,0,,,1,0.0004471235000000002,0.212,7.5932734323775914,4.170719027034982,2,0.04,0.008,JOR_UAE
1993,663,698,JOR,OMA,0,0.0,0,,,0,0.0004175198299999999,0.22099999999999997,7.786551806428712,1.6549699365296833,2,0.04,0.008,JOR_OMA
1993,666,670,ISR,SAU,0,0.6842847585121965,1,1.0,1.0,0,0.0068465204,0.746,7.225044696186576,0.0,12,1.44,1.728,ISR_SAU
1993,666,679,ISR,YEM,0,0.0,0,,,0,0.0025029127999999998,0.453,7.621293149189817,0.0,48,23.04,110.592,ISR_YEM
1993,666,690,ISR,KUW,0,1.0,1,1.0,1.0,0,0.0022238825999999997,0.48000000000000004,7.131538625583686,0.0,26,6.76,17.576,ISR_KUW
1993,666,692,ISR,BHR,0,1.0,1,1.0,1.0,0,0.00325509721,0.713,7.387771118354598,0.0,48,23.04,110.592,ISR_BHR
1993,666,694,ISR,QAT,0,0.0,1,0.0,0.0,0,0.0029970630299999998,0.746,7.466055916772316,0.0,48,23.04,110.592,ISR_QAT
1993,666,696,ISR,UAE,0,0.0,1,0.0,0.0,0,0.0020358234999999997,0.739,7.622076694773489,0.0,48,23.04,110.592,ISR_UAE
1993,666,698,ISR,OMA,0,0.0,0,,,0,0.0029004668299999997,0.748,7.811244419019083,0.0,48,23.04,110.592,ISR_OMA
1993,670,679,SAU,YEM,0,0.0,0,,,1,0.0093494332,0.293,6.976908137670454,5.326103919671785,48,23.04,110.592,SAU_YEM
1993,670,690,SAU,KUW,0,0.6842847585121965,1,1.0,1.0,1,0.009070403,0.26599999999999996,6.284507225801859,6.1769475595638,48,23.04,110.592,SAU_KUW
1993,670,692,SAU,BHR,0,0.6842847585121965,1,1.0,1.0,1,0.01010161761,0.033,6.052559646467793,7.545836108752543,48,23.04,110.592,SAU_BHR
1993,670,694,SAU,QAT,0,0.1074082780319331,1,0.0,0.0,1,0.00984358343,0.0,6.195629131824389,5.149917585225261,1,0.01,0.001,SAU_QAT
1993,670,696,SAU,UAE,0,0.022602752111097,1,0.0,0.0,1,0.008882343899999999,0.006999999999999999,6.652992053287465,6.519204365957433,48,23.04,110.592,SAU_UAE
1993,670,698,SAU,OMA,0,0.0,0,,,0,0.00974698723,0.002,7.100192169517185,4.706303379095205,48,23.04,110.592,SAU_OMA
1993,679,690,YEM,KUW,0,0.0,0,,,1,0.00027903020000000006,0.027000000000000024,7.381937665049289,2.4069469101184673,48,23.04,110.592,YEM_KUW
1993,679,692,YEM,BHR,0,0.0,0,,,1,0.00075218441,0.26,7.228388451573604,3.329995894406576,48,23.04,110.592,YEM_BHR
1993,679,694,YEM,QAT,0,0.0,0,,,1,0.00049415023,0.293,7.201618210508999,0.4722907742344735,48,23.04,110.592,YEM_QAT
1993,679,696,YEM,UAE,0,0.0,0,,,1,0.00046708930000000006,0.286,7.2911111015022,5.380453972792766,48,23.04,110.592,YEM_UAE
1993,679,698,YEM,OMA,0,0.0,0,,,0,0.00039755403000000004,0.295,7.475735983249187,1.250376351360443,48,23.04,110.592,YEM_OMA
1993,690,692,KUW,BHR,0,1.0,1,1.0,1.0,1,0.00103121461,0.23299999999999998,6.076035448558252,0.0,48,23.04,110.592,KUW_BHR
1993,690,694,KUW,QAT,0,0.0,1,0.0,0.0,1,0.0007731804300000001,0.26599999999999996,6.355065451117447,2.0487557234693097,48,23.04,110.592,KUW_QAT
1993,690,696,KUW,UAE,0,0.0,1,0.0,0.0,1,0.0001880591,0.25899999999999995,6.728867818922465,3.4011973816621555,48,23.04,110.592,KUW_UAE
1993,690,698,KUW,OMA,0,0.0,0,,,0,0.0006765842300000001,0.26799999999999996,7.118907217443969,2.7142077378354936,48,23.04,110.592,KUW_OMA
1993,692,694,BHR,QAT,0,0.0,1,0.0,0.0,1,0.00025803418,0.033,4.954417614098027,3.560963749669334,7,0.49,0.343,BHR_QAT
1993,692,696,BHR,UAE,0,0.0,1,0.0,0.0,1,0.00121927371,0.026000000000000002,6.058422015232863,4.957158705775401,48,23.04,110.592,BHR_UAE
1993,692,698,BHR,OMA,0,0.0,0,,,0,0.00035463038,0.035,6.755419617678439,3.5988571214706635,48,23.04,110.592,BHR_OMA
1993,694,696,QAT,UAE,0,0.0,1,0.0,0.0,1,0.0009612395300000001,0.006999999999999999,5.707442435487688,5.364717138857504,48,23.04,110.592,QAT_UAE
1993,694,698,QAT,OMA,0,0.0,0,,,0,9.659619999999997e-05,0.002,6.606379879398354,2.7994520867984476,48,23.04,110.592,QAT_OMA
1993,696,698,UAE,OMA,0,0.0,0,,,0,0.0008646433300000001,0.009,6.0888180923638915,6.962105670682198,48,23.04,110.592,UAE_OMA
1994,630,640,IRN,TUR,0,0.0108797444225718,1,0.0,0.0,0,0.0036631700000000003,0.371,7.4353790210240085,7.064331586024234,6,0.36,0.216,IRN_TUR
1994,630,645,IRN,IRQ,0,0.0,0,,,0,0.0052457998,0.082,6.5441995739511825,0.0,1,0.01,0.001,IRN_IRQ
1994,630,651,IRN,EGY,0,0.0646373994819716,1,0.0,0.0,0,0.0028448073999999997,0.05199999999999999,7.5927190667340625,1.723613042976667,1,0.01,0.001,IRN_EGY
1994,630,652,IRN,SYR,0,0.1303296019003681,1,0.0,0.0,0,0.0076653614,0.02100000000000002,7.247080584585756,3.085701260001652,49,24.01,117.649,IRN_SYR
1994,630,660,IRN,LEB,0,0.0,1,0.0,0.0,0,0.01101714114,0.147,7.291860547968892,3.658935577740864,49,24.01,117.649,IRN_LEB
1994,630,663,IRN,JOR,0,0.0,1,0.0,0.0,0,0.0103723618,0.062,7.305188215393037,3.256944336030094,49,24.01,117.649,IRN_JOR
1994,630,666,IRN,ISR,0,0.0,1,0.0,0.0,0,0.0081008879,0.607,7.35224877405778,0.0,49,24.01,117.649,IRN_ISR
1994,630,670,IRN,SAU,0,0.0,1,0.0,0.0,0,0.001990005099999999,0.14900000000000002,7.174111564719166,4.689544422109733,6,0.36,0.216,IRN_SAU
1994,630,679,IRN,YEM,0,0.0,0,,,0,0.0103076412,0.153,7.772289451283258,0.4320040671838688,49,24.01,117.649,IRN_YEM
1994,630,690,IRN,KUW,0,0.0,1,0.0,0.0,0,0.0098258282,0.11699999999999997,6.652475857637857,4.347046915777855,6,0.36,0.216,IRN_KUW
1994,630,692,IRN,BHR,0,0.0,1,0.0,0.0,0,0.01116655934,0.116,6.964135612418245,4.207673202886245,6,0.36,0.216,IRN_BHR
1994,630,694,IRN,QAT,0,0.0,1,0.0,0.0,0,0.01102177511,0.14800000000000002,7.055916629962658,3.9313730793571042,7,0.49,0.343,IRN_QAT
1994,630,696,IRN,UAE,0,0.256190727081138,1,0.0,0.0,0,0.0097992646,0.14100000000000001,7.155474362862388,7.221835825288449,2,0.04,0.008,IRN_UAE
1994,630,698,IRN,OMA,0,0.0,1,0.0,0.0,0,0.010764969899999999,0.15000000000000002,7.320725486576075,1.9107221051786665,10,1.0,1.0,IRN_OMA
1994,640,645,TUR,IRQ,0,0.0,0,,,0,0.0089089698,0.453,7.141165942652124,5.351858133476067,3,0.09,0.027,TUR_IRQ
1994,640,651,TUR,EGY,0,0.8365676561563492,1,1.0,1.0,0,0.0065079774,0.31900000000000006,7.011574607621134,5.494381066082493,35,12.25,42.875,TUR_EGY
1994,640,652,TUR,SYR,0,0.0040899630937663,1,0.0,0.0,0,0.011328531400000001,0.392,6.655955018418123,5.681247764618484,5,0.25,0.125,TUR_SYR
1994,640,660,TUR,LEB,0,0.0,1,0.0,0.0,0,0.014680311140000001,0.22400000000000003,6.56512411504534,4.7535901911063645,49,24.01,117.649,TUR_LEB
1994,640,663,TUR,JOR,0,0.8379746937305673,1,1.0,1.0,0,0.0140355318,0.30900000000000005,6.834216375647267,4.639911651504035,3,0.09,0.027,TUR_JOR
1994,640,666,TUR,ISR,0,0.8379746937305673,1,1.0,1.0,0,0.0117640579,0.236,6.83722551279161,5.400873999999481,18,3.24,5.832,TUR_ISR
1994,640,670,TUR,SAU,0,0.8240001230007173,1,1.0,1.0,0,0.0056531750999999995,0.52,7.664581236205265,7.596499581082288,49,24.01,117.649,TUR_SAU
1994,640,679,TUR,YEM,0,0.0,0,,,0,0.0139708112,0.21800000000000003,7.9884411791167915,4.9724032760228765,49,24.01,117.649,TUR_YEM
1994,640,690,TUR,KUW,0,0.8379746937305673,1,1.0,1.0,0,0.0134889982,0.25400000000000006,7.501247856381898,5.232177564043492,49,24.01,117.649,TUR_KUW
1994,640,692,TUR,BHR,0,0.8379746937305673,1,1.0,1.0,0,0.01482972934,0.48700000000000004,7.714454334226198,2.7549337870010606,49,24.01,117.649,TUR_BHR
1994,640,694,TUR,QAT,0,0.0176031367783845,1,0.0,0.0,0,0.01468494511,0.519,7.775401836029897,2.3903745630240905,49,24.01,117.649,TUR_QAT
1994,640,696,TUR,UAE,0,0.2244264111818923,1,0.0,0.0,0,0.0134624346,0.512,7.879707749681193,5.819610296423348,49,24.01,117.649,TUR_UAE
1994,640,698,TUR,OMA,0,0.1423219668851017,1,0.0,0.0,0,0.0144281399,0.521,8.011852497880817,2.502665277775442,49,24.01,117.649,TUR_OMA
1994,645,651,IRQ,EGY,0,0.0,0,,,1,0.0024009924000000004,0.134,7.168733968599368,0.2489739281126578,3,0.09,0.027,IRQ_EGY
1994,645,652,IRQ,SYR,0,0.0,0,,,1,0.0024195616,0.060999999999999985,6.622869293832357,0.04118896525825665,3,0.09,0.027,IRQ_SYR
1994,645,660,IRQ,LEB,0,0.0,0,,,1,0.00577134134,0.22899999999999998,6.719978871505218,0.0,49,24.01,117.649,IRQ_LEB
1994,645,663,IRQ,JOR,0,0.0,0,,,1,0.0051265619999999994,0.14400000000000002,6.69369534640097,6.3406576542785285,24,5.76,13.824,IRQ_JOR
1994,645,666,IRQ,ISR,0,0.0,0,,,0,0.0028550881,0.6890000000000001,6.778898656857133,0.0,3,0.09,0.027,IRQ_ISR
1994,645,670,IRQ,SAU,0,0.0,0,,,1,0.003255794700000001,0.067,6.896289800872859,0.0,1,0.01,0.001,IRQ_SAU
1994,645,679,IRQ,YEM,0,0.0,0,,,1,0.005061841399999999,0.235,7.60150227961405,0.0,49,24.01,117.649,IRQ_YEM
1994,645,690,IRQ,KUW,0,0.0,0,,,1,0.0045800284,0.19899999999999995,6.324358962381311,0.0,1,0.01,0.001,IRQ_KUW
1994,645,692,IRQ,BHR,1,0.0,0,,,1,0.00592075954,0.034,6.9000254809201955,0.0,3,0.09,0.027,IRQ_BHR
1994,645,694,IRQ,QAT,0,0.0,0,,,1,0.00577597531,0.066,7.032006241319994,0.0,3,0.09,0.027,IRQ_QAT
1994,645,696,IRQ,UAE,1,0.0,0,,,1,0.0045534647999999995,0.059000000000000004,7.232082635630662,0.0,3,0.09,0.027,IRQ_UAE
1994,645,698,IRQ,OMA,1,0.0,0,,,0,0.0055191701,0.068,7.471249251315212,0.0,3,0.09,0.027,IRQ_OMA
1994,651,652,EGY,SYR,0,0.0184678284234204,1,0.0,0.0,1,0.004820554,0.07300000000000001,6.423246963533519,4.1425655644496,49,24.01,117.649,EGY_SYR
1994,651,660,EGY,LEB,0,0.0,1,0.0,0.0,1,0.008172333740000001,0.095,6.376556865408209,3.8073747471658987,49,24.01,117.649,EGY_LEB
1994,651,663,EGY,JOR,0,0.7861100248947877,1,1.0,1.0,1,0.007527554400000001,0.010000000000000009,6.209595556598647,3.7753479108323575,3,0.09,0.027,EGY_JOR
1994,651,666,EGY,ISR,0,0.7861100248947877,1,1.0,1.0,0,0.0052560805,0.555,6.0553778728516345,3.5864768927260866,5,0.25,0.125,EGY_ISR
1994,651,670,EGY,SAU,0,0.7866014052499132,1,1.0,1.0,1,0.0008548023000000005,0.201,7.401536468138869,6.035060817762979,27,7.29,19.683,EGY_SAU
1994,651,679,EGY,YEM,0,0.0,0,,,1,0.007462833800000001,0.101,7.651357903030576,3.5725828007438802,49,24.01,117.649,EGY_YEM
1994,651,690,EGY,KUW,0,0.7861100248947877,1,1.0,1.0,1,0.0069810208,0.06499999999999997,7.388946097618437,3.8019258227876342,49,24.01,117.649,EGY_KUW
1994,651,692,EGY,BHR,0,0.7861100248947877,1,1.0,1.0,1,0.00832175194,0.16799999999999998,7.571679600865179,1.7859660698507696,49,24.01,117.649,EGY_BHR
1994,651,694,EGY,QAT,0,0.0,1,0.0,0.0,1,0.00817696771,0.2,7.632740216390833,2.677167398759227,49,24.01,117.649,EGY_QAT
1994,651,696,EGY,UAE,0,0.2363625861859429,1,0.0,0.0,1,0.0069544572,0.193,7.768321862083931,4.186405240838791,49,24.01,117.649,EGY_UAE
1994,651,698,EGY,OMA,0,0.1587385529996446,1,0.0,0.0,0,0.0079201625,0.202,7.937374696163295,1.6173793952192497,49,24.01,117.649,EGY_OMA
1994,652,660,SYR,LEB,0,0.0,1,0.0,0.0,1,0.0033517797399999997,0.168,4.487512142519859,6.065318149412437,25,6.25,15.625,SYR_LEB
1994,652,663,SYR,JOR,0,0.0,1,0.0,0.0,1,0.0027070004,0.08300000000000002,5.176149732573829,4.234472205836351,3,0.09,0.027,SYR_JOR
1994,652,666,SYR,ISR,0,0.0,1,0.0,0.0,0,0.00043552650000000005,0.628,5.392718041969521,0.0,1,0.01,0.001,SYR_ISR
1994,652,670,SYR,SAU,0,0.0,1,0.0,0.0,1,0.005675356300000001,0.128,7.249570360013846,5.124605737718047,49,24.01,117.649,SYR_SAU
1994,652,679,SYR,YEM,0,0.0,0,,,1,0.0026422798,0.17400000000000002,7.682666761344722,2.204945946250413,49,24.01,117.649,SYR_YEM
1994,652,690,SYR,KUW,0,0.0,1,0.0,0.0,1,0.0021604668,0.13799999999999998,7.089243155027514,4.180354277994367,49,24.01,117.649,SYR_KUW
1994,652,692,SYR,BHR,0,0.0,1,0.0,0.0,1,0.00350119794,0.09499999999999999,7.375443730270433,2.2538991543929403,49,24.01,117.649,SYR_BHR
1994,652,694,SYR,QAT,0,0.0,1,0.0,0.0,1,0.0033564137099999997,0.127,7.457840076700244,2.5594793472735087,49,24.01,117.649,SYR_QAT
1994,652,696,SYR,UAE,0,0.0302552103172443,1,0.0,0.0,1,0.0021339031999999996,0.12,7.61085279039525,3.751854206326967,49,24.01,117.649,SYR_UAE
1994,652,698,SYR,OMA,0,0.0,1,0.0,0.0,0,0.0030996085,0.129,7.796551476546899,2.6887740032177496,49,24.01,117.649,SYR_OMA
1994,660,663,LEB,JOR,0,0.0,1,0.0,0.0,1,0.00064477934,0.08499999999999999,5.40042258948519,4.155014892797796,49,24.01,117.649,LEB_JOR
1994,660,666,LEB,ISR,0,0.0,1,0.0,0.0,0,0.0029162532399999996,0.46,5.477717994914328,0.0,1,0.01,0.001,LEB_ISR
1994,660,670,LEB,SAU,0,0.0,1,0.0,0.0,1,0.009027136040000001,0.296,7.308944592227513,5.056982985793322,49,24.01,117.649,LEB_SAU
1994,660,679,LEB,YEM,0,0.0,0,,,1,0.0007094999400000001,0.006000000000000005,7.714855949617927,0.9832845986819314,49,24.01,117.649,LEB_YEM
1994,660,690,LEB,KUW,0,0.0,1,0.0,0.0,1,0.00119131294,0.030000000000000027,7.158903026705945,0.0,49,24.01,117.649,LEB_KUW
1994,660,692,LEB,BHR,0,0.0,1,0.0,0.0,1,0.00014941819999999997,0.263,7.428927194802272,2.571978747156333,49,24.01,117.649,LEB_BHR
1994,660,694,LEB,QAT,0,0.0,1,0.0,0.0,1,4.633970000000008e-06,0.295,7.507250903460627,2.432262882518794,49,24.01,117.649,LEB_QAT
1994,660,696,LEB,UAE,0,0.0,1,0.0,0.0,1,0.0012178765400000001,0.288,7.6533051383351305,4.606042915049273,49,24.01,117.649,LEB_UAE
1994,660,698,LEB,OMA,0,0.0,1,0.0,0.0,0,0.00025217124000000005,0.297,7.831656973857627,1.5451250938237975,49,24.01,117.649,LEB_OMA
1994,663,666,JOR,ISR,0,1.0,1,1.0,1.0,0,0.0022714739,0.545,4.289088639014612,0.0,3,0.09,0.027,JOR_ISR
1994,663,670,JOR,SAU,0,0.7691789256051769,1,1.0,1.0,1,0.008382356700000001,0.21100000000000002,7.190977420711825,5.185908514065081,3,0.09,0.027,JOR_SAU
1994,663,679,JOR,YEM,0,0.0,0,,,1,6.472060000000009e-05,0.091,7.614756053830618,3.395195674058491,49,24.01,117.649,JOR_YEM
1994,663,690,JOR,KUW,0,0.9816086316821973,1,1.0,1.0,1,0.0005465336000000001,0.054999999999999966,7.078847353824543,1.31161690761167,4,0.16,0.064,JOR_KUW
1994,663,692,JOR,BHR,0,1.0,1,1.0,1.0,1,0.00079419754,0.178,7.351286587896758,3.689843064692101,3,0.09,0.027,JOR_BHR
1994,663,694,JOR,QAT,0,0.0,1,0.0,0.0,1,0.00064941331,0.21000000000000002,7.433134483755639,3.190209318811982,3,0.09,0.027,JOR_QAT
1994,663,696,JOR,UAE,0,0.2007376185458377,1,0.0,0.0,1,0.0005730972000000001,0.203,7.5932734323775914,4.27259944462671,3,0.09,0.027,JOR_UAE
1994,663,698,JOR,OMA,0,0.1413160733549083,1,0.0,0.0,0,0.00039260809999999995,0.21200000000000002,7.786551806428712,1.8961327126930339,3,0.09,0.027,JOR_OMA
1994,666,670,ISR,SAU,0,0.7691789256051769,1,1.0,1.0,0,0.006110882800000001,0.756,7.225044696186576,0.0,13,1.69,2.197,ISR_SAU
1994,666,679,ISR,YEM,0,0.0,0,,,0,0.0022067532999999998,0.454,7.621293149189817,0.0,49,24.01,117.649,ISR_YEM
1994,666,690,ISR,KUW,0,0.9816086316821973,1,1.0,1.0,0,0.0017249402999999998,0.49000000000000005,7.131538625583686,0.0,27,7.29,19.683,ISR_KUW
1994,666,692,ISR,BHR,0,1.0,1,1.0,1.0,0,0.00306567144,0.723,7.387771118354598,0.0,49,24.01,117.649,ISR_BHR
1994,666,694,ISR,QAT,0,0.0,1,0.0,0.0,0,0.0029208872099999996,0.755,7.466055916772316,0.0,49,24.01,117.649,ISR_QAT
1994,666,696,ISR,UAE,0,0.2007376185458377,1,0.0,0.0,0,0.0016983766999999997,0.748,7.622076694773489,0.0,49,24.01,117.649,ISR_UAE
1994,666,698,ISR,OMA,0,0.1413160733549083,1,0.0,0.0,0,0.002664082,0.757,7.811244419019083,0.0,49,24.01,117.649,ISR_OMA
1994,670,679,SAU,YEM,1,0.0,0,,,1,0.008317636100000001,0.302,6.976908137670454,5.404326246971994,49,24.01,117.649,SAU_YEM
1994,670,690,SAU,KUW,0,0.7691789256051769,1,1.0,1.0,1,0.0078358231,0.26599999999999996,6.284507225801859,6.273854698261146,49,24.01,117.649,SAU_KUW
1994,670,692,SAU,BHR,0,0.7691789256051769,1,1.0,1.0,1,0.00917655424,0.033,6.052559646467793,7.393429419392668,49,24.01,117.649,SAU_BHR
1994,670,694,SAU,QAT,0,0.0248303680468635,1,0.0,0.0,1,0.00903177001,0.0010000000000000009,6.195629131824389,5.220356798050824,2,0.04,0.008,SAU_QAT
1994,670,696,SAU,UAE,0,0.3014526317971464,1,0.0,0.0,1,0.0078092595,0.008,6.652992053287465,6.649827782487235,49,24.01,117.649,SAU_UAE
1994,670,698,SAU,OMA,0,0.2172007185593534,1,0.0,0.0,0,0.0087749648,0.0010000000000000009,7.100192169517185,4.843352407502349,49,24.01,117.649,SAU_OMA
1994,679,690,YEM,KUW,0,0.0,0,,,1,0.000481813,0.03600000000000003,7.381937665049289,2.4203866173684006,49,24.01,117.649,YEM_KUW
1994,679,692,YEM,BHR,0,0.0,0,,,1,0.0008589181400000001,0.269,7.228388451573604,2.818234185110318,49,24.01,117.649,YEM_BHR
1994,679,694,YEM,QAT,0,0.0,0,,,1,0.0007141339100000001,0.301,7.201618210508999,0.38375332393120826,49,24.01,117.649,YEM_QAT
1994,679,696,YEM,UAE,0,0.0,0,,,1,0.0005083766,0.294,7.2911111015022,5.631219236990709,49,24.01,117.649,YEM_UAE
1994,679,698,YEM,OMA,0,0.0,0,,,0,0.00045732870000000003,0.303,7.475735983249187,1.4413423565370846,49,24.01,117.649,YEM_OMA
1994,690,692,KUW,BHR,0,0.9816086316821973,1,1.0,1.0,1,0.00134073114,0.23299999999999998,6.076035448558252,0.0,49,24.01,117.649,KUW_BHR
1994,690,694,KUW,QAT,0,0.0,1,0.0,0.0,1,0.00119594691,0.26499999999999996,6.355065451117447,2.3953946488427755,49,24.01,117.649,KUW_QAT
1994,690,696,KUW,UAE,0,0.2007376185458377,1,0.0,0.0,1,2.6563600000000052e-05,0.25799999999999995,6.728867818922465,4.07753744390572,49,24.01,117.649,KUW_UAE
1994,690,698,KUW,OMA,0,0.1413160733549083,1,0.0,0.0,0,0.0009391417,0.26699999999999996,7.118907217443969,2.9949486165750545,49,24.01,117.649,KUW_OMA
1994,692,694,BHR,QAT,0,0.0,1,0.0,0.0,1,0.00014478422999999996,0.032,4.954417614098027,3.2762420993258563,8,0.64,0.512,BHR_QAT
1994,692,696,BHR,UAE,0,0.2007376185458377,1,0.0,0.0,1,0.00136729474,0.025,6.058422015232863,5.270471853787523,49,24.01,117.649,BHR_UAE
1994,692,698,BHR,OMA,0,0.1413160733549083,1,0.0,0.0,0,0.00040158944,0.034,6.755419617678439,3.3821551911606136,49,24.01,117.649,BHR_OMA
1994,694,696,QAT,UAE,0,0.0296364594309799,1,0.0,0.0,1,0.0012225105100000001,0.006999999999999999,5.707442435487688,5.560850655191675,49,24.01,117.649,QAT_UAE
1994,694,698,QAT,OMA,0,0.0,1,0.0,0.0,0,0.00025680521000000006,0.0020000000000000018,6.606379879398354,2.8058080495866906,49,24.01,117.649,QAT_OMA
1994,696,698,UAE,OMA,0,0.4903677066531169,1,0.0,0.0,0,0.0009657053000000001,0.009000000000000001,6.0888180923638915,7.054408638293365,49,24.01,117.649,UAE_OMA
1995,630,640,IRN,TUR,0,0.0098146583086435,1,0.0,0.0,0,0.0032733189999999985,0.373,7.4353790210240085,6.8746616766895015,7,0.49,0.343,IRN_TUR
1995,630,645,IRN,IRQ,0,0.0,0,,,0,0.0058118302000000005,0.068,6.5441995739511825,0.0,1,0.01,0.001,IRN_IRQ
1995,630,651,IRN,EGY,0,0.0530418516078461,1,0.0,0.0,0,0.0032345160000000015,0.05199999999999999,7.5927190667340625,1.6343256084334905,2,0.04,0.008,IRN_EGY
1995,630,652,IRN,SYR,0,0.0240071335482543,1,0.0,0.0,0,0.008124120700000001,0.020000000000000018,7.247080584585756,3.491616102612082,50,25.0,125.0,IRN_SYR
1995,630,660,IRN,LEB,0,0.0,1,0.0,0.0,0,0.0113943675,0.147,7.291860547968892,3.6011405125133527,50,25.0,125.0,IRN_LEB
1995,630,663,IRN,JOR,0,0.0,1,0.0,0.0,0,0.0107931503,0.062,7.305188215393037,2.754209415292453,50,25.0,125.0,IRN_JOR
1995,630,666,IRN,ISR,0,0.0,1,0.0,0.0,0,0.0080701291,0.607,7.35224877405778,0.0,50,25.0,125.0,IRN_ISR
1995,630,670,IRN,SAU,0,0.0,1,0.0,0.0,0,0.0024847082000000013,0.15000000000000002,7.174111564719166,4.555100216717364,7,0.49,0.343,IRN_SAU
1995,630,679,IRN,YEM,0,0.5248439536319364,1,1.0,0.0,0,0.0107662334,0.13399999999999998,7.772289451283258,0.6869246859331166,50,25.0,125.0,IRN_YEM
1995,630,690,IRN,KUW,0,0.5218377765173001,1,1.0,0.0,0,0.0101287997,0.11699999999999997,6.652475857637857,4.537899904989865,7,0.49,0.343,IRN_KUW
1995,630,692,IRN,BHR,0,0.0308663145620412,1,0.0,0.0,0,0.01160036377,0.116,6.964135612418245,4.287299962096098,7,0.49,0.343,IRN_BHR
1995,630,694,IRN,QAT,0,0.0,1,0.0,0.0,0,0.01138509863,0.14800000000000002,7.055916629962658,3.112489138432749,8,0.64,0.512,IRN_QAT
1995,630,696,IRN,UAE,0,0.2796789864991814,1,0.0,0.0,0,0.010259582900000001,0.138,7.155474362862388,6.824482338051547,3,0.09,0.027,IRN_UAE
1995,630,698,IRN,OMA,0,0.0,1,0.0,0.0,0,0.011217059750000001,0.15000000000000002,7.320725486576075,2.366819436624329,11,1.21,1.331,IRN_OMA
1995,640,645,TUR,IRQ,1,0.0,0,,,0,0.0090851492,0.44100000000000006,7.141165942652124,5.050003368186252,4,0.16,0.064,TUR_IRQ
1995,640,651,TUR,EGY,0,0.8040968703376371,1,1.0,1.0,0,0.006507835,0.32100000000000006,7.011574607621134,5.593323837484704,36,12.96,46.656,TUR_EGY
1995,640,652,TUR,SYR,0,0.0,1,0.0,0.0,0,0.0113974397,0.393,6.655955018418123,5.71968623673584,6,0.36,0.216,TUR_SYR
1995,640,660,TUR,LEB,0,0.7501995305289724,1,1.0,1.0,0,0.014667686499999999,0.22600000000000003,6.56512411504534,5.218043965600186,50,25.0,125.0,TUR_LEB
1995,640,663,TUR,JOR,0,0.7501995305289724,1,1.0,1.0,0,0.014066469299999999,0.31100000000000005,6.834216375647267,4.660059427202116,4,0.16,0.064,TUR_JOR
1995,640,666,TUR,ISR,0,0.7817676782679038,1,1.0,1.0,0,0.0113434481,0.23399999999999999,6.83722551279161,5.66338403625672,19,3.61,6.859,TUR_ISR
1995,640,670,TUR,SAU,0,0.7886632469573599,1,1.0,1.0,0,0.0057580272,0.523,7.664581236205265,7.433282778595854,50,25.0,125.0,TUR_SAU
1995,640,679,TUR,YEM,0,0.0026027114783208,1,0.0,0.0,0,0.014039552399999999,0.23900000000000005,7.9884411791167915,4.571116743467234,50,25.0,125.0,TUR_YEM
1995,640,690,TUR,KUW,0,0.3832039593512647,1,0.0,0.0,0,0.0134021187,0.25600000000000006,7.501247856381898,5.482896123946901,50,25.0,125.0,TUR_KUW
1995,640,692,TUR,BHR,0,0.1232804848992517,1,0.0,0.0,0,0.014873682769999999,0.48900000000000005,7.714454334226198,3.1523831823451594,50,25.0,125.0,TUR_BHR
1995,640,694,TUR,QAT,0,0.0186976399304661,1,0.0,0.0,0,0.01465841763,0.521,7.775401836029897,2.4396985747698454,50,25.0,125.0,TUR_QAT
1995,640,696,TUR,UAE,0,0.1518939656901056,1,0.0,0.0,0,0.0135329019,0.511,7.879707749681193,5.280629351881791,50,25.0,125.0,TUR_UAE
1995,640,698,TUR,OMA,0,0.1339870927650155,1,0.0,0.0,0,0.01449037875,0.523,8.011852497880817,2.7646596198274698,50,25.0,125.0,TUR_OMA
1995,645,651,IRQ,EGY,0,0.0,0,,,1,0.002577314199999999,0.12,7.168733968599368,0.21808469686046325,4,0.16,0.064,IRQ_EGY
1995,645,652,IRQ,SYR,0,0.0,0,,,1,0.0023122905000000004,0.04799999999999999,6.622869293832357,0.039057947022977935,4,0.16,0.064,IRQ_SYR
1995,645,660,IRQ,LEB,0,0.0,0,,,1,0.0055825373,0.215,6.719978871505218,0.0,50,25.0,125.0,IRQ_LEB
1995,645,663,IRQ,JOR,0,0.0,0,,,1,0.0049813201000000005,0.13,6.69369534640097,6.369296296617708,25,6.25,15.625,IRQ_JOR
1995,645,666,IRQ,ISR,0,0.0,0,,,0,0.0022582989000000005,0.675,6.778898656857133,0.0,4,0.16,0.064,IRQ_ISR
1995,645,670,IRQ,SAU,0,0.0,0,,,1,0.003327121999999999,0.082,6.896289800872859,0.0,2,0.04,0.008,IRQ_SAU
1995,645,679,IRQ,YEM,0,0.0,0,,,1,0.0049544032000000005,0.20199999999999999,7.60150227961405,0.0,50,25.0,125.0,IRQ_YEM
1995,645,690,IRQ,KUW,0,0.0,0,,,1,0.0043169695,0.18499999999999997,6.324358962381311,0.0,1,0.01,0.001,IRQ_KUW
1995,645,692,IRQ,BHR,0,0.0,0,,,1,0.0057885335700000005,0.048,6.9000254809201955,0.013913753236383662,1,0.01,0.001,IRQ_BHR
1995,645,694,IRQ,QAT,0,0.0,0,,,1,0.00557326843,0.08,7.032006241319994,0.0,4,0.16,0.064,IRQ_QAT
1995,645,696,IRQ,UAE,0,0.0,0,,,1,0.0044477527,0.07,7.232082635630662,0.0,1,0.01,0.001,IRQ_UAE
1995,645,698,IRQ,OMA,0,0.0,0,,,0,0.0054052295500000005,0.082,7.471249251315212,0.0,1,0.01,0.001,IRQ_OMA
1995,651,652,EGY,SYR,0,0.0,1,0.0,0.0,1,0.0048896046999999995,0.07200000000000001,6.423246963533519,4.469263620586904,50,25.0,125.0,EGY_SYR
1995,651,660,EGY,LEB,0,0.837796767476641,1,1.0,1.0,1,0.008159851499999999,0.095,6.376556865408209,4.10690208545299,50,25.0,125.0,EGY_LEB
1995,651,663,EGY,JOR,0,0.837796767476641,1,1.0,1.0,1,0.0075586342999999995,0.010000000000000009,6.209595556598647,3.9575262688911432,4,0.16,0.064,EGY_JOR
1995,651,666,EGY,ISR,0,0.8693649152155725,1,1.0,1.0,0,0.0048356130999999995,0.555,6.0553778728516345,3.51250023659787,6,0.36,0.216,EGY_ISR
1995,651,670,EGY,SAU,0,0.8283798600231042,1,1.0,1.0,1,0.0007498078000000002,0.202,7.401536468138869,6.020499668563356,28,7.84,21.952,EGY_SAU
1995,651,679,EGY,YEM,0,0.0081590518187953,1,0.0,0.0,1,0.007531717399999999,0.08199999999999999,7.651357903030576,3.388319314167592,50,25.0,125.0,EGY_YEM
1995,651,690,EGY,KUW,0,0.3887602996917392,1,0.0,0.0,1,0.006894283699999999,0.06499999999999997,7.388946097618437,4.298489402213075,50,25.0,125.0,EGY_KUW
1995,651,692,EGY,BHR,0,0.0512946283303438,1,0.0,0.0,1,0.008365847769999999,0.16799999999999998,7.571679600865179,2.4267450859024255,50,25.0,125.0,EGY_BHR
1995,651,694,EGY,QAT,0,0.0,1,0.0,0.0,1,0.00815058263,0.2,7.632740216390833,2.66912889912093,50,25.0,125.0,EGY_QAT
1995,651,696,EGY,UAE,0,0.1288343611566378,1,0.0,0.0,1,0.007025066899999999,0.19,7.768321862083931,4.061666382611219,50,25.0,125.0,EGY_UAE
1995,651,698,EGY,OMA,0,0.121379541269044,1,0.0,0.0,0,0.00798254375,0.202,7.937374696163295,1.3931517950828947,50,25.0,125.0,EGY_OMA
1995,652,660,SYR,LEB,0,0.0,1,0.0,0.0,1,0.0032702467999999995,0.167,4.487512142519859,6.183982815292016,26,6.76,17.576,SYR_LEB
1995,652,663,SYR,JOR,0,0.0,1,0.0,0.0,1,0.0026690296,0.08200000000000002,5.176149732573829,4.8700959362786715,4,0.16,0.064,SYR_JOR
1995,652,666,SYR,ISR,0,0.0,1,0.0,0.0,0,5.3991599999999966e-05,0.627,5.392718041969521,0.0,1,0.01,0.001,SYR_ISR
1995,652,670,SYR,SAU,0,0.0,1,0.0,0.0,1,0.0056394125,0.13,7.249570360013846,5.3305815351099985,50,25.0,125.0,SYR_SAU
1995,652,679,SYR,YEM,0,0.0,1,0.0,0.0,1,0.0026421126999999997,0.154,7.682666761344722,1.7855388109909978,50,25.0,125.0,SYR_YEM
1995,652,690,SYR,KUW,0,0.0,1,0.0,0.0,1,0.0020046789999999997,0.13699999999999998,7.089243155027514,4.2451612046038365,50,25.0,125.0,SYR_KUW
1995,652,692,SYR,BHR,0,0.0,1,0.0,0.0,1,0.0034762430699999997,0.09599999999999999,7.375443730270433,2.081879854078575,50,25.0,125.0,SYR_BHR
1995,652,694,SYR,QAT,0,0.0,1,0.0,0.0,1,0.0032609779299999997,0.128,7.457840076700244,2.449844511098576,50,25.0,125.0,SYR_QAT
1995,652,696,SYR,UAE,0,0.0,1,0.0,0.0,1,0.0021354621999999995,0.118,7.61085279039525,3.747083265779561,50,25.0,125.0,SYR_UAE
1995,652,698,SYR,OMA,0,0.0030135610246107,1,0.0,0.0,0,0.0030929390499999996,0.13,7.796551476546899,2.180421865789789,50,25.0,125.0,SYR_OMA
1995,660,663,LEB,JOR,0,1.0,1,1.0,1.0,1,0.0006012171999999999,0.08499999999999999,5.40042258948519,4.005872828521398,50,25.0,125.0,LEB_JOR
1995,660,666,LEB,ISR,0,0.9684318522610684,1,1.0,1.0,0,0.0033242383999999995,0.46,5.477717994914328,0.0,1,0.01,0.001,LEB_ISR
1995,660,670,LEB,SAU,0,0.8283798600231042,1,1.0,1.0,1,0.008909659299999999,0.297,7.308944592227513,5.034824690663785,50,25.0,125.0,LEB_SAU
1995,660,679,LEB,YEM,0,0.0,1,0.0,0.0,1,0.0006281341000000001,0.013000000000000012,7.714855949617927,0.9807553502809867,50,25.0,125.0,LEB_YEM
1995,660,690,LEB,KUW,0,0.3380601247872944,1,0.0,0.0,1,0.0012655678,0.030000000000000027,7.158903026705945,4.0082209910162625,50,25.0,125.0,LEB_KUW
1995,660,692,LEB,BHR,0,0.0,1,0.0,0.0,1,0.00020599626999999996,0.263,7.428927194802272,2.4112775116928993,50,25.0,125.0,LEB_BHR
1995,660,694,LEB,QAT,0,0.0,1,0.0,0.0,1,9.268869999999986e-06,0.295,7.507250903460627,2.432262882518794,50,25.0,125.0,LEB_QAT
1995,660,696,LEB,UAE,0,0.0818101296400676,1,0.0,0.0,1,0.0011347846,0.285,7.6533051383351305,4.4151083987488455,50,25.0,125.0,LEB_UAE
1995,660,698,LEB,OMA,0,0.121379541269044,1,0.0,0.0,0,0.00017730774999999996,0.297,7.831656973857627,1.298675035730713,50,25.0,125.0,LEB_OMA
1995,663,666,JOR,ISR,0,0.9684318522610684,1,1.0,1.0,0,0.0027230212,0.545,4.289088639014612,0.0,4,0.16,0.064,JOR_ISR
1995,663,670,JOR,SAU,0,0.8283798600231042,1,1.0,1.0,1,0.008308442099999999,0.21200000000000002,7.190977420711825,5.202947994991915,4,0.16,0.064,JOR_SAU
1995,663,679,JOR,YEM,0,0.0,1,0.0,0.0,1,2.6916900000000183e-05,0.07199999999999998,7.614756053830618,2.9567233219776443,50,25.0,125.0,JOR_YEM
1995,663,690,JOR,KUW,0,0.3380601247872944,1,0.0,0.0,1,0.0006643506000000002,0.054999999999999966,7.078847353824543,1.1138895940838847,5,0.25,0.125,JOR_KUW
1995,663,692,JOR,BHR,0,0.0,1,0.0,0.0,1,0.0008072134699999998,0.178,7.351286587896758,3.663348777320843,4,0.16,0.064,JOR_BHR
1995,663,694,JOR,QAT,0,0.0,1,0.0,0.0,1,0.0005919483299999999,0.21000000000000002,7.433134483755639,3.21906524692671,4,0.16,0.064,JOR_QAT
1995,663,696,JOR,UAE,0,0.0818101296400676,1,0.0,0.0,1,0.0005335674000000001,0.2,7.5932734323775914,4.368186753818817,4,0.16,0.064,JOR_UAE
1995,663,698,JOR,OMA,0,0.121379541269044,1,0.0,0.0,0,0.0004239094499999999,0.21200000000000002,7.786551806428712,2.0264675989516125,4,0.16,0.064,JOR_OMA
1995,666,670,ISR,SAU,0,0.8283798600231042,1,1.0,1.0,0,0.0055854209,0.757,7.225044696186576,0.0,14,1.96,2.744,ISR_SAU
1995,666,679,ISR,YEM,0,0.0,1,0.0,0.0,0,0.0026961042999999996,0.47300000000000003,7.621293149189817,0.0,50,25.0,125.0,ISR_YEM
1995,666,690,ISR,KUW,0,0.3696282725262258,1,0.0,0.0,0,0.0020586705999999996,0.49000000000000005,7.131538625583686,0.0,28,7.84,21.952,ISR_KUW
1995,666,692,ISR,BHR,0,0.0315681477389314,1,0.0,0.0,0,0.0035302346699999996,0.723,7.387771118354598,0.0,50,25.0,125.0,ISR_BHR
1995,666,694,ISR,QAT,0,0.0,1,0.0,0.0,0,0.0033149695299999997,0.755,7.466055916772316,0.0,50,25.0,125.0,ISR_QAT
1995,666,696,ISR,UAE,0,0.113378277378999,1,0.0,0.0,0,0.0021894537999999995,0.745,7.622076694773489,0.0,50,25.0,125.0,ISR_UAE
1995,666,698,ISR,OMA,0,0.121379541269044,1,0.0,0.0,0,0.0031469306499999996,0.757,7.811244419019083,0.0,50,25.0,125.0,ISR_OMA
1995,670,679,SAU,YEM,0,0.0,1,0.0,0.0,1,0.008281525199999999,0.284,6.976908137670454,5.51661909513371,1,0.01,0.001,SAU_YEM
1995,670,690,SAU,KUW,0,0.3380601247872944,1,0.0,0.0,1,0.007644091499999999,0.26699999999999996,6.284507225801859,6.1423691785016254,50,25.0,125.0,SAU_KUW
1995,670,692,SAU,BHR,0,0.0,1,0.0,0.0,1,0.009115655569999999,0.034,6.052559646467793,7.328465783219841,50,25.0,125.0,SAU_BHR
1995,670,694,SAU,QAT,1,0.0,1,0.0,0.0,1,0.008900390429999998,0.0020000000000000018,6.195629131824389,5.141955034486661,3,0.09,0.027,SAU_QAT
1995,670,696,SAU,UAE,0,0.0818101296400676,1,0.0,0.0,1,0.007774874699999999,0.012,6.652992053287465,6.7600099278336865,50,25.0,125.0,SAU_UAE
1995,670,698,SAU,OMA,0,0.121379541269044,1,0.0,0.0,0,0.00873235155,0.0,7.100192169517185,4.955742899130459,50,25.0,125.0,SAU_OMA
1995,679,690,YEM,KUW,0,0.5218377765173001,1,1.0,0.0,1,0.0006374337,0.017000000000000015,7.381937665049289,2.715692259381796,50,25.0,125.0,YEM_KUW
1995,679,692,YEM,BHR,0,0.0,1,0.0,0.0,1,0.00083413037,0.25,7.228388451573604,2.8264213896886705,50,25.0,125.0,YEM_BHR
1995,679,694,YEM,QAT,0,0.0,1,0.0,0.0,1,0.0006188652300000001,0.282,7.201618210508999,0.2866087992000426,50,25.0,125.0,YEM_QAT
1995,679,696,YEM,UAE,0,0.2759213033792307,1,0.0,0.0,1,0.0005066504999999999,0.27199999999999996,7.2911111015022,5.42041561161489,50,25.0,125.0,YEM_UAE
1995,679,698,YEM,OMA,0,0.0,1,0.0,0.0,0,0.0004508263500000001,0.284,7.475735983249187,2.101550294587795,50,25.0,125.0,YEM_OMA
1995,690,692,KUW,BHR,0,0.0425411230856494,1,0.0,0.0,1,0.00147156407,0.23299999999999998,6.076035448558252,4.225097742937356,50,25.0,125.0,KUW_BHR
1995,690,694,KUW,QAT,0,0.0,1,0.0,0.0,1,0.00125629893,0.26499999999999996,6.355065451117447,3.4263157897676106,50,25.0,125.0,KUW_QAT
1995,690,696,KUW,UAE,0,0.3928389295971227,1,0.0,0.0,1,0.00013078320000000005,0.25499999999999995,6.728867818922465,5.278978112877714,50,25.0,125.0,KUW_UAE
1995,690,698,KUW,OMA,0,0.121379541269044,1,0.0,0.0,0,0.00108826005,0.26699999999999996,7.118907217443969,3.142977623517712,50,25.0,125.0,KUW_OMA
1995,692,694,BHR,QAT,0,0.0,1,0.0,0.0,1,0.00021526513999999995,0.032,4.954417614098027,3.3455186960136576,9,0.81,0.729,BHR_QAT
1995,692,696,BHR,UAE,0,0.0351074965778243,1,0.0,0.0,1,0.00134078087,0.022000000000000002,6.058422015232863,5.320787120173061,50,25.0,125.0,BHR_UAE
1995,692,698,BHR,OMA,0,0.0,1,0.0,0.0,0,0.0003833040199999999,0.034,6.755419617678439,3.105117927462862,50,25.0,125.0,BHR_OMA
1995,694,696,QAT,UAE,0,0.425557613334407,1,0.0,0.0,1,0.00112551573,0.009999999999999998,5.707442435487688,5.583661520697369,50,25.0,125.0,QAT_UAE
1995,694,698,QAT,OMA,0,0.0,1,0.0,0.0,0,0.00016803887999999997,0.0020000000000000018,6.606379879398354,2.659600998798674,50,25.0,125.0,QAT_OMA
1995,696,698,UAE,OMA,0,0.2240652763239123,1,0.0,0.0,0,0.00095747685,0.012,6.0888180923638915,7.04000735362827,50,25.0,125.0,UAE_OMA
1996,630,640,IRN,TUR,1,0.0271608845016425,1,0.0,0.0,0,0.0038989000000000003,0.37300000000000005,7.4353790210240085,6.835803738518929,8,0.64,0.512,IRN_TUR
1996,630,645,IRN,IRQ,1,0.0,0,,,0,0.0058816282999999995,0.027999999999999997,6.5441995739511825,0.0,2,0.04,0.008,IRN_IRQ
1996,630,651,IRN,EGY,0,0.0596153494913334,1,0.0,0.0,0,0.0032756372999999984,0.04100000000000001,7.5927190667340625,2.1549595398152435,3,0.09,0.027,IRN_EGY
1996,630,652,IRN,SYR,0,0.0517709357966437,1,0.0,0.0,0,0.008039626099999999,0.028999999999999998,7.247080584585756,3.1611862864771636,51,26.01,132.651,IRN_SYR
1996,630,660,IRN,LEB,0,0.0,1,0.0,0.0,0,0.01147667308,0.138,7.291860547968892,3.455883148435818,51,26.01,132.651,IRN_LEB
1996,630,663,IRN,JOR,0,0.0,1,0.0,0.0,0,0.010860750999999998,0.05300000000000002,7.305188215393037,3.522401669267217,51,26.01,132.651,IRN_JOR
1996,630,666,IRN,ISR,0,0.0,1,0.0,0.0,0,0.007789764299999999,0.599,7.35224877405778,0.0,51,26.01,132.651,IRN_ISR
1996,630,670,IRN,SAU,0,0.0,1,0.0,0.0,0,0.0022507867,0.15799999999999997,7.174111564719166,4.406018867909541,8,0.64,0.512,IRN_SAU
1996,630,679,IRN,YEM,0,0.3551855988048309,1,0.0,0.0,0,0.0108433154,0.125,7.772289451283258,0.4031674906054475,51,26.01,132.651,IRN_YEM
1996,630,690,IRN,KUW,0,0.150379232426562,1,0.0,0.0,0,0.010185448,0.10899999999999999,6.652475857637857,4.486919908691331,8,0.64,0.512,IRN_KUW
1996,630,692,IRN,BHR,0,0.0,1,0.0,0.0,0,0.01167993033,0.12499999999999999,6.964135612418245,4.2758633385406855,8,0.64,0.512,IRN_BHR
1996,630,694,IRN,QAT,0,0.0,1,0.0,0.0,0,0.011456643649999999,0.156,7.055916629962658,3.1861709637691935,9,0.81,0.729,IRN_QAT
1996,630,696,IRN,UAE,0,0.2625653397667873,1,0.0,0.0,0,0.0102406554,0.147,7.155474362862388,6.567094267680703,4,0.16,0.064,IRN_UAE
1996,630,698,IRN,OMA,0,0.0,1,0.0,0.0,0,0.011321552339999999,0.15899999999999997,7.320725486576075,3.5467653350388844,12,1.44,1.728,IRN_OMA
1996,640,645,TUR,IRQ,0,0.0,0,,,0,0.0097805283,0.401,7.141165942652124,4.63481150909654,1,0.01,0.001,TUR_IRQ
1996,640,651,TUR,EGY,0,0.774758093477781,1,1.0,1.0,0,0.007174537299999999,0.3320000000000001,7.011574607621134,5.972811811432952,37,13.69,50.653,TUR_EGY
1996,640,652,TUR,SYR,1,0.0,1,0.0,0.0,0,0.0119385261,0.402,6.655955018418123,6.259468494012919,7,0.49,0.343,TUR_SYR
1996,640,660,TUR,LEB,0,0.7078369413527057,1,1.0,1.0,0,0.01537557308,0.23500000000000004,6.56512411504534,5.483063647986473,51,26.01,132.651,TUR_LEB
1996,640,663,TUR,JOR,0,0.7078369413527057,1,1.0,1.0,0,0.014759650999999999,0.32000000000000006,6.834216375647267,5.006769096643903,5,0.25,0.125,TUR_JOR
1996,640,666,TUR,ISR,0,0.7395081937527928,1,1.0,1.0,0,0.011688664299999998,0.22599999999999998,6.83722551279161,6.0622374766843965,20,4.0,8.0,TUR_ISR
1996,640,670,TUR,SAU,0,0.7078369413527057,1,1.0,1.0,0,0.0061496867,0.531,7.664581236205265,7.498699952122947,51,26.01,132.651,TUR_SAU
1996,640,679,TUR,YEM,0,0.0,1,0.0,0.0,0,0.0147422154,0.24800000000000005,7.9884411791167915,4.064566737663586,51,26.01,132.651,TUR_YEM
1996,640,690,TUR,KUW,0,0.7445025987301169,1,1.0,1.0,0,0.014084348,0.26400000000000007,7.501247856381898,5.475527842325262,51,26.01,132.651,TUR_KUW
1996,640,692,TUR,BHR,0,0.7444263328878802,1,1.0,1.0,0,0.01557883033,0.49800000000000005,7.714454334226198,3.2109913438770303,51,26.01,132.651,TUR_BHR
1996,640,694,TUR,QAT,0,0.0365893915351744,1,0.0,0.0,0,0.01535554365,0.529,7.775401836029897,2.4947762843160004,51,26.01,132.651,TUR_QAT
1996,640,696,TUR,UAE,0,0.14010168866843,1,0.0,0.0,0,0.0141395554,0.52,7.879707749681193,5.488884005705504,51,26.01,132.651,TUR_UAE
1996,640,698,TUR,OMA,0,0.1186085106178249,1,0.0,0.0,0,0.01522045234,0.532,8.011852497880817,3.000669067508738,51,26.01,132.651,TUR_OMA
1996,645,651,IRQ,EGY,0,0.0,0,,,1,0.002605991000000001,0.069,7.168733968599368,0.18621081713967888,5,0.25,0.125,IRQ_EGY
1996,645,652,IRQ,SYR,0,0.0,0,,,1,0.0021579977999999994,0.0010000000000000009,6.622869293832357,0.03692237399411745,5,0.25,0.125,IRQ_SYR
1996,645,660,IRQ,LEB,0,0.0,0,,,1,0.00559504478,0.166,6.719978871505218,0.013699038235694025,51,26.01,132.651,IRQ_LEB
1996,645,663,IRQ,JOR,0,0.0,0,,,1,0.0049791227,0.08100000000000002,6.69369534640097,6.623114882606618,26,6.76,17.576,IRQ_JOR
1996,645,666,IRQ,ISR,0,0.0,0,,,0,0.0019081359999999995,0.627,6.778898656857133,0.0,5,0.25,0.125,IRQ_ISR
1996,645,670,IRQ,SAU,0,0.0,0,,,1,0.0036308415999999994,0.13,6.896289800872859,0.0,3,0.09,0.027,IRQ_SAU
1996,645,679,IRQ,YEM,0,0.0,0,,,1,0.0049616871,0.153,7.60150227961405,0.0,51,26.01,132.651,IRQ_YEM
1996,645,690,IRQ,KUW,0,0.0,0,,,1,0.004303819699999999,0.13699999999999998,6.324358962381311,0.0,1,0.01,0.001,IRQ_KUW
1996,645,692,IRQ,BHR,0,0.0,0,,,1,0.00579830203,0.09699999999999999,6.9000254809201955,0.0,2,0.04,0.008,IRQ_BHR
1996,645,694,IRQ,QAT,0,0.0,0,,,1,0.0055750153499999995,0.128,7.032006241319994,0.0,5,0.25,0.125,IRQ_QAT
1996,645,696,IRQ,UAE,0,0.0,0,,,1,0.004359027099999999,0.119,7.232082635630662,0.0,2,0.04,0.008,IRQ_UAE
1996,645,698,IRQ,OMA,0,0.0,0,,,0,0.0054399240399999995,0.131,7.471249251315212,0.0,2,0.04,0.008,IRQ_OMA
1996,651,652,EGY,SYR,0,0.0,1,0.0,0.0,1,0.0047639888000000005,0.07,6.423246963533519,4.412628678956929,51,26.01,132.651,EGY_SYR
1996,651,660,EGY,LEB,0,0.871801428284415,1,1.0,1.0,1,0.008201035780000001,0.097,6.376556865408209,4.352273466544512,51,26.01,132.651,EGY_LEB
1996,651,663,EGY,JOR,0,0.871801428284415,1,1.0,1.0,1,0.007585113700000001,0.01200000000000001,6.209595556598647,4.051980841658329,5,0.25,0.125,EGY_JOR
1996,651,666,EGY,ISR,0,0.903472680684502,1,1.0,1.0,0,0.004514127000000001,0.558,6.0553778728516345,4.118579671799943,7,0.49,0.343,EGY_ISR
1996,651,670,EGY,SAU,0,0.871801428284415,1,1.0,1.0,1,0.0010248505999999984,0.199,7.401536468138869,6.18772311434075,29,8.41,24.389,EGY_SAU
1996,651,679,EGY,YEM,0,0.0511406184361929,1,0.0,0.0,1,0.007567678100000001,0.08399999999999999,7.651357903030576,3.147339650498003,51,26.01,132.651,EGY_YEM
1996,651,690,EGY,KUW,0,0.7459460477711454,1,1.0,1.0,1,0.006909810700000001,0.06799999999999998,7.388946097618437,4.3211872101014865,51,26.01,132.651,EGY_KUW
1996,651,692,EGY,BHR,0,0.8641425389755011,1,1.0,1.0,1,0.008404293030000001,0.16599999999999998,7.571679600865179,2.2444062104176488,51,26.01,132.651,EGY_BHR
1996,651,694,EGY,QAT,0,0.0,1,0.0,0.0,1,0.00818100635,0.197,7.632740216390833,2.3732128153837078,51,26.01,132.651,EGY_QAT
1996,651,696,EGY,UAE,0,0.0716029980434799,1,0.0,0.0,1,0.006965018100000001,0.188,7.768321862083931,4.541250609264901,51,26.01,132.651,EGY_UAE
1996,651,698,EGY,OMA,0,0.0638063806380638,1,0.0,0.0,0,0.00804591504,0.2,7.937374696163295,1.6053563140326514,51,26.01,132.651,EGY_OMA
1996,652,660,SYR,LEB,0,0.0,1,0.0,0.0,1,0.0034370469800000004,0.167,4.487512142519859,6.052143661557314,27,7.29,19.683,SYR_LEB
1996,652,663,SYR,JOR,0,0.0,1,0.0,0.0,1,0.0028211249000000002,0.08200000000000002,5.176149732573829,5.032778382988575,5,0.25,0.125,SYR_JOR
1996,652,666,SYR,ISR,0,0.0,1,0.0,0.0,0,0.00024986179999999993,0.628,5.392718041969521,0.0,1,0.01,0.001,SYR_ISR
1996,652,670,SYR,SAU,0,0.0,1,0.0,0.0,1,0.005788839399999999,0.129,7.249570360013846,5.433403000713178,51,26.01,132.651,SYR_SAU
1996,652,679,SYR,YEM,0,0.0,1,0.0,0.0,1,0.0028036893000000004,0.154,7.682666761344722,1.472721957326006,51,26.01,132.651,SYR_YEM
1996,652,690,SYR,KUW,0,0.0,1,0.0,0.0,1,0.0021458219000000003,0.13799999999999998,7.089243155027514,4.3095051879382655,51,26.01,132.651,SYR_KUW
1996,652,692,SYR,BHR,0,0.0,1,0.0,0.0,1,0.0036403042300000004,0.09599999999999999,7.375443730270433,1.8362095941163885,51,26.01,132.651,SYR_BHR
1996,652,694,SYR,QAT,0,0.0,1,0.0,0.0,1,0.0034170175500000005,0.127,7.457840076700244,2.4685485831751826,51,26.01,132.651,SYR_QAT
1996,652,696,SYR,UAE,0,0.0,1,0.0,0.0,1,0.0022010293000000003,0.118,7.61085279039525,4.131563080011611,51,26.01,132.651,SYR_UAE
1996,652,698,SYR,OMA,0,0.0,1,0.0,0.0,0,0.0032819262400000005,0.13,7.796551476546899,2.0751283155795495,51,26.01,132.651,SYR_OMA
1996,660,663,LEB,JOR,0,1.0,1,1.0,1.0,1,0.0006159220800000001,0.08499999999999999,5.40042258948519,4.637582195513142,51,26.01,132.651,LEB_JOR
1996,660,666,LEB,ISR,0,0.9683287475999128,1,1.0,1.0,0,0.0036869087800000004,0.461,5.477717994914328,0.0,1,0.01,0.001,LEB_ISR
1996,660,670,LEB,SAU,0,0.9186259121183142,1,1.0,1.0,1,0.00922588638,0.296,7.308944592227513,5.361782608802829,51,26.01,132.651,LEB_SAU
1996,660,679,LEB,YEM,0,0.0,1,0.0,0.0,1,0.00063335768,0.013000000000000012,7.714855949617927,0.741438267830265,51,26.01,132.651,LEB_YEM
1996,660,690,LEB,KUW,0,0.7374713167160049,1,1.0,1.0,1,0.0012912250800000001,0.029000000000000026,7.158903026705945,4.170496047361121,51,26.01,132.651,LEB_KUW
1996,660,692,LEB,BHR,0,0.8641425389755011,1,1.0,1.0,1,0.00020325724999999996,0.263,7.428927194802272,2.330683722906542,51,26.01,132.651,LEB_BHR
1996,660,694,LEB,QAT,0,0.0,1,0.0,0.0,1,2.0029429999999983e-05,0.294,7.507250903460627,2.3998464589051767,51,26.01,132.651,LEB_QAT
1996,660,696,LEB,UAE,0,0.0105347808604744,1,0.0,0.0,1,0.0012360176800000002,0.285,7.6533051383351305,4.279805131601455,51,26.01,132.651,LEB_UAE
1996,660,698,LEB,OMA,0,0.0638063806380638,1,0.0,0.0,0,0.00015512074,0.297,7.831656973857627,1.5359366146777842,51,26.01,132.651,LEB_OMA
1996,663,666,JOR,ISR,0,0.9683287475999128,1,1.0,1.0,0,0.0030709867,0.546,4.289088639014612,0.0,5,0.25,0.125,JOR_ISR
1996,663,670,JOR,SAU,0,0.9186259121183142,1,1.0,1.0,1,0.008609964299999998,0.21100000000000002,7.190977420711825,5.388795572967247,5,0.25,0.125,JOR_SAU
1996,663,679,JOR,YEM,0,0.0,1,0.0,0.0,1,1.7435599999999878e-05,0.07199999999999998,7.614756053830618,3.2327915504678306,51,26.01,132.651,JOR_YEM
1996,663,690,JOR,KUW,0,0.7374713167160049,1,1.0,1.0,1,0.0006753029999999999,0.055999999999999966,7.078847353824543,0.9026243711263261,6,0.36,0.216,JOR_KUW
1996,663,692,JOR,BHR,0,0.8641425389755011,1,1.0,1.0,1,0.00081917933,0.178,7.351286587896758,4.084025772829754,5,0.25,0.125,JOR_BHR
1996,663,694,JOR,QAT,0,0.0,1,0.0,0.0,1,0.0005958926500000001,0.20900000000000002,7.433134483755639,3.0803453978665964,5,0.25,0.125,JOR_QAT
1996,663,696,JOR,UAE,0,0.0105347808604744,1,0.0,0.0,1,0.0006200956,0.2,7.5932734323775914,4.6149361830211415,5,0.25,0.125,JOR_UAE
1996,663,698,JOR,OMA,0,0.0638063806380638,1,0.0,0.0,0,0.0004608013400000001,0.21200000000000002,7.786551806428712,2.2971223392875753,5,0.25,0.125,JOR_OMA
1996,666,670,ISR,SAU,0,0.9186259121183142,1,1.0,1.0,0,0.005538977599999999,0.757,7.225044696186576,0.0,15,2.25,3.375,ISR_SAU
1996,666,679,ISR,YEM,0,0.0,1,0.0,0.0,0,0.0030535511000000003,0.47400000000000003,7.621293149189817,0.0,51,26.01,132.651,ISR_YEM
1996,666,690,ISR,KUW,0,0.7374713167160049,1,1.0,1.0,0,0.0023956837000000003,0.49000000000000005,7.131538625583686,0.0,29,8.41,24.389,ISR_KUW
1996,666,692,ISR,BHR,0,0.8641425389755011,1,1.0,1.0,0,0.0038901660300000003,0.724,7.387771118354598,0.0,51,26.01,132.651,ISR_BHR
1996,666,694,ISR,QAT,0,0.0,1,0.0,0.0,0,0.0036668793500000004,0.755,7.466055916772316,0.0,51,26.01,132.651,ISR_QAT
1996,666,696,ISR,UAE,0,0.0422060332605615,1,0.0,0.0,0,0.0024508911,0.746,7.622076694773489,0.0,51,26.01,132.651,ISR_UAE
1996,666,698,ISR,OMA,0,0.0638063806380638,1,0.0,0.0,0,0.0035317880400000004,0.758,7.811244419019083,0.0,51,26.01,132.651,ISR_OMA
1996,670,679,SAU,YEM,0,0.0,1,0.0,0.0,1,0.0085925287,0.283,6.976908137670454,5.260752976933281,1,0.01,0.001,SAU_YEM
1996,670,690,SAU,KUW,0,0.7374713167160049,1,1.0,1.0,1,0.0079346613,0.26699999999999996,6.284507225801859,6.302002283798007,51,26.01,132.651,SAU_KUW
1996,670,692,SAU,BHR,0,0.8641425389755011,1,1.0,1.0,1,0.00942914363,0.033,6.052559646467793,7.448145083615984,51,26.01,132.651,SAU_BHR
1996,670,694,SAU,QAT,0,0.0,1,0.0,0.0,1,0.009205856949999999,0.0019999999999999983,6.195629131824389,5.090204228018269,1,0.01,0.001,SAU_QAT
1996,670,696,SAU,UAE,0,0.0105347808604744,1,0.0,0.0,1,0.0079898687,0.011,6.652992053287465,7.018101754060199,51,26.01,132.651,SAU_UAE
1996,670,698,SAU,OMA,0,0.0803080308030803,1,0.0,0.0,0,0.009070765639999999,0.0010000000000000009,7.100192169517185,5.382326750395179,51,26.01,132.651,SAU_OMA
1996,679,690,YEM,KUW,0,0.0,1,0.0,0.0,1,0.0006578674,0.016000000000000014,7.381937665049289,2.3992040523363096,51,26.01,132.651,YEM_KUW
1996,679,692,YEM,BHR,0,0.0,1,0.0,0.0,1,0.0008366149299999999,0.25,7.228388451573604,0.4520071025924297,51,26.01,132.651,YEM_BHR
1996,679,694,YEM,QAT,0,0.0,1,0.0,0.0,1,0.00061332825,0.28099999999999997,7.201618210508999,0.4912366729593638,51,26.01,132.651,YEM_QAT
1996,679,696,YEM,UAE,0,0.0,1,0.0,0.0,1,0.0006026600000000001,0.27199999999999996,7.2911111015022,5.439108735403631,51,26.01,132.651,YEM_UAE
1996,679,698,YEM,OMA,0,0.0,1,0.0,0.0,0,0.00047823694,0.284,7.475735983249187,1.6451207207298382,51,26.01,132.651,YEM_OMA
1996,690,692,KUW,BHR,0,0.7374713167160049,1,1.0,1.0,1,0.00149448233,0.23399999999999999,6.076035448558252,4.409648829892274,51,26.01,132.651,KUW_BHR
1996,690,694,KUW,QAT,0,0.0,1,0.0,0.0,1,0.0012711956500000001,0.26499999999999996,6.355065451117447,3.5788446699532908,51,26.01,132.651,KUW_QAT
1996,690,696,KUW,UAE,0,0.1753892846983755,1,0.0,0.0,1,5.520739999999996e-05,0.25599999999999995,6.728867818922465,5.427894840227119,51,26.01,132.651,KUW_UAE
1996,690,698,KUW,OMA,0,0.1759558314954969,1,0.0,0.0,0,0.0011361043400000001,0.26799999999999996,7.118907217443969,3.206569248647904,51,26.01,132.651,KUW_OMA
1996,692,694,BHR,QAT,0,0.1358574610244989,1,0.0,0.0,1,0.00022328667999999994,0.031000000000000003,4.954417614098027,3.725222497089347,10,1.0,1.0,BHR_QAT
1996,692,696,BHR,UAE,0,0.1463922418849733,1,0.0,0.0,1,0.0014392749300000001,0.022000000000000002,6.058422015232863,5.346094541626746,51,26.01,132.651,BHR_UAE
1996,692,698,BHR,OMA,0,0.1892189218921892,1,0.0,0.0,0,0.00035837798999999995,0.034,6.755419617678439,3.3769406174094296,51,26.01,132.651,BHR_OMA
1996,694,696,QAT,UAE,0,0.6224366706875754,1,1.0,0.0,1,0.0012159882500000002,0.009000000000000001,5.707442435487688,5.654973110302446,51,26.01,132.651,QAT_UAE
1996,694,698,QAT,OMA,0,0.1254125412541254,1,0.0,0.0,0,0.00013509131,0.002999999999999999,6.606379879398354,3.1942358998898124,51,26.01,132.651,QAT_OMA
1996,696,698,UAE,OMA,0,0.1504225935259388,1,0.0,0.0,0,0.0010808969400000002,0.012,6.0888180923638915,6.921980715958583,51,26.01,132.651,UAE_OMA
1997,630,640,IRN,TUR,0,0.030803389674253,1,0.0,0.0,0,0.003658716000000001,0.32700000000000007,7.4353790210240085,6.999861513448951,1,0.01,0.001,IRN_TUR
1997,630,645,IRN,IRQ,0,0.0,0,,,0,0.0068785582999999996,0.07200000000000001,6.5441995739511825,0.0,1,0.01,0.001,IRN_IRQ
1997,630,651,IRN,EGY,0,0.0070790555563466,1,0.0,0.0,0,0.0038541966999999996,0.0050000000000000044,7.5927190667340625,2.291039124087307,4,0.16,0.064,IRN_EGY
1997,630,652,IRN,SYR,0,0.0207983084042497,1,0.0,0.0,0,0.0085283315,0.07300000000000001,7.247080584585756,2.949721004675994,52,27.04,140.608,IRN_SYR
1997,630,660,IRN,LEB,0,0.0,1,0.0,0.0,0,0.012027565309999998,0.094,7.291860547968892,3.6024093851361405,52,27.04,140.608,IRN_LEB
1997,630,663,IRN,JOR,0,0.0,1,0.0,0.0,0,0.011430124699999999,0.006000000000000005,7.305188215393037,3.7704659848637507,52,27.04,140.608,IRN_JOR
1997,630,666,IRN,ISR,0,0.0004991594017019,1,0.0,0.0,0,0.008270249399999999,0.556,7.35224877405778,0.0,52,27.04,140.608,IRN_ISR
1997,630,670,IRN,SAU,0,0.0,1,0.0,0.0,0,0.0029212321999999985,0.202,7.174111564719166,4.918390172199109,9,0.81,0.729,IRN_SAU
1997,630,679,IRN,YEM,0,0.0,0,,,0,0.0114256694,0.061000000000000026,7.772289451283258,1.2080686050707552,52,27.04,140.608,IRN_YEM
1997,630,690,IRN,KUW,0,0.1284410009242224,1,0.0,0.0,0,0.0106964609,0.06799999999999998,6.652475857637857,4.259463484640401,9,0.81,0.729,IRN_KUW
1997,630,692,IRN,BHR,0,0.0,1,0.0,0.0,0,0.012272184109999999,0.16899999999999998,6.964135612418245,4.264294389915118,9,0.81,0.729,IRN_BHR
1997,630,694,IRN,QAT,0,0.0004991594017019,1,0.0,0.0,0,0.01193102651,0.2,7.055916629962658,3.373792302825778,10,1.0,1.0,IRN_QAT
1997,630,696,IRN,UAE,0,0.2155874419057148,1,0.0,0.0,0,0.010756495599999999,0.191,7.155474362862388,6.662110475105868,5,0.25,0.125,IRN_UAE
1997,630,698,IRN,OMA,0,0.0004991594017019,1,0.0,0.0,0,0.011906786979999999,0.203,7.320725486576075,3.444384544964288,13,1.69,2.197,IRN_OMA
1997,640,645,TUR,IRQ,0,0.0,0,,,0,0.0105372743,0.399,7.141165942652124,3.951325446010881,1,0.01,0.001,TUR_IRQ
1997,640,651,TUR,EGY,0,0.5915058282598398,1,1.0,1.0,0,0.007512912700000001,0.3320000000000001,7.011574607621134,6.264037239354864,38,14.44,54.872,TUR_EGY
1997,640,652,TUR,SYR,0,0.0,1,0.0,0.0,0,0.0121870475,0.4,6.655955018418123,6.453788576064397,1,0.01,0.001,TUR_SYR
1997,640,660,TUR,LEB,0,0.5173520592576949,1,1.0,1.0,0,0.01568628131,0.23300000000000004,6.56512411504534,5.30071219665191,52,27.04,140.608,TUR_LEB
1997,640,663,TUR,JOR,0,0.5173520592576949,1,1.0,1.0,0,0.0150888407,0.32100000000000006,6.834216375647267,5.200161556776493,6,0.36,0.216,TUR_JOR
1997,640,666,TUR,ISR,0,0.5776704994665587,1,1.0,1.0,0,0.011928965400000002,0.22899999999999998,6.83722551279161,6.097882510970331,21,4.41,9.261,TUR_ISR
1997,640,670,TUR,SAU,0,0.5536511372611136,1,1.0,1.0,0,0.0065799482,0.529,7.664581236205265,7.615154859843552,52,27.04,140.608,TUR_SAU
1997,640,679,TUR,YEM,0,0.0,0,,,0,0.0150843854,0.266,7.9884411791167915,3.823029024377284,52,27.04,140.608,TUR_YEM
1997,640,690,TUR,KUW,0,0.5972650294682516,1,1.0,1.0,0,0.0143551769,0.25900000000000006,7.501247856381898,5.535789334066485,52,27.04,140.608,TUR_KUW
1997,640,692,TUR,BHR,0,0.5193320089669723,1,1.0,1.0,0,0.01593090011,0.49600000000000005,7.714454334226198,2.9358317270317587,52,27.04,140.608,TUR_BHR
1997,640,694,TUR,QAT,0,0.1995754540621553,1,0.0,0.0,0,0.01558974251,0.527,7.775401836029897,2.3894045740728327,52,27.04,140.608,TUR_QAT
1997,640,696,TUR,UAE,0,0.237631528482344,1,0.0,0.0,0,0.0144152116,0.518,7.879707749681193,5.442639114581534,52,27.04,140.608,TUR_UAE
1997,640,698,TUR,OMA,0,0.1648323520912548,1,0.0,0.0,0,0.01556550298,0.53,8.011852497880817,3.1267398339917247,52,27.04,140.608,TUR_OMA
1997,645,651,IRQ,EGY,0,0.0,0,,,1,0.0030243616,0.067,7.168733968599368,0.23061715424097973,6,0.36,0.216,IRQ_EGY
1997,645,652,IRQ,SYR,0,0.0,0,,,1,0.0016497731999999994,0.0010000000000000009,6.622869293832357,0.036827927724145657,6,0.36,0.216,IRQ_SYR
1997,645,660,IRQ,LEB,0,0.0,0,,,1,0.00514900701,0.166,6.719978871505218,0.06839090460790605,52,27.04,140.608,IRQ_LEB
1997,645,663,IRQ,JOR,0,0.0,0,,,1,0.0045515664,0.07800000000000001,6.69369534640097,6.4858175898141015,27,7.29,19.683,IRQ_JOR
1997,645,666,IRQ,ISR,0,0.0,0,,,0,0.0013916911,0.628,6.778898656857133,0.0,6,0.36,0.216,IRQ_ISR
1997,645,670,IRQ,SAU,0,0.0,0,,,1,0.003957326100000001,0.13,6.896289800872859,0.0,4,0.16,0.064,IRQ_SAU
1997,645,679,IRQ,YEM,0,0.0,0,,,1,0.0045471111,0.13300000000000003,7.60150227961405,0.05171077408077515,52,27.04,140.608,IRQ_YEM
1997,645,690,IRQ,KUW,0,0.0,0,,,1,0.0038179025999999995,0.13999999999999999,6.324358962381311,0.0,1,0.01,0.001,IRQ_KUW
1997,645,692,IRQ,BHR,0,0.0,0,,,1,0.005393625809999999,0.09699999999999999,6.9000254809201955,0.1072294980216906,3,0.09,0.027,IRQ_BHR
1997,645,694,IRQ,QAT,0,0.0,0,,,1,0.005052468209999999,0.128,7.032006241319994,0.0,6,0.36,0.216,IRQ_QAT
1997,645,696,IRQ,UAE,0,0.0,0,,,1,0.0038779373,0.119,7.232082635630662,0.6931471805599453,3,0.09,0.027,IRQ_UAE
1997,645,698,IRQ,OMA,0,0.0,0,,,0,0.00502822868,0.131,7.471249251315212,0.74259374829703,3,0.09,0.027,IRQ_OMA
1997,651,652,EGY,SYR,0,0.0,1,0.0,0.0,1,0.004674134799999999,0.068,6.423246963533519,4.59574256529816,52,27.04,140.608,EGY_SYR
1997,651,660,EGY,LEB,0,0.8874714956132231,1,1.0,1.0,1,0.008173368609999999,0.099,6.376556865408209,4.3937961143275075,52,27.04,140.608,EGY_LEB
1997,651,663,EGY,JOR,0,0.8874714956132231,1,1.0,1.0,1,0.007575927999999999,0.01100000000000001,6.209595556598647,4.020342594706099,6,0.36,0.216,EGY_JOR
1997,651,666,EGY,ISR,0,0.9059914431400384,1,1.0,1.0,0,0.0044160527,0.561,6.0553778728516345,4.137542691496892,8,0.64,0.512,EGY_ISR
1997,651,670,EGY,SAU,0,0.7544030360093524,1,1.0,1.0,1,0.0009329645000000011,0.197,7.401536468138869,6.309630364055937,30,9.0,27.0,EGY_SAU
1997,651,679,EGY,YEM,0,0.0,0,,,1,0.0075714727,0.06600000000000003,7.651357903030576,3.3901396361850327,52,27.04,140.608,EGY_YEM
1997,651,690,EGY,KUW,0,0.7184970891220313,1,1.0,1.0,1,0.0068422642,0.07299999999999998,7.388946097618437,4.425377077971738,52,27.04,140.608,EGY_KUW
1997,651,692,EGY,BHR,0,0.9079666156404324,1,1.0,1.0,1,0.00841798741,0.16399999999999998,7.571679600865179,2.47083620708538,52,27.04,140.608,EGY_BHR
1997,651,694,EGY,QAT,0,0.1051036328980799,1,0.0,0.0,1,0.00807682981,0.195,7.632740216390833,2.514857203763777,52,27.04,140.608,EGY_QAT
1997,651,696,EGY,UAE,0,0.1088090359380124,1,0.0,0.0,1,0.006902298899999999,0.186,7.768321862083931,4.838057314110057,52,27.04,140.608,EGY_UAE
1997,651,698,EGY,OMA,0,0.0854216206328882,1,0.0,0.0,0,0.008052590279999999,0.198,7.937374696163295,1.8365881622009739,52,27.04,140.608,EGY_OMA
1997,652,660,SYR,LEB,0,0.0,1,0.0,0.0,1,0.0034992338100000003,0.167,4.487512142519859,5.90024485484077,28,7.84,21.952,SYR_LEB
1997,652,663,SYR,JOR,0,0.0,1,0.0,0.0,1,0.0029017932000000002,0.07900000000000001,5.176149732573829,4.898785397508708,6,0.36,0.216,SYR_JOR
1997,652,666,SYR,ISR,0,0.0,1,0.0,0.0,0,0.00025808209999999936,0.629,5.392718041969521,0.0,1,0.01,0.001,SYR_ISR
1997,652,670,SYR,SAU,0,0.0,1,0.0,0.0,1,0.0056070993000000005,0.129,7.249570360013846,5.532764234007984,52,27.04,140.608,SYR_SAU
1997,652,679,SYR,YEM,0,0.0,0,,,1,0.0028973379000000006,0.13400000000000004,7.682666761344722,1.845680937771655,52,27.04,140.608,SYR_YEM
1997,652,690,SYR,KUW,0,0.0,1,0.0,0.0,1,0.0021681294,0.141,7.089243155027514,4.280416978516975,52,27.04,140.608,SYR_KUW
1997,652,692,SYR,BHR,0,0.0,1,0.0,0.0,1,0.0037438526100000004,0.09599999999999999,7.375443730270433,1.290982768814568,52,27.04,140.608,SYR_BHR
1997,652,694,SYR,QAT,0,0.0,1,0.0,0.0,1,0.0034026950100000002,0.127,7.457840076700244,2.34138303409951,52,27.04,140.608,SYR_QAT
1997,652,696,SYR,UAE,0,0.0,1,0.0,0.0,1,0.0022281641000000004,0.118,7.61085279039525,3.5553480614894135,52,27.04,140.608,SYR_UAE
1997,652,698,SYR,OMA,0,0.0,1,0.0,0.0,0,0.0033784554800000005,0.13,7.796551476546899,2.3011426732066207,52,27.04,140.608,SYR_OMA
1997,660,663,LEB,JOR,0,1.0,1,1.0,1.0,1,0.00059744061,0.088,5.40042258948519,4.478461341052036,52,27.04,140.608,LEB_JOR
1997,660,666,LEB,ISR,0,0.9396815597911362,1,1.0,1.0,0,0.0037573159099999996,0.462,5.477717994914328,0.0,1,0.01,0.001,LEB_ISR
1997,660,670,LEB,SAU,0,0.7544030360093524,1,1.0,1.0,1,0.00910633311,0.296,7.308944592227513,5.409671290797278,52,27.04,140.608,LEB_SAU
1997,660,679,LEB,YEM,0,0.0,0,,,1,0.0006018959099999999,0.032999999999999974,7.714855949617927,0.6978459241539747,52,27.04,140.608,LEB_YEM
1997,660,690,LEB,KUW,0,0.7114180335656846,1,1.0,1.0,1,0.0013311044100000002,0.026000000000000023,7.158903026705945,3.961574003899267,52,27.04,140.608,LEB_KUW
1997,660,692,LEB,BHR,0,0.8679577464788732,1,1.0,1.0,1,0.0002446188,0.263,7.428927194802272,2.541603410786376,52,27.04,140.608,LEB_BHR
1997,660,694,LEB,QAT,0,0.0,1,0.0,0.0,1,9.653880000000002e-05,0.294,7.507250903460627,2.0757170142306363,52,27.04,140.608,LEB_QAT
1997,660,696,LEB,UAE,0,0.0550740146245764,1,0.0,0.0,1,0.0012710697099999999,0.285,7.6533051383351305,4.472582644938356,52,27.04,140.608,LEB_UAE
1997,660,698,LEB,OMA,0,0.0460947503201024,1,0.0,0.0,0,0.00012077832999999997,0.297,7.831656973857627,1.6597000974110057,52,27.04,140.608,LEB_OMA
1997,663,666,JOR,ISR,0,0.9396815597911362,1,1.0,1.0,0,0.0031598752999999996,0.55,4.289088639014612,2.1981331200418297,6,0.36,0.216,JOR_ISR
1997,663,670,JOR,SAU,0,0.7544030360093524,1,1.0,1.0,1,0.0085088925,0.20800000000000002,7.190977420711825,5.559085935493407,6,0.36,0.216,JOR_SAU
1997,663,679,JOR,YEM,0,0.0,0,,,1,4.455299999999883e-06,0.05500000000000002,7.614756053830618,3.525436480171505,52,27.04,140.608,JOR_YEM
1997,663,690,JOR,KUW,0,0.7114180335656846,1,1.0,1.0,1,0.0007336638000000001,0.06199999999999997,7.078847353824543,3.3243046741912288,7,0.49,0.343,JOR_KUW
1997,663,692,JOR,BHR,0,0.8679577464788732,1,1.0,1.0,1,0.00084205941,0.175,7.351286587896758,3.8065048773501347,6,0.36,0.216,JOR_BHR
1997,663,694,JOR,QAT,0,0.0,1,0.0,0.0,1,0.00050090181,0.20600000000000002,7.433134483755639,2.915691436712038,6,0.36,0.216,JOR_QAT
1997,663,696,JOR,UAE,0,0.0550740146245764,1,0.0,0.0,1,0.0006736290999999998,0.197,7.5932734323775914,4.76900864452438,6,0.36,0.216,JOR_UAE
1997,663,698,JOR,OMA,0,0.0460947503201024,1,0.0,0.0,0,0.00047666228000000006,0.20900000000000002,7.786551806428712,2.4517449105904654,6,0.36,0.216,JOR_OMA
1997,666,670,ISR,SAU,0,0.7544030360093524,1,1.0,1.0,0,0.005349017200000001,0.758,7.225044696186576,0.0,16,2.56,4.096,ISR_SAU
1997,666,679,ISR,YEM,0,0.0,0,,,0,0.00315542,0.495,7.621293149189817,0.0,52,27.04,140.608,ISR_YEM
1997,666,690,ISR,KUW,0,0.7114180335656846,1,1.0,1.0,0,0.0024262114999999995,0.48800000000000004,7.131538625583686,0.0,30,9.0,27.0,ISR_KUW
1997,666,692,ISR,BHR,0,0.8679577464788732,1,1.0,1.0,0,0.004001934709999999,0.725,7.387771118354598,0.0,52,27.04,140.608,ISR_BHR
1997,666,694,ISR,QAT,0,0.0603184402088638,1,0.0,0.0,0,0.0036607771099999996,0.756,7.466055916772316,0.0,52,27.04,140.608,ISR_QAT
1997,666,696,ISR,UAE,0,0.1153924548334403,1,0.0,0.0,0,0.0024862461999999998,0.747,7.622076694773489,0.0,52,27.04,140.608,ISR_UAE
1997,666,698,ISR,OMA,0,0.0878932430021509,1,0.0,0.0,0,0.00363653758,0.759,7.811244419019083,0.21732797759910716,52,27.04,140.608,ISR_OMA
1997,670,679,SAU,YEM,1,0.0,0,,,1,0.008504437200000001,0.263,6.976908137670454,5.21547637232008,2,0.04,0.008,SAU_YEM
1997,670,690,SAU,KUW,0,0.8374144815590432,1,1.0,1.0,1,0.007775228700000001,0.26999999999999996,6.284507225801859,6.476123618192397,52,27.04,140.608,SAU_KUW
1997,670,692,SAU,BHR,0,0.7544030360093524,1,1.0,1.0,1,0.00935095191,0.033,6.052559646467793,7.621955921864913,52,27.04,140.608,SAU_BHR
1997,670,694,SAU,QAT,0,0.1784285682242271,1,0.0,0.0,1,0.009009794310000001,0.0019999999999999983,6.195629131824389,5.428698445892444,2,0.04,0.008,SAU_QAT
1997,670,696,SAU,UAE,0,0.1799179596932406,1,0.0,0.0,1,0.0078352634,0.011,6.652992053287465,7.045041376372249,52,27.04,140.608,SAU_UAE
1997,670,698,SAU,OMA,0,0.2627618264307548,1,0.0,0.0,0,0.00898555478,0.0010000000000000009,7.100192169517185,5.311227273926906,52,27.04,140.608,SAU_OMA
1997,679,690,YEM,KUW,0,0.0,0,,,1,0.0007292085000000002,0.006999999999999951,7.381937665049289,3.827485446027024,52,27.04,140.608,YEM_KUW
1997,679,692,YEM,BHR,0,0.0,0,,,1,0.0008465147099999999,0.23000000000000004,7.228388451573604,0.40995722343332786,52,27.04,140.608,YEM_BHR
1997,679,694,YEM,QAT,0,0.0,0,,,1,0.0005053571099999999,0.261,7.201618210508999,0.6610211878529798,52,27.04,140.608,YEM_QAT
1997,679,696,YEM,UAE,0,0.0,0,,,1,0.0006691738,0.252,7.2911111015022,5.107454698084967,52,27.04,140.608,YEM_UAE
1997,679,698,YEM,OMA,0,0.0,0,,,0,0.00048111757999999994,0.264,7.475735983249187,2.289208868864243,52,27.04,140.608,YEM_OMA
1997,690,692,KUW,BHR,0,0.7114180335656846,1,1.0,1.0,1,0.0015757232100000003,0.237,6.076035448558252,4.136262084432697,52,27.04,140.608,KUW_BHR
1997,690,694,KUW,QAT,0,0.1126342065939381,1,0.0,0.0,1,0.0012345656100000001,0.26799999999999996,6.355065451117447,3.7068661934870764,52,27.04,140.608,KUW_QAT
1997,690,696,KUW,UAE,0,0.2712729556557322,1,0.0,0.0,1,6.003470000000028e-05,0.25899999999999995,6.728867818922465,5.440619601385571,52,27.04,140.608,KUW_UAE
1997,690,698,KUW,OMA,0,0.1896419715684296,1,0.0,0.0,0,0.0012103260800000002,0.27099999999999996,7.118907217443969,3.1767613287608536,52,27.04,140.608,KUW_OMA
1997,692,694,BHR,QAT,0,0.1320422535211267,1,0.0,0.0,1,0.0003411576,0.031000000000000003,4.954417614098027,3.7517840160669658,11,1.21,1.331,BHR_QAT
1997,692,696,BHR,UAE,0,0.0550740146245764,1,0.0,0.0,1,0.00151568851,0.022000000000000002,6.058422015232863,5.383693227643725,52,27.04,140.608,BHR_UAE
1997,692,698,BHR,OMA,0,0.0854216206328882,1,0.0,0.0,0,0.00036539712999999997,0.034,6.755419617678439,3.6959639497080183,52,27.04,140.608,BHR_OMA
1997,694,696,QAT,UAE,0,0.4501884354159174,1,0.0,0.0,1,0.0011745309099999999,0.009000000000000001,5.707442435487688,5.566770441146805,52,27.04,140.608,QAT_UAE
1997,694,698,QAT,OMA,0,0.7063147888823251,1,0.0,0.0,0,2.4239529999999952e-05,0.002999999999999999,6.606379879398354,3.2748497619368684,52,27.04,140.608,QAT_OMA
1997,696,698,UAE,OMA,0,0.4203188944128966,1,0.0,0.0,0,0.00115029138,0.012,6.0888180923638915,6.992795631445181,52,27.04,140.608,UAE_OMA
1998,630,640,IRN,TUR,0,0.0,1,0.0,0.0,0,0.003963931,0.31300000000000006,7.4353790210240085,6.841368629774135,1,0.01,0.001,IRN_TUR
1998,630,645,IRN,IRQ,0,0.0,0,,,0,0.0063440073,0.08500000000000002,6.5441995739511825,0.0,1,0.01,0.001,IRN_IRQ
1998,630,651,IRN,EGY,0,0.0566358942108805,1,0.0,0.0,0,0.0032732608000000003,0.016000000000000014,7.5927190667340625,2.024382613553052,5,0.25,0.125,IRN_EGY
1998,630,652,IRN,SYR,0,0.0271659158309374,1,0.0,0.0,0,0.0084269843,0.08700000000000002,7.247080584585756,2.6812045941485723,53,28.09,148.877,IRN_SYR
1998,630,660,IRN,LEB,0,0.0,1,0.0,0.0,0,0.011776846470000001,0.08099999999999999,7.291860547968892,3.4190373325344283,53,28.09,148.877,IRN_LEB
1998,630,663,IRN,JOR,0,0.0,1,0.0,0.0,0,0.0110668513,0.007000000000000006,7.305188215393037,3.440379728694851,53,28.09,148.877,IRN_JOR
1998,630,666,IRN,ISR,0,0.0,1,0.0,0.0,0,0.0084347394,0.543,7.35224877405778,0.0,53,28.09,148.877,IRN_ISR
1998,630,670,IRN,SAU,0,0.0,1,0.0,0.0,0,0.001922234,0.21500000000000002,7.174111564719166,4.7993009059915,10,1.0,1.0,IRN_SAU
1998,630,679,IRN,YEM,0,0.0,0,,,0,0.011151331,0.035,7.772289451283258,1.2998398290633397,53,28.09,148.877,IRN_YEM
1998,630,690,IRN,KUW,0,0.1286682533737661,1,0.0,0.0,0,0.0105504158,0.054999999999999966,6.652475857637857,4.343419425288672,10,1.0,1.0,IRN_KUW
1998,630,692,IRN,BHR,0,0.0,1,0.0,0.0,0,0.01200899754,0.182,6.964135612418245,4.15716283896235,10,1.0,1.0,IRN_BHR
1998,630,694,IRN,QAT,0,0.0,1,0.0,0.0,0,0.011708031570000001,0.21400000000000002,7.055916629962658,2.9562829822787213,11,1.21,1.331,IRN_QAT
1998,630,696,IRN,UAE,0,0.1890898600170588,1,0.0,0.0,0,0.010270393000000001,0.203,7.155474362862388,6.803505257608338,6,0.36,0.216,IRN_UAE
1998,630,698,IRN,OMA,0,0.0,1,0.0,0.0,0,0.011636917640000001,0.21400000000000002,7.320725486576075,3.5265427139010384,14,1.96,2.744,IRN_OMA
1998,640,645,TUR,IRQ,0,0.0,0,,,0,0.0103079383,0.398,7.141165942652124,0.0,1,0.01,0.001,TUR_IRQ
1998,640,651,TUR,EGY,0,0.6676619201202304,1,1.0,1.0,0,0.007237191800000001,0.32900000000000007,7.011574607621134,6.352402454193843,39,15.21,59.319,TUR_EGY
1998,640,652,TUR,SYR,0,0.0,1,0.0,0.0,0,0.012390915300000001,0.4,6.655955018418123,6.510387766671034,1,0.01,0.001,TUR_SYR
1998,640,660,TUR,LEB,0,0.5758503880335462,1,1.0,1.0,0,0.01574077747,0.23200000000000004,6.56512411504534,5.246513415481766,53,28.09,148.877,TUR_LEB
1998,640,663,TUR,JOR,0,0.5758503880335462,1,1.0,1.0,0,0.0150307823,0.32000000000000006,6.834216375647267,4.913333919846082,7,0.49,0.343,TUR_JOR
1998,640,666,TUR,ISR,0,0.6242957965657225,1,1.0,1.0,0,0.0123986704,0.22999999999999998,6.83722551279161,6.380020836813232,22,4.84,10.648,TUR_ISR
1998,640,670,TUR,SAU,0,0.7411287699441083,1,1.0,1.0,0,0.0058861650000000005,0.528,7.664581236205265,7.201268566802807,53,28.09,148.877,TUR_SAU
1998,640,679,TUR,YEM,0,0.0,0,,,0,0.015115262,0.278,7.9884411791167915,4.048793870291949,53,28.09,148.877,TUR_YEM
1998,640,690,TUR,KUW,0,0.7070894080166218,1,1.0,1.0,0,0.014514346800000001,0.25800000000000006,7.501247856381898,5.756692331701966,53,28.09,148.877,TUR_KUW
1998,640,692,TUR,BHR,0,0.5890521341845038,1,1.0,1.0,0,0.01597292854,0.49500000000000005,7.714454334226198,3.5322811980809625,53,28.09,148.877,TUR_BHR
1998,640,694,TUR,QAT,0,0.2640933748970006,1,0.0,0.0,0,0.01567196257,0.527,7.775401836029897,3.265659176736155,53,28.09,148.877,TUR_QAT
1998,640,696,TUR,UAE,0,0.2164978348069647,1,0.0,0.0,0,0.014234324000000001,0.516,7.879707749681193,5.447056329414568,53,28.09,148.877,TUR_UAE
1998,640,698,TUR,OMA,0,0.2434574903687318,1,0.0,0.0,0,0.015600848640000001,0.527,8.011852497880817,2.9897231549106777,53,28.09,148.877,TUR_OMA
1998,645,651,IRQ,EGY,0,0.0,0,,,1,0.0030707465,0.069,7.168733968599368,3.2288012841249447,7,0.49,0.343,IRQ_EGY
1998,645,652,IRQ,SYR,0,0.0,0,,,1,0.0020829770000000006,0.0020000000000000018,6.622869293832357,0.03673346867750122,7,0.49,0.343,IRQ_SYR
1998,645,660,IRQ,LEB,0,0.0,0,,,1,0.00543283917,0.166,6.719978871505218,2.8400487528595346,53,28.09,148.877,IRQ_LEB
1998,645,663,IRQ,JOR,0,0.0,0,,,1,0.004722844,0.07800000000000001,6.69369534640097,6.600138028049656,28,7.84,21.952,IRQ_JOR
1998,645,666,IRQ,ISR,1,0.0,0,,,0,0.0020907321,0.628,6.778898656857133,0.0,7,0.49,0.343,IRQ_ISR
1998,645,670,IRQ,SAU,0,0.0,0,,,1,0.0044217733,0.13,6.896289800872859,0.0,5,0.25,0.125,IRQ_SAU
1998,645,679,IRQ,YEM,0,0.0,0,,,1,0.0048073237,0.12000000000000002,7.60150227961405,0.04803099607424248,53,28.09,148.877,IRQ_YEM
1998,645,690,IRQ,KUW,0,0.0,0,,,1,0.0042064085,0.13999999999999999,6.324358962381311,0.0,1,0.01,0.001,IRQ_KUW
1998,645,692,IRQ,BHR,0,0.0,0,,,1,0.005664990240000001,0.09699999999999999,6.9000254809201955,0.11961784913394444,4,0.16,0.064,IRQ_BHR
1998,645,694,IRQ,QAT,0,0.0,0,,,1,0.00536402427,0.129,7.032006241319994,0.0,7,0.49,0.343,IRQ_QAT
1998,645,696,IRQ,UAE,0,0.0,0,,,1,0.0039263857,0.118,7.232082635630662,0.6931471805599453,4,0.16,0.064,IRQ_UAE
1998,645,698,IRQ,OMA,0,0.0,0,,,0,0.00529291034,0.129,7.471249251315212,1.1735533589373028,4,0.16,0.064,IRQ_OMA
1998,651,652,EGY,SYR,0,0.0,1,0.0,0.0,1,0.0051537235,0.07100000000000001,6.423246963533519,4.235660919057302,53,28.09,148.877,EGY_SYR
1998,651,660,EGY,LEB,0,0.8366267558232655,1,1.0,1.0,1,0.008503585670000001,0.097,6.376556865408209,4.332286528202096,53,28.09,148.877,EGY_LEB
1998,651,663,EGY,JOR,0,0.8366267558232655,1,1.0,1.0,1,0.0077935905,0.009000000000000008,6.209595556598647,3.9876705732246025,7,0.49,0.343,EGY_JOR
1998,651,666,EGY,ISR,0,0.8515012522595841,1,1.0,1.0,0,0.0051614786,0.559,6.0553778728516345,4.293823147403063,9,0.81,0.729,EGY_ISR
1998,651,670,EGY,SAU,0,0.7598455846871482,1,1.0,1.0,1,0.0013510268000000002,0.199,7.401536468138869,6.48350017948894,31,9.61,29.791,EGY_SAU
1998,651,679,EGY,YEM,0,0.0,0,,,1,0.0078780702,0.05100000000000002,7.651357903030576,3.1142222148492533,53,28.09,148.877,EGY_YEM
1998,651,690,EGY,KUW,0,0.7593336989975812,1,1.0,1.0,1,0.007277155,0.07099999999999998,7.388946097618437,4.249208773139779,53,28.09,148.877,EGY_KUW
1998,651,692,EGY,BHR,0,0.8569502730360403,1,1.0,1.0,1,0.00873573674,0.16599999999999998,7.571679600865179,2.508683233195621,53,28.09,148.877,EGY_BHR
1998,651,694,EGY,QAT,0,0.0608216621537014,1,0.0,0.0,1,0.00843477077,0.198,7.632740216390833,2.7442521958396893,53,28.09,148.877,EGY_QAT
1998,651,696,EGY,UAE,0,0.1275260655183138,1,0.0,0.0,1,0.006997132200000001,0.187,7.768321862083931,4.8546251754725755,53,28.09,148.877,EGY_UAE
1998,651,698,EGY,OMA,0,0.0401857776254326,1,0.0,0.0,0,0.00836365684,0.198,7.937374696163295,1.9375030799038393,53,28.09,148.877,EGY_OMA
1998,652,660,SYR,LEB,0,0.0,1,0.0,0.0,1,0.0033498621699999996,0.168,4.487512142519859,5.866038899702697,29,8.41,24.389,SYR_LEB
1998,652,663,SYR,JOR,0,0.0,1,0.0,0.0,1,0.0026398669999999997,0.08000000000000002,5.176149732573829,4.744019102986752,7,0.49,0.343,SYR_JOR
1998,652,666,SYR,ISR,0,0.0,1,0.0,0.0,0,7.755099999999515e-06,0.63,5.392718041969521,0.0,2,0.04,0.008,SYR_ISR
1998,652,670,SYR,SAU,0,0.0,1,0.0,0.0,1,0.006504750300000001,0.128,7.249570360013846,5.647207079063374,53,28.09,148.877,SYR_SAU
1998,652,679,SYR,YEM,0,0.0,0,,,1,0.0027243466999999997,0.12200000000000003,7.682666761344722,1.3892804483205088,53,28.09,148.877,SYR_YEM
1998,652,690,SYR,KUW,0,0.0,1,0.0,0.0,1,0.0021234314999999996,0.142,7.089243155027514,4.036136803895105,53,28.09,148.877,SYR_KUW
1998,652,692,SYR,BHR,0,0.0,1,0.0,0.0,1,0.0035820132399999997,0.09499999999999999,7.375443730270433,0.0,53,28.09,148.877,SYR_BHR
1998,652,694,SYR,QAT,0,0.0,1,0.0,0.0,1,0.00328104727,0.127,7.457840076700244,1.8143950896110264,53,28.09,148.877,SYR_QAT
1998,652,696,SYR,UAE,0,0.0,1,0.0,0.0,1,0.0018434086999999997,0.11599999999999999,7.61085279039525,3.5553480614894135,53,28.09,148.877,SYR_UAE
1998,652,698,SYR,OMA,0,0.0,1,0.0,0.0,0,0.00320993334,0.127,7.796551476546899,2.3702561152230808,53,28.09,148.877,SYR_OMA
1998,660,663,LEB,JOR,0,1.0,1,1.0,1.0,1,0.00070999517,0.088,5.40042258948519,4.304302294799377,53,28.09,148.877,LEB_JOR
1998,660,666,LEB,ISR,0,0.9515545914678236,1,1.0,1.0,0,0.00334210707,0.462,5.477717994914328,0.0,1,0.01,0.001,LEB_ISR
1998,660,670,LEB,SAU,0,0.7598455846871482,1,1.0,1.0,1,0.009854612470000001,0.296,7.308944592227513,5.253177626465846,53,28.09,148.877,LEB_SAU
1998,660,679,LEB,YEM,0,0.0,0,,,1,0.0006255154700000001,0.045999999999999985,7.714855949617927,1.2028789963360251,53,28.09,148.877,LEB_YEM
1998,660,690,LEB,KUW,0,0.7026978047867006,1,1.0,1.0,1,0.00122643067,0.026000000000000023,7.158903026705945,4.066760016186967,53,28.09,148.877,LEB_KUW
1998,660,692,LEB,BHR,0,0.9796764827872252,1,1.0,1.0,1,0.00023215106999999993,0.263,7.428927194802272,3.10629374078513,53,28.09,148.877,LEB_BHR
1998,660,694,LEB,QAT,0,0.0015767482195884,1,0.0,0.0,1,6.881490000000003e-05,0.295,7.507250903460627,2.430510388278811,53,28.09,148.877,LEB_QAT
1998,660,696,LEB,UAE,0,0.0017874165872259,1,0.0,0.0,1,0.00150645347,0.284,7.6533051383351305,4.585844634673067,53,28.09,148.877,LEB_UAE
1998,660,698,LEB,OMA,0,0.012475828083089,1,0.0,0.0,0,0.00013992883000000004,0.295,7.831656973857627,1.4838788164343655,53,28.09,148.877,LEB_OMA
1998,663,666,JOR,ISR,0,0.9515545914678236,1,1.0,1.0,0,0.0026321119000000002,0.55,4.289088639014612,3.3092707445491243,7,0.49,0.343,JOR_ISR
1998,663,670,JOR,SAU,0,0.7598455846871482,1,1.0,1.0,1,0.009144617300000001,0.20800000000000002,7.190977420711825,5.578314900923403,7,0.49,0.343,JOR_SAU
1998,663,679,JOR,YEM,0,0.0,0,,,1,8.447969999999996e-05,0.04200000000000001,7.614756053830618,3.1604276902841226,53,28.09,148.877,JOR_YEM
1998,663,690,JOR,KUW,0,0.7026978047867006,1,1.0,1.0,1,0.0005164355000000002,0.06199999999999997,7.078847353824543,3.834429590786033,8,0.64,0.512,JOR_KUW
1998,663,692,JOR,BHR,0,0.9796764827872252,1,1.0,1.0,1,0.00094214624,0.175,7.351286587896758,3.588317435012489,7,0.49,0.343,JOR_BHR
1998,663,694,JOR,QAT,0,0.0015767482195884,1,0.0,0.0,1,0.00064118027,0.20700000000000002,7.433134483755639,3.0986406501748296,7,0.49,0.343,JOR_QAT
1998,663,696,JOR,UAE,0,0.0017874165872259,1,0.0,0.0,1,0.0007964583,0.196,7.5932734323775914,4.8243793678108675,7,0.49,0.343,JOR_UAE
1998,663,698,JOR,OMA,0,0.012475828083089,1,0.0,0.0,0,0.00057006634,0.20700000000000002,7.786551806428712,2.6461369952511915,7,0.49,0.343,JOR_OMA
1998,666,670,ISR,SAU,0,0.7606723500080426,1,1.0,1.0,0,0.0065125054,0.758,7.225044696186576,0.0,17,2.89,4.913,ISR_SAU
1998,666,679,ISR,YEM,0,0.0,0,,,0,0.0027165916,0.508,7.621293149189817,0.0,53,28.09,148.877,ISR_YEM
1998,666,690,ISR,KUW,0,0.7041475879233065,1,1.0,1.0,0,0.0021156764,0.48800000000000004,7.131538625583686,0.0,31,9.61,29.791,ISR_KUW
1998,666,692,ISR,BHR,0,0.9515545914678236,1,1.0,1.0,0,0.00357425814,0.725,7.387771118354598,0.0,53,28.09,148.877,ISR_BHR
1998,666,694,ISR,QAT,0,0.0500221567517649,1,0.0,0.0,0,0.0032732921700000003,0.757,7.466055916772316,0.0,53,28.09,148.877,ISR_QAT
1998,666,696,ISR,UAE,0,0.0502328251194023,1,0.0,0.0,0,0.0018356536000000002,0.746,7.622076694773489,0.0,53,28.09,148.877,ISR_UAE
1998,666,698,ISR,OMA,0,0.0460467401789468,1,0.0,0.0,0,0.0032021782400000003,0.757,7.811244419019083,0.4025601528082577,53,28.09,148.877,ISR_OMA
1998,670,679,SAU,YEM,0,0.0,0,,,1,0.009229097,0.25,6.976908137670454,5.277164820521418,1,0.01,0.001,SAU_YEM
1998,670,690,SAU,KUW,0,0.826272875673554,1,1.0,1.0,1,0.0086281818,0.26999999999999996,6.284507225801859,6.460097377863629,53,28.09,148.877,SAU_KUW
1998,670,692,SAU,BHR,0,0.7598455846871482,1,1.0,1.0,1,0.01008676354,0.033,6.052559646467793,7.629893867836412,53,28.09,148.877,SAU_BHR
1998,670,694,SAU,QAT,0,0.1834667674232253,1,0.0,0.0,1,0.009785797570000001,0.0010000000000000009,6.195629131824389,5.541953855858767,3,0.09,0.027,SAU_QAT
1998,670,696,SAU,UAE,0,0.1123678320009404,1,0.0,0.0,1,0.008348159,0.012,6.652992053287465,7.112051449007389,53,28.09,148.877,SAU_UAE
1998,670,698,SAU,OMA,0,0.2195113757749017,1,0.0,0.0,0,0.009714683640000001,0.0010000000000000009,7.100192169517185,5.565637025052323,53,28.09,148.877,SAU_OMA
1998,679,690,YEM,KUW,0,0.0,0,,,1,0.0006009152000000001,0.019999999999999962,7.381937665049289,4.392958055882657,53,28.09,148.877,YEM_KUW
1998,679,692,YEM,BHR,0,0.0,0,,,1,0.00085766654,0.21700000000000003,7.228388451573604,2.0057712256637705,53,28.09,148.877,YEM_BHR
1998,679,694,YEM,QAT,0,0.0,0,,,1,0.00055670057,0.249,7.201618210508999,0.8843757436051344,53,28.09,148.877,YEM_QAT
1998,679,696,YEM,UAE,0,0.0,0,,,1,0.000880938,0.23800000000000002,7.2911111015022,5.137066515052336,53,28.09,148.877,YEM_UAE
1998,679,698,YEM,OMA,0,0.0,0,,,0,0.00048558664,0.249,7.475735983249187,2.2891340519990595,53,28.09,148.877,YEM_OMA
1998,690,692,KUW,BHR,0,0.7026978047867006,1,1.0,1.0,1,0.00145858174,0.237,6.076035448558252,4.194719952765968,53,28.09,148.877,KUW_BHR
1998,690,694,KUW,QAT,0,0.1389144054187239,1,0.0,0.0,1,0.0011576157700000003,0.26899999999999996,6.355065451117447,3.6984549870163543,53,28.09,148.877,KUW_QAT
1998,690,696,KUW,UAE,0,0.2416591031904181,1,0.0,0.0,1,0.00028002279999999984,0.25799999999999995,6.728867818922465,5.727249360740912,53,28.09,148.877,KUW_UAE
1998,690,698,KUW,OMA,0,0.1538281803999013,1,0.0,0.0,0,0.0010865018400000002,0.26899999999999996,7.118907217443969,3.3068650169741063,53,28.09,148.877,KUW_OMA
1998,692,694,BHR,QAT,0,0.0219002654323632,1,0.0,0.0,1,0.00030096596999999996,0.032,4.954417614098027,3.769760026065761,12,1.44,1.728,BHR_QAT
1998,692,696,BHR,UAE,0,0.0221109338000007,1,0.0,0.0,1,0.00173860454,0.021,6.058422015232863,5.23188938149725,53,28.09,148.877,BHR_UAE
1998,692,698,BHR,OMA,0,0.0327993452958638,1,0.0,0.0,0,0.00037207989999999997,0.032,6.755419617678439,3.9436059906380683,53,28.09,148.877,BHR_OMA
1998,694,696,QAT,UAE,0,0.7205832375855374,1,1.0,0.0,1,0.00143763857,0.011,5.707442435487688,5.480844943784989,53,28.09,148.877,QAT_UAE
1998,694,698,QAT,OMA,0,0.514287461560164,1,0.0,0.0,0,7.111393e-05,0.0,6.606379879398354,2.9717192037720968,53,28.09,148.877,QAT_OMA
1998,696,698,UAE,OMA,0,0.4300489576413087,1,0.0,0.0,0,0.00136652464,0.011,6.0888180923638915,7.106012929026922,53,28.09,148.877,UAE_OMA
1999,630,640,IRN,TUR,1,0.0035345099487864,1,0.0,0.0,0,0.0033352539999999993,0.33599999999999997,7.4353790210240085,6.55933189707285,2,0.04,0.008,IRN_TUR
1999,630,645,IRN,IRQ,0,0.0,0,,,0,0.0068788876,0.08800000000000002,6.5441995739511825,0.0,1,0.01,0.001,IRN_IRQ
1999,630,651,IRN,EGY,0,0.0,1,0.0,0.0,0,0.0038528934000000015,0.019000000000000017,7.5927190667340625,1.7935794953086595,6,0.36,0.216,IRN_EGY
1999,630,652,IRN,SYR,0,0.1899979909137454,1,0.0,0.0,0,0.0089366141,0.09000000000000002,7.247080584585756,3.5074777741035743,54,29.16,157.464,IRN_SYR
1999,630,660,IRN,LEB,0,0.0,1,0.0,0.0,0,0.01228247721,0.07799999999999999,7.291860547968892,3.459717861912795,54,29.16,157.464,IRN_LEB
1999,630,663,IRN,JOR,0,0.0,1,0.0,0.0,0,0.0115016934,0.01200000000000001,7.305188215393037,2.9442979165860033,54,29.16,157.464,IRN_JOR
1999,630,666,IRN,ISR,0,0.0,1,0.0,0.0,0,0.009096659100000001,0.539,7.35224877405778,0.09531017980432493,54,29.16,157.464,IRN_ISR
1999,630,670,IRN,SAU,0,0.0,1,0.0,0.0,0,0.002268349000000001,0.21800000000000003,7.174111564719166,4.917408788600718,11,1.21,1.331,IRN_SAU
1999,630,679,IRN,YEM,0,0.0,1,0.0,0.0,0,0.0116289934,0.027999999999999997,7.772289451283258,1.2445194553426475,54,29.16,157.464,IRN_YEM
1999,630,690,IRN,KUW,0,0.0,1,0.0,0.0,0,0.011107393,0.04999999999999996,6.652475857637857,4.297436224777074,11,1.21,1.331,IRN_KUW
1999,630,692,IRN,BHR,0,0.0,1,0.0,0.0,0,0.01249519862,0.185,6.964135612418245,2.891301381218032,11,1.21,1.331,IRN_BHR
1999,630,694,IRN,QAT,0,0.0,1,0.0,0.0,0,0.012186637830000001,0.21700000000000003,7.055916629962658,2.944149726810695,12,1.44,1.728,IRN_QAT
1999,630,696,IRN,UAE,0,0.1944757783654172,1,0.0,0.0,0,0.0107476488,0.20600000000000002,7.155474362862388,6.98933526597456,7,0.49,0.343,IRN_UAE
1999,630,698,IRN,OMA,0,0.0,1,0.0,0.0,0,0.012193254700000001,0.21700000000000003,7.320725486576075,5.220358041292085,15,2.25,3.375,IRN_OMA
1999,640,645,TUR,IRQ,0,0.0,0,,,0,0.0102141416,0.42399999999999993,7.141165942652124,0.0,1,0.01,0.001,TUR_IRQ
1999,640,651,TUR,EGY,0,0.7602640123224669,1,1.0,1.0,0,0.007188147400000001,0.355,7.011574607621134,6.781107159329131,40,16.0,64.0,TUR_EGY
1999,640,652,TUR,SYR,0,0.0,1,0.0,0.0,0,0.0122718681,0.42599999999999993,6.655955018418123,6.206662052048293,1,0.01,0.001,TUR_SYR
1999,640,660,TUR,LEB,0,0.5838568621651573,1,1.0,1.0,0,0.01561773121,0.25799999999999995,6.56512411504534,5.344528016152375,54,29.16,157.464,TUR_LEB
1999,640,663,TUR,JOR,0,0.5838568621651573,1,1.0,1.0,0,0.0148369474,0.348,6.834216375647267,5.196635243966303,8,0.64,0.512,TUR_JOR
1999,640,666,TUR,ISR,0,0.6152182132658554,1,1.0,1.0,0,0.0124319131,0.20300000000000007,6.83722551279161,6.5887889440046905,23,5.29,12.167,TUR_ISR
1999,640,670,TUR,SAU,0,0.6988785613442897,1,1.0,1.0,0,0.005603603,0.5539999999999999,7.664581236205265,6.930007843905264,54,29.16,157.464,TUR_SAU
1999,640,679,TUR,YEM,0,0.0549039484648813,1,0.0,0.0,0,0.0149642474,0.30799999999999994,7.9884411791167915,4.112198625633491,54,29.16,157.464,TUR_YEM
1999,640,690,TUR,KUW,0,0.3386554418937941,1,0.0,0.0,0,0.014442647,0.286,7.501247856381898,5.336107152567074,54,29.16,157.464,TUR_KUW
1999,640,692,TUR,BHR,0,0.5909442909687134,1,1.0,1.0,0,0.01583045262,0.5209999999999999,7.714454334226198,3.9267360162979377,54,29.16,157.464,TUR_BHR
1999,640,694,TUR,QAT,0,0.0804108991089318,1,0.0,0.0,0,0.01552189183,0.5529999999999999,7.775401836029897,3.275847627964114,54,29.16,157.464,TUR_QAT
1999,640,696,TUR,UAE,0,0.2172728768003837,1,0.0,0.0,0,0.0140829028,0.5419999999999999,7.879707749681193,5.548297571815806,54,29.16,157.464,TUR_UAE
1999,640,698,TUR,OMA,0,0.610713619683469,1,0.0,0.0,0,0.0155285087,0.5529999999999999,8.011852497880817,3.4081460834177872,54,29.16,157.464,TUR_OMA
1999,645,651,IRQ,EGY,1,0.0,0,,,1,0.003025994199999999,0.069,7.168733968599368,3.77031161912132,8,0.64,0.512,IRQ_EGY
1999,645,652,IRQ,SYR,0,0.0,0,,,1,0.0020577265000000008,0.0020000000000000018,6.622869293832357,0.0,8,0.64,0.512,IRQ_SYR
1999,645,660,IRQ,LEB,0,0.0,0,,,1,0.0054035896100000005,0.166,6.719978871505218,2.2249802122376634,54,29.16,157.464,IRQ_LEB
1999,645,663,IRQ,JOR,1,0.0,0,,,1,0.004622805800000001,0.07600000000000001,6.69369534640097,6.210832539962889,29,8.41,24.389,IRQ_JOR
1999,645,666,IRQ,ISR,0,0.0,0,,,0,0.0022177715,0.627,6.778898656857133,0.0,1,0.01,0.001,IRQ_ISR
1999,645,670,IRQ,SAU,0,0.0,0,,,1,0.004610538599999999,0.13,6.896289800872859,0.0,6,0.36,0.216,IRQ_SAU
1999,645,679,IRQ,YEM,0,0.0,0,,,1,0.0047501058,0.11600000000000002,7.60150227961405,0.8707280597444603,54,29.16,157.464,IRQ_YEM
1999,645,690,IRQ,KUW,0,0.0,0,,,1,0.004228505400000001,0.13799999999999998,6.324358962381311,0.0,1,0.01,0.001,IRQ_KUW
1999,645,692,IRQ,BHR,0,0.0,0,,,1,0.0056163110200000005,0.09699999999999999,6.9000254809201955,0.06082225875555652,5,0.25,0.125,IRQ_BHR
1999,645,694,IRQ,QAT,0,0.0,0,,,1,0.005307750230000001,0.129,7.032006241319994,0.0,8,0.64,0.512,IRQ_QAT
1999,645,696,IRQ,UAE,1,0.0,0,,,1,0.0038687612000000006,0.118,7.232082635630662,0.0,5,0.25,0.125,IRQ_UAE
1999,645,698,IRQ,OMA,0,0.0,0,,,0,0.0053143671,0.129,7.471249251315212,1.4737430383131807,5,0.25,0.125,IRQ_OMA
1999,651,652,EGY,SYR,0,0.0,1,0.0,0.0,1,0.0050837207,0.07100000000000001,6.423246963533519,4.485595165685866,54,29.16,157.464,EGY_SYR
1999,651,660,EGY,LEB,0,0.7913043478260869,1,1.0,1.0,1,0.008429583809999999,0.097,6.376556865408209,4.203930074996532,54,29.16,157.464,EGY_LEB
1999,651,663,EGY,JOR,0,0.7913043478260869,1,1.0,1.0,1,0.007648799999999999,0.007000000000000006,6.209595556598647,4.1599393222179595,8,0.64,0.512,EGY_JOR
1999,651,666,EGY,ISR,0,0.8163901543987749,1,1.0,1.0,0,0.005243765699999999,0.558,6.0553778728516345,3.6491616674400795,10,1.0,1.0,EGY_ISR
1999,651,670,EGY,SAU,0,0.7559227269071238,1,1.0,1.0,1,0.0015845444000000004,0.199,7.401536468138869,6.792585049472997,32,10.24,32.768,EGY_SAU
1999,651,679,EGY,YEM,0,0.0016563146997929,1,0.0,0.0,1,0.007776099999999999,0.047000000000000014,7.651357903030576,3.3163284715867256,54,29.16,157.464,EGY_YEM
1999,651,690,EGY,KUW,0,0.2854078081287057,1,0.0,0.0,1,0.0072544995999999995,0.06899999999999998,7.388946097618437,4.305054360474663,54,29.16,157.464,EGY_KUW
1999,651,692,EGY,BHR,0,0.5950413223140495,1,1.0,1.0,1,0.008642305219999999,0.16599999999999998,7.571679600865179,2.7744489908666594,54,29.16,157.464,EGY_BHR
1999,651,694,EGY,QAT,0,0.004207009764198,1,0.0,0.0,1,0.00833374443,0.198,7.632740216390833,2.671284690138518,54,29.16,157.464,EGY_QAT
1999,651,696,EGY,UAE,0,0.0526206803265843,1,0.0,0.0,1,0.006894755399999999,0.187,7.768321862083931,5.073629122810541,54,29.16,157.464,EGY_UAE
1999,651,698,EGY,OMA,0,0.4531488520132257,1,0.0,0.0,0,0.0083403613,0.198,7.937374696163295,2.144402477494014,54,29.16,157.464,EGY_OMA
1999,652,660,SYR,LEB,0,0.0,1,0.0,0.0,1,0.0033458631099999997,0.168,4.487512142519859,5.691214932892496,30,9.0,27.0,SYR_LEB
1999,652,663,SYR,JOR,0,0.0,1,0.0,0.0,1,0.0025650792999999997,0.07800000000000001,5.176149732573829,4.123257168669091,8,0.64,0.512,SYR_JOR
1999,652,666,SYR,ISR,0,0.0,1,0.0,0.0,0,0.00016004499999999929,0.629,5.392718041969521,0.0,3,0.09,0.027,SYR_ISR
1999,652,670,SYR,SAU,0,0.0,1,0.0,0.0,1,0.0066682651,0.128,7.249570360013846,5.706922772090169,54,29.16,157.464,SYR_SAU
1999,652,679,SYR,YEM,0,0.0,1,0.0,0.0,1,0.0026923792999999996,0.11800000000000002,7.682666761344722,1.5971596217839907,54,29.16,157.464,SYR_YEM
1999,652,690,SYR,KUW,0,0.0,1,0.0,0.0,1,0.0021707789,0.13999999999999999,7.089243155027514,4.436934440711665,54,29.16,157.464,SYR_KUW
1999,652,692,SYR,BHR,0,0.0,1,0.0,0.0,1,0.0035585845199999997,0.09499999999999999,7.375443730270433,2.541069410722649,54,29.16,157.464,SYR_BHR
1999,652,694,SYR,QAT,0,0.0,1,0.0,0.0,1,0.0032500237299999996,0.127,7.457840076700244,3.0810096563776375,54,29.16,157.464,SYR_QAT
1999,652,696,SYR,UAE,0,0.1666666666666666,1,0.0,0.0,1,0.0018110346999999998,0.11599999999999999,7.61085279039525,4.326656369671858,54,29.16,157.464,SYR_UAE
1999,652,698,SYR,OMA,0,0.0,1,0.0,0.0,0,0.0032566405999999997,0.127,7.796551476546899,2.5269286440205145,54,29.16,157.464,SYR_OMA
1999,660,663,LEB,JOR,0,1.0,1,1.0,1.0,1,0.0007807838099999999,0.09,5.40042258948519,4.313957006509482,54,29.16,157.464,LEB_JOR
1999,660,666,LEB,ISR,0,0.968638648899302,1,1.0,1.0,0,0.0031858181100000004,0.461,5.477717994914328,0.0,1,0.01,0.001,LEB_ISR
1999,660,670,LEB,SAU,0,0.7542664122073308,1,1.0,1.0,1,0.010014128209999999,0.296,7.308944592227513,5.262692624135081,54,29.16,157.464,LEB_SAU
1999,660,679,LEB,YEM,0,0.0,1,0.0,0.0,1,0.00065348381,0.04999999999999999,7.714855949617927,1.5368583593449594,54,29.16,157.464,LEB_YEM
1999,660,690,LEB,KUW,0,0.2837514934289128,1,0.0,0.0,1,0.0011750842099999999,0.028000000000000025,7.158903026705945,4.1618274475869335,54,29.16,157.464,LEB_KUW
1999,660,692,LEB,BHR,0,0.5950413223140495,1,1.0,1.0,1,0.00021272141,0.263,7.428927194802272,2.7152643828702474,54,29.16,157.464,LEB_BHR
1999,660,694,LEB,QAT,0,0.002550695064405,1,0.0,0.0,1,9.58393799999999e-05,0.295,7.507250903460627,2.5204788080009437,54,29.16,157.464,LEB_QAT
1999,660,696,LEB,UAE,0,0.010651478447399,1,0.0,0.0,1,0.00153482841,0.284,7.6533051383351305,4.902901520042796,54,29.16,157.464,LEB_UAE
1999,660,698,LEB,OMA,0,0.4514925373134328,1,0.0,0.0,0,8.922250999999993e-05,0.295,7.831656973857627,1.9152101762119267,54,29.16,157.464,LEB_OMA
1999,663,666,JOR,ISR,0,0.968638648899302,1,1.0,1.0,0,0.0024050343000000004,0.551,4.289088639014612,3.7000091387608998,8,0.64,0.512,JOR_ISR
1999,663,670,JOR,SAU,0,0.7542664122073308,1,1.0,1.0,1,0.0092333444,0.20600000000000002,7.190977420711825,5.564853110591512,8,0.64,0.512,JOR_SAU
1999,663,679,JOR,YEM,0,0.0,1,0.0,0.0,1,0.0001272999999999999,0.04000000000000001,7.614756053830618,3.01542229647132,54,29.16,157.464,JOR_YEM
1999,663,690,JOR,KUW,0,0.2837514934289128,1,0.0,0.0,1,0.0003943004000000001,0.06199999999999997,7.078847353824543,3.874606102829978,9,0.81,0.729,JOR_KUW
1999,663,692,JOR,BHR,0,0.5950413223140495,1,1.0,1.0,1,0.00099350522,0.173,7.351286587896758,3.3979640266659024,8,0.64,0.512,JOR_BHR
1999,663,694,JOR,QAT,0,0.002550695064405,1,0.0,0.0,1,0.00068494443,0.20500000000000002,7.433134483755639,3.0993578751183115,8,0.64,0.512,JOR_QAT
1999,663,696,JOR,UAE,0,0.010651478447399,1,0.0,0.0,1,0.0007540445999999999,0.194,7.5932734323775914,4.8371065668260345,8,0.64,0.512,JOR_UAE
1999,663,698,JOR,OMA,0,0.4514925373134328,1,0.0,0.0,0,0.0006915612999999999,0.20500000000000002,7.786551806428712,2.8443838969381483,8,0.64,0.512,JOR_OMA
1999,666,670,ISR,SAU,0,0.7621982714351339,1,1.0,1.0,0,0.006828310099999999,0.757,7.225044696186576,0.0,18,3.24,5.832,ISR_SAU
1999,666,679,ISR,YEM,0,0.0079318592278029,1,0.0,0.0,0,0.0025323343000000003,0.511,7.621293149189817,0.0,54,29.16,157.464,ISR_YEM
1999,666,690,ISR,KUW,0,0.2916833526567158,1,0.0,0.0,0,0.0020107339000000005,0.48900000000000005,7.131538625583686,0.0,32,10.24,32.768,ISR_KUW
1999,666,692,ISR,BHR,0,0.5950413223140495,1,1.0,1.0,0,0.0033985395200000004,0.724,7.387771118354598,0.0,54,29.16,157.464,ISR_BHR
1999,666,694,ISR,QAT,0,0.010482554292208,1,0.0,0.0,0,0.0030899787300000003,0.756,7.466055916772316,0.0,54,29.16,157.464,ISR_QAT
1999,666,696,ISR,UAE,0,0.042012829548097,1,0.0,0.0,0,0.0016509897000000005,0.745,7.622076694773489,0.0,54,29.16,157.464,ISR_UAE
1999,666,698,ISR,OMA,0,0.4594243965412358,1,0.0,0.0,0,0.0030965956000000004,0.756,7.811244419019083,0.5206590289717405,54,29.16,157.464,ISR_OMA
1999,670,679,SAU,YEM,0,0.0107045652739776,1,0.0,0.0,1,0.0093606444,0.246,6.976908137670454,5.658729946813559,1,0.01,0.001,SAU_YEM
1999,670,690,SAU,KUW,0,0.2944560587028904,1,0.0,0.0,1,0.008839043999999999,0.26799999999999996,6.284507225801859,6.430839527968319,54,29.16,157.464,SAU_KUW
1999,670,692,SAU,BHR,0,0.5950413223140495,1,1.0,1.0,1,0.010226849619999999,0.033,6.052559646467793,7.016101303569761,54,29.16,157.464,SAU_BHR
1999,670,694,SAU,QAT,0,0.0362115159180281,1,0.0,0.0,1,0.00991828883,0.0010000000000000009,6.195629131824389,5.589742026772969,4,0.16,0.064,SAU_QAT
1999,670,696,SAU,UAE,0,0.129226919201402,1,0.0,0.0,1,0.0084792998,0.012,6.652992053287465,7.197344257133017,54,29.16,157.464,SAU_UAE
1999,670,698,SAU,OMA,0,0.6655766456401787,1,0.0,0.0,0,0.0099249057,0.0010000000000000009,7.100192169517185,5.5228116452191856,54,29.16,157.464,SAU_OMA
1999,679,690,YEM,KUW,0,0.1866786140979689,1,0.0,0.0,1,0.0005216004,0.021999999999999964,7.381937665049289,3.9269737834772633,54,29.16,157.464,YEM_KUW
1999,679,692,YEM,BHR,0,0.0,1,0.0,0.0,1,0.00086620522,0.21300000000000002,7.228388451573604,2.215424024801247,54,29.16,157.464,YEM_BHR
1999,679,694,YEM,QAT,0,0.9209284530034436,1,1.0,0.0,1,0.0005576444300000001,0.245,7.201618210508999,0.7855226948062005,54,29.16,157.464,YEM_QAT
1999,679,696,YEM,UAE,0,0.4916138099376814,1,0.0,0.0,1,0.0008813445999999998,0.234,7.2911111015022,5.3140503515230275,54,29.16,157.464,YEM_UAE
1999,679,698,YEM,OMA,0,0.2283582089552238,1,0.0,0.0,0,0.0005642613,0.245,7.475735983249187,2.4622721615559504,54,29.16,157.464,YEM_OMA
1999,690,692,KUW,BHR,0,0.2837514934289128,1,0.0,0.0,1,0.00138780562,0.235,6.076035448558252,4.237313992784009,54,29.16,157.464,KUW_BHR
1999,690,694,KUW,QAT,0,0.24279390551488,1,0.0,0.0,1,0.0010792448300000002,0.26699999999999996,6.355065451117447,3.4811062034502998,54,29.16,157.464,KUW_QAT
1999,690,696,KUW,UAE,0,0.197330092545368,1,0.0,0.0,1,0.0003597441999999998,0.25599999999999995,6.728867818922465,5.671797051550325,54,29.16,157.464,KUW_UAE
1999,690,698,KUW,OMA,0,0.4704301075268817,1,0.0,0.0,0,0.0010858617,0.26699999999999996,7.118907217443969,3.4019316453579105,54,29.16,157.464,KUW_OMA
1999,692,694,BHR,QAT,0,0.002550695064405,1,0.0,0.0,1,0.0003085607899999999,0.032,4.954417614098027,3.748407545548848,13,1.69,2.197,BHR_QAT
1999,692,696,BHR,UAE,0,0.1583297890045675,1,0.0,0.0,1,0.00174754982,0.021,6.058422015232863,5.335782452951691,54,29.16,157.464,BHR_UAE
1999,692,698,BHR,OMA,0,0.4514925373134328,1,0.0,0.0,0,0.00030194391999999995,0.032,6.755419617678439,3.4199781471660855,54,29.16,157.464,BHR_OMA
1999,694,696,QAT,UAE,0,0.517120760581732,1,0.0,0.0,1,0.0014389890299999998,0.011,5.707442435487688,6.0334287290837265,54,29.16,157.464,QAT_UAE
1999,694,698,QAT,OMA,0,0.2538651595992743,1,0.0,0.0,0,6.616869999999972e-06,0.0,6.606379879398354,3.232542607487901,54,29.16,157.464,QAT_OMA
1999,696,698,UAE,OMA,0,0.3468805628826483,1,0.0,0.0,0,0.0014456058999999999,0.011,6.0888180923638915,7.269214858275707,54,29.16,157.464,UAE_OMA
2000,630,640,IRN,TUR,0,0.0054157428876064,1,0.0,0.0,0,0.0017812499999999998,0.353,7.4353790210240085,6.762646451459748,1,0.01,0.001,IRN_TUR
2000,630,645,IRN,IRQ,0,0.0,0,,,0,0.0066936653,0.08800000000000002,6.5441995739511825,0.0,1,0.01,0.001,IRN_IRQ
2000,630,651,IRN,EGY,0,0.0928010998648872,1,0.0,0.0,0,0.0032960846000000005,0.016000000000000014,7.5927190667340625,2.653991964976753,7,0.49,0.343,IRN_EGY
2000,630,652,IRN,SYR,0,0.2,1,0.0,0.0,0,0.0086073986,0.08300000000000002,7.247080584585756,3.64171777074957,55,30.25,166.375,IRN_SYR
2000,630,660,IRN,LEB,0,0.0,1,0.0,0.0,0,0.01206657584,0.09,7.291860547968892,3.587677003929807,55,30.25,166.375,IRN_LEB
2000,630,663,IRN,JOR,0,0.0093303363162135,1,0.0,0.0,0,0.011469008000000001,0.047000000000000014,7.305188215393037,2.9512157543410367,55,30.25,166.375,IRN_JOR
2000,630,666,IRN,ISR,0,0.0,1,0.0,0.0,0,0.0088182658,0.535,7.35224877405778,0.0,55,30.25,166.375,IRN_ISR
2000,630,670,IRN,SAU,0,0.0,1,0.0,0.0,0,0.001677604000000001,0.21600000000000003,7.174111564719166,4.3373273414698685,12,1.44,1.728,IRN_SAU
2000,630,679,IRN,YEM,0,0.0093303363162135,1,0.0,0.0,0,0.0114555153,0.03,7.772289451283258,1.1859585679050544,55,30.25,166.375,IRN_YEM
2000,630,690,IRN,KUW,0,0.0,1,0.0,0.0,0,0.011042495900000001,0.04899999999999996,6.652475857637857,4.647386599853648,12,1.44,1.728,IRN_KUW
2000,630,692,IRN,BHR,0,0.0,0,,,0,0.012346683680000001,0.168,6.964135612418245,0.0,12,1.44,1.728,IRN_BHR
2000,630,694,IRN,QAT,0,0.0,1,0.0,0.0,0,0.012055953880000001,0.21400000000000002,7.055916629962658,3.153487107749763,13,1.69,2.197,IRN_QAT
2000,630,696,IRN,UAE,0,0.2455049200070122,1,0.0,0.0,0,0.010421411200000001,0.20500000000000002,7.155474362862388,7.828906141265807,8,0.64,0.512,IRN_UAE
2000,630,698,IRN,OMA,0,0.0,0,,,0,0.01187541985,0.18200000000000002,7.320725486576075,5.079210593967869,16,2.56,4.096,IRN_OMA
2000,640,645,TUR,IRQ,0,0.0,0,,,0,0.0084749153,0.44099999999999995,7.141165942652124,0.0,1,0.01,0.001,TUR_IRQ
2000,640,651,TUR,EGY,0,0.7302534967354396,1,1.0,1.0,0,0.0050773346,0.369,7.011574607621134,6.145398267686999,41,16.81,68.921,TUR_EGY
2000,640,652,TUR,SYR,0,0.0,1,0.0,0.0,0,0.010388648600000001,0.43599999999999994,6.655955018418123,6.211334626454261,2,0.04,0.008,TUR_SYR
2000,640,660,TUR,LEB,0,0.6252926475648901,1,1.0,1.0,0,0.013847825840000001,0.26299999999999996,6.56512411504534,5.170153599554483,55,30.25,166.375,TUR_LEB
2000,640,663,TUR,JOR,0,0.1843821964160316,1,0.0,0.0,0,0.013250258000000001,0.39999999999999997,6.834216375647267,4.554949410982796,9,0.81,0.729,TUR_JOR
2000,640,666,TUR,ISR,0,0.7290398527218809,1,1.0,1.0,0,0.0105995158,0.18200000000000005,6.83722551279161,6.752687485401261,24,5.76,13.824,TUR_ISR
2000,640,670,TUR,SAU,0,0.6425396289581691,1,1.0,1.0,0,0.003458854000000001,0.569,7.664581236205265,6.737272522225757,55,30.25,166.375,TUR_SAU
2000,640,679,TUR,YEM,0,0.0786516853932584,1,0.0,0.0,0,0.0132367653,0.32299999999999995,7.9884411791167915,3.8114766386930716,55,30.25,166.375,TUR_YEM
2000,640,690,TUR,KUW,0,0.1986045344652144,1,0.0,0.0,0,0.0128237459,0.304,7.501247856381898,5.323938328576496,55,30.25,166.375,TUR_KUW
2000,640,692,TUR,BHR,0,0.0,0,,,0,0.01412793368,0.5209999999999999,7.714454334226198,3.6550074451053143,55,30.25,166.375,TUR_BHR
2000,640,694,TUR,QAT,0,0.1099461979370096,1,0.0,0.0,0,0.013837203880000001,0.567,7.775401836029897,3.2859333581290224,55,30.25,166.375,TUR_QAT
2000,640,696,TUR,UAE,0,0.1675241082294692,1,0.0,0.0,0,0.012202661200000001,0.5579999999999999,7.879707749681193,6.128394897350851,55,30.25,166.375,TUR_UAE
2000,640,698,TUR,OMA,0,0.0,0,,,0,0.01365666985,0.5349999999999999,8.011852497880817,3.2417048874933156,55,30.25,166.375,TUR_OMA
2000,645,651,IRQ,EGY,0,0.0,0,,,1,0.0033975806999999997,0.07200000000000001,7.168733968599368,4.20795506793305,1,0.01,0.001,IRQ_EGY
2000,645,652,IRQ,SYR,0,0.0,0,,,1,0.0019137333000000005,0.0050000000000000044,6.622869293832357,0.0,9,0.81,0.729,IRQ_SYR
2000,645,660,IRQ,LEB,0,0.0,0,,,1,0.00537291054,0.17800000000000002,6.719978871505218,3.217875324534617,55,30.25,166.375,IRQ_LEB
2000,645,663,IRQ,JOR,0,0.0,0,,,1,0.004775342700000001,0.04100000000000001,6.69369534640097,6.297459166649405,1,0.01,0.001,IRQ_JOR
2000,645,666,IRQ,ISR,0,0.0,0,,,0,0.0021246005000000005,0.623,6.778898656857133,0.0,2,0.04,0.008,IRQ_ISR
2000,645,670,IRQ,SAU,1,0.0,0,,,1,0.005016061299999999,0.128,6.896289800872859,0.0,7,0.49,0.343,IRQ_SAU
2000,645,679,IRQ,YEM,0,0.0,0,,,1,0.004761850000000001,0.11800000000000002,7.60150227961405,1.3594215498726638,55,30.25,166.375,IRQ_YEM
2000,645,690,IRQ,KUW,0,0.0,0,,,1,0.004348830600000001,0.13699999999999998,6.324358962381311,0.0,1,0.01,0.001,IRQ_KUW
2000,645,692,IRQ,BHR,0,0.0,0,,,1,0.00565301838,0.07999999999999999,6.9000254809201955,0.05930307130605357,6,0.36,0.216,IRQ_BHR
2000,645,694,IRQ,QAT,0,0.0,0,,,1,0.00536228858,0.126,7.032006241319994,0.0,9,0.81,0.729,IRQ_QAT
2000,645,696,IRQ,UAE,0,0.0,0,,,1,0.0037277459000000005,0.11699999999999999,7.232082635630662,0.0,1,0.01,0.001,IRQ_UAE
2000,645,698,IRQ,OMA,0,0.0,0,,,0,0.005181754550000001,0.094,7.471249251315212,3.4663533371479027,6,0.36,0.216,IRQ_OMA
2000,651,652,EGY,SYR,0,0.0928010998648872,1,0.0,0.0,1,0.005311314,0.067,6.423246963533519,4.240731697862964,55,30.25,166.375,EGY_SYR
2000,651,660,EGY,LEB,0,0.7542797544267191,1,1.0,1.0,1,0.00877049124,0.10600000000000001,6.376556865408209,4.225964506275536,55,30.25,166.375,EGY_LEB
2000,651,663,EGY,JOR,0,0.0301839614216824,1,0.0,0.0,1,0.0081729234,0.031,6.209595556598647,4.184152831204717,9,0.81,0.729,EGY_JOR
2000,651,666,EGY,ISR,0,0.905985256121554,1,1.0,1.0,0,0.0055221812,0.551,6.0553778728516345,3.7698474335914613,11,1.21,1.331,EGY_ISR
2000,651,670,EGY,SAU,0,0.7554933984402779,1,1.0,1.0,1,0.0016184805999999996,0.2,7.401536468138869,6.807754717515412,33,10.89,35.937,EGY_SAU
2000,651,679,EGY,YEM,0,0.0012136440135586,1,0.0,0.0,1,0.0081594307,0.04600000000000001,7.651357903030576,3.2835229526078615,55,30.25,166.375,EGY_YEM
2000,651,690,EGY,KUW,0,0.0742517170516317,1,0.0,0.0,1,0.0077464113000000005,0.06499999999999997,7.388946097618437,4.314065008056824,55,30.25,166.375,EGY_KUW
2000,651,692,EGY,BHR,0,0.0,0,,,1,0.009050599079999999,0.152,7.571679600865179,3.203873937159055,55,30.25,166.375,EGY_BHR
2000,651,694,EGY,QAT,0,0.0037956218085496,1,0.0,0.0,1,0.00875986928,0.198,7.632740216390833,2.882278652442835,55,30.25,166.375,EGY_QAT
2000,651,696,EGY,UAE,0,0.1615533684106451,1,0.0,0.0,1,0.007125326600000001,0.189,7.768321862083931,4.6352993110015746,55,30.25,166.375,EGY_UAE
2000,651,698,EGY,OMA,0,0.0,0,,,0,0.00857933525,0.166,7.937374696163295,2.441218659862507,55,30.25,166.375,EGY_OMA
2000,652,660,SYR,LEB,0,0.0,1,0.0,0.0,1,0.00345917724,0.17300000000000001,4.487512142519859,5.510999790574789,31,9.61,29.791,SYR_LEB
2000,652,663,SYR,JOR,0,0.0,1,0.0,0.0,1,0.0028616094,0.036000000000000004,5.176149732573829,4.222889202054024,9,0.81,0.729,SYR_JOR
2000,652,666,SYR,ISR,1,0.0,1,0.0,0.0,0,0.00021086720000000007,0.618,5.392718041969521,0.0,4,0.16,0.064,SYR_ISR
2000,652,670,SYR,SAU,0,0.0,1,0.0,0.0,1,0.0069297946,0.133,7.249570360013846,6.120109269383799,55,30.25,166.375,SYR_SAU
2000,652,679,SYR,YEM,0,0.0,1,0.0,0.0,1,0.0028481167,0.11300000000000002,7.682666761344722,1.71733943300279,55,30.25,166.375,SYR_YEM
2000,652,690,SYR,KUW,0,0.0,1,0.0,0.0,1,0.0024350973,0.13199999999999998,7.089243155027514,4.429745022315036,55,30.25,166.375,SYR_KUW
2000,652,692,SYR,BHR,0,0.0,0,,,1,0.00373928508,0.08499999999999999,7.375443730270433,2.6576177290832037,55,30.25,166.375,SYR_BHR
2000,652,694,SYR,QAT,0,0.0,1,0.0,0.0,1,0.0034485552799999996,0.131,7.457840076700244,3.34508435063091,55,30.25,166.375,SYR_QAT
2000,652,696,SYR,UAE,0,0.2,1,0.0,0.0,1,0.0018140126,0.122,7.61085279039525,4.606399589961238,55,30.25,166.375,SYR_UAE
2000,652,698,SYR,OMA,0,0.0,0,,,0,0.00326802125,0.099,7.796551476546899,3.0726397484406585,55,30.25,166.375,SYR_OMA
2000,660,663,LEB,JOR,0,0.0301839614216824,1,0.0,0.0,1,0.0005975678399999999,0.137,5.40042258948519,4.278376391776585,55,30.25,166.375,LEB_JOR
2000,660,666,LEB,ISR,0,0.7922210476433492,1,1.0,1.0,0,0.0032483100399999998,0.445,5.477717994914328,0.0,1,0.01,0.001,LEB_ISR
2000,660,670,LEB,SAU,0,0.9421225182440724,1,1.0,1.0,1,0.01038897184,0.306,7.308944592227513,5.124387699145179,55,30.25,166.375,LEB_SAU
2000,660,679,LEB,YEM,0,0.0,1,0.0,0.0,1,0.0006110605399999999,0.06,7.714855949617927,1.4613723109074548,55,30.25,166.375,LEB_YEM
2000,660,690,LEB,KUW,0,0.0233100233100233,1,0.0,0.0,1,0.00102407994,0.041000000000000036,7.158903026705945,4.2030507199727225,55,30.25,166.375,LEB_KUW
2000,660,692,LEB,BHR,0,0.0,0,,,1,0.00028010784000000004,0.258,7.428927194802272,3.494323329282348,55,30.25,166.375,LEB_BHR
2000,660,694,LEB,QAT,0,0.0025819777949909,1,0.0,0.0,1,1.0621960000000005e-05,0.304,7.507250903460627,2.6240950944114227,55,30.25,166.375,LEB_QAT
2000,660,696,LEB,UAE,0,0.0176906836180153,1,0.0,0.0,1,0.0016451646399999998,0.295,7.6533051383351305,4.752917551141714,55,30.25,166.375,LEB_UAE
2000,660,698,LEB,OMA,0,0.0,0,,,0,0.00019115598999999987,0.272,7.831656973857627,2.0557406437403913,55,30.25,166.375,LEB_OMA
2000,663,666,JOR,ISR,0,0.0301839614216824,1,0.0,0.0,0,0.0026507422,0.5820000000000001,4.289088639014612,3.9202541960398323,9,0.81,0.729,JOR_ISR
2000,663,670,JOR,SAU,0,0.0340337340541107,1,0.0,0.0,1,0.009791404,0.16899999999999998,7.190977420711825,5.683047346716409,9,0.81,0.729,JOR_SAU
2000,663,679,JOR,YEM,0,0.0893016610108948,1,0.0,0.0,1,1.3492699999999953e-05,0.07700000000000001,7.614756053830618,2.791468558699354,55,30.25,166.375,JOR_YEM
2000,663,690,JOR,KUW,0,0.0647500647500647,1,0.0,0.0,1,0.0004265121,0.09599999999999997,7.078847353824543,3.892026358511377,10,1.0,1.0,JOR_KUW
2000,663,692,JOR,BHR,0,0.0,0,,,1,0.00087767568,0.121,7.351286587896758,3.0935133980584864,9,0.81,0.729,JOR_BHR
2000,663,694,JOR,QAT,0,0.0258197779499096,1,0.0,0.0,1,0.0005869458799999999,0.167,7.433134483755639,2.9600183045798145,9,0.81,0.729,JOR_QAT
2000,663,696,JOR,UAE,0,0.0416237928642748,1,0.0,0.0,1,0.0010475967999999999,0.158,7.5932734323775914,4.895289909951807,9,0.81,0.729,JOR_UAE
2000,663,698,JOR,OMA,0,0.0,0,,,0,0.00040641185000000004,0.135,7.786551806428712,2.7377673079650204,9,0.81,0.729,JOR_OMA
2000,666,670,ISR,SAU,0,0.7922210476433492,1,1.0,1.0,0,0.0071406618,0.751,7.225044696186576,0.0,19,3.61,6.859,ISR_SAU
2000,666,679,ISR,YEM,0,0.0,1,0.0,0.0,0,0.0026372495,0.505,7.621293149189817,0.0,55,30.25,166.375,ISR_YEM
2000,666,690,ISR,KUW,0,0.073038073038073,1,0.0,0.0,0,0.0022242301,0.48600000000000004,7.131538625583686,0.0,33,10.89,35.937,ISR_KUW
2000,666,692,ISR,BHR,0,0.0,0,,,0,0.00352841788,0.7030000000000001,7.387771118354598,0.0,55,30.25,166.375,ISR_BHR
2000,666,694,ISR,QAT,0,0.0025819777949909,1,0.0,0.0,0,0.0032376880799999995,0.749,7.466055916772316,0.0,55,30.25,166.375,ISR_QAT
2000,666,696,ISR,UAE,0,0.0675386245321991,1,0.0,0.0,0,0.0016031454,0.74,7.622076694773489,0.0,55,30.25,166.375,ISR_UAE
2000,666,698,ISR,OMA,0,0.0,0,,,0,0.00305715405,0.717,7.811244419019083,0.5578160837245976,55,30.25,166.375,ISR_OMA
2000,670,679,SAU,YEM,0,0.0133972087608505,1,0.0,0.0,1,0.009777911299999999,0.246,6.976908137670454,5.680634857112758,2,0.04,0.008,SAU_YEM
2000,670,690,SAU,KUW,0,0.0405570047033022,1,0.0,0.0,1,0.0093648919,0.26499999999999996,6.284507225801859,6.349525297872717,55,30.25,166.375,SAU_KUW
2000,670,692,SAU,BHR,0,0.0,0,,,1,0.010669079679999999,0.048,6.052559646467793,6.981300864454682,55,30.25,166.375,SAU_BHR
2000,670,694,SAU,QAT,0,0.0198289591882698,1,0.0,0.0,1,0.01037834988,0.0019999999999999983,6.195629131824389,5.519255006628084,5,0.25,0.125,SAU_QAT
2000,670,696,SAU,UAE,0,0.0349376650112942,1,0.0,0.0,1,0.0087438072,0.011,6.652992053287465,7.319519505918596,55,30.25,166.375,SAU_UAE
2000,670,698,SAU,OMA,0,0.0,0,,,1,0.01019781585,0.033999999999999996,7.100192169517185,5.509418538601043,55,30.25,166.375,SAU_OMA
2000,679,690,YEM,KUW,0,0.0786516853932584,1,0.0,0.0,1,0.00041301940000000007,0.01899999999999996,7.381937665049289,4.752172030819845,55,30.25,166.375,YEM_KUW
2000,679,692,YEM,BHR,0,0.0,0,,,1,0.0008911683799999999,0.198,7.228388451573604,1.7087153033486902,55,30.25,166.375,YEM_BHR
2000,679,694,YEM,QAT,0,0.0786516853932584,1,0.0,0.0,1,0.0006004385799999999,0.24400000000000002,7.201618210508999,1.4142742233166494,55,30.25,166.375,YEM_QAT
2000,679,696,YEM,UAE,0,0.0786516853932584,1,0.0,0.0,1,0.0010341041,0.23500000000000001,7.2911111015022,5.574937113985247,55,30.25,166.375,YEM_UAE
2000,679,698,YEM,OMA,0,0.0,0,,,0,0.00041990455,0.21200000000000002,7.475735983249187,3.7318735918221457,55,30.25,166.375,YEM_OMA
2000,690,692,KUW,BHR,0,0.0,0,,,1,0.00130418778,0.21699999999999997,6.076035448558252,4.140236021265773,55,30.25,166.375,KUW_BHR
2000,690,694,KUW,QAT,0,0.8569516090817408,1,1.0,0.0,1,0.00101345798,0.26299999999999996,6.355065451117447,3.406456030698835,55,30.25,166.375,KUW_QAT
2000,690,696,KUW,UAE,0,0.7147559843921858,1,1.0,0.0,1,0.0006210846999999999,0.25399999999999995,6.728867818922465,5.870957962206149,55,30.25,166.375,KUW_UAE
2000,690,698,KUW,OMA,0,0.0,0,,,1,0.0008329239500000001,0.23099999999999998,7.118907217443969,3.70538242784971,55,30.25,166.375,KUW_OMA
2000,692,694,BHR,QAT,0,0.0,0,,,1,0.00029072980000000004,0.046,4.954417614098027,3.7617783670786515,14,1.96,2.744,BHR_QAT
2000,692,696,BHR,UAE,0,0.0,0,,,1,0.0019252724799999998,0.037000000000000005,6.058422015232863,5.317404345672276,55,30.25,166.375,BHR_UAE
2000,692,698,BHR,OMA,0,0.0,0,,,1,0.0004712638299999999,0.014000000000000005,6.755419617678439,3.5707957857720753,55,30.25,166.375,BHR_OMA
2000,694,696,QAT,UAE,0,0.6499192288411116,1,1.0,0.0,1,0.0016345426799999998,0.009000000000000001,5.707442435487688,5.863121272892533,55,30.25,166.375,QAT_UAE
2000,694,698,QAT,OMA,0,0.0,0,,,1,0.00018053402999999987,0.032,6.606379879398354,3.2673838921091782,55,30.25,166.375,QAT_OMA
2000,696,698,UAE,OMA,0,0.0,0,,,1,0.00145400865,0.022999999999999996,6.0888180923638915,7.652227788416523,55,30.25,166.375,UAE_OMA
2001,630,640,IRN,TUR,1,0.0067471008551013,1,0.0,0.0,0,0.00022032099999999902,0.357,7.4353790210240085,6.956350471764931,2,0.04,0.008,IRN_TUR
2001,630,645,IRN,IRQ,0,0.0,0,,,0,0.00689693,0.08700000000000002,6.5441995739511825,0.0,2,0.04,0.008,IRN_IRQ
2001,630,651,IRN,EGY,0,0.0,1,0.0,0.0,0,0.003493708200000001,0.025000000000000022,7.5927190667340625,3.4235090156297754,8,0.64,0.512,IRN_EGY
2001,630,652,IRN,SYR,0,0.1025641025641025,1,0.0,0.0,0,0.0087306729,0.08200000000000002,7.247080584585756,3.859275538454484,56,31.36,175.616,IRN_SYR
2001,630,660,IRN,LEB,0,0.0,1,0.0,0.0,0,0.01240940662,0.11999999999999997,7.291860547968892,3.477040915903934,56,31.36,175.616,IRN_LEB
2001,630,663,IRN,JOR,0,0.0082085570476059,1,0.0,0.0,0,0.01194744,0.049000000000000016,7.305188215393037,2.679530486155763,56,31.36,175.616,IRN_JOR
2001,630,666,IRN,ISR,0,0.0,1,0.0,0.0,0,0.0091251984,0.53,7.35224877405778,0.0,56,31.36,175.616,IRN_ISR
2001,630,670,IRN,SAU,0,0.0,1,0.0,0.0,0,0.0017386320000000004,0.21600000000000003,7.174111564719166,5.154748682717976,13,1.69,2.197,IRN_SAU
2001,630,679,IRN,YEM,0,0.3620841947638528,1,0.0,0.0,0,0.0119504922,0.026999999999999996,7.772289451283258,1.9509503259970042,56,31.36,175.616,IRN_YEM
2001,630,690,IRN,KUW,0,0.1236611489776046,1,0.0,0.0,0,0.0112868055,0.032,6.652475857637857,4.964840888158834,13,1.69,2.197,IRN_KUW
2001,630,692,IRN,BHR,0,0.0,1,0.0,0.0,0,0.01281658824,0.12300000000000001,6.964135612418245,3.2135498671008396,13,1.69,2.197,IRN_BHR
2001,630,694,IRN,QAT,0,0.0,1,0.0,0.0,0,0.01241573356,0.21500000000000002,7.055916629962658,3.3124104656993345,14,1.96,2.744,IRN_QAT
2001,630,696,IRN,UAE,0,0.2405975437504489,1,0.0,0.0,0,0.0107977329,0.20600000000000002,7.155474362862388,7.292834737869865,9,0.81,0.729,IRN_UAE
2001,630,698,IRN,OMA,0,0.0,1,0.0,0.0,0,0.0121710887,0.133,7.320725486576075,4.159690991289154,17,2.89,4.913,IRN_OMA
2001,640,645,TUR,IRQ,0,0.0,0,,,0,0.007117250999999999,0.44399999999999995,7.141165942652124,0.0,1,0.01,0.001,TUR_IRQ
2001,640,651,TUR,EGY,0,0.6634449023249043,1,1.0,1.0,0,0.0037140292,0.382,7.011574607621134,6.318965356985878,42,17.64,74.088,TUR_EGY
2001,640,652,TUR,SYR,0,0.0,1,0.0,0.0,0,0.008950993899999999,0.43899999999999995,6.655955018418123,6.618649500207967,3,0.09,0.027,TUR_SYR
2001,640,660,TUR,LEB,0,0.5088672835890828,1,1.0,1.0,0,0.01262972762,0.237,6.56512411504534,5.085359576291921,56,31.36,175.616,TUR_LEB
2001,640,663,TUR,JOR,0,0.2678948771034387,1,0.0,0.0,0,0.012167761,0.40599999999999997,6.834216375647267,4.778563084010838,10,1.0,1.0,TUR_JOR
2001,640,666,TUR,ISR,0,0.6590594319621546,1,1.0,1.0,0,0.009345519399999998,0.17300000000000004,6.83722551279161,6.996664745126951,25,6.25,15.625,TUR_ISR
2001,640,670,TUR,SAU,0,0.3372836734524318,1,0.0,0.0,0,0.0019589529999999994,0.573,7.664581236205265,7.077232279857903,56,31.36,175.616,TUR_SAU
2001,640,679,TUR,YEM,0,0.0,1,0.0,0.0,0,0.012170813199999998,0.32999999999999996,7.9884411791167915,3.975141061933345,56,31.36,175.616,TUR_YEM
2001,640,690,TUR,KUW,0,0.2698956315820509,1,0.0,0.0,0,0.0115071265,0.32499999999999996,7.501247856381898,5.493595786150705,56,31.36,175.616,TUR_KUW
2001,640,692,TUR,BHR,0,0.5088672835890828,1,1.0,1.0,0,0.013036909239999998,0.48,7.714454334226198,3.280705329932961,56,31.36,175.616,TUR_BHR
2001,640,694,TUR,QAT,0,0.119039475225489,1,0.0,0.0,0,0.012636054559999998,0.572,7.775401836029897,3.410741524421547,56,31.36,175.616,TUR_QAT
2001,640,696,TUR,UAE,0,0.1931977828232642,1,0.0,0.0,0,0.0110180539,0.563,7.879707749681193,5.664502866435306,56,31.36,175.616,TUR_UAE
2001,640,698,TUR,OMA,0,0.1925735035726836,1,0.0,0.0,0,0.0123914097,0.49,8.011852497880817,3.082766575280847,56,31.36,175.616,TUR_OMA
2001,645,651,IRQ,EGY,0,0.0,0,,,1,0.003403221799999999,0.062,7.168733968599368,4.428078911390525,2,0.04,0.008,IRQ_EGY
2001,645,652,IRQ,SYR,0,0.0,0,,,1,0.0018337429,0.0050000000000000044,6.622869293832357,0.0,10,1.0,1.0,IRQ_SYR
2001,645,660,IRQ,LEB,0,0.0,0,,,1,0.005512476620000001,0.207,6.719978871505218,3.5125896695517005,56,31.36,175.616,IRQ_LEB
2001,645,663,IRQ,JOR,0,0.0,0,,,1,0.00505051,0.038000000000000006,6.69369534640097,6.7319636199247705,2,0.04,0.008,IRQ_JOR
2001,645,666,IRQ,ISR,0,0.0,0,,,0,0.0022282684000000004,0.617,6.778898656857133,0.0,3,0.09,0.027,IRQ_ISR
2001,645,670,IRQ,SAU,0,0.0,0,,,1,0.0051582979999999995,0.129,6.896289800872859,0.0,1,0.01,0.001,IRQ_SAU
2001,645,679,IRQ,YEM,0,0.0,0,,,1,0.0050535622,0.11400000000000002,7.60150227961405,1.6862565360219237,56,31.36,175.616,IRQ_YEM
2001,645,690,IRQ,KUW,0,0.0,0,,,1,0.0043898755,0.11900000000000002,6.324358962381311,0.0,1,0.01,0.001,IRQ_KUW
2001,645,692,IRQ,BHR,0,0.0,0,,,1,0.00591965824,0.03599999999999999,6.9000254809201955,0.07632169976394518,7,0.49,0.343,IRQ_BHR
2001,645,694,IRQ,QAT,0,0.0,0,,,1,0.0055188035600000004,0.128,7.032006241319994,0.08678241519654548,10,1.0,1.0,IRQ_QAT
2001,645,696,IRQ,UAE,0,0.0,0,,,1,0.0039008029000000004,0.119,7.232082635630662,0.0,2,0.04,0.008,IRQ_UAE
2001,645,698,IRQ,OMA,0,0.0,0,,,0,0.0052741587,0.045999999999999985,7.471249251315212,3.103988517540711,7,0.49,0.343,IRQ_OMA
2001,651,652,EGY,SYR,0,0.0,1,0.0,0.0,1,0.005236964699999999,0.056999999999999995,6.423246963533519,4.378614005774164,56,31.36,175.616,EGY_SYR
2001,651,660,EGY,LEB,0,0.8238259647407498,1,1.0,1.0,1,0.00891569842,0.145,6.376556865408209,4.721031376081776,56,31.36,175.616,EGY_LEB
2001,651,663,EGY,JOR,0,0.0964060637029467,1,0.0,0.0,1,0.0084537318,0.023999999999999994,6.209595556598647,4.25949172987417,10,1.0,1.0,EGY_JOR
2001,651,666,EGY,ISR,0,0.672508130355892,1,1.0,1.0,0,0.0056314901999999995,0.555,6.0553778728516345,3.7266335153358154,12,1.44,1.728,EGY_ISR
2001,651,670,EGY,SAU,0,0.0480590197272014,1,0.0,0.0,1,0.0017550762000000004,0.191,7.401536468138869,6.974508470924911,34,11.56,39.304,EGY_SAU
2001,651,679,EGY,YEM,0,0.0,1,0.0,0.0,1,0.008456783999999998,0.05200000000000002,7.651357903030576,3.7809100346340876,56,31.36,175.616,EGY_YEM
2001,651,690,EGY,KUW,0,0.0480417069552783,1,0.0,0.0,1,0.007793097299999999,0.05700000000000002,7.388946097618437,4.53276421076936,56,31.36,175.616,EGY_KUW
2001,651,692,EGY,BHR,0,0.8238259647407498,1,1.0,1.0,1,0.009322880039999999,0.09799999999999999,7.571679600865179,3.4119726526866483,56,31.36,175.616,EGY_BHR
2001,651,694,EGY,QAT,0,0.0013036349007506,1,0.0,0.0,1,0.008922025359999999,0.19,7.632740216390833,3.322429425037037,56,31.36,175.616,EGY_QAT
2001,651,696,EGY,UAE,0,0.0754619424985257,1,0.0,0.0,1,0.0073040247,0.181,7.768321862083931,5.1398096167957545,56,31.36,175.616,EGY_UAE
2001,651,698,EGY,OMA,0,0.0,1,0.0,0.0,0,0.0086773805,0.10799999999999998,7.937374696163295,3.18335981203047,56,31.36,175.616,EGY_OMA
2001,652,660,SYR,LEB,0,0.0,1,0.0,0.0,1,0.00367873372,0.20199999999999999,4.487512142519859,5.744946778581906,32,10.24,32.768,SYR_LEB
2001,652,663,SYR,JOR,0,0.0,1,0.0,0.0,1,0.0032167671,0.033,5.176149732573829,4.270380335361583,10,1.0,1.0,SYR_JOR
2001,652,666,SYR,ISR,0,0.0,1,0.0,0.0,0,0.00039452550000000034,0.612,5.392718041969521,0.0,1,0.01,0.001,SYR_ISR
2001,652,670,SYR,SAU,0,0.0,1,0.0,0.0,1,0.0069920409,0.134,7.249570360013846,5.7902129524009744,56,31.36,175.616,SYR_SAU
2001,652,679,SYR,YEM,0,0.1025641025641025,1,0.0,0.0,1,0.0032198193,0.10900000000000001,7.682666761344722,1.8153367608922182,56,31.36,175.616,SYR_YEM
2001,652,690,SYR,KUW,0,0.0,1,0.0,0.0,1,0.0025561326000000002,0.11400000000000002,7.089243155027514,4.649006289514565,56,31.36,175.616,SYR_KUW
2001,652,692,SYR,BHR,0,0.0,1,0.0,0.0,1,0.00408591534,0.040999999999999995,7.375443730270433,2.8646877860159603,56,31.36,175.616,SYR_BHR
2001,652,694,SYR,QAT,0,0.0,1,0.0,0.0,1,0.0036850606600000004,0.133,7.457840076700244,3.468333494884307,56,31.36,175.616,SYR_QAT
2001,652,696,SYR,UAE,0,0.1025641025641025,1,0.0,0.0,1,0.0020670600000000003,0.124,7.61085279039525,4.672139438004262,56,31.36,175.616,SYR_UAE
2001,652,698,SYR,OMA,0,0.0,1,0.0,0.0,0,0.0034404158000000003,0.05099999999999999,7.796551476546899,3.012789960475437,56,31.36,175.616,SYR_OMA
2001,660,663,LEB,JOR,0,0.0964060637029467,1,0.0,0.0,1,0.0004619666200000001,0.16899999999999998,5.40042258948519,4.387850990137545,56,31.36,175.616,LEB_JOR
2001,660,666,LEB,ISR,0,0.5057854481270837,1,1.0,1.0,0,0.00328420822,0.41000000000000003,5.477717994914328,0.0,1,0.01,0.001,LEB_ISR
2001,660,670,LEB,SAU,0,0.0467553848264508,1,0.0,0.0,1,0.01067077462,0.33599999999999997,7.308944592227513,5.356415269485421,56,31.36,175.616,LEB_SAU
2001,660,679,LEB,YEM,0,0.0,1,0.0,0.0,1,0.0004589144200000001,0.09299999999999997,7.714855949617927,1.2513682820865524,56,31.36,175.616,LEB_YEM
2001,660,690,LEB,KUW,0,0.0,1,0.0,0.0,1,0.00112260112,0.08799999999999997,7.158903026705945,3.828641396489095,56,31.36,175.616,LEB_KUW
2001,660,692,LEB,BHR,0,1.0,1,1.0,1.0,1,0.00040718161999999997,0.243,7.428927194802272,4.030960911742401,56,31.36,175.616,LEB_BHR
2001,660,694,LEB,QAT,0,0.0,1,0.0,0.0,1,6.326940000000005e-06,0.33499999999999996,7.507250903460627,2.7925222233245544,56,31.36,175.616,LEB_QAT
2001,660,696,LEB,UAE,0,0.0219689896499166,1,0.0,0.0,1,0.0016116737199999998,0.32599999999999996,7.6533051383351305,4.993760444672616,56,31.36,175.616,LEB_UAE
2001,660,698,LEB,OMA,0,0.0,1,0.0,0.0,0,0.00023831791999999994,0.253,7.831656973857627,2.091745894203065,56,31.36,175.616,LEB_OMA
2001,663,666,JOR,ISR,0,0.0964060637029467,1,0.0,0.0,0,0.0028222416,0.579,4.289088639014612,4.682474594092961,10,1.0,1.0,JOR_ISR
2001,663,670,JOR,SAU,0,0.2590191752205504,1,0.0,0.0,1,0.010208808,0.167,7.190977420711825,5.542023021389211,10,1.0,1.0,JOR_SAU
2001,663,679,JOR,YEM,0,0.0,1,0.0,0.0,1,3.052199999999984e-06,0.07600000000000001,7.614756053830618,2.9670091870047868,56,31.36,175.616,JOR_YEM
2001,663,690,JOR,KUW,0,0.0973709834469328,1,0.0,0.0,1,0.0006606345,0.08100000000000002,7.078847353824543,3.8823478204143895,11,1.21,1.331,JOR_KUW
2001,663,692,JOR,BHR,0,0.0964060637029467,1,0.0,0.0,1,0.00086914824,0.074,7.351286587896758,3.197216710565935,10,1.0,1.0,JOR_BHR
2001,663,694,JOR,QAT,0,0.0,1,0.0,0.0,1,0.0004682935600000001,0.166,7.433134483755639,3.117976764324639,10,1.0,1.0,JOR_QAT
2001,663,696,JOR,UAE,0,0.0219689896499166,1,0.0,0.0,1,0.0011497070999999998,0.157,7.5932734323775914,5.009914834627649,10,1.0,1.0,JOR_UAE
2001,663,698,JOR,OMA,0,0.797138477261114,1,1.0,0.0,0,0.00022364870000000014,0.08399999999999999,7.786551806428712,2.848720600270728,10,1.0,1.0,JOR_OMA
2001,666,670,ISR,SAU,0,0.0467553848264508,1,0.0,0.0,0,0.0073865664,0.746,7.225044696186576,0.0,20,4.0,8.0,ISR_SAU
2001,666,679,ISR,YEM,0,0.0,1,0.0,0.0,0,0.0028252938,0.503,7.621293149189817,0.0,56,31.36,175.616,ISR_YEM
2001,666,690,ISR,KUW,0,0.0467380720545277,1,0.0,0.0,0,0.0021616071,0.498,7.131538625583686,0.0,34,11.56,39.304,ISR_KUW
2001,666,692,ISR,BHR,0,0.5057854481270837,1,1.0,1.0,0,0.00369138984,0.653,7.387771118354598,0.0,56,31.36,175.616,ISR_BHR
2001,666,694,ISR,QAT,0,0.0,1,0.0,0.0,0,0.00329053516,0.745,7.466055916772316,0.0,56,31.36,175.616,ISR_QAT
2001,666,696,ISR,UAE,0,0.0741583075977751,1,0.0,0.0,0,0.0016725345,0.736,7.622076694773489,0.0,56,31.36,175.616,ISR_UAE
2001,666,698,ISR,OMA,0,0.0,1,0.0,0.0,0,0.0030458903,0.663,7.811244419019083,0.5432900626896399,56,31.36,175.616,ISR_OMA
2001,670,679,SAU,YEM,0,0.0,1,0.0,0.0,1,0.010211860199999999,0.24300000000000002,6.976908137670454,5.941512563287398,3,0.09,0.027,SAU_YEM
2001,670,690,SAU,KUW,0,0.4595605842152138,1,0.0,0.0,1,0.0095481735,0.24800000000000003,6.284507225801859,6.5794320984269445,56,31.36,175.616,SAU_KUW
2001,670,692,SAU,BHR,0,0.0467553848264508,1,0.0,0.0,1,0.011077956239999999,0.093,6.052559646467793,7.146053496064737,56,31.36,175.616,SAU_BHR
2001,670,694,SAU,QAT,0,0.362189600768281,1,0.0,0.0,1,0.010677101559999999,0.0010000000000000009,6.195629131824389,5.625173408272159,6,0.36,0.216,SAU_QAT
2001,670,696,SAU,UAE,0,0.3841585904181976,1,0.0,0.0,1,0.0090591009,0.010000000000000002,6.652992053287465,7.319834267087218,56,31.36,175.616,SAU_UAE
2001,670,698,SAU,OMA,0,0.2214074811956074,1,0.0,0.0,1,0.0104324567,0.083,7.100192169517185,5.494302648035846,56,31.36,175.616,SAU_OMA
2001,679,690,YEM,KUW,0,0.0,1,0.0,0.0,1,0.0006636866999999999,0.0050000000000000044,7.381937665049289,5.234557049198003,56,31.36,175.616,YEM_KUW
2001,679,692,YEM,BHR,0,0.0,1,0.0,0.0,1,0.0008660960400000001,0.15000000000000002,7.228388451573604,1.365324982433949,56,31.36,175.616,YEM_BHR
2001,679,694,YEM,QAT,0,0.0,1,0.0,0.0,1,0.0004652413600000001,0.24200000000000002,7.201618210508999,1.819973629980217,56,31.36,175.616,YEM_QAT
2001,679,696,YEM,UAE,0,0.2405975437504489,1,0.0,0.0,1,0.0011527592999999998,0.233,7.2911111015022,5.4958476405901795,56,31.36,175.616,YEM_UAE
2001,679,698,YEM,OMA,0,0.0,1,0.0,0.0,0,0.00022059650000000016,0.16,7.475735983249187,4.343374718724796,56,31.36,175.616,YEM_OMA
2001,690,692,KUW,BHR,0,0.0,1,0.0,0.0,1,0.00152978274,0.15500000000000003,6.076035448558252,4.397475225818297,56,31.36,175.616,KUW_BHR
2001,690,694,KUW,QAT,0,0.7322297955209348,1,1.0,0.0,1,0.0011289280600000002,0.24700000000000003,6.355065451117447,3.3590707517529057,56,31.36,175.616,KUW_QAT
2001,690,696,KUW,UAE,0,0.7157029839152286,1,1.0,0.0,1,0.0004890725999999999,0.23800000000000002,6.728867818922465,5.988351255842122,56,31.36,175.616,KUW_UAE
2001,690,698,KUW,OMA,0,0.0973709834469328,1,0.0,0.0,1,0.0008842832000000001,0.165,7.118907217443969,3.9412741486970364,56,31.36,175.616,KUW_OMA
2001,692,694,BHR,QAT,0,0.0,1,0.0,0.0,1,0.00040085467999999996,0.092,4.954417614098027,4.090556847880482,15,2.25,3.375,BHR_QAT
2001,692,696,BHR,UAE,0,0.0219689896499166,1,0.0,0.0,1,0.00201885534,0.083,6.058422015232863,5.499882243928533,56,31.36,175.616,BHR_UAE
2001,692,698,BHR,OMA,0,0.0,1,0.0,0.0,1,0.0006454995399999999,0.009999999999999995,6.755419617678439,3.7203970405679776,56,31.36,175.616,BHR_OMA
2001,694,696,QAT,UAE,0,0.6689649118607008,1,1.0,0.0,1,0.00161800066,0.009000000000000001,5.707442435487688,5.773111627372059,56,31.36,175.616,QAT_UAE
2001,694,698,QAT,OMA,0,0.0,1,0.0,0.0,1,0.00024464485999999995,0.082,6.606379879398354,3.2328976973192787,56,31.36,175.616,QAT_OMA
2001,696,698,UAE,OMA,0,0.0,1,0.0,0.0,1,0.0013733558,0.07300000000000001,6.0888180923638915,7.305766072594949,56,31.36,175.616,UAE_OMA
2002,630,640,IRN,TUR,0,0.0,1,0.0,0.0,0,0.0013383490000000008,0.404,7.4353790210240085,7.009624808231495,1,0.01,0.001,IRN_TUR
2002,630,645,IRN,IRQ,1,0.0,0,,,0,0.0063212795,0.08500000000000002,6.5441995739511825,3.2112230166873683,3,0.09,0.027,IRN_IRQ
2002,630,651,IRN,EGY,0,0.1493516538028665,1,0.0,0.0,0,0.002899159,0.02300000000000002,7.5927190667340625,2.885435650895682,9,0.81,0.729,IRN_EGY
2002,630,652,IRN,SYR,0,0.2105263157894736,1,0.0,0.0,0,0.0087837667,0.08200000000000002,7.247080584585756,3.939572294804853,57,32.49,185.193,IRN_SYR
2002,630,660,IRN,LEB,0,0.0,0,,,0,0.01201643543,0.11899999999999997,7.291860547968892,3.8756452663915035,57,32.49,185.193,IRN_LEB
2002,630,663,IRN,JOR,0,0.0182857142857142,1,0.0,0.0,0,0.011654785499999999,0.047000000000000014,7.305188215393037,3.0479706761860115,57,32.49,185.193,IRN_JOR
2002,630,666,IRN,ISR,0,0.0,1,0.0,0.0,0,0.008765710199999999,0.532,7.35224877405778,0.0,57,32.49,185.193,IRN_ISR
2002,630,670,IRN,SAU,0,0.0,1,0.0,0.0,0,0.002514002999999999,0.21400000000000002,7.174111564719166,5.64529420047325,14,1.96,2.744,IRN_SAU
2002,630,679,IRN,YEM,0,0.4710354050820018,1,0.0,0.0,0,0.0114517804,0.028999999999999998,7.772289451283258,1.9339963897946328,57,32.49,185.193,IRN_YEM
2002,630,690,IRN,KUW,0,0.2530914641147033,1,0.0,0.0,0,0.0111704192,0.04600000000000001,6.652475857637857,4.951980938363561,14,1.96,2.744,IRN_KUW
2002,630,692,IRN,BHR,0,0.0,1,0.0,0.0,0,0.0125218577,0.068,6.964135612418245,4.183348048089016,14,1.96,2.744,IRN_BHR
2002,630,694,IRN,QAT,0,0.0,0,,,0,0.0119682153,0.21300000000000002,7.055916629962658,3.4151463081258653,15,2.25,3.375,IRN_QAT
2002,630,696,IRN,UAE,0,0.0,1,0.0,0.0,0,0.0108984736,0.20700000000000002,7.155474362862388,7.523203964553693,10,1.0,1.0,IRN_UAE
2002,630,698,IRN,OMA,0,0.0,1,0.0,0.0,0,0.0118562823,0.08400000000000002,7.320725486576075,3.925200716741156,18,3.24,5.832,IRN_OMA
2002,640,645,TUR,IRQ,0,0.0,0,,,0,0.0076596285000000005,0.489,7.141165942652124,0.0,1,0.01,0.001,TUR_IRQ
2002,640,651,TUR,EGY,0,0.4978576822896599,1,0.0,0.0,0,0.004237508000000001,0.42700000000000005,7.011574607621134,5.817961393650178,43,18.49,79.507,TUR_EGY
2002,640,652,TUR,SYR,0,0.0,1,0.0,0.0,0,0.0101221157,0.486,6.655955018418123,6.651224293811029,4,0.16,0.064,TUR_SYR
2002,640,660,TUR,LEB,0,0.0,0,,,0,0.01335478443,0.28500000000000003,6.56512411504534,5.576793065092041,57,32.49,185.193,TUR_LEB
2002,640,663,TUR,JOR,0,0.3584868763774794,1,0.0,0.0,0,0.0129931345,0.451,6.834216375647267,4.915720329517438,11,1.21,1.331,TUR_JOR
2002,640,666,TUR,ISR,0,0.4978576822896599,1,0.0,0.0,0,0.010104059200000001,0.128,6.83722551279161,7.101667240115097,26,6.76,17.576,TUR_ISR
2002,640,670,TUR,SAU,0,0.2678692714400059,1,0.0,0.0,0,0.003852352,0.618,7.664581236205265,6.986834260882673,57,32.49,185.193,TUR_SAU
2002,640,679,TUR,YEM,0,0.0,1,0.0,0.0,0,0.012790129400000001,0.375,7.9884411791167915,3.952254323133194,57,32.49,185.193,TUR_YEM
2002,640,690,TUR,KUW,0,0.0,1,0.0,0.0,0,0.012508768200000001,0.358,7.501247856381898,5.478974455550379,57,32.49,185.193,TUR_KUW
2002,640,692,TUR,BHR,0,0.4258922817828848,1,0.0,0.0,0,0.0138602067,0.472,7.714454334226198,3.3282577677377074,57,32.49,185.193,TUR_BHR
2002,640,694,TUR,QAT,0,0.0,0,,,0,0.0133065643,0.617,7.775401836029897,3.2392611843038064,57,32.49,185.193,TUR_QAT
2002,640,696,TUR,UAE,0,0.2036679171358332,1,0.0,0.0,0,0.0122368226,0.611,7.879707749681193,5.955681139645008,57,32.49,185.193,TUR_UAE
2002,640,698,TUR,OMA,0,0.4414176286546553,1,0.0,0.0,0,0.0131946313,0.488,8.011852497880817,3.4905543306457587,57,32.49,185.193,TUR_OMA
2002,645,651,IRQ,EGY,0,0.0,0,,,1,0.0034221204999999996,0.062,7.168733968599368,4.621039007575077,3,0.09,0.027,IRQ_EGY
2002,645,652,IRQ,SYR,0,0.0,0,,,1,0.0024624872000000003,0.0030000000000000027,6.622869293832357,0.0,11,1.21,1.331,IRQ_SYR
2002,645,660,IRQ,LEB,0,0.0,0,,,1,0.00569515593,0.204,6.719978871505218,4.464740932010063,57,32.49,185.193,IRQ_LEB
2002,645,663,IRQ,JOR,0,0.0,0,,,1,0.005333506,0.038000000000000006,6.69369534640097,7.1492402336618985,3,0.09,0.027,IRQ_JOR
2002,645,666,IRQ,ISR,1,0.0,0,,,0,0.0024444307,0.617,6.778898656857133,0.0,4,0.16,0.064,IRQ_ISR
2002,645,670,IRQ,SAU,0,0.0,0,,,1,0.0038072765000000007,0.129,6.896289800872859,0.0,1,0.01,0.001,IRQ_SAU
2002,645,679,IRQ,YEM,0,0.0,0,,,1,0.0051305008999999995,0.11400000000000002,7.60150227961405,1.8661695743064564,57,32.49,185.193,IRQ_YEM
2002,645,690,IRQ,KUW,0,0.0,0,,,1,0.0048491396999999995,0.13100000000000003,6.324358962381311,0.0,1,0.01,0.001,IRQ_KUW
2002,645,692,IRQ,BHR,0,0.0,0,,,1,0.0062005782,0.017000000000000015,6.9000254809201955,0.07411481020177096,8,0.64,0.512,IRQ_BHR
2002,645,694,IRQ,QAT,0,0.0,0,,,1,0.0056469358,0.128,7.032006241319994,0.17792545809612823,11,1.21,1.331,IRQ_QAT
2002,645,696,IRQ,UAE,0,0.0,0,,,1,0.004577194099999999,0.122,7.232082635630662,0.0,3,0.09,0.027,IRQ_UAE
2002,645,698,IRQ,OMA,0,0.0,0,,,0,0.0055350028,0.0010000000000000009,7.471249251315212,3.170184237839883,8,0.64,0.512,IRQ_OMA
2002,651,652,EGY,SYR,0,0.0,1,0.0,0.0,0,0.0058846077,0.059,6.423246963533519,4.709931562197719,57,32.49,185.193,EGY_SYR
2002,651,660,EGY,LEB,0,0.0,0,,,1,0.00911727643,0.142,6.376556865408209,4.873002856049755,57,32.49,185.193,EGY_LEB
2002,651,663,EGY,JOR,0,0.088,1,0.0,0.0,1,0.008755626499999999,0.023999999999999994,6.209595556598647,4.302093217902877,11,1.21,1.331,EGY_JOR
2002,651,666,EGY,ISR,0,0.8421139659798269,1,1.0,1.0,0,0.005866551199999999,0.555,6.0553778728516345,3.681467553718326,13,1.69,2.197,EGY_ISR
2002,651,670,EGY,SAU,0,0.1065712426805465,1,0.0,0.0,1,0.0003851560000000011,0.191,7.401536468138869,6.762963953435589,35,12.25,42.875,EGY_SAU
2002,651,679,EGY,YEM,0,0.0,1,0.0,0.0,1,0.0085526214,0.05200000000000002,7.651357903030576,3.6070160128271405,57,32.49,185.193,EGY_YEM
2002,651,690,EGY,KUW,0,0.1493516538028665,1,0.0,0.0,1,0.0082712602,0.06900000000000003,7.388946097618437,4.246377801854308,57,32.49,185.193,EGY_KUW
2002,651,692,EGY,BHR,0,0.1554054054054053,1,0.0,0.0,1,0.0096226987,0.044999999999999984,7.571679600865179,2.904824424257149,57,32.49,185.193,EGY_BHR
2002,651,694,EGY,QAT,0,0.0,0,,,1,0.0090690563,0.19,7.632740216390833,3.0739424878520523,57,32.49,185.193,EGY_QAT
2002,651,696,EGY,UAE,0,0.111441689230407,1,0.0,0.0,1,0.0079993146,0.184,7.768321862083931,5.2905874677101155,57,32.49,185.193,EGY_UAE
2002,651,698,EGY,OMA,0,0.0,1,0.0,0.0,0,0.0089571233,0.061,7.937374696163295,2.959347347752308,57,32.49,185.193,EGY_OMA
2002,652,660,SYR,LEB,0,0.0,0,,,1,0.00323266873,0.20099999999999998,4.487512142519859,5.907053930661385,33,10.89,35.937,SYR_LEB
2002,652,663,SYR,JOR,0,0.0182857142857142,1,0.0,0.0,1,0.0028710187999999998,0.035,5.176149732573829,4.712335272428198,11,1.21,1.331,SYR_JOR
2002,652,666,SYR,ISR,0,0.0,1,0.0,0.0,0,1.8056500000000406e-05,0.614,5.392718041969521,0.0,1,0.01,0.001,SYR_ISR
2002,652,670,SYR,SAU,0,0.0,1,0.0,0.0,1,0.006269763700000001,0.132,7.249570360013846,6.007719811514335,57,32.49,185.193,SYR_SAU
2002,652,679,SYR,YEM,0,0.6064578988119274,1,0.0,0.0,1,0.0026680136999999993,0.11100000000000002,7.682666761344722,1.9342836799812693,57,32.49,185.193,SYR_YEM
2002,652,690,SYR,KUW,0,0.0,1,0.0,0.0,1,0.0023866524999999993,0.12800000000000003,7.089243155027514,4.660271535521263,57,32.49,185.193,SYR_KUW
2002,652,692,SYR,BHR,0,0.0,1,0.0,0.0,1,0.003738091,0.014000000000000012,7.375443730270433,2.880785399685806,57,32.49,185.193,SYR_BHR
2002,652,694,SYR,QAT,0,0.0,0,,,1,0.0031844485999999997,0.131,7.457840076700244,3.4419323963997788,57,32.49,185.193,SYR_QAT
2002,652,696,SYR,UAE,0,0.0,1,0.0,0.0,1,0.0021147068999999995,0.125,7.61085279039525,6.726872598508971,57,32.49,185.193,SYR_UAE
2002,652,698,SYR,OMA,0,0.0,1,0.0,0.0,0,0.0030725156,0.0020000000000000018,7.796551476546899,3.052506433022128,57,32.49,185.193,SYR_OMA
2002,660,663,LEB,JOR,0,0.0,0,,,1,0.0003616499300000001,0.16599999999999998,5.40042258948519,4.41397659281247,57,32.49,185.193,LEB_JOR
2002,660,666,LEB,ISR,0,0.0,0,,,0,0.0032507252300000003,0.41300000000000003,5.477717994914328,0.0,1,0.01,0.001,LEB_ISR
2002,660,670,LEB,SAU,0,0.0,0,,,1,0.00950243243,0.33299999999999996,7.308944592227513,5.955998807210259,57,32.49,185.193,LEB_SAU
2002,660,679,LEB,YEM,0,0.0,0,,,1,0.0005646550300000002,0.08999999999999997,7.714855949617927,2.10873326942521,57,32.49,185.193,LEB_YEM
2002,660,690,LEB,KUW,0,0.0,0,,,1,0.0008460162300000002,0.07299999999999995,7.158903026705945,3.904624725520958,57,32.49,185.193,LEB_KUW
2002,660,692,LEB,BHR,0,0.0,0,,,1,0.00050542227,0.18699999999999997,7.428927194802272,4.163585727326085,57,32.49,185.193,LEB_BHR
2002,660,694,LEB,QAT,0,0.0,0,,,1,4.822012999999999e-05,0.33199999999999996,7.507250903460627,2.9377458405301673,57,32.49,185.193,LEB_QAT
2002,660,696,LEB,UAE,0,0.0,0,,,1,0.0011179618300000002,0.32599999999999996,7.6533051383351305,5.1594646407102225,57,32.49,185.193,LEB_UAE
2002,660,698,LEB,OMA,0,0.0,0,,,0,0.00016015313000000003,0.20299999999999999,7.831656973857627,2.316663613905398,57,32.49,185.193,LEB_OMA
2002,663,666,JOR,ISR,0,0.088,1,0.0,0.0,0,0.0028890753,0.579,4.289088639014612,5.039731011784419,11,1.21,1.331,JOR_ISR
2002,663,670,JOR,SAU,0,0.1259428571428571,1,0.0,0.0,1,0.0091407825,0.167,7.190977420711825,5.701017020978319,11,1.21,1.331,JOR_SAU
2002,663,679,JOR,YEM,0,0.0182857142857142,1,0.0,0.0,1,0.00020300510000000006,0.07600000000000001,7.614756053830618,2.8526121989591733,57,32.49,185.193,JOR_YEM
2002,663,690,JOR,KUW,0,0.0,1,0.0,0.0,1,0.00048436630000000007,0.09300000000000003,7.078847353824543,4.0939990191956515,12,1.44,1.728,JOR_KUW
2002,663,692,JOR,BHR,0,0.9325945945945944,1,1.0,0.0,1,0.0008670722,0.02099999999999999,7.351286587896758,3.381470207519315,11,1.21,1.331,JOR_BHR
2002,663,694,JOR,QAT,0,0.0,0,,,1,0.0003134298000000001,0.166,7.433134483755639,3.4615169530338656,11,1.21,1.331,JOR_QAT
2002,663,696,JOR,UAE,0,0.0423698883763739,1,0.0,0.0,1,0.0007563119,0.16,7.5932734323775914,5.16048576985625,11,1.21,1.331,JOR_UAE
2002,663,698,JOR,OMA,0,0.4410031981147954,1,0.0,0.0,0,0.00020149680000000007,0.037000000000000005,7.786551806428712,2.945563872552361,11,1.21,1.331,JOR_OMA
2002,666,670,ISR,SAU,1,0.1065712426805465,1,0.0,0.0,0,0.0062517072000000005,0.746,7.225044696186576,0.0,21,4.41,9.261,ISR_SAU
2002,666,679,ISR,YEM,0,0.0,1,0.0,0.0,0,0.0026860701999999997,0.503,7.621293149189817,0.0,57,32.49,185.193,ISR_YEM
2002,666,690,ISR,KUW,0,0.0,1,0.0,0.0,0,0.0024047089999999997,0.486,7.131538625583686,0.0,35,12.25,42.875,ISR_KUW
2002,666,692,ISR,BHR,0,0.1554054054054053,1,0.0,0.0,0,0.0037561475,0.6,7.387771118354598,0.0,57,32.49,185.193,ISR_BHR
2002,666,694,ISR,QAT,0,0.0,0,,,0,0.0032025051,0.745,7.466055916772316,0.0,57,32.49,185.193,ISR_QAT
2002,666,696,ISR,UAE,0,0.111441689230407,1,0.0,0.0,0,0.0021327634,0.739,7.622076694773489,0.0,57,32.49,185.193,ISR_UAE
2002,666,698,ISR,OMA,0,0.0,1,0.0,0.0,0,0.0030905721000000002,0.616,7.811244419019083,0.0,57,32.49,185.193,ISR_OMA
2002,670,679,SAU,YEM,0,0.0,1,0.0,0.0,1,0.008937777400000001,0.24300000000000002,6.976908137670454,5.944408552147544,4,0.16,0.064,SAU_YEM
2002,670,690,SAU,KUW,0,0.0,1,0.0,0.0,1,0.008656416200000001,0.26,6.284507225801859,6.558415254345276,57,32.49,185.193,SAU_KUW
2002,670,692,SAU,BHR,0,0.1065712426805465,1,0.0,0.0,1,0.0100078547,0.14600000000000002,6.052559646467793,7.131800104027134,57,32.49,185.193,SAU_BHR
2002,670,694,SAU,QAT,0,0.0,0,,,1,0.0094542123,0.0010000000000000009,6.195629131824389,5.816920219116113,7,0.49,0.343,SAU_QAT
2002,670,696,SAU,UAE,0,0.2678645961536403,1,0.0,0.0,1,0.0083844706,0.007000000000000003,6.652992053287465,7.3849848009696,57,32.49,185.193,SAU_UAE
2002,670,698,SAU,OMA,0,0.2617626789213429,1,0.0,0.0,1,0.0093422793,0.13,7.100192169517185,5.774112163315888,57,32.49,185.193,SAU_OMA
2002,679,690,YEM,KUW,0,0.0,1,0.0,0.0,1,0.0002813612,0.017000000000000015,7.381937665049289,5.29727302140944,57,32.49,185.193,YEM_KUW
2002,679,692,YEM,BHR,0,0.0,1,0.0,0.0,1,0.0010700773000000001,0.097,7.228388451573604,3.181441170162517,57,32.49,185.193,YEM_BHR
2002,679,694,YEM,QAT,0,0.0,0,,,1,0.0005164349000000002,0.24200000000000002,7.201618210508999,1.7292115876743752,57,32.49,185.193,YEM_QAT
2002,679,696,YEM,UAE,0,0.0,1,0.0,0.0,1,0.0005533068,0.23600000000000002,7.2911111015022,5.788058057215067,57,32.49,185.193,YEM_UAE
2002,679,698,YEM,OMA,0,0.0,1,0.0,0.0,0,0.0004045019000000001,0.11300000000000002,7.475735983249187,4.443404937107596,57,32.49,185.193,YEM_OMA
2002,690,692,KUW,BHR,0,0.0,1,0.0,0.0,1,0.0013514385000000001,0.11400000000000002,6.076035448558252,4.3673966362366325,57,32.49,185.193,KUW_BHR
2002,690,694,KUW,QAT,0,0.0,0,,,1,0.0007977961000000002,0.259,6.355065451117447,3.5701646657607964,57,32.49,185.193,KUW_QAT
2002,690,696,KUW,UAE,0,0.0,1,0.0,0.0,1,0.0002719456,0.253,6.728867818922465,6.010519149605318,57,32.49,185.193,KUW_UAE
2002,690,698,KUW,OMA,0,0.1918868877293384,1,0.0,0.0,1,0.0006858631000000001,0.13000000000000003,7.118907217443969,4.264053721616926,57,32.49,185.193,KUW_OMA
2002,692,694,BHR,QAT,0,0.0,0,,,1,0.0005536423999999999,0.14500000000000002,4.954417614098027,4.01561243563964,16,2.56,4.096,BHR_QAT
2002,692,696,BHR,UAE,0,0.0423698883763739,1,0.0,0.0,1,0.0016233841,0.139,6.058422015232863,5.603251831916748,57,32.49,185.193,BHR_UAE
2002,692,698,BHR,OMA,0,0.4410031981147954,1,0.0,0.0,1,0.0006655754,0.016000000000000014,6.755419617678439,4.112212737973447,57,32.49,185.193,BHR_OMA
2002,694,696,QAT,UAE,0,0.0,0,,,1,0.0010697417000000002,0.006000000000000002,5.707442435487688,5.8145175315578745,57,32.49,185.193,QAT_UAE
2002,694,698,QAT,OMA,0,0.0,0,,,1,0.00011193300000000004,0.129,6.606379879398354,3.3689965897708234,57,32.49,185.193,QAT_OMA
2002,696,698,UAE,OMA,0,0.2569378920328157,1,0.0,0.0,1,0.0009578087000000001,0.123,6.0888180923638915,7.422720562520955,57,32.49,185.193,UAE_OMA
2003,630,640,IRN,TUR,0,0.0833616351230356,1,0.0,0.0,0,0.0012654350000000005,0.41900000000000004,7.4353790210240085,7.13820233466004,2,0.04,0.008,IRN_TUR
2003,630,645,IRN,IRQ,0,0.0,0,,,0,0.006627510299999999,0.048000000000000015,6.5441995739511825,2.7722110884451143,1,0.01,0.001,IRN_IRQ
2003,630,651,IRN,EGY,0,0.2304495355249879,1,0.0,0.0,0,0.0032729631999999995,0.02300000000000002,7.5927190667340625,3.251745102599083,10,1.0,1.0,IRN_EGY
2003,630,652,IRN,SYR,0,0.3924390271869374,1,0.0,0.0,0,0.0089003975,0.08200000000000002,7.247080584585756,4.468846727744909,58,33.64,195.112,IRN_SYR
2003,630,660,IRN,LEB,0,0.0,0,,,0,0.01229996945,0.11899999999999997,7.291860547968892,4.113156012189776,58,33.64,195.112,IRN_LEB
2003,630,663,IRN,JOR,0,0.0,1,0.0,0.0,0,0.0119236455,0.02400000000000002,7.305188215393037,3.4303156661780383,58,33.64,195.112,IRN_JOR
2003,630,666,IRN,ISR,0,0.0,1,0.0,0.0,0,0.0091216709,0.528,7.35224877405778,0.0,58,33.64,195.112,IRN_ISR
2003,630,670,IRN,SAU,0,0.0,1,0.0,0.0,0,0.003149701999999999,0.21400000000000002,7.174111564719166,5.863912471258036,15,2.25,3.375,IRN_SAU
2003,630,679,IRN,YEM,0,0.3271227894123975,1,0.0,0.0,0,0.0117043025,0.04300000000000001,7.772289451283258,1.8331395479903256,58,33.64,195.112,IRN_YEM
2003,630,690,IRN,KUW,0,0.4064854204171492,1,0.0,0.0,0,0.011394696099999999,0.04999999999999996,6.652475857637857,4.903803993660869,15,2.25,3.375,IRN_KUW
2003,630,692,IRN,BHR,0,0.0,1,0.0,0.0,0,0.01278514672,0.02100000000000002,6.964135612418245,3.963474976225929,15,2.25,3.375,IRN_BHR
2003,630,694,IRN,QAT,0,0.0,0,,,0,0.012283677009999999,0.191,7.055916629962658,3.6952091293862583,16,2.56,4.096,IRN_QAT
2003,630,696,IRN,UAE,0,0.0,1,0.0,0.0,0,0.011067227899999999,0.20700000000000002,7.155474362862388,7.7026367333249315,11,1.21,1.331,IRN_UAE
2003,630,698,IRN,OMA,0,0.0536771571072805,1,0.0,0.0,0,0.0121928966,0.08100000000000002,7.320725486576075,3.9256951344634707,19,3.61,6.859,IRN_OMA
2003,640,645,TUR,IRQ,0,0.0,0,,,0,0.007892945299999999,0.467,7.141165942652124,0.0,1,0.01,0.001,TUR_IRQ
2003,640,651,TUR,EGY,0,0.5502794158510605,1,0.0,0.0,0,0.0045383982,0.44200000000000006,7.011574607621134,5.834548187979728,44,19.36,85.184,TUR_EGY
2003,640,652,TUR,SYR,0,0.0,1,0.0,0.0,0,0.0101658325,0.501,6.655955018418123,6.685481249524204,5,0.25,0.125,TUR_SYR
2003,640,660,TUR,LEB,0,0.0,0,,,0,0.01356540445,0.30000000000000004,6.56512411504534,5.709012706450231,58,33.64,195.112,TUR_LEB
2003,640,663,TUR,JOR,0,0.3018022813000698,1,0.0,0.0,0,0.0131890805,0.44300000000000006,6.834216375647267,4.960815720266461,12,1.44,1.728,TUR_JOR
2003,640,666,TUR,ISR,0,0.4669177807280249,1,0.0,0.0,0,0.010387105899999999,0.10899999999999999,6.83722551279161,7.214626923202895,27,7.29,19.683,TUR_ISR
2003,640,670,TUR,SAU,0,0.233463945210217,1,0.0,0.0,0,0.0044151369999999995,0.633,7.664581236205265,7.079342343381945,58,33.64,195.112,TUR_SAU
2003,640,679,TUR,YEM,0,0.0,1,0.0,0.0,0,0.0129697375,0.376,7.9884411791167915,4.181452544267534,58,33.64,195.112,TUR_YEM
2003,640,690,TUR,KUW,0,0.0833616351230356,1,0.0,0.0,0,0.0126601311,0.36900000000000005,7.501247856381898,5.195520118466709,58,33.64,195.112,TUR_KUW
2003,640,692,TUR,BHR,0,0.4669177807280249,1,0.0,0.0,0,0.01405058172,0.44000000000000006,7.714454334226198,3.6536763057286556,58,33.64,195.112,TUR_BHR
2003,640,694,TUR,QAT,0,0.0,0,,,0,0.01354911201,0.61,7.775401836029897,3.5997685291606296,58,33.64,195.112,TUR_QAT
2003,640,696,TUR,UAE,0,0.1498817638731003,1,0.0,0.0,0,0.0123326629,0.626,7.879707749681193,6.326386493364127,58,33.64,195.112,TUR_UAE
2003,640,698,TUR,OMA,0,0.5115071271929724,1,0.0,0.0,0,0.0134583316,0.5,8.011852497880817,3.393735544604994,58,33.64,195.112,TUR_OMA
2003,645,651,IRQ,EGY,0,0.0,0,,,1,0.0033545471,0.024999999999999994,7.168733968599368,4.325233110136087,4,0.16,0.064,IRQ_EGY
2003,645,652,IRQ,SYR,0,0.0,0,,,1,0.0022728872000000004,0.034,6.622869293832357,0.0,12,1.44,1.728,IRQ_SYR
2003,645,660,IRQ,LEB,0,0.0,0,,,1,0.00567245915,0.16699999999999998,6.719978871505218,4.4526478646652174,58,33.64,195.112,IRQ_LEB
2003,645,663,IRQ,JOR,0,0.0,0,,,1,0.0052961352,0.023999999999999994,6.69369534640097,7.255833688371813,4,0.16,0.064,IRQ_JOR
2003,645,666,IRQ,ISR,0,0.0,0,,,0,0.0024941606,0.5760000000000001,6.778898656857133,0.0,1,0.01,0.001,IRQ_ISR
2003,645,670,IRQ,SAU,1,0.0,0,,,1,0.0034778083000000003,0.166,6.896289800872859,0.0,2,0.04,0.008,IRQ_SAU
2003,645,679,IRQ,YEM,0,0.0,0,,,1,0.0050767922,0.09100000000000003,7.60150227961405,1.5732591008036096,58,33.64,195.112,IRQ_YEM
2003,645,690,IRQ,KUW,0,0.0,0,,,1,0.0047671858000000004,0.09799999999999998,6.324358962381311,0.0,1,0.01,0.001,IRQ_KUW
2003,645,692,IRQ,BHR,1,0.0,0,,,1,0.00615763642,0.026999999999999996,6.9000254809201955,0.07004550514036986,9,0.81,0.729,IRQ_BHR
2003,645,694,IRQ,QAT,1,0.0,0,,,1,0.00565616671,0.143,7.032006241319994,0.16796375847676154,12,1.44,1.728,IRQ_QAT
2003,645,696,IRQ,UAE,1,0.0,0,,,1,0.0044397176,0.159,7.232082635630662,0.0,4,0.16,0.064,IRQ_UAE
2003,645,698,IRQ,OMA,1,0.0,0,,,0,0.0055653863,0.033,7.471249251315212,3.2340713853224976,9,0.81,0.729,IRQ_OMA
2003,651,652,EGY,SYR,0,0.119198035616373,1,0.0,0.0,0,0.0056274343,0.059,6.423246963533519,4.653949492955727,58,33.64,195.112,EGY_SYR
2003,651,660,EGY,LEB,0,0.0,0,,,1,0.00902700625,0.142,6.376556865408209,5.068512553208725,58,33.64,195.112,EGY_LEB
2003,651,663,EGY,JOR,0,0.0487534066821439,1,0.0,0.0,1,0.0086506823,0.0010000000000000009,6.209595556598647,4.643073974684582,12,1.44,1.728,EGY_JOR
2003,651,666,EGY,ISR,0,0.7319792436487313,1,1.0,1.0,0,0.0058487077,0.551,6.0553778728516345,3.421613546196062,14,1.96,2.744,EGY_ISR
2003,651,670,EGY,SAU,0,0.0982328482328482,1,0.0,0.0,1,0.00012326120000000045,0.191,7.401536468138869,6.332541504994524,36,12.96,46.656,EGY_SAU
2003,651,679,EGY,YEM,0,0.119198035616373,1,0.0,0.0,1,0.0084313393,0.06600000000000003,7.651357903030576,4.042409324991221,58,33.64,195.112,EGY_YEM
2003,651,690,EGY,KUW,0,0.1112514999086148,1,0.0,0.0,1,0.0081217329,0.07299999999999998,7.388946097618437,4.129094140887896,58,33.64,195.112,EGY_KUW
2003,651,692,EGY,BHR,0,0.5581885077200595,1,1.0,1.0,1,0.00951218352,0.0020000000000000018,7.571679600865179,1.6298975983297965,58,33.64,195.112,EGY_BHR
2003,651,694,EGY,QAT,0,0.0,0,,,1,0.00901071381,0.16799999999999998,7.632740216390833,3.049045668663444,58,33.64,195.112,EGY_QAT
2003,651,696,EGY,UAE,0,0.095382634289919,1,0.0,0.0,1,0.007794264699999999,0.184,7.768321862083931,5.142364305073067,58,33.64,195.112,EGY_UAE
2003,651,698,EGY,OMA,0,0.1371207614515169,1,0.0,0.0,0,0.0089199334,0.057999999999999996,7.937374696163295,3.059909213704035,58,33.64,195.112,EGY_OMA
2003,652,660,SYR,LEB,0,0.0,0,,,1,0.0033995719499999998,0.20099999999999998,4.487512142519859,5.674675308078581,34,11.56,39.304,SYR_LEB
2003,652,663,SYR,JOR,0,0.0,1,0.0,0.0,1,0.0030232479999999996,0.057999999999999996,5.176149732573829,5.162787063146143,12,1.44,1.728,SYR_JOR
2003,652,666,SYR,ISR,1,0.0,1,0.0,0.0,0,0.0002212733999999994,0.61,5.392718041969521,0.0,2,0.04,0.008,SYR_ISR
2003,652,670,SYR,SAU,0,0.0,1,0.0,0.0,1,0.005750695500000001,0.132,7.249570360013846,6.525165499056509,58,33.64,195.112,SYR_SAU
2003,652,679,SYR,YEM,0,0.3999227176950057,1,0.0,0.0,1,0.0028039049999999998,0.12500000000000003,7.682666761344722,2.42637688431037,58,33.64,195.112,SYR_YEM
2003,652,690,SYR,KUW,0,0.0,1,0.0,0.0,1,0.0024942985999999996,0.13199999999999998,7.089243155027514,4.699214656028746,58,33.64,195.112,SYR_KUW
2003,652,692,SYR,BHR,0,0.0,1,0.0,0.0,1,0.00388474922,0.061,7.375443730270433,2.919841505471273,58,33.64,195.112,SYR_BHR
2003,652,694,SYR,QAT,0,0.0,0,,,1,0.0033832795099999996,0.10899999999999999,7.457840076700244,3.647637996631392,58,33.64,195.112,SYR_QAT
2003,652,696,SYR,UAE,0,0.0,1,0.0,0.0,1,0.0021668303999999995,0.125,7.61085279039525,6.252058052398735,58,33.64,195.112,SYR_UAE
2003,652,698,SYR,OMA,0,0.0,1,0.0,0.0,0,0.0032924990999999995,0.0010000000000000009,7.796551476546899,2.9169389808697144,58,33.64,195.112,SYR_OMA
2003,660,663,LEB,JOR,0,0.0,0,,,1,0.00037632395,0.143,5.40042258948519,4.478107347087149,58,33.64,195.112,LEB_JOR
2003,660,666,LEB,ISR,0,0.0,0,,,0,0.0031782985500000004,0.40900000000000003,5.477717994914328,0.0,1,0.01,0.001,LEB_ISR
2003,660,670,LEB,SAU,0,0.0,0,,,1,0.009150267450000001,0.33299999999999996,7.308944592227513,5.425074899551154,58,33.64,195.112,LEB_SAU
2003,660,679,LEB,YEM,0,0.0,0,,,1,0.0005956669500000001,0.07599999999999996,7.714855949617927,1.963175358146378,58,33.64,195.112,LEB_YEM
2003,660,690,LEB,KUW,0,0.0,0,,,1,0.0009052733500000001,0.069,7.158903026705945,3.89987191908814,58,33.64,195.112,LEB_KUW
2003,660,692,LEB,BHR,0,0.0,0,,,1,0.00048517727,0.13999999999999999,7.428927194802272,3.8664729763470103,58,33.64,195.112,LEB_BHR
2003,660,694,LEB,QAT,0,0.0,0,,,1,1.6292440000000084e-05,0.31,7.507250903460627,2.576716620090824,58,33.64,195.112,LEB_QAT
2003,660,696,LEB,UAE,0,0.0,0,,,1,0.0012327415500000003,0.32599999999999996,7.6533051383351305,5.166490292176292,58,33.64,195.112,LEB_UAE
2003,660,698,LEB,OMA,0,0.0,0,,,0,0.00010707285000000012,0.19999999999999998,7.831656973857627,2.2959013867084948,58,33.64,195.112,LEB_OMA
2003,663,666,JOR,ISR,0,0.0487534066821439,1,0.0,0.0,0,0.0028019746000000002,0.552,4.289088639014612,5.163310428699039,12,1.44,1.728,JOR_ISR
2003,663,670,JOR,SAU,0,0.0487534066821439,1,0.0,0.0,1,0.0087739435,0.19,7.190977420711825,5.66302901945374,12,1.44,1.728,JOR_SAU
2003,663,679,JOR,YEM,0,0.0,1,0.0,0.0,1,0.0002193430000000001,0.06700000000000003,7.614756053830618,3.0250777520727743,58,33.64,195.112,JOR_YEM
2003,663,690,JOR,KUW,0,0.0,1,0.0,0.0,1,0.0005289494,0.07399999999999998,7.078847353824543,4.069317993874712,13,1.69,2.197,JOR_KUW
2003,663,692,JOR,BHR,0,0.0487534066821439,1,0.0,0.0,1,0.00086150122,0.0030000000000000027,7.351286587896758,3.4847906708620258,12,1.44,1.728,JOR_BHR
2003,663,694,JOR,QAT,0,0.0,0,,,1,0.00036003150999999994,0.16699999999999998,7.433134483755639,3.495906744648561,12,1.44,1.728,JOR_QAT
2003,663,696,JOR,UAE,0,0.0285442727495707,1,0.0,0.0,1,0.0008564176000000001,0.183,7.5932734323775914,5.2859622049058546,12,1.44,1.728,JOR_UAE
2003,663,698,JOR,OMA,0,0.4413768451116502,1,0.0,0.0,0,0.0002692510999999999,0.056999999999999995,7.786551806428712,2.968273200337744,12,1.44,1.728,JOR_OMA
2003,666,670,ISR,SAU,0,0.0982328482328482,1,0.0,0.0,0,0.0059719689,0.742,7.225044696186576,0.0,1,0.01,0.001,ISR_SAU
2003,666,679,ISR,YEM,0,0.0,1,0.0,0.0,0,0.0025826316000000004,0.485,7.621293149189817,0.0,58,33.64,195.112,ISR_YEM
2003,666,690,ISR,KUW,0,0.0,1,0.0,0.0,0,0.0022730252,0.47800000000000004,7.131538625583686,0.0,36,12.96,46.656,ISR_KUW
2003,666,692,ISR,BHR,0,0.5964384157841288,1,1.0,1.0,0,0.0036634758200000004,0.549,7.387771118354598,0.0,58,33.64,195.112,ISR_BHR
2003,666,694,ISR,QAT,0,0.0,0,,,0,0.00316200611,0.719,7.466055916772316,0.0,58,33.64,195.112,ISR_QAT
2003,666,696,ISR,UAE,0,0.095382634289919,1,0.0,0.0,0,0.001945557,0.735,7.622076694773489,0.0,58,33.64,195.112,ISR_UAE
2003,666,698,ISR,OMA,0,0.0835812016656752,1,0.0,0.0,0,0.0030712257,0.609,7.811244419019083,0.00026004421557189906,58,33.64,195.112,ISR_OMA
2003,670,679,SAU,YEM,0,0.0,1,0.0,0.0,1,0.0085546005,0.257,6.976908137670454,6.088867490100483,5,0.25,0.125,SAU_YEM
2003,670,690,SAU,KUW,0,0.0,1,0.0,0.0,1,0.0082449941,0.26399999999999996,6.284507225801859,6.531242619417351,58,33.64,195.112,SAU_KUW
2003,670,692,SAU,BHR,0,0.0982328482328482,1,0.0,0.0,1,0.00963544472,0.193,6.052559646467793,7.144919046138413,58,33.64,195.112,SAU_BHR
2003,670,694,SAU,QAT,0,0.0,0,,,1,0.00913397501,0.023000000000000003,6.195629131824389,5.987161627814662,8,0.64,0.512,SAU_QAT
2003,670,696,SAU,UAE,0,0.7837212614791911,1,1.0,0.0,1,0.0079175259,0.007000000000000003,6.652992053287465,7.53134989574232,58,33.64,195.112,SAU_UAE
2003,670,698,SAU,OMA,0,0.5359904818560381,1,0.0,0.0,1,0.0090431946,0.133,7.100192169517185,5.8289861756112495,58,33.64,195.112,SAU_OMA
2003,679,690,YEM,KUW,0,0.0,1,0.0,0.0,1,0.00030960639999999995,0.006999999999999951,7.381937665049289,5.589142257667397,58,33.64,195.112,YEM_KUW
2003,679,692,YEM,BHR,0,0.0,1,0.0,0.0,1,0.00108084422,0.06400000000000003,7.228388451573604,3.8341429525300423,58,33.64,195.112,YEM_BHR
2003,679,694,YEM,QAT,0,0.0,0,,,1,0.00057937451,0.234,7.201618210508999,1.4738108167858084,58,33.64,195.112,YEM_QAT
2003,679,696,YEM,UAE,0,0.0,1,0.0,0.0,1,0.0006370746,0.25,7.2911111015022,6.131893940601121,58,33.64,195.112,YEM_UAE
2003,679,698,YEM,OMA,0,0.0,1,0.0,0.0,0,0.0004885941,0.12400000000000003,7.475735983249187,4.462626129620304,58,33.64,195.112,YEM_OMA
2003,690,692,KUW,BHR,0,0.0,1,0.0,0.0,1,0.00139045062,0.07099999999999998,6.076035448558252,4.30963161189203,58,33.64,195.112,KUW_BHR
2003,690,694,KUW,QAT,0,0.0,0,,,1,0.00088898091,0.24099999999999996,6.355065451117447,4.190543634723018,58,33.64,195.112,KUW_QAT
2003,690,696,KUW,UAE,0,0.0,1,0.0,0.0,1,0.0003274682000000001,0.25699999999999995,6.728867818922465,5.968929734791207,58,33.64,195.112,KUW_UAE
2003,690,698,KUW,OMA,0,0.0535395597858417,1,0.0,0.0,1,0.0007982005,0.13099999999999998,7.118907217443969,4.058023413266603,58,33.64,195.112,KUW_OMA
2003,692,694,BHR,QAT,0,0.0,0,,,1,0.00050146971,0.16999999999999998,4.954417614098027,4.202167748017048,17,2.89,4.913,BHR_QAT
2003,692,696,BHR,UAE,0,0.0285442727495707,1,0.0,0.0,1,0.0017179188200000001,0.186,6.058422015232863,5.613811048312618,58,33.64,195.112,BHR_UAE
2003,692,698,BHR,OMA,0,0.0835812016656752,1,0.0,0.0,1,0.0005922501200000001,0.06,6.755419617678439,4.7199956969210435,58,33.64,195.112,BHR_OMA
2003,694,696,QAT,UAE,0,0.0,0,,,1,0.00121644911,0.016,5.707442435487688,6.029849189697807,58,33.64,195.112,QAT_UAE
2003,694,698,QAT,OMA,0,0.0,0,,,1,9.078041000000004e-05,0.10999999999999999,6.606379879398354,3.6432555582723105,58,33.64,195.112,QAT_OMA
2003,696,698,UAE,OMA,0,0.4809535529399337,1,0.0,0.0,1,0.0011256687,0.126,6.0888180923638915,7.416851908899339,58,33.64,195.112,UAE_OMA
2004,630,640,IRN,TUR,1,0.1517450682852807,1,0.0,0.0,0,0.001528785999999999,0.45000000000000007,7.4353790210240085,7.7521988841413325,3,0.09,0.027,IRN_TUR
2004,630,645,IRN,IRQ,0,0.0,0,,,0,0.0074045113000000004,0.0030000000000000027,6.5441995739511825,3.090905125747493,1,0.01,0.001,IRN_IRQ
2004,630,651,IRN,EGY,0,0.2579715430701282,1,0.0,0.0,0,0.0028846059999999996,0.0010000000000000009,7.5927190667340625,3.0868987436755817,11,1.21,1.331,IRN_EGY
2004,630,652,IRN,SYR,0,0.4611078011657832,1,0.0,0.0,0,0.0087267695,0.057999999999999996,7.247080584585756,4.184184565429445,59,34.81,205.379,IRN_SYR
2004,630,660,IRN,LEB,0,0.0,0,,,0,0.01204185998,0.148,7.291860547968892,4.526626161394504,59,34.81,205.379,IRN_LEB
2004,630,663,IRN,JOR,0,0.0,1,0.0,0.0,0,0.0116576704,0.02100000000000002,7.305188215393037,3.9333662492865216,59,34.81,205.379,IRN_JOR
2004,630,666,IRN,ISR,0,0.0,1,0.0,0.0,0,0.0091294811,0.552,7.35224877405778,0.0,59,34.81,205.379,IRN_ISR
2004,630,670,IRN,SAU,0,0.0,1,0.0,0.0,0,0.002609557,0.189,7.174111564719166,6.256130007944786,16,2.56,4.096,IRN_SAU
2004,630,679,IRN,YEM,0,0.2944923192206819,1,0.0,0.0,0,0.0114361399,0.07400000000000004,7.772289451283258,2.0205591941904,59,34.81,205.379,IRN_YEM
2004,630,690,IRN,KUW,0,0.5312851255151743,1,1.0,0.0,0,0.0111935387,0.07499999999999998,6.652475857637857,5.090750183779993,16,2.56,4.096,IRN_KUW
2004,630,692,IRN,BHR,0,0.0,1,0.0,0.0,0,0.012537863560000001,0.0040000000000000036,6.964135612418245,4.02535169073515,16,2.56,4.096,IRN_BHR
2004,630,694,IRN,QAT,1,0.0,0,,,0,0.01201193391,0.16599999999999998,7.055916629962658,3.7379007344311166,17,2.89,4.913,IRN_QAT
2004,630,696,IRN,UAE,1,0.0,1,0.0,0.0,0,0.0108180565,0.188,7.155474362862388,8.165278328864167,12,1.44,1.728,IRN_UAE
2004,630,698,IRN,OMA,0,0.2189141856392294,1,0.0,0.0,0,0.0119913773,0.05099999999999999,7.320725486576075,3.926189386732378,20,4.0,8.0,IRN_OMA
2004,640,645,TUR,IRQ,0,0.0,0,,,0,0.0089332973,0.44700000000000006,7.141165942652124,6.932998569190047,1,0.01,0.001,TUR_IRQ
2004,640,651,TUR,EGY,0,0.6530282745706775,1,1.0,1.0,0,0.004413391999999999,0.44900000000000007,7.011574607621134,5.889860633244434,45,20.25,91.125,TUR_EGY
2004,640,652,TUR,SYR,1,0.0,1,0.0,0.0,0,0.0102555555,0.508,6.655955018418123,6.764092519804187,6,0.36,0.216,TUR_SYR
2004,640,660,TUR,LEB,0,0.0,0,,,0,0.013570645979999999,0.30200000000000005,6.56512411504534,5.726349186844357,59,34.81,205.379,TUR_LEB
2004,640,663,TUR,JOR,0,0.3110954791999437,1,0.0,0.0,0,0.0131864564,0.42900000000000005,6.834216375647267,5.056488769460711,13,1.69,2.197,TUR_JOR
2004,640,666,TUR,ISR,0,0.4892743802047293,1,0.0,0.0,0,0.010658267099999999,0.10199999999999998,6.83722551279161,7.252824951508695,28,7.84,21.952,TUR_ISR
2004,640,670,TUR,SAU,0,0.6473873963274798,1,1.0,1.0,0,0.004138342999999999,0.639,7.664581236205265,7.332625222859621,59,34.81,205.379,TUR_SAU
2004,640,679,TUR,YEM,0,0.0,1,0.0,0.0,0,0.012964925899999999,0.376,7.9884411791167915,5.152171256170438,59,34.81,205.379,TUR_YEM
2004,640,690,TUR,KUW,0,0.4456797494672402,1,0.0,0.0,0,0.012722324699999999,0.37500000000000006,7.501247856381898,5.295533745868327,59,34.81,205.379,TUR_KUW
2004,640,692,TUR,BHR,0,0.6297982352610577,1,1.0,1.0,0,0.01406664956,0.44600000000000006,7.714454334226198,3.869420510089977,59,34.81,205.379,TUR_BHR
2004,640,694,TUR,QAT,0,0.0,0,,,0,0.013540719909999999,0.616,7.775401836029897,3.6529013340686878,59,34.81,205.379,TUR_QAT
2004,640,696,TUR,UAE,0,0.1630392696055173,1,0.0,0.0,0,0.0123468425,0.638,7.879707749681193,6.718042381405242,59,34.81,205.379,TUR_UAE
2004,640,698,TUR,OMA,0,0.4103802856357409,1,0.0,0.0,0,0.013520163299999999,0.501,8.011852497880817,3.9826455935385856,59,34.81,205.379,TUR_OMA
2004,645,651,IRQ,EGY,0,0.0,0,,,0,0.004519905300000001,0.0020000000000000018,7.168733968599368,4.064673755208256,5,0.25,0.125,IRQ_EGY
2004,645,652,IRQ,SYR,0,0.0,0,,,1,0.0013222581999999998,0.061,6.622869293832357,0.0,13,1.69,2.197,IRQ_SYR
2004,645,660,IRQ,LEB,0,0.0,0,,,1,0.00463734868,0.145,6.719978871505218,5.006308614168089,59,34.81,205.379,IRQ_LEB
2004,645,663,IRQ,JOR,0,0.0,0,,,1,0.0042531591,0.018000000000000016,6.69369534640097,6.879770841777325,5,0.25,0.125,IRQ_JOR
2004,645,666,IRQ,ISR,0,0.0,0,,,0,0.0017249697999999996,0.549,6.778898656857133,0.0,1,0.01,0.001,IRQ_ISR
2004,645,670,IRQ,SAU,0,0.0,0,,,1,0.0047949543,0.192,6.896289800872859,0.002605605060892552,1,0.01,0.001,IRQ_SAU
2004,645,679,IRQ,YEM,0,0.0,0,,,1,0.0040316286,0.07100000000000004,7.60150227961405,1.6587845122406957,59,34.81,205.379,IRQ_YEM
2004,645,690,IRQ,KUW,0,0.0,0,,,1,0.0037890273999999996,0.07199999999999998,6.324358962381311,0.0,1,0.01,0.001,IRQ_KUW
2004,645,692,IRQ,BHR,0,0.0,0,,,1,0.00513335226,0.0010000000000000009,6.9000254809201955,0.07763717176754774,1,0.01,0.001,IRQ_BHR
2004,645,694,IRQ,QAT,0,0.0,0,,,1,0.00460742261,0.16899999999999998,7.032006241319994,1.6689944817325102,1,0.01,0.001,IRQ_QAT
2004,645,696,IRQ,UAE,0,0.0,0,,,1,0.0034135451999999997,0.191,7.232082635630662,1.1631508098056809,1,0.01,0.001,IRQ_UAE
2004,645,698,IRQ,OMA,0,0.0,0,,,0,0.004586866,0.05399999999999999,7.471249251315212,3.736726125715154,1,0.01,0.001,IRQ_OMA
2004,651,652,EGY,SYR,0,0.1334335567604111,1,0.0,0.0,0,0.005842163500000001,0.059,6.423246963533519,5.1047596802159685,59,34.81,205.379,EGY_SYR
2004,651,660,EGY,LEB,0,0.0,0,,,0,0.00915725398,0.147,6.376556865408209,5.315935452607834,59,34.81,205.379,EGY_LEB
2004,651,663,EGY,JOR,0,0.2624818727988399,1,0.0,0.0,0,0.0087730644,0.020000000000000018,6.209595556598647,5.005113677992767,13,1.69,2.197,EGY_JOR
2004,651,666,EGY,ISR,1,0.6956960925130854,1,0.0,0.0,0,0.0062448751,0.551,6.0553778728516345,3.3984211982954027,15,2.25,3.375,EGY_ISR
2004,651,670,EGY,SAU,0,0.5284902882609605,1,1.0,1.0,0,0.00027504899999999943,0.19,7.401536468138869,6.322106553058933,37,13.69,50.653,EGY_SAU
2004,651,679,EGY,YEM,0,0.1334335567604111,1,0.0,0.0,1,0.0085515339,0.07300000000000004,7.651357903030576,3.7677062998499053,59,34.81,205.379,EGY_YEM
2004,651,690,EGY,KUW,0,0.4184726674916766,1,0.0,0.0,0,0.0083089327,0.07399999999999998,7.388946097618437,3.8490891481286282,59,34.81,205.379,EGY_KUW
2004,651,692,EGY,BHR,0,0.5284902882609605,1,1.0,1.0,0,0.009653257560000001,0.0030000000000000027,7.571679600865179,1.714000105517241,59,34.81,205.379,EGY_BHR
2004,651,694,EGY,QAT,0,0.0,0,,,0,0.00912732791,0.16699999999999998,7.632740216390833,3.5716909854175816,59,34.81,205.379,EGY_QAT
2004,651,696,EGY,UAE,0,0.0667038213748157,1,0.0,0.0,0,0.007933450500000001,0.189,7.768321862083931,5.526913903276271,59,34.81,205.379,EGY_UAE
2004,651,698,EGY,OMA,0,0.194840713355001,1,0.0,0.0,0,0.0091067713,0.05199999999999999,7.937374696163295,3.2306522102408066,59,34.81,205.379,EGY_OMA
2004,652,660,SYR,LEB,0,0.0,0,,,1,0.00331509048,0.206,4.487512142519859,5.9128158777280575,35,12.25,42.875,SYR_LEB
2004,652,663,SYR,JOR,0,0.0,1,0.0,0.0,1,0.0029309009,0.07900000000000001,5.176149732573829,5.5647376251085126,13,1.69,2.197,SYR_JOR
2004,652,666,SYR,ISR,0,0.0,1,0.0,0.0,0,0.0004027115999999998,0.61,5.392718041969521,0.0,1,0.01,0.001,SYR_ISR
2004,652,670,SYR,SAU,0,0.0,1,0.0,0.0,1,0.0061172125,0.131,7.249570360013846,6.356861629861913,59,34.81,205.379,SYR_SAU
2004,652,679,SYR,YEM,0,0.2868852459016393,1,0.0,0.0,1,0.0027093704,0.13200000000000003,7.682666761344722,2.531071068114755,59,34.81,205.379,SYR_YEM
2004,652,690,SYR,KUW,0,0.0,1,0.0,0.0,1,0.0024667692,0.13299999999999998,7.089243155027514,4.822240774134247,59,34.81,205.379,SYR_KUW
2004,652,692,SYR,BHR,0,0.0,1,0.0,0.0,1,0.00381109406,0.062,7.375443730270433,3.04382991226873,59,34.81,205.379,SYR_BHR
2004,652,694,SYR,QAT,0,0.0,0,,,1,0.0032851644100000002,0.10799999999999998,7.457840076700244,4.031893709276918,59,34.81,205.379,SYR_QAT
2004,652,696,SYR,UAE,0,0.0,1,0.0,0.0,1,0.002091287,0.13,7.61085279039525,6.557930603997277,59,34.81,205.379,SYR_UAE
2004,652,698,SYR,OMA,0,0.0,1,0.0,0.0,0,0.0032646078,0.007000000000000006,7.796551476546899,2.9971681422010352,59,34.81,205.379,SYR_OMA
2004,660,663,LEB,JOR,0,0.0,0,,,1,0.0003841895799999999,0.12699999999999997,5.40042258948519,4.53001528599662,59,34.81,205.379,LEB_JOR
2004,660,666,LEB,ISR,0,0.0,0,,,0,0.00291237888,0.404,5.477717994914328,0.0,1,0.01,0.001,LEB_ISR
2004,660,670,LEB,SAU,0,0.0,0,,,1,0.00943230298,0.33699999999999997,7.308944592227513,5.769650205752677,59,34.81,205.379,LEB_SAU
2004,660,679,LEB,YEM,0,0.0,0,,,1,0.00060572008,0.07399999999999995,7.714855949617927,2.34096618453296,59,34.81,205.379,LEB_YEM
2004,660,690,LEB,KUW,0,0.0,0,,,1,0.0008483212799999999,0.07300000000000001,7.158903026705945,4.251466936474122,59,34.81,205.379,LEB_KUW
2004,660,692,LEB,BHR,0,0.0,0,,,1,0.00049600358,0.144,7.428927194802272,3.982604574266893,59,34.81,205.379,LEB_BHR
2004,660,694,LEB,QAT,0,0.0,0,,,1,2.9926069999999935e-05,0.314,7.507250903460627,3.2930839691473848,59,34.81,205.379,LEB_QAT
2004,660,696,LEB,UAE,0,0.0,0,,,1,0.0012238034800000001,0.33599999999999997,7.6533051383351305,5.564667599554519,59,34.81,205.379,LEB_UAE
2004,660,698,LEB,OMA,0,0.0,0,,,0,5.0482680000000016e-05,0.19899999999999998,7.831656973857627,2.2746988509435595,59,34.81,205.379,LEB_OMA
2004,663,666,JOR,ISR,0,0.2624818727988399,1,0.0,0.0,0,0.0025281893000000002,0.531,4.289088639014612,5.189632052089358,13,1.69,2.197,JOR_ISR
2004,663,670,JOR,SAU,0,0.2488864719287342,1,0.0,0.0,1,0.0090481134,0.21000000000000002,7.190977420711825,6.70903575541213,13,1.69,2.197,JOR_SAU
2004,663,679,JOR,YEM,0,0.0,1,0.0,0.0,1,0.00022153050000000012,0.05300000000000002,7.614756053830618,3.3348137460139218,59,34.81,205.379,JOR_YEM
2004,663,690,JOR,KUW,0,0.2450020716801326,1,0.0,0.0,1,0.00046413170000000003,0.053999999999999965,7.078847353824543,4.180572333661969,14,1.96,2.744,JOR_KUW
2004,663,692,JOR,BHR,0,0.5487995400345629,1,0.0,0.0,1,0.0008801931599999999,0.017000000000000015,7.351286587896758,3.6845417096890354,13,1.69,2.197,JOR_BHR
2004,663,694,JOR,QAT,0,0.0,0,,,1,0.00035426351,0.187,7.433134483755639,3.2950488148328145,13,1.69,2.197,JOR_QAT
2004,663,696,JOR,UAE,0,0.0584762275945766,1,0.0,0.0,1,0.0008396139000000002,0.20900000000000002,7.5932734323775914,5.8167175408386935,13,1.69,2.197,JOR_UAE
2004,663,698,JOR,OMA,0,0.4005504128096072,1,0.0,0.0,0,0.0003337068999999999,0.07200000000000001,7.786551806428712,2.9634642662282764,13,1.69,2.197,JOR_OMA
2004,666,670,ISR,SAU,0,0.4892743802047293,1,0.0,0.0,0,0.0065199240999999995,0.741,7.225044696186576,0.0,2,0.04,0.008,ISR_SAU
2004,666,679,ISR,YEM,0,0.0,1,0.0,0.0,0,0.0023066588,0.478,7.621293149189817,0.0,59,34.81,205.379,ISR_YEM
2004,666,690,ISR,KUW,0,0.2939346811819595,1,0.0,0.0,0,0.0020640576000000004,0.47700000000000004,7.131538625583686,0.0,37,13.69,50.653,ISR_KUW
2004,666,692,ISR,BHR,0,0.4892743802047293,1,0.0,0.0,0,0.00340838246,0.548,7.387771118354598,0.0,59,34.81,205.379,ISR_BHR
2004,666,694,ISR,QAT,0,0.0,0,,,0,0.00288245281,0.718,7.466055916772316,0.0,59,34.81,205.379,ISR_QAT
2004,666,696,ISR,UAE,0,0.0667038213748157,1,0.0,0.0,0,0.0016885754,0.74,7.622076694773489,0.0,59,34.81,205.379,ISR_UAE
2004,666,698,ISR,OMA,0,0.0703027270452839,1,0.0,0.0,0,0.0028618962,0.603,7.811244419019083,0.0,59,34.81,205.379,ISR_OMA
2004,670,679,SAU,YEM,0,0.0,1,0.0,0.0,1,0.0088265829,0.263,6.976908137670454,6.171556724848811,6,0.36,0.216,SAU_YEM
2004,670,690,SAU,KUW,0,0.2939346811819595,1,0.0,0.0,1,0.0085839817,0.26399999999999996,6.284507225801859,6.626235328266971,59,34.81,205.379,SAU_KUW
2004,670,692,SAU,BHR,0,0.6962025316455697,1,1.0,1.0,1,0.00992830656,0.193,6.052559646467793,7.1762050659619145,59,34.81,205.379,SAU_BHR
2004,670,694,SAU,QAT,0,0.0,0,,,1,0.00940237691,0.023000000000000003,6.195629131824389,6.13439635146232,9,0.81,0.729,SAU_QAT
2004,670,696,SAU,UAE,0,0.1244827554063854,1,0.0,0.0,1,0.0082084995,0.0010000000000000009,6.652992053287465,7.748118809523581,59,34.81,205.379,SAU_UAE
2004,670,698,SAU,OMA,0,0.1539852956315172,1,0.0,0.0,1,0.0093818203,0.138,7.100192169517185,5.934042166078819,59,34.81,205.379,SAU_OMA
2004,679,690,YEM,KUW,0,0.0,1,0.0,0.0,1,0.0002426011999999999,0.0009999999999999454,7.381937665049289,5.69550746433624,59,34.81,205.379,YEM_KUW
2004,679,692,YEM,BHR,0,0.0,1,0.0,0.0,1,0.0011017236600000002,0.07000000000000003,7.228388451573604,3.938695374080761,59,34.81,205.379,YEM_BHR
2004,679,694,YEM,QAT,0,0.0,0,,,1,0.0005757940100000001,0.24000000000000002,7.201618210508999,1.7007132906356406,59,34.81,205.379,YEM_QAT
2004,679,696,YEM,UAE,0,0.0044742641503509,1,0.0,0.0,1,0.0006180834000000001,0.262,7.2911111015022,6.398817921319061,59,34.81,205.379,YEM_UAE
2004,679,698,YEM,OMA,0,0.0,1,0.0,0.0,0,0.0005552374,0.12500000000000003,7.475735983249187,4.4172653194884655,59,34.81,205.379,YEM_OMA
2004,690,692,KUW,BHR,0,0.2939346811819595,1,0.0,0.0,1,0.00134432486,0.07099999999999998,6.076035448558252,4.41501381302099,59,34.81,205.379,KUW_BHR
2004,690,694,KUW,QAT,0,0.0,0,,,1,0.00081839521,0.24099999999999996,6.355065451117447,4.051235944954903,59,34.81,205.379,KUW_QAT
2004,690,696,KUW,UAE,0,0.0408001868201522,1,0.0,0.0,1,0.0003754822000000002,0.26299999999999996,6.728867818922465,6.206871709589766,59,34.81,205.379,KUW_UAE
2004,690,698,KUW,OMA,0,0.2892169126845134,1,0.0,0.0,1,0.0007978385999999999,0.12599999999999997,7.118907217443969,4.43701134676281,59,34.81,205.379,KUW_OMA
2004,692,694,BHR,QAT,0,0.0,0,,,1,0.00052592965,0.16999999999999998,4.954417614098027,4.649057397925853,18,3.24,5.832,BHR_QAT
2004,692,696,BHR,UAE,0,0.0408001868201522,1,0.0,0.0,1,0.00171980706,0.192,6.058422015232863,5.918211148164076,59,34.81,205.379,BHR_UAE
2004,692,698,BHR,OMA,0,0.3741001953997143,1,0.0,0.0,1,0.00054648626,0.05499999999999999,6.755419617678439,5.057275657034576,59,34.81,205.379,BHR_OMA
2004,694,696,QAT,UAE,0,0.0,0,,,1,0.0011938774100000002,0.022000000000000002,5.707442435487688,6.231168101541461,59,34.81,205.379,QAT_UAE
2004,694,698,QAT,OMA,0,0.0,0,,,1,2.055661000000008e-05,0.11499999999999999,6.606379879398354,3.8216731090519196,59,34.81,205.379,QAT_OMA
2004,696,698,UAE,OMA,0,0.4213355883713156,1,0.0,0.0,1,0.0011733208,0.137,6.0888180923638915,7.275157707157647,59,34.81,205.379,UAE_OMA
2005,630,640,IRN,TUR,0,0.1019830028328611,1,0.0,0.0,0,0.0017921310000000006,0.466,7.4353790210240085,7.8842143591840435,1,0.01,0.001,IRN_TUR
2005,630,645,IRN,IRQ,0,0.2944640753828033,1,0.0,0.0,0,0.008322409999999999,0.06,6.5441995739511825,3.332204510175204,1,0.01,0.001,IRN_IRQ
2005,630,651,IRN,EGY,0,0.3275503749887051,1,0.0,0.0,0,0.0025039350000000005,0.033,7.5927190667340625,2.889408516350168,12,1.44,1.728,IRN_EGY
2005,630,652,IRN,SYR,0,0.2498459642637091,1,0.0,0.0,0,0.0086121477,0.028999999999999998,7.247080584585756,6.213388915520659,60,36.0,216.0,IRN_SYR
2005,630,660,IRN,LEB,0,0.0,0,,,0,0.01190055973,0.22500000000000003,7.291860547968892,4.468794179855619,60,36.0,216.0,IRN_LEB
2005,630,663,IRN,JOR,0,0.0,1,0.0,0.0,0,0.0114973782,0.05100000000000002,7.305188215393037,4.2208715394371,60,36.0,216.0,IRN_JOR
2005,630,666,IRN,ISR,0,0.0,1,0.0,0.0,0,0.0088044854,0.5820000000000001,7.35224877405778,0.0,60,36.0,216.0,IRN_ISR
2005,630,670,IRN,SAU,0,0.0,1,0.0,0.0,0,0.0017143439999999996,0.158,7.174111564719166,6.260819836544455,17,2.89,4.913,IRN_SAU
2005,630,679,IRN,YEM,0,0.2199630314232902,1,0.0,0.0,0,0.0113276638,0.10400000000000004,7.772289451283258,1.8965077274945705,60,36.0,216.0,IRN_YEM
2005,630,690,IRN,KUW,0,0.0,1,0.0,0.0,0,0.0110910131,0.14900000000000002,6.652475857637857,5.472967993512682,17,2.89,4.913,IRN_KUW
2005,630,692,IRN,BHR,0,0.0,1,0.0,0.0,0,0.012396716510000001,0.04200000000000001,6.964135612418245,3.7612001156935624,17,2.89,4.913,IRN_BHR
2005,630,694,IRN,QAT,0,0.0,0,,,0,0.0120819908,0.13599999999999998,7.055916629962658,4.390344135660873,1,0.01,0.001,IRN_QAT
2005,630,696,IRN,UAE,0,0.0,1,0.0,0.0,0,0.0097286838,0.156,7.155474362862388,8.685297544354542,1,0.01,0.001,IRN_UAE
2005,630,698,IRN,OMA,0,0.0,1,0.0,0.0,0,0.0116591095,0.02099999999999999,7.320725486576075,3.87937230559377,21,4.41,9.261,IRN_OMA
2005,640,645,TUR,IRQ,1,0.3799570899942275,1,0.0,0.0,0,0.010114541000000001,0.406,7.141165942652124,7.810085535310158,2,0.04,0.008,TUR_IRQ
2005,640,651,TUR,EGY,0,0.4258734655335222,1,0.0,0.0,0,0.004296066000000001,0.43300000000000005,7.011574607621134,6.219832169171915,46,21.16,97.336,TUR_EGY
2005,640,652,TUR,SYR,0,0.0,1,0.0,0.0,0,0.010404278700000002,0.495,6.655955018418123,6.772021199365676,1,0.01,0.001,TUR_SYR
2005,640,660,TUR,LEB,0,0.0,0,,,0,0.01369269073,0.241,6.56512411504534,6.004696763904953,60,36.0,216.0,TUR_LEB
2005,640,663,TUR,JOR,0,0.2184259974628246,1,0.0,0.0,0,0.0132895092,0.41500000000000004,6.834216375647267,5.313046557467849,14,1.96,2.744,TUR_JOR
2005,640,666,TUR,ISR,0,0.3782813975448537,1,0.0,0.0,0,0.010596616400000002,0.11599999999999999,6.83722551279161,7.540322067997475,29,8.41,24.389,TUR_ISR
2005,640,670,TUR,SAU,0,0.323890462700661,1,0.0,0.0,0,0.003506475,0.624,7.664581236205265,7.512959212132415,60,36.0,216.0,TUR_SAU
2005,640,679,TUR,YEM,0,0.0,1,0.0,0.0,0,0.0131197948,0.362,7.9884411791167915,4.610344078293947,60,36.0,216.0,TUR_YEM
2005,640,690,TUR,KUW,0,0.0543909348441926,1,0.0,0.0,0,0.0128831441,0.317,7.501247856381898,5.765331343734322,60,36.0,216.0,TUR_KUW
2005,640,692,TUR,BHR,0,0.0,1,0.0,0.0,0,0.014188847510000002,0.42400000000000004,7.714454334226198,4.368918775821792,60,36.0,216.0,TUR_BHR
2005,640,694,TUR,QAT,0,0.0,0,,,0,0.0138741218,0.602,7.775401836029897,3.9294215884614476,60,36.0,216.0,TUR_QAT
2005,640,696,TUR,UAE,0,0.3446082695753683,1,0.0,0.0,0,0.011520814800000001,0.622,7.879707749681193,7.269956107061698,60,36.0,216.0,TUR_UAE
2005,640,698,TUR,OMA,0,0.2017137974710336,1,0.0,0.0,0,0.013451240500000001,0.487,8.011852497880817,3.313698358519738,60,36.0,216.0,TUR_OMA
2005,645,651,IRQ,EGY,0,0.4361018543972929,1,0.0,0.0,0,0.005818474999999999,0.026999999999999996,7.168733968599368,4.09292532224399,6,0.36,0.216,IRQ_EGY
2005,645,652,IRQ,SYR,1,0.0,1,0.0,0.0,1,0.00028973770000000065,0.089,6.622869293832357,7.919923775008687,14,1.96,2.744,IRQ_SYR
2005,645,660,IRQ,LEB,0,0.0,0,,,1,0.0035781497300000006,0.16500000000000004,6.719978871505218,5.682835136428389,60,36.0,216.0,IRQ_LEB
2005,645,663,IRQ,JOR,0,0.1285521885521885,1,0.0,0.0,1,0.0031749682000000003,0.00899999999999998,6.69369534640097,6.61872170699949,6,0.36,0.216,IRQ_JOR
2005,645,666,IRQ,ISR,0,0.2779740871613663,1,0.0,0.0,0,0.00048207540000000035,0.522,6.778898656857133,0.0,2,0.04,0.008,IRQ_ISR
2005,645,670,IRQ,SAU,0,0.2779740871613663,1,0.0,0.0,1,0.006608066,0.218,6.896289800872859,0.2661110748600978,2,0.04,0.008,IRQ_SAU
2005,645,679,IRQ,YEM,0,0.0,1,0.0,0.0,1,0.0030052538000000005,0.04400000000000004,7.60150227961405,2.5964936406540002,60,36.0,216.0,IRQ_YEM
2005,645,690,IRQ,KUW,0,0.0,1,0.0,0.0,1,0.0027686031,0.08900000000000002,6.324358962381311,0.0,2,0.04,0.008,IRQ_KUW
2005,645,692,IRQ,BHR,0,0.0,1,0.0,0.0,1,0.00407430651,0.017999999999999988,6.9000254809201955,0.08887590966773642,2,0.04,0.008,IRQ_BHR
2005,645,694,IRQ,QAT,0,0.0,0,,,1,0.0037595808000000005,0.19599999999999998,7.032006241319994,1.4497642255096912,2,0.04,0.008,IRQ_QAT
2005,645,696,IRQ,UAE,0,0.2779740871613663,1,0.0,0.0,1,0.0014062738000000003,0.216,7.232082635630662,1.2621080242687621,2,0.04,0.008,IRQ_UAE
2005,645,698,IRQ,OMA,0,0.1572945340149429,1,0.0,0.0,0,0.0033366995000000004,0.08099999999999999,7.471249251315212,4.069676013508858,2,0.04,0.008,IRQ_OMA
2005,651,652,EGY,SYR,0,0.1666666666666666,1,0.0,0.0,0,0.0061082127,0.062,6.423246963533519,5.5944748088702605,60,36.0,216.0,EGY_SYR
2005,651,660,EGY,LEB,0,0.0,0,,,0,0.009396624729999999,0.19200000000000003,6.376556865408209,5.7903698728906505,60,36.0,216.0,EGY_LEB
2005,651,663,EGY,JOR,0,0.1285521885521885,1,0.0,0.0,0,0.0089934432,0.018000000000000016,6.209595556598647,5.803601021936814,14,1.96,2.744,EGY_JOR
2005,651,666,EGY,ISR,0,0.6634137525978133,1,1.0,1.0,0,0.0063005503999999995,0.549,6.0553778728516345,3.691899838158226,1,0.01,0.001,EGY_ISR
2005,651,670,EGY,SAU,0,0.3505902360944377,1,0.0,0.0,0,0.0007895910000000009,0.191,7.401536468138869,6.826381837107802,38,14.44,54.872,EGY_SAU
2005,651,679,EGY,YEM,0,0.1694226077527785,1,0.0,0.0,1,0.0088237288,0.07100000000000004,7.651357903030576,4.569251152287602,60,36.0,216.0,EGY_YEM
2005,651,690,EGY,KUW,0,0.0,1,0.0,0.0,0,0.0085870781,0.11600000000000002,7.388946097618437,4.1604647537343515,60,36.0,216.0,EGY_KUW
2005,651,692,EGY,BHR,0,0.0,1,0.0,0.0,0,0.00989278151,0.009000000000000008,7.571679600865179,1.8445531957374652,60,36.0,216.0,EGY_BHR
2005,651,694,EGY,QAT,0,0.0,0,,,0,0.009578055799999999,0.16899999999999998,7.632740216390833,3.3937062598075833,60,36.0,216.0,EGY_QAT
2005,651,696,EGY,UAE,0,0.5169562728171726,1,1.0,1.0,0,0.0072247488,0.189,7.768321862083931,5.374774113882752,60,36.0,216.0,EGY_UAE
2005,651,698,EGY,OMA,0,0.1572945340149429,1,0.0,0.0,0,0.0091551745,0.05399999999999999,7.937374696163295,3.298753054235573,60,36.0,216.0,EGY_OMA
2005,652,660,SYR,LEB,0,0.0,0,,,1,0.00328841203,0.254,4.487512142519859,6.64581059347908,36,12.96,46.656,SYR_LEB
2005,652,663,SYR,JOR,0,0.0,1,0.0,0.0,1,0.0028852304999999996,0.08000000000000002,5.176149732573829,6.318701285358113,14,1.96,2.744,SYR_JOR
2005,652,666,SYR,ISR,0,0.0,1,0.0,0.0,0,0.0001923376999999997,0.611,5.392718041969521,0.0,2,0.04,0.008,SYR_ISR
2005,652,670,SYR,SAU,0,0.0,1,0.0,0.0,1,0.006897803700000001,0.129,7.249570360013846,7.477966847132094,60,36.0,216.0,SYR_SAU
2005,652,679,SYR,YEM,0,0.1666666666666666,1,0.0,0.0,1,0.0027155161,0.13300000000000003,7.682666761344722,3.519990277608318,60,36.0,216.0,SYR_YEM
2005,652,690,SYR,KUW,0,0.0,1,0.0,0.0,1,0.0024788653999999995,0.17800000000000002,7.089243155027514,6.03402077297937,60,36.0,216.0,SYR_KUW
2005,652,692,SYR,BHR,0,0.0,1,0.0,0.0,1,0.0037845688099999997,0.07100000000000001,7.375443730270433,3.242978761194668,60,36.0,216.0,SYR_BHR
2005,652,694,SYR,QAT,0,0.0,0,,,1,0.0034698431,0.10699999999999998,7.457840076700244,4.133187607914158,60,36.0,216.0,SYR_QAT
2005,652,696,SYR,UAE,0,0.0,1,0.0,0.0,1,0.0011165360999999996,0.127,7.61085279039525,6.791831624854015,60,36.0,216.0,SYR_UAE
2005,652,698,SYR,OMA,0,0.0,1,0.0,0.0,0,0.0030469617999999998,0.008000000000000007,7.796551476546899,3.630252677462657,60,36.0,216.0,SYR_OMA
2005,660,663,LEB,JOR,0,0.0,0,,,1,0.0004031815300000001,0.17400000000000002,5.40042258948519,4.780340567302226,60,36.0,216.0,LEB_JOR
2005,660,666,LEB,ISR,0,0.0,0,,,0,0.0030960743300000003,0.357,5.477717994914328,0.0,1,0.01,0.001,LEB_ISR
2005,660,670,LEB,SAU,0,0.0,0,,,1,0.01018621573,0.383,7.308944592227513,6.265585811019047,60,36.0,216.0,LEB_SAU
2005,660,679,LEB,YEM,0,0.0,0,,,1,0.0005728959300000001,0.121,7.714855949617927,2.4586396735372804,60,36.0,216.0,LEB_YEM
2005,660,690,LEB,KUW,0,0.0,0,,,1,0.00080954663,0.07600000000000001,7.158903026705945,4.5465917349606535,60,36.0,216.0,LEB_KUW
2005,660,692,LEB,BHR,0,0.0,0,,,1,0.0004961567799999999,0.18300000000000002,7.428927194802272,4.086641956507701,60,36.0,216.0,LEB_BHR
2005,660,694,LEB,QAT,0,0.0,0,,,1,0.00018143106999999996,0.36100000000000004,7.507250903460627,3.8390376890144244,60,36.0,216.0,LEB_QAT
2005,660,696,LEB,UAE,0,0.0,0,,,1,0.00217187593,0.381,7.6533051383351305,5.706789715039436,60,36.0,216.0,LEB_UAE
2005,660,698,LEB,OMA,0,0.0,0,,,0,0.00024145023,0.24600000000000002,7.831656973857627,2.5959838440568666,60,36.0,216.0,LEB_OMA
2005,663,666,JOR,ISR,0,0.174006734006734,1,0.0,0.0,0,0.0026928928,0.531,4.289088639014612,5.38022941821655,14,1.96,2.744,JOR_ISR
2005,663,670,JOR,SAU,0,0.1386531986531986,1,0.0,0.0,1,0.0097830342,0.20900000000000002,7.190977420711825,7.503453454079992,14,1.96,2.744,JOR_SAU
2005,663,679,JOR,YEM,0,0.0,1,0.0,0.0,1,0.00016971439999999998,0.05300000000000002,7.614756053830618,3.3420714924347483,60,36.0,216.0,JOR_YEM
2005,663,690,JOR,KUW,0,0.0454545454545454,1,0.0,0.0,1,0.00040636509999999993,0.098,7.078847353824543,4.481588863962106,15,2.25,3.375,JOR_KUW
2005,663,692,JOR,BHR,0,0.0,1,0.0,0.0,1,0.00089933831,0.009000000000000008,7.351286587896758,3.323820642135422,14,1.96,2.744,JOR_BHR
2005,663,694,JOR,QAT,0,0.0,0,,,1,0.0005846126000000001,0.187,7.433134483755639,3.054380449369524,14,1.96,2.744,JOR_QAT
2005,663,696,JOR,UAE,0,0.1492699954268957,1,0.0,0.0,1,0.0017686944,0.20700000000000002,7.5932734323775914,5.606731854497184,14,1.96,2.744,JOR_UAE
2005,663,698,JOR,OMA,0,0.6221548821548821,1,0.0,0.0,0,0.00016173130000000013,0.07200000000000001,7.786551806428712,2.8991299042322822,14,1.96,2.744,JOR_OMA
2005,666,670,ISR,SAU,0,0.3505902360944377,1,0.0,0.0,0,0.0070901414000000005,0.74,7.225044696186576,0.0,3,0.09,0.027,ISR_SAU
2005,666,679,ISR,YEM,0,0.0,1,0.0,0.0,0,0.0025231784,0.478,7.621293149189817,0.0,60,36.0,216.0,ISR_YEM
2005,666,690,ISR,KUW,0,0.1510403555524691,1,0.0,0.0,0,0.0022865277,0.433,7.131538625583686,0.0,38,14.44,54.872,ISR_KUW
2005,666,692,ISR,BHR,0,0.0,1,0.0,0.0,0,0.00359223111,0.54,7.387771118354598,0.0,60,36.0,216.0,ISR_BHR
2005,666,694,ISR,QAT,0,0.0,0,,,0,0.0032775054,0.718,7.466055916772316,0.0,60,36.0,216.0,ISR_QAT
2005,666,696,ISR,UAE,0,0.5374183042983649,1,1.0,1.0,0,0.0009241983999999999,0.738,7.622076694773489,0.0,60,36.0,216.0,ISR_UAE
2005,666,698,ISR,OMA,0,0.1572945340149429,1,0.0,0.0,0,0.0028546241,0.603,7.811244419019083,0.0,60,36.0,216.0,ISR_OMA
2005,670,679,SAU,YEM,1,0.0,1,0.0,0.0,1,0.0096133198,0.262,6.976908137670454,6.195184087841657,7,0.49,0.343,SAU_YEM
2005,670,690,SAU,KUW,0,0.0,1,0.0,0.0,1,0.0093766691,0.307,6.284507225801859,6.828384453045508,60,36.0,216.0,SAU_KUW
2005,670,692,SAU,BHR,0,0.0,1,0.0,0.0,1,0.010682372510000001,0.2,6.052559646467793,7.450933333154807,60,36.0,216.0,SAU_BHR
2005,670,694,SAU,QAT,0,0.0,0,,,1,0.0103676468,0.022000000000000002,6.195629131824389,6.634152256605699,10,1.0,1.0,SAU_QAT
2005,670,696,SAU,UAE,0,0.8129161564025579,1,0.0,0.0,1,0.0080143398,0.0020000000000000018,6.652992053287465,7.919942382452995,60,36.0,216.0,SAU_UAE
2005,670,698,SAU,OMA,0,0.2528509634290208,1,0.0,0.0,1,0.009944765500000001,0.137,7.100192169517185,5.6456938282841,60,36.0,216.0,SAU_OMA
2005,679,690,YEM,KUW,0,0.0,1,0.0,0.0,1,0.00023665069999999995,0.044999999999999984,7.381937665049289,5.7464134879149285,60,36.0,216.0,YEM_KUW
2005,679,692,YEM,BHR,0,0.0,1,0.0,0.0,1,0.00106905271,0.06200000000000003,7.228388451573604,3.396493736848635,60,36.0,216.0,YEM_BHR
2005,679,694,YEM,QAT,0,0.0,0,,,1,0.0007543270000000001,0.24000000000000002,7.201618210508999,1.4982839135814674,60,36.0,216.0,YEM_QAT
2005,679,696,YEM,UAE,0,0.0,1,0.0,0.0,1,0.00159898,0.26,7.2911111015022,6.666107220449181,60,36.0,216.0,YEM_UAE
2005,679,698,YEM,OMA,0,0.0,1,0.0,0.0,0,0.0003314457000000001,0.12500000000000003,7.475735983249187,4.21402060500936,60,36.0,216.0,YEM_OMA
2005,690,692,KUW,BHR,0,0.0,1,0.0,0.0,1,0.00130570341,0.10700000000000001,6.076035448558252,4.554315279704959,60,36.0,216.0,KUW_BHR
2005,690,694,KUW,QAT,0,0.0,0,,,1,0.0009909777,0.28500000000000003,6.355065451117447,4.7412964839317695,60,36.0,216.0,KUW_QAT
2005,690,696,KUW,UAE,0,0.0204620314811923,1,0.0,0.0,1,0.0013623293000000001,0.305,6.728867818922465,6.347498870893435,60,36.0,216.0,KUW_UAE
2005,690,698,KUW,OMA,0,0.0,1,0.0,0.0,1,0.0005680964000000001,0.17,7.118907217443969,3.9935520049456144,60,36.0,216.0,KUW_OMA
2005,692,694,BHR,QAT,0,0.0,0,,,1,0.00031472571,0.178,4.954417614098027,4.795780793483074,19,3.61,6.859,BHR_QAT
2005,692,696,BHR,UAE,0,0.0,1,0.0,0.0,1,0.00266803271,0.198,6.058422015232863,6.058749784751154,60,36.0,216.0,BHR_UAE
2005,692,698,BHR,OMA,0,0.0,1,0.0,0.0,1,0.0007376070099999999,0.063,6.755419617678439,4.667099274265137,60,36.0,216.0,BHR_OMA
2005,694,696,QAT,UAE,0,0.0,0,,,1,0.0023533070000000002,0.02,5.707442435487688,6.964395408535985,60,36.0,216.0,QAT_UAE
2005,694,698,QAT,OMA,0,0.0,0,,,1,0.00042288129999999995,0.11499999999999999,6.606379879398354,4.018191132879758,60,36.0,216.0,QAT_OMA
2005,696,698,UAE,OMA,0,0.2531067388225357,1,0.0,0.0,1,0.0019304257000000002,0.135,6.0888180923638915,8.265783541459035,60,36.0,216.0,UAE_OMA
2006,630,640,IRN,TUR,0,0.0653626416190568,1,0.0,0.0,0,0.001090186,0.47000000000000003,7.4353790210240085,8.372610095936722,2,0.04,0.008,IRN_TUR
2006,630,645,IRN,IRQ,0,0.0,1,0.0,0.0,0,0.0090522146,0.22400000000000003,6.5441995739511825,3.4656222400903656,1,0.01,0.001,IRN_IRQ
2006,630,651,IRN,EGY,0,0.2187251448699011,1,0.0,0.0,0,0.0036235729999999997,0.03900000000000001,7.5927190667340625,3.1625616945206203,13,1.69,2.197,IRN_EGY
2006,630,652,IRN,SYR,0,0.2105263157894736,1,0.0,0.0,0,0.0097353751,0.024999999999999994,7.247080584585756,6.519405175038641,61,37.21,226.981,IRN_SYR
2006,630,660,IRN,LEB,0,0.0,1,0.0,0.0,0,0.01310878034,0.268,7.291860547968892,4.407411324796511,61,37.21,226.981,IRN_LEB
2006,630,663,IRN,JOR,0,0.4204035874439462,1,0.0,0.0,0,0.0126877112,0.05600000000000002,7.305188215393037,4.264088926118762,61,37.21,226.981,IRN_JOR
2006,630,666,IRN,ISR,0,0.0,1,0.0,0.0,0,0.0099722286,0.591,7.35224877405778,0.0,61,37.21,226.981,IRN_ISR
2006,630,670,IRN,SAU,0,0.0,1,0.0,0.0,0,0.0026081160000000006,0.154,7.174111564719166,6.609593189151379,18,3.24,5.832,IRN_SAU
2006,630,679,IRN,YEM,0,0.2986198243412798,1,0.0,0.0,0,0.0124967215,0.10999999999999999,7.772289451283258,1.7548588386006856,61,37.21,226.981,IRN_YEM
2006,630,690,IRN,KUW,0,0.0,1,0.0,0.0,0,0.0123461851,0.15300000000000002,6.652475857637857,5.6099618582346285,18,3.24,5.832,IRN_KUW
2006,630,692,IRN,BHR,0,0.0,1,0.0,0.0,0,0.0136100043,0.048000000000000015,6.964135612418245,3.922787757025937,18,3.24,5.832,IRN_BHR
2006,630,694,IRN,QAT,0,0.0,0,,,0,0.013222403150000001,0.13199999999999998,7.055916629962658,4.383733015477716,2,0.04,0.008,IRN_QAT
2006,630,696,IRN,UAE,0,0.0,1,0.0,0.0,0,0.0109061317,0.149,7.155474362862388,8.970587102352454,2,0.04,0.008,IRN_UAE
2006,630,698,IRN,OMA,0,0.0,1,0.0,0.0,0,0.0129268106,0.015999999999999986,7.320725486576075,4.042297878845164,22,4.84,10.648,IRN_OMA
2006,640,645,TUR,IRQ,0,0.1406596067086795,1,0.0,0.0,0,0.0101424006,0.246,7.141165942652124,8.155668334209551,1,0.01,0.001,TUR_IRQ
2006,640,651,TUR,EGY,0,0.2900952023190998,1,0.0,0.0,0,0.004713759,0.43100000000000005,7.011574607621134,6.7874858648470235,47,22.09,103.823,TUR_EGY
2006,640,652,TUR,SYR,0,0.0,1,0.0,0.0,0,0.0108255611,0.495,6.655955018418123,6.779887509153364,2,0.04,0.008,TUR_SYR
2006,640,660,TUR,LEB,0,0.1208482618379006,1,0.0,0.0,0,0.01419896634,0.202,6.56512411504534,5.843555373493077,61,37.21,226.981,TUR_LEB
2006,640,663,TUR,JOR,0,0.0653626416190568,1,0.0,0.0,0,0.0137778972,0.41400000000000003,6.834216375647267,5.654297193949238,15,2.25,3.375,TUR_JOR
2006,640,666,TUR,ISR,0,0.2586064611747933,1,0.0,0.0,0,0.0110624146,0.121,6.83722551279161,7.613466944771742,30,9.0,27.0,TUR_ISR
2006,640,670,TUR,SAU,0,0.1208482618379006,1,0.0,0.0,0,0.0036983020000000005,0.624,7.664581236205265,7.911089973981655,61,37.21,226.981,TUR_SAU
2006,640,679,TUR,YEM,0,0.0,1,0.0,0.0,0,0.0135869075,0.36000000000000004,7.9884411791167915,5.0293494861243655,61,37.21,226.981,TUR_YEM
2006,640,690,TUR,KUW,0,0.1208482618379006,1,0.0,0.0,0,0.0134363711,0.317,7.501247856381898,5.6123853853836225,61,37.21,226.981,TUR_KUW
2006,640,692,TUR,BHR,0,0.1208482618379006,1,0.0,0.0,0,0.0147001903,0.42200000000000004,7.714454334226198,4.186024661248525,61,37.21,226.981,TUR_BHR
2006,640,694,TUR,QAT,0,0.0,0,,,0,0.01431258915,0.602,7.775401836029897,4.799681807781494,61,37.21,226.981,TUR_QAT
2006,640,696,TUR,UAE,0,0.1374462927517332,1,0.0,0.0,0,0.0119963177,0.619,7.879707749681193,7.62497536796036,61,37.21,226.981,TUR_UAE
2006,640,698,TUR,OMA,0,0.1493173235208676,1,0.0,0.0,0,0.0140169966,0.486,8.011852497880817,3.68341852032045,61,37.21,226.981,TUR_OMA
2006,645,651,IRQ,EGY,0,0.1370178174288709,1,0.0,0.0,0,0.005428641600000001,0.18500000000000003,7.168733968599368,4.159428434628633,7,0.49,0.343,IRQ_EGY
2006,645,652,IRQ,SYR,0,0.0,1,0.0,0.0,1,0.0006831605000000001,0.24900000000000003,6.622869293832357,8.171449765832786,1,0.01,0.001,IRQ_SYR
2006,645,660,IRQ,LEB,0,0.1370178174288709,1,0.0,0.0,1,0.00405656574,0.043999999999999984,6.719978871505218,5.301915684828714,61,37.21,226.981,IRQ_LEB
2006,645,663,IRQ,JOR,0,0.0052148572305018,1,0.0,0.0,1,0.0036354965999999996,0.168,6.69369534640097,6.730894644174316,7,0.49,0.343,IRQ_JOR
2006,645,666,IRQ,ISR,0,0.1370178174288709,1,0.0,0.0,0,0.0009200139999999994,0.367,6.778898656857133,0.0,3,0.09,0.027,IRQ_ISR
2006,645,670,IRQ,SAU,0,0.181635776157259,1,0.0,0.0,1,0.0064440986,0.378,6.896289800872859,0.3162276989827537,3,0.09,0.027,IRQ_SAU
2006,645,679,IRQ,YEM,0,0.0,1,0.0,0.0,1,0.0034445069,0.11400000000000005,7.60150227961405,3.222944297398533,61,37.21,226.981,IRQ_YEM
2006,645,690,IRQ,KUW,0,0.1370178174288709,1,0.0,0.0,1,0.0032939705,0.07100000000000001,6.324358962381311,0.0,3,0.09,0.027,IRQ_KUW
2006,645,692,IRQ,BHR,0,0.1787451985389517,1,0.0,0.0,1,0.004557789699999999,0.17600000000000002,6.9000254809201955,0.11633766271910423,3,0.09,0.027,IRQ_BHR
2006,645,694,IRQ,QAT,0,0.0,0,,,1,0.0041701885499999996,0.35600000000000004,7.032006241319994,1.3712942447848178,3,0.09,0.027,IRQ_QAT
2006,645,696,IRQ,UAE,0,0.1416136384885876,1,0.0,0.0,1,0.0018539170999999997,0.373,7.232082635630662,1.4729575587521222,3,0.09,0.027,IRQ_UAE
2006,645,698,IRQ,OMA,0,0.1491602546077353,1,0.0,0.0,0,0.003874596,0.24000000000000002,7.471249251315212,3.806876266918357,3,0.09,0.027,IRQ_OMA
2006,651,652,EGY,SYR,0,0.1278263833655266,1,0.0,0.0,0,0.006111802100000001,0.064,6.423246963533519,5.921761432386578,61,37.21,226.981,EGY_SYR
2006,651,660,EGY,LEB,0,0.6520687584203094,1,1.0,1.0,0,0.009485207340000001,0.229,6.376556865408209,5.913256948341629,61,37.21,226.981,EGY_LEB
2006,651,663,EGY,JOR,0,0.0908987615043745,1,0.0,0.0,0,0.0090641382,0.017000000000000015,6.209595556598647,6.0893317503940665,15,2.25,3.375,EGY_JOR
2006,651,666,EGY,ISR,1,0.7559530572824518,1,1.0,1.0,0,0.0063486556,0.552,6.0553778728516345,4.168074958341057,2,0.04,0.008,EGY_ISR
2006,651,670,EGY,SAU,0,0.6520687584203094,1,1.0,1.0,0,0.0010154569999999991,0.193,7.401536468138869,7.4671527002201445,39,15.21,59.319,EGY_SAU
2006,651,679,EGY,YEM,0,0.1531481812131738,1,0.0,0.0,1,0.0088731485,0.07099999999999998,7.651357903030576,4.913989950023344,61,37.21,226.981,EGY_YEM
2006,651,690,EGY,KUW,0,0.4347826086956521,1,0.0,0.0,0,0.0087226121,0.11400000000000002,7.388946097618437,6.7817654797753155,61,37.21,226.981,EGY_KUW
2006,651,692,EGY,BHR,0,0.6520687584203094,1,1.0,1.0,0,0.009986431300000001,0.009000000000000008,7.571679600865179,2.7963198971873098,61,37.21,226.981,EGY_BHR
2006,651,694,EGY,QAT,0,0.0,0,,,0,0.009598830150000001,0.17099999999999999,7.632740216390833,4.076787925799052,61,37.21,226.981,EGY_QAT
2006,651,696,EGY,UAE,0,0.4366078256820752,1,0.0,0.0,0,0.0072825587,0.188,7.768321862083931,6.155229872032164,61,37.21,226.981,EGY_UAE
2006,651,698,EGY,OMA,0,0.6520687584203094,1,1.0,1.0,0,0.0093032376,0.05499999999999999,7.937374696163295,3.3520445667428884,61,37.21,226.981,EGY_OMA
2006,652,660,SYR,LEB,0,0.0,1,0.0,0.0,1,0.00337340524,0.29300000000000004,4.487512142519859,5.999675296459308,37,13.69,50.653,SYR_LEB
2006,652,663,SYR,JOR,0,0.0,1,0.0,0.0,1,0.0029523360999999994,0.08100000000000002,5.176149732573829,6.113327780757111,15,2.25,3.375,SYR_JOR
2006,652,666,SYR,ISR,1,0.0,1,0.0,0.0,0,0.00023685349999999928,0.616,5.392718041969521,0.0,3,0.09,0.027,SYR_ISR
2006,652,670,SYR,SAU,0,0.0,1,0.0,0.0,1,0.0071272591,0.129,7.249570360013846,7.77119445037093,61,37.21,226.981,SYR_SAU
2006,652,679,SYR,YEM,0,0.2105263157894736,1,0.0,0.0,1,0.0027613463999999997,0.13499999999999998,7.682666761344722,3.2675947865027926,61,37.21,226.981,SYR_YEM
2006,652,690,SYR,KUW,0,0.0,1,0.0,0.0,1,0.00261081,0.17800000000000002,7.089243155027514,6.301081750863887,61,37.21,226.981,SYR_KUW
2006,652,692,SYR,BHR,0,0.0,1,0.0,0.0,1,0.0038746291999999997,0.07300000000000001,7.375443730270433,3.496251437760513,61,37.21,226.981,SYR_BHR
2006,652,694,SYR,QAT,0,0.0,0,,,1,0.0034870280499999995,0.10699999999999998,7.457840076700244,4.42528858208661,61,37.21,226.981,SYR_QAT
2006,652,696,SYR,UAE,0,0.0,1,0.0,0.0,1,0.0011707565999999996,0.124,7.61085279039525,7.083250589883734,61,37.21,226.981,SYR_UAE
2006,652,698,SYR,OMA,0,0.0,1,0.0,0.0,0,0.0031914355,0.009000000000000008,7.796551476546899,3.802403767605927,61,37.21,226.981,SYR_OMA
2006,660,663,LEB,JOR,0,0.0,1,0.0,0.0,1,0.00042106914000000014,0.212,5.40042258948519,4.940605170563634,61,37.21,226.981,LEB_JOR
2006,660,666,LEB,ISR,0,0.8622418006631073,1,1.0,1.0,0,0.0031365517400000005,0.323,5.477717994914328,0.0,1,0.01,0.001,LEB_ISR
2006,660,670,LEB,SAU,0,0.871723368655884,1,1.0,1.0,1,0.01050066434,0.422,7.308944592227513,6.129048815724061,61,37.21,226.981,LEB_SAU
2006,660,679,LEB,YEM,0,0.0,1,0.0,0.0,1,0.0006120588400000001,0.15800000000000003,7.714855949617927,2.455931735384104,61,37.21,226.981,LEB_YEM
2006,660,690,LEB,KUW,0,0.4347826086956521,1,0.0,0.0,1,0.0007625952400000002,0.11499999999999999,7.158903026705945,5.270288810881755,61,37.21,226.981,LEB_KUW
2006,660,692,LEB,BHR,0,0.9471453172605644,1,1.0,1.0,1,0.0005012239599999999,0.22,7.428927194802272,4.041099926609531,61,37.21,226.981,LEB_BHR
2006,660,694,LEB,QAT,0,0.0,0,,,1,0.00011362280999999987,0.4,7.507250903460627,4.126661499058588,61,37.21,226.981,LEB_QAT
2006,660,696,LEB,UAE,0,0.4200097947682427,1,0.0,0.0,1,0.0022026486400000002,0.417,7.6533051383351305,5.731039244139111,61,37.21,226.981,LEB_UAE
2006,660,698,LEB,OMA,0,0.8461538461538461,1,1.0,1.0,0,0.00018196974,0.28400000000000003,7.831656973857627,3.351592170432089,61,37.21,226.981,LEB_OMA
2006,663,666,JOR,ISR,0,0.0,1,0.0,0.0,0,0.0027154826,0.535,4.289088639014612,5.384888976020772,15,2.25,3.375,JOR_ISR
2006,663,670,JOR,SAU,0,0.0,1,0.0,0.0,1,0.0100795952,0.21000000000000002,7.190977420711825,7.919460221612846,15,2.25,3.375,JOR_SAU
2006,663,679,JOR,YEM,0,0.0,1,0.0,0.0,1,0.00019098969999999994,0.053999999999999965,7.614756053830618,3.3427698569592352,61,37.21,226.981,JOR_YEM
2006,663,690,JOR,KUW,0,0.0,1,0.0,0.0,1,0.0003415261,0.097,7.078847353824543,4.955627953274267,16,2.56,4.096,JOR_KUW
2006,663,692,JOR,BHR,0,0.0,1,0.0,0.0,1,0.0009222931000000001,0.008000000000000007,7.351286587896758,3.392480567048256,15,2.25,3.375,JOR_BHR
2006,663,694,JOR,QAT,0,0.0,0,,,1,0.00053469195,0.188,7.433134483755639,3.428413993277281,15,2.25,3.375,JOR_QAT
2006,663,696,JOR,UAE,0,0.0,1,0.0,0.0,1,0.0017815795,0.20500000000000002,7.5932734323775914,5.994009904934503,15,2.25,3.375,JOR_UAE
2006,663,698,JOR,OMA,0,0.0,1,0.0,0.0,0,0.00023909940000000013,0.07200000000000001,7.786551806428712,3.480772472327591,15,2.25,3.375,JOR_OMA
2006,666,670,ISR,SAU,0,0.8622418006631073,1,1.0,1.0,0,0.007364112599999999,0.745,7.225044696186576,0.0,4,0.16,0.064,ISR_SAU
2006,666,679,ISR,YEM,0,0.0,1,0.0,0.0,0,0.0025244929000000004,0.48100000000000004,7.621293149189817,0.0,61,37.21,226.981,ISR_YEM
2006,666,690,ISR,KUW,0,0.4347826086956521,1,0.0,0.0,0,0.0023739565000000006,0.438,7.131538625583686,0.0,39,15.21,59.319,ISR_KUW
2006,666,692,ISR,BHR,0,0.8622418006631073,1,1.0,1.0,0,0.0036377757000000004,0.543,7.387771118354598,0.0,61,37.21,226.981,ISR_BHR
2006,666,694,ISR,QAT,0,0.0,0,,,0,0.00325017455,0.723,7.466055916772316,0.0,61,37.21,226.981,ISR_QAT
2006,666,696,ISR,UAE,0,0.4366078256820752,1,0.0,0.0,0,0.0009339031000000003,0.74,7.622076694773489,0.0,61,37.21,226.981,ISR_UAE
2006,666,698,ISR,OMA,0,0.8461538461538461,1,1.0,1.0,0,0.0029545820000000007,0.607,7.811244419019083,0.0,61,37.21,226.981,ISR_OMA
2006,670,679,SAU,YEM,0,0.0,1,0.0,0.0,1,0.0098886055,0.26399999999999996,6.976908137670454,6.379558683048802,1,0.01,0.001,SAU_YEM
2006,670,690,SAU,KUW,0,0.51844128131138,1,0.0,0.0,1,0.0097380691,0.307,6.284507225801859,7.070590538442313,61,37.21,226.981,SAU_KUW
2006,670,692,SAU,BHR,0,0.9074177356385944,1,1.0,1.0,1,0.0110018883,0.202,6.052559646467793,7.722944103329859,61,37.21,226.981,SAU_BHR
2006,670,694,SAU,QAT,0,0.0,0,,,1,0.01061428715,0.022000000000000002,6.195629131824389,6.556348761054369,11,1.21,1.331,SAU_QAT
2006,670,696,SAU,UAE,0,0.5082642884436872,1,0.0,0.0,1,0.0082980157,0.005000000000000001,6.652992053287465,8.20015673049566,61,37.21,226.981,SAU_UAE
2006,670,698,SAU,OMA,0,0.8461538461538461,1,1.0,1.0,1,0.010318694599999999,0.138,7.100192169517185,6.209469438093279,61,37.21,226.981,SAU_OMA
2006,679,690,YEM,KUW,0,0.0,1,0.0,0.0,1,0.00015053640000000008,0.04300000000000004,7.381937665049289,6.107398941746687,61,37.21,226.981,YEM_KUW
2006,679,692,YEM,BHR,0,0.0,1,0.0,0.0,1,0.0011132828,0.06199999999999997,7.228388451573604,2.1242813300458794,61,37.21,226.981,YEM_BHR
2006,679,694,YEM,QAT,0,0.0,0,,,1,0.0007256816499999999,0.24199999999999997,7.201618210508999,1.9074160233020359,61,37.21,226.981,YEM_QAT
2006,679,696,YEM,UAE,0,0.0,1,0.0,0.0,1,0.0015905898000000002,0.25899999999999995,7.2911111015022,7.040055013427029,61,37.21,226.981,YEM_UAE
2006,679,698,YEM,OMA,0,0.0,1,0.0,0.0,0,0.00043008910000000007,0.12599999999999997,7.475735983249187,4.314283932292636,61,37.21,226.981,YEM_OMA
2006,690,692,KUW,BHR,0,0.4347826086956521,1,0.0,0.0,1,0.0012638192,0.10500000000000001,6.076035448558252,4.8349381473679784,61,37.21,226.981,KUW_BHR
2006,690,694,KUW,QAT,0,0.0,0,,,1,0.00087621805,0.28500000000000003,6.355065451117447,4.491801501481131,61,37.21,226.981,KUW_QAT
2006,690,696,KUW,UAE,0,0.9788061480264504,1,1.0,0.0,1,0.0014400534,0.302,6.728867818922465,6.630288268015845,61,37.21,226.981,KUW_UAE
2006,690,698,KUW,OMA,0,0.4347826086956521,1,0.0,0.0,1,0.0005806255000000001,0.169,7.118907217443969,4.153331090153869,61,37.21,226.981,KUW_OMA
2006,692,694,BHR,QAT,0,0.0,0,,,1,0.00038760115,0.18,4.954417614098027,4.928300383554076,20,4.0,8.0,BHR_QAT
2006,692,696,BHR,UAE,0,0.4246056158279594,1,0.0,0.0,1,0.0027038726,0.197,6.058422015232863,6.341394534886785,61,37.21,226.981,BHR_UAE
2006,692,698,BHR,OMA,0,0.8461538461538461,1,1.0,1.0,1,0.0006831936999999999,0.064,6.755419617678439,5.17947476349833,61,37.21,226.981,BHR_OMA
2006,694,696,QAT,UAE,0,0.0,0,,,1,0.00231627145,0.017,5.707442435487688,7.571254263305014,61,37.21,226.981,QAT_UAE
2006,694,698,QAT,OMA,0,0.0,0,,,1,0.0002955925499999999,0.11599999999999999,6.606379879398354,4.655815390410702,61,37.21,226.981,QAT_OMA
2006,696,698,UAE,OMA,0,0.4200097947682427,1,0.0,0.0,1,0.0020206789000000005,0.133,6.0888180923638915,8.274655942182832,61,37.21,226.981,UAE_OMA
2007,630,640,IRN,TUR,0,0.0724559896951481,1,0.0,0.0,0,0.0015288110000000014,0.443,7.4353790210240085,8.768968000372363,3,0.09,0.027,IRN_TUR
2007,630,645,IRN,IRQ,0,0.0799179876099561,1,0.0,0.0,0,0.008921367199999999,0.253,6.5441995739511825,3.5833168347011886,1,0.01,0.001,IRN_IRQ
2007,630,651,IRN,EGY,0,0.1319412069981616,1,0.0,0.0,0,0.0032972439999999995,0.03900000000000001,7.5927190667340625,2.997732621523295,14,1.96,2.744,IRN_EGY
2007,630,652,IRN,SYR,0,0.1130434782608695,1,0.0,0.0,0,0.009438090599999999,0.027999999999999997,7.247080584585756,6.748653351935194,62,38.44,238.328,IRN_SYR
2007,630,660,IRN,LEB,0,0.0,0,,,0,0.012797533829999999,0.269,7.291860547968892,4.248579495642782,62,38.44,238.328,IRN_LEB
2007,630,663,IRN,JOR,0,0.0,1,0.0,0.0,0,0.012332272799999999,0.05600000000000002,7.305188215393037,4.416327935605848,62,38.44,238.328,IRN_JOR
2007,630,666,IRN,ISR,0,0.0,1,0.0,0.0,0,0.009834156,0.585,7.35224877405778,0.0,62,38.44,238.328,IRN_ISR
2007,630,670,IRN,SAU,0,0.0,1,0.0,0.0,0,0.002033558999999999,0.154,7.174111564719166,6.93555291963816,19,3.61,6.859,IRN_SAU
2007,630,679,IRN,YEM,0,0.0,1,0.0,0.0,0,0.012179510499999999,0.10999999999999999,7.772289451283258,1.8845516633838015,62,38.44,238.328,IRN_YEM
2007,630,690,IRN,KUW,0,0.0,1,0.0,0.0,0,0.0120544722,0.15000000000000002,6.652475857637857,5.880588487653774,19,3.61,6.859,IRN_KUW
2007,630,692,IRN,BHR,0,0.0,1,0.0,0.0,0,0.013274993459999999,0.047000000000000014,6.964135612418245,4.625987200580254,19,3.61,6.859,IRN_BHR
2007,630,694,IRN,QAT,0,0.0,0,,,0,0.0129002583,0.13199999999999998,7.055916629962658,4.443048260026924,3,0.09,0.027,IRN_QAT
2007,630,696,IRN,UAE,0,0.0,1,0.0,0.0,0,0.010584651099999998,0.102,7.155474362862388,9.177544043798699,3,0.09,0.027,IRN_UAE
2007,630,698,IRN,OMA,0,0.0,1,0.0,0.0,0,0.0126736228,0.015999999999999986,7.320725486576075,4.898530307764166,23,5.29,12.167,IRN_OMA
2007,640,645,TUR,IRQ,1,0.0,1,0.0,0.0,0,0.0104501782,0.19,7.141165942652124,8.0787179032082,2,0.04,0.008,TUR_IRQ
2007,640,651,TUR,EGY,0,0.1549601298863459,1,0.0,0.0,0,0.004826055000000001,0.404,7.011574607621134,6.658111952204437,48,23.04,110.592,TUR_EGY
2007,640,652,TUR,SYR,0,0.0,1,0.0,0.0,0,0.0109669016,0.471,6.655955018418123,6.7553130089913935,3,0.09,0.027,TUR_SYR
2007,640,660,TUR,LEB,0,0.0,0,,,0,0.01432634483,0.174,6.56512411504534,5.95457024575904,62,38.44,238.328,TUR_LEB
2007,640,663,TUR,JOR,0,0.0844436104334772,1,0.0,0.0,0,0.0138610838,0.387,6.834216375647267,5.753198601600209,16,2.56,4.096,TUR_JOR
2007,640,666,TUR,ISR,0,0.0733620035416139,1,0.0,0.0,0,0.011362967000000002,0.14200000000000002,6.83722551279161,7.6284340141302165,31,9.61,29.791,TUR_ISR
2007,640,670,TUR,SAU,0,0.0,1,0.0,0.0,0,0.0035623700000000005,0.597,7.664581236205265,8.11213461066463,62,38.44,238.328,TUR_SAU
2007,640,679,TUR,YEM,0,0.0,1,0.0,0.0,0,0.0137083215,0.333,7.9884411791167915,5.389505425711177,62,38.44,238.328,TUR_YEM
2007,640,690,TUR,KUW,0,0.0,1,0.0,0.0,0,0.0135832832,0.293,7.501247856381898,5.696948878734768,62,38.44,238.328,TUR_KUW
2007,640,692,TUR,BHR,0,0.0315586088449978,1,0.0,0.0,0,0.01480380446,0.396,7.714454334226198,4.438354402928843,62,38.44,238.328,TUR_BHR
2007,640,694,TUR,QAT,0,0.0,0,,,0,0.014429069300000001,0.575,7.775401836029897,5.995858031605074,62,38.44,238.328,TUR_QAT
2007,640,696,TUR,UAE,0,0.0214214470036595,1,0.0,0.0,0,0.0121134621,0.545,7.879707749681193,7.838954327589411,62,38.44,238.328,TUR_UAE
2007,640,698,TUR,OMA,0,0.0,1,0.0,0.0,0,0.0142024338,0.45899999999999996,8.011852497880817,4.114126944215307,62,38.44,238.328,TUR_OMA
2007,645,651,IRQ,EGY,0,0.6901724582178533,1,1.0,1.0,0,0.0056241232,0.214,7.168733968599368,3.9813714590216196,8,0.64,0.512,IRQ_EGY
2007,645,652,IRQ,SYR,0,0.0799179876099561,1,0.0,0.0,1,0.0005167233999999995,0.281,6.622869293832357,8.384916599771005,2,0.04,0.008,IRQ_SYR
2007,645,660,IRQ,LEB,0,0.0,0,,,1,0.0038761666299999996,0.016000000000000014,6.719978871505218,5.025543479469064,62,38.44,238.328,IRQ_LEB
2007,645,663,IRQ,JOR,0,0.1147177279570913,1,0.0,0.0,1,0.0034109056,0.19699999999999998,6.69369534640097,6.559744988282043,8,0.64,0.512,IRQ_JOR
2007,645,666,IRQ,ISR,0,0.6385722789303115,1,1.0,1.0,0,0.0009127887999999997,0.332,6.778898656857133,0.0,4,0.16,0.064,IRQ_ISR
2007,645,670,IRQ,SAU,0,0.6816825917833873,1,1.0,1.0,1,0.0068878082000000005,0.407,6.896289800872859,0.3683070044459924,4,0.16,0.064,IRQ_SAU
2007,645,679,IRQ,YEM,0,0.0817821174646552,1,0.0,0.0,1,0.0032581432999999995,0.14300000000000002,7.60150227961405,3.3963374915033357,62,38.44,238.328,IRQ_YEM
2007,645,690,IRQ,KUW,0,0.6385722789303115,1,1.0,1.0,1,0.0031331049999999997,0.10299999999999998,6.324358962381311,0.0,4,0.16,0.064,IRQ_KUW
2007,645,692,IRQ,BHR,0,0.0453460620525059,1,0.0,0.0,1,0.00435362626,0.206,6.9000254809201955,0.13776286729451925,4,0.16,0.064,IRQ_BHR
2007,645,694,IRQ,QAT,0,0.0,0,,,1,0.0039788911,0.385,7.032006241319994,0.8098009566204318,4,0.16,0.064,IRQ_QAT
2007,645,696,IRQ,UAE,0,0.4212659773468641,1,0.0,0.0,1,0.0016632838999999996,0.355,7.232082635630662,1.614443404032792,4,0.16,0.064,IRQ_UAE
2007,645,698,IRQ,OMA,0,0.6385722789303115,1,1.0,1.0,0,0.0037522555999999997,0.269,7.471249251315212,3.8174611075910265,4,0.16,0.064,IRQ_OMA
2007,651,652,EGY,SYR,0,0.1130434782608695,1,0.0,0.0,0,0.0061408465999999995,0.067,6.423246963533519,6.145452106488967,62,38.44,238.328,EGY_SYR
2007,651,660,EGY,LEB,0,0.0,0,,,0,0.00950028983,0.23,6.376556865408209,6.115631252606567,62,38.44,238.328,EGY_LEB
2007,651,663,EGY,JOR,0,0.1801463689247513,1,0.0,0.0,0,0.009035028799999999,0.017000000000000015,6.209595556598647,6.352240679664053,16,2.56,4.096,EGY_JOR
2007,651,666,EGY,ISR,0,0.6836164741495111,1,1.0,1.0,0,0.006536912,0.546,6.0553778728516345,4.451879427988722,1,0.01,0.001,EGY_ISR
2007,651,670,EGY,SAU,0,0.6102544706078972,1,1.0,1.0,0,0.0012636850000000005,0.193,7.401536468138869,7.469853696925551,40,16.0,64.0,EGY_SAU
2007,651,679,EGY,YEM,0,0.0352422907488986,1,0.0,0.0,1,0.0088822665,0.07099999999999998,7.651357903030576,5.177035667701002,62,38.44,238.328,EGY_YEM
2007,651,690,EGY,KUW,0,0.6102544706078972,1,1.0,1.0,0,0.0087572282,0.11100000000000002,7.388946097618437,7.040845449282404,62,38.44,238.328,EGY_KUW
2007,651,692,EGY,BHR,0,0.0453460620525059,1,0.0,0.0,0,0.00997774946,0.008000000000000007,7.571679600865179,4.490938481882312,62,38.44,238.328,EGY_BHR
2007,651,694,EGY,QAT,0,0.0,0,,,0,0.0096030143,0.17099999999999999,7.632740216390833,4.598260146561624,62,38.44,238.328,EGY_QAT
2007,651,696,EGY,UAE,0,0.4360699069193462,1,0.0,0.0,0,0.0072874071,0.14100000000000001,7.768321862083931,6.130744525531085,62,38.44,238.328,EGY_UAE
2007,651,698,EGY,OMA,0,0.6102544706078972,1,1.0,1.0,0,0.0093763788,0.05499999999999999,7.937374696163295,3.509318812483706,62,38.44,238.328,EGY_OMA
2007,652,660,SYR,LEB,0,0.0,0,,,1,0.00335944323,0.29700000000000004,4.487512142519859,5.919603145677267,38,14.44,54.872,SYR_LEB
2007,652,663,SYR,JOR,0,0.0,1,0.0,0.0,1,0.0028941822000000004,0.08400000000000002,5.176149732573829,6.327039273944899,16,2.56,4.096,SYR_JOR
2007,652,666,SYR,ISR,0,0.0,1,0.0,0.0,0,0.00039606540000000027,0.613,5.392718041969521,0.0,1,0.01,0.001,SYR_ISR
2007,652,670,SYR,SAU,0,0.0,1,0.0,0.0,1,0.0074045316,0.126,7.249570360013846,7.996026179344079,62,38.44,238.328,SYR_SAU
2007,652,679,SYR,YEM,0,0.0,1,0.0,0.0,1,0.0027414199,0.13799999999999998,7.682666761344722,3.474958679445547,62,38.44,238.328,SYR_YEM
2007,652,690,SYR,KUW,0,0.0,1,0.0,0.0,1,0.0026163816000000003,0.17800000000000002,7.089243155027514,6.5187404795413615,62,38.44,238.328,SYR_KUW
2007,652,692,SYR,BHR,0,0.0,1,0.0,0.0,1,0.00383690286,0.07500000000000001,7.375443730270433,3.7068725530438704,62,38.44,238.328,SYR_BHR
2007,652,694,SYR,QAT,0,0.0,0,,,1,0.0034621677,0.10399999999999998,7.457840076700244,4.651074189199012,62,38.44,238.328,SYR_QAT
2007,652,696,SYR,UAE,0,0.0,1,0.0,0.0,1,0.0011465605000000002,0.074,7.61085279039525,7.307689922223046,62,38.44,238.328,SYR_UAE
2007,652,698,SYR,OMA,0,0.0,1,0.0,0.0,0,0.0032355322000000002,0.01200000000000001,7.796551476546899,3.311377847304954,62,38.44,238.328,SYR_OMA
2007,660,663,LEB,JOR,0,0.0,0,,,1,0.0004652610300000001,0.213,5.40042258948519,4.997694454793454,62,38.44,238.328,LEB_JOR
2007,660,666,LEB,ISR,0,0.0,0,,,0,0.00296337783,0.316,5.477717994914328,0.0,1,0.01,0.001,LEB_ISR
2007,660,670,LEB,SAU,0,0.0,0,,,1,0.01076397483,0.423,7.308944592227513,6.127321178019416,62,38.44,238.328,LEB_SAU
2007,660,679,LEB,YEM,0,0.0,0,,,1,0.0006180233300000001,0.15900000000000003,7.714855949617927,2.479595068281672,62,38.44,238.328,LEB_YEM
2007,660,690,LEB,KUW,0,0.0,0,,,1,0.00074306163,0.119,7.158903026705945,5.625576651099797,62,38.44,238.328,LEB_KUW
2007,660,692,LEB,BHR,0,0.0,0,,,1,0.00047745962999999993,0.222,7.428927194802272,4.390750644595881,62,38.44,238.328,LEB_BHR
2007,660,694,LEB,QAT,0,0.0,0,,,1,0.00010272446999999997,0.401,7.507250903460627,4.508487475694585,62,38.44,238.328,LEB_QAT
2007,660,696,LEB,UAE,0,0.0,0,,,1,0.00221288273,0.371,7.6533051383351305,5.789732530310202,62,38.44,238.328,LEB_UAE
2007,660,698,LEB,OMA,0,0.0,0,,,0,0.00012391103000000008,0.28500000000000003,7.831656973857627,3.3939533401688897,62,38.44,238.328,LEB_OMA
2007,663,666,JOR,ISR,0,0.1690647620328881,1,0.0,0.0,0,0.0024981168,0.529,4.289088639014612,5.18582441991416,16,2.56,4.096,JOR_ISR
2007,663,670,JOR,SAU,0,0.114593226070711,1,0.0,0.0,1,0.0102987138,0.21000000000000002,7.190977420711825,8.123393516788944,16,2.56,4.096,JOR_SAU
2007,663,679,JOR,YEM,0,0.0352422907488986,1,0.0,0.0,1,0.00015276229999999997,0.053999999999999965,7.614756053830618,3.8064515564143324,62,38.44,238.328,JOR_YEM
2007,663,690,JOR,KUW,0,0.0957027584912741,1,0.0,0.0,1,0.0002778005999999999,0.094,7.078847353824543,4.964068845637344,17,2.89,4.913,JOR_KUW
2007,663,692,JOR,BHR,0,0.0453460620525059,1,0.0,0.0,1,0.00094272066,0.009000000000000008,7.351286587896758,4.101926959719446,16,2.56,4.096,JOR_BHR
2007,663,694,JOR,QAT,0,0.0,0,,,1,0.0005679855000000001,0.188,7.433134483755639,3.8211600679657174,16,2.56,4.096,JOR_QAT
2007,663,696,JOR,UAE,0,0.193064294183131,1,0.0,0.0,1,0.0017476217,0.15800000000000003,7.5932734323775914,6.28497349157021,16,2.56,4.096,JOR_UAE
2007,663,698,JOR,OMA,0,0.1033938525987128,1,0.0,0.0,0,0.00034135000000000003,0.07200000000000001,7.786551806428712,3.2488987912135787,16,2.56,4.096,JOR_OMA
2007,666,670,ISR,SAU,0,0.8748708344097132,1,1.0,1.0,0,0.007800597,0.739,7.225044696186576,0.0,5,0.25,0.125,ISR_SAU
2007,666,679,ISR,YEM,0,0.0352422907488986,1,0.0,0.0,0,0.0023453544999999998,0.47500000000000003,7.621293149189817,0.0,62,38.44,238.328,ISR_YEM
2007,666,690,ISR,KUW,0,0.926637996458386,1,1.0,1.0,0,0.0022203162,0.435,7.131538625583686,0.0,40,16.0,64.0,ISR_KUW
2007,666,692,ISR,BHR,0,0.0453460620525059,1,0.0,0.0,0,0.00344083746,0.538,7.387771118354598,0.0,62,38.44,238.328,ISR_BHR
2007,666,694,ISR,QAT,0,0.0,0,,,0,0.0030661023,0.717,7.466055916772316,0.0,62,38.44,238.328,ISR_QAT
2007,666,696,ISR,UAE,0,0.4360699069193462,1,0.0,0.0,0,0.0007504950999999999,0.687,7.622076694773489,0.0,62,38.44,238.328,ISR_UAE
2007,666,698,ISR,OMA,0,0.926637996458386,1,1.0,1.0,0,0.0028394668,0.601,7.811244419019083,0.07561158102426416,62,38.44,238.328,ISR_OMA
2007,670,679,SAU,YEM,0,0.0352422907488986,1,0.0,0.0,1,0.0101459515,0.26399999999999996,6.976908137670454,6.559255796131397,1,0.01,0.001,SAU_YEM
2007,670,690,SAU,KUW,0,0.8748708344097132,1,1.0,1.0,1,0.0100209132,0.304,6.284507225801859,7.25042697347756,62,38.44,238.328,SAU_KUW
2007,670,692,SAU,BHR,0,0.0453460620525059,1,0.0,0.0,1,0.01124143446,0.201,6.052559646467793,7.902847727280161,62,38.44,238.328,SAU_BHR
2007,670,694,SAU,QAT,0,0.0,0,,,1,0.010866699300000001,0.022000000000000002,6.195629131824389,7.024801865748817,12,1.44,1.728,SAU_QAT
2007,670,696,SAU,UAE,0,0.429015912764069,1,0.0,0.0,1,0.008551092100000001,0.05199999999999999,6.652992053287465,8.380087900016782,62,38.44,238.328,SAU_UAE
2007,670,698,SAU,OMA,0,0.8825619285171519,1,1.0,1.0,1,0.0106400638,0.138,7.100192169517185,6.43411319859358,62,38.44,238.328,SAU_OMA
2007,679,690,YEM,KUW,0,0.0352422907488986,1,0.0,0.0,1,0.00012503829999999994,0.040000000000000036,7.381937665049289,6.287008589373508,62,38.44,238.328,YEM_KUW
2007,679,692,YEM,BHR,0,0.0352422907488986,1,0.0,0.0,1,0.0010954829600000001,0.06299999999999997,7.228388451573604,2.284375449225613,62,38.44,238.328,YEM_BHR
2007,679,694,YEM,QAT,0,0.0,0,,,1,0.0007207478,0.24199999999999997,7.201618210508999,2.150442146321041,62,38.44,238.328,YEM_QAT
2007,679,696,YEM,UAE,0,0.0352422907488986,1,0.0,0.0,1,0.0015948594,0.21199999999999997,7.2911111015022,7.219887105268197,62,38.44,238.328,YEM_UAE
2007,679,698,YEM,OMA,0,0.0352422907488986,1,0.0,0.0,0,0.0004941123,0.12599999999999997,7.475735983249187,4.55012890825659,62,38.44,238.328,YEM_OMA
2007,690,692,KUW,BHR,0,0.0453460620525059,1,0.0,0.0,1,0.0012205212599999998,0.10300000000000001,6.076035448558252,5.013604814037777,62,38.44,238.328,KUW_BHR
2007,690,694,KUW,QAT,0,0.0,0,,,1,0.0008457861,0.28200000000000003,6.355065451117447,4.8551397992994545,62,38.44,238.328,KUW_QAT
2007,690,696,KUW,UAE,0,0.4153879464872021,1,0.0,0.0,1,0.0014698211,0.252,6.728867818922465,6.810047362904304,62,38.44,238.328,KUW_UAE
2007,690,698,KUW,OMA,0,0.962727774710105,1,1.0,1.0,1,0.0006191505999999999,0.166,7.118907217443969,4.445384224411374,62,38.44,238.328,KUW_OMA
2007,692,694,BHR,QAT,0,0.0,0,,,1,0.00037473515999999997,0.179,4.954417614098027,5.3389131434830235,21,4.41,9.261,BHR_QAT
2007,692,696,BHR,UAE,0,0.0453460620525059,1,0.0,0.0,1,0.00269034236,0.14900000000000002,6.058422015232863,6.521080712654935,62,38.44,238.328,BHR_UAE
2007,692,698,BHR,OMA,0,0.0453460620525059,1,0.0,0.0,1,0.00060137066,0.063,6.755419617678439,4.725802314677224,62,38.44,238.328,BHR_OMA
2007,694,696,QAT,UAE,0,0.0,0,,,1,0.0023156072,0.029999999999999992,5.707442435487688,7.867217448073344,62,38.44,238.328,QAT_UAE
2007,694,698,QAT,OMA,0,0.0,0,,,1,0.00022663550000000005,0.11599999999999999,6.606379879398354,4.96409727195004,62,38.44,238.328,QAT_OMA
2007,696,698,UAE,OMA,0,0.4230790405946408,1,0.0,0.0,1,0.0020889717,0.08600000000000001,6.0888180923638915,8.54723740980488,62,38.44,238.328,UAE_OMA
2008,630,640,IRN,TUR,0,0.0726830266289073,1,0.0,0.0,0,0.001310261,0.387,7.4353790210240085,8.9570165691108,4,0.16,0.064,IRN_TUR
2008,630,645,IRN,IRQ,0,0.1268986172426534,1,0.0,0.0,0,0.0061204221,0.259,6.5441995739511825,4.399320738351974,1,0.01,0.001,IRN_IRQ
2008,630,651,IRN,EGY,0,0.127638101457449,1,0.0,0.0,0,0.003520996,0.044999999999999984,7.5927190667340625,3.632283440920622,15,2.25,3.375,IRN_EGY
2008,630,652,IRN,SYR,0,0.0,1,0.0,0.0,0,0.0096077097,0.02300000000000002,7.247080584585756,6.940164577802149,63,39.69,250.047,IRN_SYR
2008,630,660,IRN,LEB,0,0.0,1,0.0,0.0,0,0.01296001286,0.276,7.291860547968892,4.194462393997841,63,39.69,250.047,IRN_LEB
2008,630,663,IRN,JOR,0,0.0,1,0.0,0.0,0,0.012363963,0.065,7.305188215393037,3.934062795076127,63,39.69,250.047,IRN_JOR
2008,630,666,IRN,ISR,0,0.0,1,0.0,0.0,0,0.009603529,0.591,7.35224877405778,0.0,63,39.69,250.047,IRN_ISR
2008,630,670,IRN,SAU,0,0.0,1,0.0,0.0,0,0.002109807,0.14800000000000002,7.174111564719166,7.0547736125625,20,4.0,8.0,IRN_SAU
2008,630,679,IRN,YEM,0,0.0,1,0.0,0.0,0,0.0121830601,0.11799999999999997,7.772289451283258,2.024619634316747,63,39.69,250.047,IRN_YEM
2008,630,690,IRN,KUW,0,0.0,1,0.0,0.0,0,0.0118347748,0.157,6.652475857637857,6.153205859339805,20,4.0,8.0,IRN_KUW
2008,630,692,IRN,BHR,0,0.0,1,0.0,0.0,0,0.01336226004,0.05299999999999999,6.964135612418245,4.726651795701457,20,4.0,8.0,IRN_BHR
2008,630,694,IRN,QAT,0,0.0,1,0.0,0.0,0,0.0128202486,0.126,7.055916629962658,4.780773140098784,4,0.16,0.064,IRN_QAT
2008,630,696,IRN,UAE,0,0.0,1,0.0,0.0,0,0.0102450598,0.09600000000000002,7.155474362862388,9.296831597043587,4,0.16,0.064,IRN_UAE
2008,630,698,IRN,OMA,0,0.0,1,0.0,0.0,0,0.0125276195,0.010000000000000009,7.320725486576075,5.3459312677627935,24,5.76,13.824,IRN_OMA
2008,640,645,TUR,IRQ,0,0.0136479270814501,1,0.0,0.0,0,0.0074306831,0.12800000000000006,7.141165942652124,8.226527820016782,1,0.01,0.001,TUR_IRQ
2008,640,651,TUR,EGY,0,0.2716364065792394,1,0.0,0.0,0,0.004831257,0.3420000000000001,7.011574607621134,7.032339224822109,49,24.01,117.649,TUR_EGY
2008,640,652,TUR,SYR,0,0.0,1,0.0,0.0,0,0.0109179707,0.41000000000000003,6.655955018418123,7.134892763914653,4,0.16,0.064,TUR_SYR
2008,640,660,TUR,LEB,0,0.4196233404042253,1,0.0,0.0,0,0.01427027386,0.11100000000000004,6.56512411504534,6.257789649398346,63,39.69,250.047,TUR_LEB
2008,640,663,TUR,JOR,0,0.0393242892396512,1,0.0,0.0,0,0.013674224,0.32200000000000006,6.834216375647267,5.986315965880744,17,2.89,4.913,TUR_JOR
2008,640,666,TUR,ISR,0,0.1515530719416827,1,0.0,0.0,0,0.01091379,0.20399999999999996,6.83722551279161,7.89679761212621,32,10.24,32.768,TUR_ISR
2008,640,670,TUR,SAU,0,0.0089803917345938,1,0.0,0.0,0,0.003420068,0.535,7.664581236205265,8.312816878627023,63,39.69,250.047,TUR_SAU
2008,640,679,TUR,YEM,0,0.0,1,0.0,0.0,0,0.0134933211,0.2690000000000001,7.9884411791167915,5.7140732755956565,63,39.69,250.047,TUR_YEM
2008,640,690,TUR,KUW,0,0.0089803917345938,1,0.0,0.0,0,0.0131450358,0.23000000000000004,7.501247856381898,5.8133922892418015,63,39.69,250.047,TUR_KUW
2008,640,692,TUR,BHR,0,0.0089803917345938,1,0.0,0.0,0,0.01467252104,0.3340000000000001,7.714454334226198,5.321681585018375,63,39.69,250.047,TUR_BHR
2008,640,694,TUR,QAT,0,0.0,1,0.0,0.0,0,0.0141305096,0.513,7.775401836029897,6.236736861303275,63,39.69,250.047,TUR_QAT
2008,640,696,TUR,UAE,0,0.0106572543246878,1,0.0,0.0,0,0.0115553208,0.48300000000000004,7.879707749681193,8.302938913182938,63,39.69,250.047,TUR_UAE
2008,640,698,TUR,OMA,0,0.0089803917345938,1,0.0,0.0,0,0.0138378805,0.397,8.011852497880817,5.188340154774184,63,39.69,250.047,TUR_OMA
2008,645,651,IRQ,EGY,0,0.541666419306005,1,0.0,0.0,0,0.0025994260999999998,0.214,7.168733968599368,4.010870014181736,9,0.81,0.729,IRQ_EGY
2008,645,652,IRQ,SYR,0,0.0,1,0.0,0.0,1,0.0034872875999999997,0.28200000000000003,6.622869293832357,8.63278885874807,3,0.09,0.027,IRQ_SYR
2008,645,660,IRQ,LEB,0,0.0,1,0.0,0.0,1,0.00683959076,0.017000000000000015,6.719978871505218,5.103069159453195,63,39.69,250.047,IRQ_LEB
2008,645,663,IRQ,JOR,0,0.6329858612575118,1,1.0,1.0,1,0.0062435409,0.19399999999999998,6.69369534640097,6.680713376461212,9,0.81,0.729,IRQ_JOR
2008,645,666,IRQ,ISR,0,0.6346972908846924,1,1.0,1.0,0,0.0034831068999999996,0.332,6.778898656857133,0.0,5,0.25,0.125,IRQ_ISR
2008,645,670,IRQ,SAU,0,0.5423798212992034,1,0.0,0.0,1,0.0040106151,0.407,6.896289800872859,0.42217166647967497,5,0.25,0.125,IRQ_SAU
2008,645,679,IRQ,YEM,0,0.0428635329352962,1,0.0,0.0,1,0.006062638,0.14100000000000001,7.60150227961405,3.5564210570522974,63,39.69,250.047,IRQ_YEM
2008,645,690,IRQ,KUW,0,0.6329858612575118,1,1.0,1.0,1,0.0057143527,0.10199999999999998,6.324358962381311,0.0,5,0.25,0.125,IRQ_KUW
2008,645,692,IRQ,BHR,0,0.6329858612575118,1,1.0,1.0,1,0.00724183794,0.206,6.9000254809201955,0.16061659069816853,5,0.25,0.125,IRQ_BHR
2008,645,694,IRQ,QAT,0,0.0,1,0.0,0.0,1,0.0066998265,0.385,7.032006241319994,0.6040686193255611,5,0.25,0.125,IRQ_QAT
2008,645,696,IRQ,UAE,0,0.5264360381725791,1,1.0,1.0,1,0.004124637699999999,0.355,7.232082635630662,1.7488692436416702,5,0.25,0.125,IRQ_UAE
2008,645,698,IRQ,OMA,0,0.6329858612575118,1,1.0,1.0,0,0.0064071974,0.269,7.471249251315212,4.165609985062574,5,0.25,0.125,IRQ_OMA
2008,651,652,EGY,SYR,0,0.0,1,0.0,0.0,0,0.0060867136999999995,0.068,6.423246963533519,5.915800229861907,63,39.69,250.047,EGY_SYR
2008,651,660,EGY,LEB,0,0.1899729882157381,1,0.0,0.0,0,0.00943901686,0.231,6.376556865408209,6.438319360558114,63,39.69,250.047,EGY_LEB
2008,651,663,EGY,JOR,0,0.5274853976979986,1,0.0,0.0,0,0.008842967,0.020000000000000018,6.209595556598647,6.487346275002124,17,2.89,4.913,EGY_JOR
2008,651,666,EGY,ISR,0,0.6397141804000301,1,0.0,0.0,0,0.006082532999999999,0.546,6.0553778728516345,4.616111016233744,2,0.04,0.008,EGY_ISR
2008,651,670,EGY,SAU,0,0.4660688811901365,1,0.0,0.0,0,0.0014111890000000002,0.193,7.401536468138869,7.875473494240096,41,16.81,68.921,EGY_SAU
2008,651,679,EGY,YEM,0,0.0,1,0.0,0.0,1,0.0086620641,0.07299999999999998,7.651357903030576,4.67242968939355,63,39.69,250.047,EGY_YEM
2008,651,690,EGY,KUW,0,0.4971415001929413,1,0.0,0.0,0,0.0083137788,0.11200000000000002,7.388946097618437,7.1595367426294905,63,39.69,250.047,EGY_KUW
2008,651,692,EGY,BHR,0,0.4971415001929413,1,0.0,0.0,0,0.00984126404,0.008000000000000007,7.571679600865179,4.792088080087838,63,39.69,250.047,EGY_BHR
2008,651,694,EGY,QAT,0,0.0,1,0.0,0.0,0,0.0092992526,0.17099999999999999,7.632740216390833,4.784324733096843,63,39.69,250.047,EGY_QAT
2008,651,696,EGY,UAE,0,0.4988183627830352,1,0.0,0.0,0,0.006724063799999999,0.14100000000000001,7.768321862083931,6.003792865138809,63,39.69,250.047,EGY_UAE
2008,651,698,EGY,OMA,0,0.4971415001929413,1,0.0,0.0,0,0.0090066235,0.05499999999999999,7.937374696163295,3.9918101235183707,63,39.69,250.047,EGY_OMA
2008,652,660,SYR,LEB,0,0.0,1,0.0,0.0,1,0.0033523031600000003,0.29900000000000004,4.487512142519859,6.0831620043362875,39,15.21,59.319,SYR_LEB
2008,652,663,SYR,JOR,0,0.0,1,0.0,0.0,1,0.0027562533000000003,0.08800000000000002,5.176149732573829,6.492788820663909,17,2.89,4.913,SYR_JOR
2008,652,666,SYR,ISR,0,0.0,1,0.0,0.0,0,4.180700000000134e-06,0.614,5.392718041969521,0.0,1,0.01,0.001,SYR_ISR
2008,652,670,SYR,SAU,0,0.0,1,0.0,0.0,1,0.0074979027,0.12499999999999999,7.249570360013846,8.19939717145829,63,39.69,250.047,SYR_SAU
2008,652,679,SYR,YEM,0,0.0,1,0.0,0.0,1,0.0025753504000000003,0.141,7.682666761344722,3.7114320712294253,63,39.69,250.047,SYR_YEM
2008,652,690,SYR,KUW,0,0.0,1,0.0,0.0,1,0.0022270651000000003,0.18000000000000002,7.089243155027514,6.74897783550568,63,39.69,250.047,SYR_KUW
2008,652,692,SYR,BHR,0,0.0,1,0.0,0.0,1,0.00375455034,0.07600000000000001,7.375443730270433,3.9379705181068125,63,39.69,250.047,SYR_BHR
2008,652,694,SYR,QAT,0,0.0,1,0.0,0.0,1,0.0032125389,0.10299999999999998,7.457840076700244,4.56973605706735,63,39.69,250.047,SYR_QAT
2008,652,696,SYR,UAE,0,0.0,1,0.0,0.0,1,0.0006373501000000001,0.073,7.61085279039525,7.5122235839582014,63,39.69,250.047,SYR_UAE
2008,652,698,SYR,OMA,0,0.0,1,0.0,0.0,0,0.0029199098000000003,0.013000000000000012,7.796551476546899,4.064937138188964,63,39.69,250.047,SYR_OMA
2008,660,663,LEB,JOR,0,0.0303438975050573,1,0.0,0.0,1,0.0005960498599999999,0.211,5.40042258948519,5.2354321978697165,63,39.69,250.047,LEB_JOR
2008,660,666,LEB,ISR,0,0.1425726802070888,1,0.0,0.0,0,0.0033564838600000004,0.315,5.477717994914328,0.0,1,0.01,0.001,LEB_ISR
2008,660,670,LEB,SAU,0,0.0,1,0.0,0.0,1,0.01085020586,0.424,7.308944592227513,6.193212741405165,63,39.69,250.047,LEB_SAU
2008,660,679,LEB,YEM,0,0.0,1,0.0,0.0,1,0.0007769527599999999,0.15800000000000003,7.714855949617927,2.887738293370363,63,39.69,250.047,LEB_YEM
2008,660,690,LEB,KUW,0,0.0,1,0.0,0.0,1,0.00112523806,0.119,7.158903026705945,5.9607741531079155,63,39.69,250.047,LEB_KUW
2008,660,692,LEB,BHR,0,0.0,1,0.0,0.0,1,0.00040224718000000004,0.223,7.428927194802272,3.9447279407773297,63,39.69,250.047,LEB_BHR
2008,660,694,LEB,QAT,0,0.0,1,0.0,0.0,1,0.00013976426000000006,0.402,7.507250903460627,4.855160749457666,63,39.69,250.047,LEB_QAT
2008,660,696,LEB,UAE,0,0.0016768625900939,1,0.0,0.0,1,0.00271495306,0.372,7.6533051383351305,6.189259807922032,63,39.69,250.047,LEB_UAE
2008,660,698,LEB,OMA,0,0.0,1,0.0,0.0,0,0.00043239336000000007,0.28600000000000003,7.831656973857627,3.09068070611749,63,39.69,250.047,LEB_OMA
2008,663,666,JOR,ISR,0,0.8857799787475902,1,1.0,1.0,0,0.0027604340000000004,0.526,4.289088639014612,5.314356203978891,17,2.89,4.913,JOR_ISR
2008,663,670,JOR,SAU,0,0.4660688811901365,1,0.0,0.0,1,0.010254156,0.21300000000000002,7.190977420711825,8.103092019627326,17,2.89,4.913,JOR_SAU
2008,663,679,JOR,YEM,0,0.0,1,0.0,0.0,1,0.00018090290000000002,0.052999999999999964,7.614756053830618,4.622420932553575,63,39.69,250.047,JOR_YEM
2008,663,690,JOR,KUW,0,0.9214430209035738,1,1.0,1.0,1,0.0005291882,0.092,7.078847353824543,5.3782398977699035,18,3.24,5.832,JOR_KUW
2008,663,692,JOR,BHR,0,0.9214430209035738,1,1.0,1.0,1,0.0009982970399999998,0.01200000000000001,7.351286587896758,4.832983457169113,17,2.89,4.913,JOR_BHR
2008,663,694,JOR,QAT,0,0.0,1,0.0,0.0,1,0.00045628559999999984,0.191,7.433134483755639,4.094224771714171,17,2.89,4.913,JOR_QAT
2008,663,696,JOR,UAE,0,0.5214294055821558,1,1.0,1.0,1,0.0021189032,0.16100000000000003,7.5932734323775914,6.634513363803292,17,2.89,4.913,JOR_UAE
2008,663,698,JOR,OMA,0,0.9214430209035738,1,1.0,1.0,0,0.00016365649999999982,0.07500000000000001,7.786551806428712,3.464996285600346,17,2.89,4.913,JOR_OMA
2008,666,670,ISR,SAU,0,0.4680601197405149,1,0.0,0.0,0,0.0074937219999999995,0.739,7.225044696186576,0.0,6,0.36,0.216,ISR_SAU
2008,666,679,ISR,YEM,0,0.0,1,0.0,0.0,0,0.0025795311000000004,0.47300000000000003,7.621293149189817,0.0,63,39.69,250.047,ISR_YEM
2008,666,690,ISR,KUW,0,0.8554360812425329,1,1.0,1.0,0,0.0022312458000000005,0.434,7.131538625583686,0.0,41,16.81,68.921,ISR_KUW
2008,666,692,ISR,BHR,0,0.8554360812425329,1,1.0,1.0,0,0.0037587310400000002,0.538,7.387771118354598,0.0,63,39.69,250.047,ISR_BHR
2008,666,694,ISR,QAT,0,0.0,1,0.0,0.0,0,0.0032167196,0.717,7.466055916772316,0.0,63,39.69,250.047,ISR_QAT
2008,666,696,ISR,UAE,0,0.5214294055821558,1,1.0,1.0,0,0.0006415308000000002,0.687,7.622076694773489,0.0,63,39.69,250.047,ISR_UAE
2008,666,698,ISR,OMA,0,0.8554360812425329,1,1.0,1.0,0,0.0029240905000000005,0.601,7.811244419019083,0.0,63,39.69,250.047,ISR_OMA
2008,670,679,SAU,YEM,0,0.1146321581414306,1,0.0,0.0,1,0.0100732531,0.26599999999999996,6.976908137670454,6.724237082500413,2,0.04,0.008,SAU_YEM
2008,670,690,SAU,KUW,0,0.4660688811901365,1,0.0,0.0,1,0.0097249678,0.305,6.284507225801859,7.415515930515814,63,39.69,250.047,SAU_KUW
2008,670,692,SAU,BHR,0,0.4660688811901365,1,0.0,0.0,1,0.01125245304,0.201,6.052559646467793,8.06798846165015,63,39.69,250.047,SAU_BHR
2008,670,694,SAU,QAT,0,0.2414917464846138,1,0.0,0.0,1,0.0107104416,0.022000000000000002,6.195629131824389,7.298969118449802,13,1.69,2.197,SAU_QAT
2008,670,696,SAU,UAE,0,0.7196340383234268,1,0.0,0.0,1,0.0081352528,0.05199999999999999,6.652992053287465,8.545250089665384,63,39.69,250.047,SAU_UAE
2008,670,698,SAU,OMA,0,0.4660688811901365,1,0.0,0.0,1,0.0104178125,0.138,7.100192169517185,6.503314705858721,63,39.69,250.047,SAU_OMA
2008,679,690,YEM,KUW,0,0.0,1,0.0,0.0,1,0.00034828529999999993,0.039000000000000035,7.381937665049289,6.451922353363711,63,39.69,250.047,YEM_KUW
2008,679,692,YEM,BHR,0,0.0,1,0.0,0.0,1,0.0011791999399999998,0.06499999999999997,7.228388451573604,2.4339439147947606,63,39.69,250.047,YEM_BHR
2008,679,694,YEM,QAT,0,0.0,1,0.0,0.0,1,0.0006371884999999999,0.24399999999999997,7.201618210508999,2.3003244296190677,63,39.69,250.047,YEM_QAT
2008,679,696,YEM,UAE,0,0.005389915468159,1,0.0,0.0,1,0.0019380003000000002,0.21399999999999997,7.2911111015022,7.384972763195313,63,39.69,250.047,YEM_UAE
2008,679,698,YEM,OMA,0,0.0,1,0.0,0.0,0,0.00034455939999999984,0.12799999999999997,7.475735983249187,4.815382812087711,63,39.69,250.047,YEM_OMA
2008,690,692,KUW,BHR,0,1.0,1,1.0,1.0,1,0.0015274852399999998,0.10400000000000001,6.076035448558252,5.177789178907426,63,39.69,250.047,KUW_BHR
2008,690,694,KUW,QAT,0,0.0,1,0.0,0.0,1,0.0009854737999999998,0.28300000000000003,6.355065451117447,5.078610839393466,63,39.69,250.047,KUW_QAT
2008,690,696,KUW,UAE,0,0.5197525429920619,1,1.0,1.0,1,0.0015897150000000002,0.253,6.728867818922465,6.975076487351873,63,39.69,250.047,KUW_UAE
2008,690,698,KUW,OMA,0,1.0,1,1.0,1.0,1,0.0006928446999999998,0.167,7.118907217443969,4.42417849253377,63,39.69,250.047,KUW_OMA
2008,692,694,BHR,QAT,0,0.0,1,0.0,0.0,1,0.0005420114400000001,0.179,4.954417614098027,5.643312395064168,22,4.84,10.648,BHR_QAT
2008,692,696,BHR,UAE,0,0.5197525429920619,1,1.0,1.0,1,0.00311720024,0.14900000000000002,6.058422015232863,6.686053637615951,63,39.69,250.047,BHR_UAE
2008,692,698,BHR,OMA,0,1.0,1,1.0,1.0,1,0.0008346405400000001,0.063,6.755419617678439,5.1726802179377644,63,39.69,250.047,BHR_OMA
2008,694,696,QAT,UAE,0,0.4561964564300194,1,0.0,0.0,1,0.0025751888000000002,0.029999999999999992,5.707442435487688,8.163289033872513,63,39.69,250.047,QAT_UAE
2008,694,698,QAT,OMA,0,0.0,1,0.0,0.0,1,0.0002926291,0.11599999999999999,6.606379879398354,5.51564157830311,63,39.69,250.047,QAT_OMA
2008,696,698,UAE,OMA,0,0.5197525429920619,1,1.0,1.0,1,0.0022825596999999998,0.08600000000000001,6.0888180923638915,8.919520635534392,63,39.69,250.047,UAE_OMA
2009,630,640,IRN,TUR,0,0.0796878597021445,1,0.0,0.0,0,0.0009364179999999996,0.387,7.4353790210240085,9.180940932635696,5,0.25,0.125,IRN_TUR
2009,630,645,IRN,IRQ,0,0.1760207178408125,1,0.0,0.0,0,0.0062753437999999995,0.267,6.5441995739511825,4.378978631728799,1,0.01,0.001,IRN_IRQ
2009,630,651,IRN,EGY,0,0.104998687516406,1,0.0,0.0,0,0.0036601859999999993,0.05299999999999999,7.5927190667340625,4.400275420579636,16,2.56,4.096,IRN_EGY
2009,630,652,IRN,SYR,0,0.2940086473131563,1,0.0,0.0,0,0.0095567909,0.014000000000000012,7.247080584585756,7.212371899130831,64,40.96,262.144,IRN_SYR
2009,630,660,IRN,LEB,0,0.0,1,0.0,0.0,0,0.01293602933,0.30900000000000005,7.291860547968892,4.954926370414166,64,40.96,262.144,IRN_LEB
2009,630,663,IRN,JOR,0,0.0,1,0.0,0.0,0,0.0124571315,0.07500000000000001,7.305188215393037,3.4185315071969455,64,40.96,262.144,IRN_JOR
2009,630,666,IRN,ISR,0,0.0,1,0.0,0.0,0,0.0098141298,0.598,7.35224877405778,0.0,64,40.96,262.144,IRN_ISR
2009,630,670,IRN,SAU,0,0.0872437439414066,1,0.0,0.0,0,0.0016537519999999997,0.139,7.174111564719166,7.1677599926670785,21,4.41,9.261,IRN_SAU
2009,630,679,IRN,YEM,0,0.0,1,0.0,0.0,0,0.0122415812,0.12699999999999997,7.772289451283258,2.262536309885454,64,40.96,262.144,IRN_YEM
2009,630,690,IRN,KUW,0,0.0,1,0.0,0.0,0,0.0121530797,0.166,6.652475857637857,6.3515846521581185,21,4.41,9.261,IRN_KUW
2009,630,692,IRN,BHR,0,0.0,1,0.0,0.0,0,0.013334646339999999,0.062,6.964135612418245,4.785717169157246,21,4.41,9.261,IRN_BHR
2009,630,694,IRN,QAT,0,0.0,0,,,0,0.0126628134,0.11699999999999999,7.055916629962658,5.053107510251491,5,0.25,0.125,IRN_QAT
2009,630,696,IRN,UAE,0,0.0004645598875765,1,0.0,0.0,0,0.010814376,0.08700000000000001,7.155474362862388,9.670221440538045,5,0.25,0.125,IRN_UAE
2009,630,698,IRN,OMA,0,0.0,1,0.0,0.0,0,0.0126260327,0.0010000000000000009,7.320725486576075,5.916450683989683,25,6.25,15.625,IRN_OMA
2009,640,645,TUR,IRQ,0,0.0165927832313131,1,0.0,0.0,0,0.007211761799999999,0.12000000000000005,7.141165942652124,8.635913814067202,1,0.01,0.001,TUR_IRQ
2009,640,651,TUR,EGY,0,0.3519200746902671,1,0.0,0.0,0,0.004596603999999999,0.3340000000000001,7.011574607621134,7.654141759232482,50,25.0,125.0,TUR_EGY
2009,640,652,TUR,SYR,0,0.0,1,0.0,0.0,0,0.010493208899999999,0.401,6.655955018418123,7.531941587543142,5,0.25,0.125,TUR_SYR
2009,640,660,TUR,LEB,0,0.328727178282402,1,0.0,0.0,0,0.013872447329999999,0.07800000000000001,6.56512411504534,6.777999116912896,64,40.96,262.144,TUR_LEB
2009,640,663,TUR,JOR,0,0.0165927832313131,1,0.0,0.0,0,0.013393549499999999,0.31200000000000006,6.834216375647267,6.167228986250475,18,3.24,5.832,TUR_JOR
2009,640,666,TUR,ISR,0,0.1639879547687973,1,0.0,0.0,0,0.0107505478,0.21099999999999997,6.83722551279161,8.093712411255925,33,10.89,35.937,TUR_ISR
2009,640,670,TUR,SAU,0,0.1442704428874158,1,0.0,0.0,0,0.0025901699999999993,0.526,7.664581236205265,8.656163725057928,64,40.96,262.144,TUR_SAU
2009,640,679,TUR,YEM,0,0.0298740931816706,1,0.0,0.0,0,0.013177999199999998,0.26000000000000006,7.9884411791167915,5.967856993752864,64,40.96,262.144,TUR_YEM
2009,640,690,TUR,KUW,0,0.0132813099503574,1,0.0,0.0,0,0.0130894977,0.22100000000000003,7.501247856381898,6.436114181817267,64,40.96,262.144,TUR_KUW
2009,640,692,TUR,BHR,0,0.0165927832313131,1,0.0,0.0,0,0.014271064339999999,0.32500000000000007,7.714454334226198,5.179251132945207,64,40.96,262.144,TUR_BHR
2009,640,694,TUR,QAT,0,0.0,0,,,0,0.0135992314,0.504,7.775401836029897,6.204914163696727,64,40.96,262.144,TUR_QAT
2009,640,696,TUR,UAE,0,0.0495765352492452,1,0.0,0.0,0,0.011750793999999998,0.47400000000000003,7.879707749681193,8.280621864691014,64,40.96,262.144,TUR_UAE
2009,640,698,TUR,OMA,0,0.0165927832313131,1,0.0,0.0,0,0.0135624507,0.388,8.011852497880817,5.213762460869834,64,40.96,262.144,TUR_OMA
2009,645,651,IRQ,EGY,0,0.5910151123110962,1,1.0,1.0,0,0.0026151578,0.214,7.168733968599368,5.9967157851913075,10,1.0,1.0,IRQ_EGY
2009,645,652,IRQ,SYR,0,0.1760207178408125,1,0.0,0.0,1,0.0032814471000000003,0.281,6.622869293832357,8.872409147549684,4,0.16,0.064,IRQ_SYR
2009,645,660,IRQ,LEB,0,0.0,1,0.0,0.0,1,0.00666068553,0.04200000000000004,6.719978871505218,5.74030696009827,64,40.96,262.144,IRQ_LEB
2009,645,663,IRQ,JOR,0,0.263371617759866,1,0.0,0.0,1,0.0061817877,0.19199999999999998,6.69369534640097,6.870423986948063,10,1.0,1.0,IRQ_JOR
2009,645,666,IRQ,ISR,0,0.7741269777040423,1,1.0,1.0,0,0.0035387860000000004,0.331,6.778898656857133,0.0,6,0.36,0.216,IRQ_ISR
2009,645,670,IRQ,SAU,0,0.532081297762222,1,1.0,1.0,1,0.0046215918,0.40599999999999997,6.896289800872859,0.5233806623909741,6,0.36,0.216,IRQ_SAU
2009,645,679,IRQ,YEM,0,0.0825688073394495,1,0.0,0.0,1,0.0059662374,0.14,7.60150227961405,3.819130309154367,64,40.96,262.144,IRQ_YEM
2009,645,690,IRQ,KUW,0,0.0,1,0.0,0.0,1,0.0058777359,0.10099999999999998,6.324358962381311,0.0,6,0.36,0.216,IRQ_KUW
2009,645,692,IRQ,BHR,0,0.2275600505689001,1,0.0,0.0,1,0.00705930254,0.205,6.9000254809201955,0.20548551378060054,6,0.36,0.216,IRQ_BHR
2009,645,694,IRQ,QAT,0,0.0,0,,,1,0.0063874696,0.384,7.032006241319994,2.515772607038806,6,0.36,0.216,IRQ_QAT
2009,645,696,IRQ,UAE,0,0.7734045779617345,1,1.0,1.0,1,0.0045390322,0.354,7.232082635630662,1.9763798261995005,6,0.36,0.216,IRQ_UAE
2009,645,698,IRQ,OMA,0,0.7741269777040423,1,1.0,1.0,0,0.0063506889,0.268,7.471249251315212,5.53544508205705,6,0.36,0.216,IRQ_OMA
2009,651,652,EGY,SYR,0,0.0,1,0.0,0.0,0,0.0058966049000000005,0.067,6.423246963533519,6.819639885517802,64,40.96,262.144,EGY_SYR
2009,651,660,EGY,LEB,0,0.2399970000374995,1,0.0,0.0,0,0.00927584333,0.256,6.376556865408209,6.443811952946228,64,40.96,262.144,EGY_LEB
2009,651,663,EGY,JOR,0,0.213519313304721,1,0.0,0.0,0,0.0087969455,0.02200000000000002,6.209595556598647,6.770177768996338,18,3.24,5.832,EGY_JOR
2009,651,666,EGY,ISR,1,0.7384102838485802,1,1.0,1.0,0,0.0061539438000000005,0.545,6.0553778728516345,5.279398070000353,3,0.09,0.027,EGY_ISR
2009,651,670,EGY,SAU,0,0.6181380820737443,1,1.0,1.0,0,0.0020064339999999996,0.192,7.401536468138869,8.401845906908054,42,17.64,74.088,EGY_SAU
2009,651,679,EGY,YEM,0,0.0825688073394495,1,0.0,0.0,1,0.008581395200000001,0.07399999999999998,7.651357903030576,5.2744446677364785,64,40.96,262.144,EGY_YEM
2009,651,690,EGY,KUW,0,0.0,1,0.0,0.0,0,0.0084928937,0.11300000000000002,7.388946097618437,7.481606461184622,64,40.96,262.144,EGY_KUW
2009,651,692,EGY,BHR,0,0.2275600505689001,1,0.0,0.0,0,0.00967446034,0.009000000000000008,7.571679600865179,4.667036389663859,64,40.96,262.144,EGY_BHR
2009,651,694,EGY,QAT,0,0.0,0,,,0,0.009002627400000001,0.16999999999999998,7.632740216390833,5.4171638809548215,64,40.96,262.144,EGY_QAT
2009,651,696,EGY,UAE,0,0.6239988643290282,1,1.0,1.0,0,0.00715419,0.14,7.768321862083931,7.282544042631004,64,40.96,262.144,EGY_UAE
2009,651,698,EGY,OMA,0,0.5910151123110962,1,1.0,1.0,0,0.0089658467,0.05399999999999999,7.937374696163295,5.3114587885684275,64,40.96,262.144,EGY_OMA
2009,652,660,SYR,LEB,0,0.0,1,0.0,0.0,1,0.0033792384299999997,0.32300000000000006,4.487512142519859,6.249652699900798,40,16.0,64.0,SYR_LEB
2009,652,663,SYR,JOR,0,0.0,1,0.0,0.0,1,0.0029003405999999997,0.08900000000000002,5.176149732573829,6.4026258841890265,18,3.24,5.832,SYR_JOR
2009,652,666,SYR,ISR,0,0.0,1,0.0,0.0,0,0.00025733890000000006,0.612,5.392718041969521,0.0,2,0.04,0.008,SYR_ISR
2009,652,670,SYR,SAU,0,0.0,1,0.0,0.0,1,0.0079030389,0.12499999999999999,7.249570360013846,8.463814460859606,64,40.96,262.144,SYR_SAU
2009,652,679,SYR,YEM,0,0.0,1,0.0,0.0,1,0.0026847903,0.141,7.682666761344722,3.9484400998049107,64,40.96,262.144,SYR_YEM
2009,652,690,SYR,KUW,0,0.0,1,0.0,0.0,1,0.0025962888,0.18000000000000002,7.089243155027514,6.998017100880689,64,40.96,262.144,SYR_KUW
2009,652,692,SYR,BHR,0,0.0,1,0.0,0.0,1,0.00377785544,0.07600000000000001,7.375443730270433,4.179817774898862,64,40.96,262.144,SYR_BHR
2009,652,694,SYR,QAT,0,0.0,0,,,1,0.0031060224999999997,0.10299999999999998,7.457840076700244,4.186499755133731,64,40.96,262.144,SYR_QAT
2009,652,696,SYR,UAE,0,0.0004645598875765,1,0.0,0.0,1,0.0012575851,0.073,7.61085279039525,7.77588813275189,64,40.96,262.144,SYR_UAE
2009,652,698,SYR,OMA,0,0.0,1,0.0,0.0,0,0.0030692417999999997,0.013000000000000012,7.796551476546899,3.7780333135148316,64,40.96,262.144,SYR_OMA
2009,660,663,LEB,JOR,0,0.0,1,0.0,0.0,1,0.0004788978299999999,0.234,5.40042258948519,5.433030804032188,64,40.96,262.144,LEB_JOR
2009,660,666,LEB,ISR,0,0.1473951715374841,1,0.0,0.0,0,0.0031218995299999996,0.289,5.477717994914328,0.0,1,0.01,0.001,LEB_ISR
2009,660,670,LEB,SAU,0,0.0,1,0.0,0.0,1,0.01128227733,0.448,7.308944592227513,6.255068811688234,64,40.96,262.144,LEB_SAU
2009,660,679,LEB,YEM,0,0.0,1,0.0,0.0,1,0.0006944481299999999,0.18200000000000005,7.714855949617927,3.2333747653905762,64,40.96,262.144,LEB_YEM
2009,660,690,LEB,KUW,0,0.0,1,0.0,0.0,1,0.00078294963,0.14300000000000002,7.158903026705945,6.38878921152865,64,40.96,262.144,LEB_KUW
2009,660,692,LEB,BHR,0,0.0,1,0.0,0.0,1,0.00039861701000000005,0.24700000000000003,7.428927194802272,3.8092218340750637,64,40.96,262.144,LEB_BHR
2009,660,694,LEB,QAT,0,0.0,0,,,1,0.0002732159299999999,0.42600000000000005,7.507250903460627,5.230020431412624,64,40.96,262.144,LEB_QAT
2009,660,696,LEB,UAE,0,0.032983752017932,1,0.0,0.0,1,0.00212165333,0.396,7.6533051383351305,6.562909070321093,64,40.96,262.144,LEB_UAE
2009,660,698,LEB,OMA,0,0.0,1,0.0,0.0,0,0.0003099966300000001,0.31000000000000005,7.831656973857627,3.133107021019259,64,40.96,262.144,LEB_OMA
2009,663,666,JOR,ISR,0,0.213519313304721,1,0.0,0.0,0,0.0026430016999999997,0.523,4.289088639014612,5.74352763359708,18,3.24,5.832,JOR_ISR
2009,663,670,JOR,SAU,0,0.213519313304721,1,0.0,0.0,1,0.0108033795,0.21400000000000002,7.190977420711825,8.32303419982799,18,3.24,5.832,JOR_SAU
2009,663,679,JOR,YEM,0,0.0825688073394495,1,0.0,0.0,1,0.0002155503,0.05199999999999996,7.614756053830618,4.393578368240551,64,40.96,262.144,JOR_YEM
2009,663,690,JOR,KUW,0,0.0,1,0.0,0.0,1,0.0003040518000000001,0.091,7.078847353824543,5.3871564264738705,19,3.61,6.859,JOR_KUW
2009,663,692,JOR,BHR,0,0.8819742489270386,1,1.0,0.0,1,0.0008775148399999999,0.013000000000000012,7.351286587896758,5.194564169572293,18,3.24,5.832,JOR_BHR
2009,663,694,JOR,QAT,0,0.0,0,,,1,0.00020568189999999997,0.192,7.433134483755639,4.305656515409028,18,3.24,5.832,JOR_QAT
2009,663,696,JOR,UAE,0,0.213519313304721,1,0.0,0.0,1,0.0016427555,0.16200000000000003,7.5932734323775914,6.311081038322546,18,3.24,5.832,JOR_UAE
2009,663,698,JOR,OMA,0,0.213519313304721,1,0.0,0.0,0,0.0001689011999999998,0.07600000000000001,7.786551806428712,3.928882718361406,18,3.24,5.832,JOR_OMA
2009,666,670,ISR,SAU,0,0.5330120848498302,1,1.0,1.0,0,0.0081603778,0.737,7.225044696186576,0.0,7,0.49,0.343,ISR_SAU
2009,666,679,ISR,YEM,0,0.0825688073394495,1,0.0,0.0,0,0.0024274514,0.47100000000000003,7.621293149189817,0.0,64,40.96,262.144,ISR_YEM
2009,666,690,ISR,KUW,0,0.0,1,0.0,0.0,0,0.0023389498999999998,0.432,7.131538625583686,0.0,42,17.64,74.088,ISR_KUW
2009,666,692,ISR,BHR,0,0.2275600505689001,1,0.0,0.0,0,0.00352051654,0.536,7.387771118354598,0.0,64,40.96,262.144,ISR_BHR
2009,666,694,ISR,QAT,0,0.0,0,,,0,0.0028486835999999996,0.715,7.466055916772316,0.0,64,40.96,262.144,ISR_QAT
2009,666,696,ISR,UAE,0,0.8834708337629553,1,1.0,1.0,0,0.0010002461999999998,0.685,7.622076694773489,0.0,64,40.96,262.144,ISR_UAE
2009,666,698,ISR,OMA,0,0.8526048284625158,1,1.0,1.0,0,0.0028119028999999997,0.599,7.811244419019083,0.0,64,40.96,262.144,ISR_OMA
2009,670,679,SAU,YEM,0,0.1364229702662437,1,0.0,0.0,1,0.0105878292,0.26599999999999996,6.976908137670454,6.993427251035992,3,0.09,0.027,SAU_YEM
2009,670,690,SAU,KUW,0,0.0538541629267942,1,0.0,0.0,1,0.0104993277,0.305,6.284507225801859,7.684847711604499,64,40.96,262.144,SAU_KUW
2009,670,692,SAU,BHR,0,0.3223767383059419,1,0.0,0.0,1,0.01168089434,0.201,6.052559646467793,8.337388424847104,64,40.96,262.144,SAU_BHR
2009,670,694,SAU,QAT,0,0.0,0,,,1,0.0110090614,0.022000000000000002,6.195629131824389,7.434385076283493,14,1.96,2.744,SAU_QAT
2009,670,696,SAU,UAE,0,0.637650200297419,1,1.0,1.0,1,0.009160624,0.05199999999999999,6.652992053287465,8.814678103646893,64,40.96,262.144,SAU_UAE
2009,670,698,SAU,OMA,0,0.5407953282313476,1,1.0,1.0,1,0.0109722807,0.138,7.100192169517185,7.026420236741983,64,40.96,262.144,SAU_OMA
2009,679,690,YEM,KUW,0,0.9174311926605504,1,1.0,0.0,1,8.850150000000011e-05,0.039000000000000035,7.381937665049289,6.721023668179133,64,40.96,262.144,YEM_KUW
2009,679,692,YEM,BHR,0,0.0825688073394495,1,0.0,0.0,1,0.00109306514,0.06499999999999997,7.228388451573604,2.6824862089709356,64,40.96,262.144,YEM_BHR
2009,679,694,YEM,QAT,0,0.0,0,,,1,0.00042123219999999997,0.24399999999999997,7.201618210508999,2.162322076602267,64,40.96,262.144,YEM_QAT
2009,679,696,YEM,UAE,0,0.0825688073394495,1,0.0,0.0,1,0.0014272052,0.21399999999999997,7.2911111015022,7.654300183064536,64,40.96,262.144,YEM_UAE
2009,679,698,YEM,OMA,0,0.0825688073394495,1,0.0,0.0,0,0.0003844514999999998,0.12799999999999997,7.475735983249187,4.958264226136913,64,40.96,262.144,YEM_OMA
2009,690,692,KUW,BHR,0,0.0,1,0.0,0.0,1,0.00118156664,0.10400000000000001,6.076035448558252,5.445929890568767,64,40.96,262.144,KUW_BHR
2009,690,694,KUW,QAT,0,0.0,0,,,1,0.0005097337000000001,0.28300000000000003,6.355065451117447,5.655072997231506,64,40.96,262.144,KUW_QAT
2009,690,696,KUW,UAE,0,0.0,1,0.0,0.0,1,0.0013387037,0.253,6.728867818922465,7.244329581822988,64,40.96,262.144,KUW_UAE
2009,690,698,KUW,OMA,0,0.0,1,0.0,0.0,1,0.0004729529999999999,0.167,7.118907217443969,5.314019047426864,64,40.96,262.144,KUW_OMA
2009,692,694,BHR,QAT,0,0.0,0,,,1,0.00067183294,0.179,4.954417614098027,6.1569516335165755,23,5.29,12.167,BHR_QAT
2009,692,696,BHR,UAE,0,0.2359221285452773,1,0.0,0.0,1,0.00252027034,0.14900000000000002,6.058422015232863,6.955232772452431,64,40.96,262.144,BHR_UAE
2009,692,698,BHR,OMA,0,0.2275600505689001,1,0.0,0.0,1,0.0007086136400000001,0.063,6.755419617678439,5.5989144303070635,64,40.96,262.144,BHR_OMA
2009,694,696,QAT,UAE,0,0.0,0,,,1,0.0018484374,0.029999999999999992,5.707442435487688,8.622064841598807,64,40.96,262.144,QAT_UAE
2009,694,698,QAT,OMA,0,0.0,0,,,1,3.678070000000017e-05,0.11599999999999999,6.606379879398354,5.772552436856278,64,40.96,262.144,QAT_OMA
2009,696,698,UAE,OMA,0,0.8553708930002439,1,1.0,1.0,1,0.0018116566999999998,0.08600000000000001,6.0888180923638915,9.28362995934441,64,40.96,262.144,UAE_OMA
2010,630,640,IRN,TUR,0,0.0856339178368078,1,0.0,0.0,0,0.0016197240000000012,0.381,7.4353790210240085,8.556678100435947,6,0.36,0.216,IRN_TUR
2010,630,645,IRN,IRQ,0,0.0,1,0.0,0.0,0,0.0061723624999999996,0.27,6.5441995739511825,4.104180299050879,1,0.01,0.001,IRN_IRQ
2010,630,651,IRN,EGY,0,0.2767636320810269,1,0.0,0.0,0,0.0036969279999999986,0.068,7.5927190667340625,4.363472058238125,17,2.89,4.913,IRN_EGY
2010,630,652,IRN,SYR,0,0.3966966206595194,1,0.0,0.0,0,0.0092102589,0.0,7.247080584585756,6.856560853391117,65,42.25,274.625,IRN_SYR
2010,630,660,IRN,LEB,0,0.0,1,0.0,0.0,0,0.01283018872,0.32200000000000006,7.291860547968892,4.934917791445547,65,42.25,274.625,IRN_LEB
2010,630,663,IRN,JOR,0,0.3404500865551068,1,0.0,0.0,0,0.012394282999999999,0.095,7.305188215393037,3.3616010246302124,65,42.25,274.625,IRN_JOR
2010,630,666,IRN,ISR,1,0.0,1,0.0,0.0,0,0.00976971,0.608,7.35224877405778,0.0,65,42.25,274.625,IRN_ISR
2010,630,670,IRN,SAU,0,0.0183650796449921,1,0.0,0.0,0,0.001175219,0.12399999999999999,7.174111564719166,6.659359802128726,22,4.84,10.648,IRN_SAU
2010,630,679,IRN,YEM,0,0.0,1,0.0,0.0,0,0.012039026599999999,0.142,7.772289451283258,1.9239738407942901,65,42.25,274.625,IRN_YEM
2010,630,690,IRN,KUW,0,0.0,1,0.0,0.0,0,0.0120424874,0.17600000000000002,6.652475857637857,5.8578106326922565,22,4.84,10.648,IRN_KUW
2010,630,692,IRN,BHR,0,0.0,0,,,0,0.01328208029,0.07200000000000001,6.964135612418245,4.502512924355612,22,4.84,10.648,IRN_BHR
2010,630,694,IRN,QAT,0,0.0,1,0.0,0.0,0,0.012362268199999998,0.10299999999999998,7.055916629962658,4.695512500905973,6,0.36,0.216,IRN_QAT
2010,630,696,IRN,UAE,0,0.3404500865551068,1,0.0,0.0,0,0.009892253399999999,0.072,7.155474362862388,9.500090429671738,6,0.36,0.216,IRN_UAE
2010,630,698,IRN,OMA,0,0.0,1,0.0,0.0,0,0.0125569693,0.01200000000000001,7.320725486576075,5.293101587992905,26,6.76,17.576,IRN_OMA
2010,640,645,TUR,IRQ,0,0.0998797722478052,1,0.0,0.0,0,0.007792086500000001,0.11100000000000004,7.141165942652124,8.793175538215682,1,0.01,0.001,TUR_IRQ
2010,640,651,TUR,EGY,0,0.465184991947009,1,0.0,0.0,0,0.005316652,0.31300000000000006,7.011574607621134,7.995645659541224,51,26.01,132.651,TUR_EGY
2010,640,652,TUR,SYR,0,0.0653203267228823,1,0.0,0.0,0,0.0108299829,0.381,6.655955018418123,7.547748382339942,6,0.36,0.216,TUR_SYR
2010,640,660,TUR,LEB,0,0.0970442120545335,1,0.0,0.0,0,0.014449912720000001,0.059,6.56512411504534,6.637141628703911,65,42.25,274.625,TUR_LEB
2010,640,663,TUR,JOR,0,0.0769482092006973,1,0.0,0.0,0,0.014014007,0.28600000000000003,6.834216375647267,6.124106397331951,19,3.61,6.859,TUR_JOR
2010,640,666,TUR,ISR,0,0.2439416371284043,1,0.0,0.0,0,0.011389434,0.22699999999999998,6.83722551279161,7.8091869599255945,34,11.56,39.304,TUR_ISR
2010,640,670,TUR,SAU,0,0.1515910397656736,1,0.0,0.0,0,0.002794943000000001,0.505,7.664581236205265,8.198654169160518,65,42.25,274.625,TUR_SAU
2010,640,679,TUR,YEM,0,0.0,1,0.0,0.0,0,0.0136587506,0.23900000000000005,7.9884411791167915,6.037288077071211,65,42.25,274.625,TUR_YEM
2010,640,690,TUR,KUW,0,0.0998797722478052,1,0.0,0.0,0,0.0136622114,0.20500000000000002,7.501247856381898,6.034623289305548,65,42.25,274.625,TUR_KUW
2010,640,692,TUR,BHR,0,0.0,0,,,0,0.01490180429,0.30900000000000005,7.714454334226198,5.3923957425389135,65,42.25,274.625,TUR_BHR
2010,640,694,TUR,QAT,0,0.0998797722478052,1,0.0,0.0,0,0.013981992200000001,0.48400000000000004,7.775401836029897,6.172045402259517,65,42.25,274.625,TUR_QAT
2010,640,696,TUR,UAE,0,0.1843920077819143,1,0.0,0.0,0,0.011511977400000001,0.453,7.879707749681193,8.257795348765736,65,42.25,274.625,TUR_UAE
2010,640,698,TUR,OMA,0,0.0316455696202531,1,0.0,0.0,0,0.014176693300000001,0.369,8.011852497880817,4.845720948860045,65,42.25,274.625,TUR_OMA
2010,645,651,IRQ,EGY,0,0.1831375908586283,1,0.0,0.0,0,0.002475434500000001,0.20199999999999999,7.168733968599368,6.0551212498704885,11,1.21,1.331,IRQ_EGY
2010,645,652,IRQ,SYR,0,0.0,1,0.0,0.0,1,0.0030378964,0.27,6.622869293832357,8.767254701789872,5,0.25,0.125,IRQ_SYR
2010,645,660,IRQ,LEB,0,0.2838219326818675,1,0.0,0.0,1,0.0066578262199999995,0.052000000000000046,6.719978871505218,5.7056223144458516,65,42.25,274.625,IRQ_LEB
2010,645,663,IRQ,JOR,0,0.0603601820700573,1,0.0,0.0,1,0.0062219204999999994,0.175,6.69369534640097,7.009613247878232,11,1.21,1.331,IRQ_JOR
2010,645,666,IRQ,ISR,0,0.8531025749261292,1,1.0,1.0,0,0.0035973474999999996,0.338,6.778898656857133,0.0,7,0.49,0.343,IRQ_ISR
2010,645,670,IRQ,SAU,0,0.2057983350051831,1,0.0,0.0,1,0.0049971435,0.39399999999999996,6.896289800872859,0.38359666728780717,7,0.49,0.343,IRQ_SAU
2010,645,679,IRQ,YEM,0,0.0,1,0.0,0.0,1,0.0058666641,0.128,7.60150227961405,3.443538477763118,65,42.25,274.625,IRQ_YEM
2010,645,690,IRQ,KUW,0,0.3965144437097627,1,0.0,0.0,1,0.0058701249,0.09399999999999997,6.324358962381311,0.0,7,0.49,0.343,IRQ_KUW
2010,645,692,IRQ,BHR,0,0.0,0,,,1,0.00710971779,0.19799999999999998,6.9000254809201955,0.1441779859811833,7,0.49,0.343,IRQ_BHR
2010,645,694,IRQ,QAT,0,0.8084216827237831,1,1.0,1.0,1,0.0061899057,0.373,7.032006241319994,2.434630907693911,7,0.49,0.343,IRQ_QAT
2010,645,696,IRQ,UAE,0,0.3804006306018278,1,0.0,0.0,1,0.0037198909,0.34199999999999997,7.232082635630662,1.653718131596553,7,0.49,0.343,IRQ_UAE
2010,645,698,IRQ,OMA,0,0.0316455696202531,1,0.0,0.0,0,0.0063846067999999995,0.258,7.471249251315212,5.2922578446713,7,0.49,0.343,IRQ_OMA
2010,651,652,EGY,SYR,0,0.1269095891038237,1,0.0,0.0,0,0.005513330900000001,0.068,6.423246963533519,7.120908371438061,65,42.25,274.625,EGY_SYR
2010,651,660,EGY,LEB,0,0.1373218702155223,1,0.0,0.0,0,0.009133260720000001,0.254,6.376556865408209,6.238997757809802,65,42.25,274.625,EGY_LEB
2010,651,663,EGY,JOR,0,0.1310232370694685,1,0.0,0.0,0,0.008697355,0.026999999999999996,6.209595556598647,6.838487030296651,19,3.61,6.859,EGY_JOR
2010,651,666,EGY,ISR,0,0.2842192952893931,1,0.0,0.0,0,0.0060727820000000005,0.54,6.0553778728516345,5.800632982697168,1,0.01,0.001,EGY_ISR
2010,651,670,EGY,SAU,0,0.1556869498605145,1,0.0,0.0,0,0.0025217089999999987,0.192,7.401536468138869,8.163963904377768,43,18.49,79.507,EGY_SAU
2010,651,679,EGY,YEM,0,0.0,1,0.0,0.0,1,0.0083420986,0.07399999999999998,7.651357903030576,5.748830885284134,65,42.25,274.625,EGY_YEM
2010,651,690,EGY,KUW,0,0.1373218702155223,1,0.0,0.0,0,0.0083455594,0.10800000000000001,7.388946097618437,7.217375564389931,65,42.25,274.625,EGY_KUW
2010,651,692,EGY,BHR,0,0.0,0,,,0,0.009585152290000001,0.0040000000000000036,7.571679600865179,4.825306740816521,65,42.25,274.625,EGY_BHR
2010,651,694,EGY,QAT,0,0.1373218702155223,1,0.0,0.0,0,0.0086653402,0.17099999999999999,7.632740216390833,5.8073968667271565,65,42.25,274.625,EGY_QAT
2010,651,696,EGY,UAE,0,0.2862589283238446,1,0.0,0.0,0,0.006195325400000001,0.14,7.768321862083931,6.976902538550635,65,42.25,274.625,EGY_UAE
2010,651,698,EGY,OMA,0,0.0316455696202531,1,0.0,0.0,0,0.008860041300000001,0.055999999999999994,7.937374696163295,5.120920961259204,65,42.25,274.625,EGY_OMA
2010,652,660,SYR,LEB,0,0.0,1,0.0,0.0,1,0.0036199298199999994,0.32200000000000006,4.487512142519859,6.179295461979345,41,16.81,68.921,SYR_LEB
2010,652,663,SYR,JOR,0,0.4433010093014051,1,0.0,0.0,1,0.0031840240999999993,0.095,5.176149732573829,6.290651718856611,19,3.61,6.859,SYR_JOR
2010,652,666,SYR,ISR,0,0.0,1,0.0,0.0,0,0.0005594510999999995,0.608,5.392718041969521,0.0,3,0.09,0.027,SYR_ISR
2010,652,670,SYR,SAU,0,0.0183650796449921,1,0.0,0.0,1,0.008035039899999999,0.12399999999999999,7.249570360013846,8.175846538105132,65,42.25,274.625,SYR_SAU
2010,652,679,SYR,YEM,0,0.0,1,0.0,0.0,1,0.0028287676999999996,0.142,7.682666761344722,3.8277784808061646,65,42.25,274.625,SYR_YEM
2010,652,690,SYR,KUW,0,0.0,1,0.0,0.0,1,0.0028322284999999997,0.17600000000000002,7.089243155027514,6.825389849210278,65,42.25,274.625,SYR_KUW
2010,652,692,SYR,BHR,0,0.0,0,,,1,0.00407182139,0.07200000000000001,7.375443730270433,4.032310032368944,65,42.25,274.625,SYR_BHR
2010,652,694,SYR,QAT,0,0.0,1,0.0,0.0,1,0.0031520092999999996,0.10299999999999998,7.457840076700244,4.59427748534396,65,42.25,274.625,SYR_QAT
2010,652,696,SYR,UAE,0,0.4696440186534666,1,0.0,0.0,1,0.0006819944999999997,0.072,7.61085279039525,7.493481489271501,65,42.25,274.625,SYR_UAE
2010,652,698,SYR,OMA,0,0.0,1,0.0,0.0,0,0.0033467103999999994,0.01200000000000001,7.796551476546899,4.205543675050788,65,42.25,274.625,SYR_OMA
2010,660,663,LEB,JOR,0,0.1593829833729889,1,0.0,0.0,1,0.00043590572000000005,0.22700000000000004,5.40042258948519,5.713108980608034,65,42.25,274.625,LEB_JOR
2010,660,666,LEB,ISR,0,0.2838219326818675,1,0.0,0.0,0,0.00306047872,0.286,5.477717994914328,0.0,1,0.01,0.001,LEB_ISR
2010,660,670,LEB,SAU,0,0.2003657134751889,1,0.0,0.0,1,0.01165496972,0.446,7.308944592227513,6.359586654057772,65,42.25,274.625,LEB_SAU
2010,660,679,LEB,YEM,0,0.0,1,0.0,0.0,1,0.0007911621199999999,0.18000000000000005,7.714855949617927,2.793857920653446,65,42.25,274.625,LEB_YEM
2010,660,690,LEB,KUW,0,0.2990228013029316,1,0.0,0.0,1,0.00078770132,0.14600000000000002,7.158903026705945,5.931290912643962,65,42.25,274.625,LEB_KUW
2010,660,692,LEB,BHR,0,0.0,0,,,1,0.00045189157000000005,0.25,7.428927194802272,3.652432147510835,65,42.25,274.625,LEB_BHR
2010,660,694,LEB,QAT,0,0.2838219326818675,1,0.0,0.0,1,0.00046792052,0.42500000000000004,7.507250903460627,4.961463116969164,65,42.25,274.625,LEB_QAT
2010,660,696,LEB,UAE,0,0.2990228013029316,1,0.0,0.0,1,0.0029379353199999996,0.394,7.6533051383351305,6.443060572434795,65,42.25,274.625,LEB_UAE
2010,660,698,LEB,OMA,0,0.0468464382413172,1,0.0,0.0,0,0.00027321941999999995,0.31000000000000005,7.831656973857627,3.1917594774040574,65,42.25,274.625,LEB_OMA
2010,663,666,JOR,ISR,0,0.0603601820700573,1,0.0,0.0,0,0.002624573,0.513,4.289088639014612,5.304870497804036,19,3.61,6.859,JOR_ISR
2010,663,670,JOR,SAU,0,0.0603601820700573,1,0.0,0.0,1,0.011219063999999999,0.219,7.190977420711825,8.032245656148092,19,3.61,6.859,JOR_SAU
2010,663,679,JOR,YEM,0,0.0,1,0.0,0.0,1,0.0003552563999999999,0.046999999999999986,7.614756053830618,4.17065488242602,65,42.25,274.625,JOR_YEM
2010,663,690,JOR,KUW,0,0.0603601820700573,1,0.0,0.0,1,0.0003517956,0.08100000000000002,7.078847353824543,4.976296474419062,20,4.0,8.0,JOR_KUW
2010,663,692,JOR,BHR,0,0.0,0,,,1,0.0008877972900000001,0.022999999999999993,7.351286587896758,4.682538366453976,19,3.61,6.859,JOR_BHR
2010,663,694,JOR,QAT,0,0.0603601820700573,1,0.0,0.0,1,3.201479999999997e-05,0.19799999999999998,7.433134483755639,4.052224033999546,19,3.61,6.859,JOR_QAT
2010,663,696,JOR,UAE,0,0.5036611913714625,1,0.0,0.0,1,0.0025020295999999996,0.16699999999999998,7.5932734323775914,6.332316144600268,19,3.61,6.859,JOR_UAE
2010,663,698,JOR,OMA,0,0.0316455696202531,1,0.0,0.0,0,0.0001626863000000001,0.08299999999999999,7.786551806428712,3.861374071816646,19,3.61,6.859,JOR_OMA
2010,666,670,ISR,SAU,0,0.1914966304176537,1,0.0,0.0,0,0.008594491,0.732,7.225044696186576,0.0,8,0.64,0.512,ISR_SAU
2010,666,679,ISR,YEM,0,0.0,1,0.0,0.0,0,0.0022693166,0.466,7.621293149189817,0.0,65,42.25,274.625,ISR_YEM
2010,666,690,ISR,KUW,0,0.309742245522062,1,0.0,0.0,0,0.0022727774000000003,0.432,7.131538625583686,0.0,43,18.49,79.507,ISR_KUW
2010,666,692,ISR,BHR,0,0.0,0,,,0,0.00351237029,0.536,7.387771118354598,0.0,65,42.25,274.625,ISR_BHR
2010,666,694,ISR,QAT,0,0.7216494845360825,1,1.0,1.0,0,0.0025925582,0.711,7.466055916772316,0.0,65,42.25,274.625,ISR_QAT
2010,666,696,ISR,UAE,0,0.4586746337107389,1,0.0,0.0,0,0.00012254340000000027,0.68,7.622076694773489,0.0,65,42.25,274.625,ISR_UAE
2010,666,698,ISR,OMA,0,0.0316455696202531,1,0.0,0.0,0,0.0027872593,0.596,7.811244419019083,0.0,65,42.25,274.625,ISR_OMA
2010,670,679,SAU,YEM,0,0.0,1,0.0,0.0,1,0.010863807599999999,0.26599999999999996,6.976908137670454,6.60798579387706,4,0.16,0.064,SAU_YEM
2010,670,690,SAU,KUW,0,0.2314510734911886,1,0.0,0.0,1,0.0108672684,0.3,6.284507225801859,7.2991906286757775,65,42.25,274.625,SAU_KUW
2010,670,692,SAU,BHR,0,0.0,0,,,1,0.01210686129,0.196,6.052559646467793,7.951627568263667,65,42.25,274.625,SAU_BHR
2010,670,694,SAU,QAT,0,0.1965013137707866,1,0.0,0.0,1,0.0111870492,0.021,6.195629131824389,7.4673853525298055,15,2.25,3.375,SAU_QAT
2010,670,696,SAU,UAE,0,0.2069933696647789,1,0.0,0.0,1,0.0087170344,0.05199999999999999,6.652992053287465,8.428874567624437,65,42.25,274.625,SAU_UAE
2010,670,698,SAU,OMA,0,0.0713232108285696,1,0.0,0.0,1,0.0113817503,0.136,7.100192169517185,7.13032466549528,65,42.25,274.625,SAU_OMA
2010,679,690,YEM,KUW,0,0.0,1,0.0,0.0,1,3.4607999999998907e-06,0.03400000000000003,7.381937665049289,6.335717524391754,65,42.25,274.625,YEM_KUW
2010,679,692,YEM,BHR,0,0.0,0,,,1,0.0012430536899999999,0.06999999999999998,7.228388451573604,2.3283110446763637,65,42.25,274.625,YEM_BHR
2010,679,694,YEM,QAT,0,0.0,1,0.0,0.0,1,0.0003232415999999999,0.24499999999999997,7.201618210508999,2.6646139590794284,65,42.25,274.625,YEM_QAT
2010,679,696,YEM,UAE,0,0.0047625872314154,1,0.0,0.0,1,0.0021467732,0.21399999999999997,7.2911111015022,7.268649847768819,65,42.25,274.625,YEM_UAE
2010,679,698,YEM,OMA,0,0.0,1,0.0,0.0,0,0.0005179427,0.12999999999999998,7.475735983249187,5.1718931153979275,65,42.25,274.625,YEM_OMA
2010,690,692,KUW,BHR,0,0.0,0,,,1,0.0012395928900000002,0.10400000000000001,6.076035448558252,5.062085662813654,65,42.25,274.625,KUW_BHR
2010,690,694,KUW,QAT,0,0.5880927609859796,1,0.0,0.0,1,0.00031978080000000003,0.279,6.355065451117447,5.619230217007135,65,42.25,274.625,KUW_QAT
2010,690,696,KUW,UAE,0,0.3315707703327161,1,0.0,0.0,1,0.002150234,0.248,6.728867818922465,6.8587923513899645,65,42.25,274.625,KUW_UAE
2010,690,698,KUW,OMA,0,0.0665953293406551,1,0.0,0.0,1,0.0005144819000000001,0.164,7.118907217443969,5.669711046483359,65,42.25,274.625,KUW_OMA
2010,692,694,BHR,QAT,0,0.0,0,,,1,0.0009198120900000001,0.175,4.954417614098027,6.211946900574199,24,5.76,13.824,BHR_QAT
2010,692,696,BHR,UAE,0,0.0,0,,,1,0.0033898268899999998,0.14400000000000002,6.058422015232863,6.569808113187458,65,42.25,274.625,BHR_UAE
2010,692,698,BHR,OMA,0,0.0,0,,,1,0.00072511099,0.06,6.755419617678439,5.108188955412891,65,42.25,274.625,BHR_OMA
2010,694,696,QAT,UAE,0,0.3804006306018278,1,0.0,0.0,1,0.0024700148,0.030999999999999993,5.707442435487688,8.454753096375118,65,42.25,274.625,QAT_UAE
2010,694,698,QAT,OMA,0,0.0316455696202531,1,0.0,0.0,1,0.00019470110000000007,0.11499999999999999,6.606379879398354,6.030693265036917,65,42.25,274.625,QAT_OMA
2010,696,698,UAE,OMA,0,0.0534740944309072,1,0.0,0.0,1,0.0026647158999999997,0.084,6.0888180923638915,8.988234981586388,65,42.25,274.625,UAE_OMA
2011,630,640,IRN,TUR,0,0.0846868269921033,1,0.0,0.0,0,0.0002457790000000015,0.377,7.4353790210240085,9.345902900447003,7,0.49,0.343,IRN_TUR
2011,630,645,IRN,IRQ,0,0.14690441542174,1,0.0,0.0,0,0.0091148051,0.268,6.5441995739511825,3.7588718725540167,1,0.01,0.001,IRN_IRQ
2011,630,651,IRN,EGY,0,0.3945446685241321,1,0.0,0.0,0,0.004692739999999999,0.059,7.5927190667340625,4.6377747335841715,18,3.24,5.832,IRN_EGY
2011,630,652,IRN,SYR,0,0.3427605297990046,1,0.0,0.0,0,0.009904996899999999,0.0010000000000000009,7.247080584585756,7.131982722672717,66,43.56,287.496,IRN_SYR
2011,630,660,IRN,LEB,0,0.0,1,0.0,0.0,0,0.013886677819999999,0.33399999999999996,7.291860547968892,4.733280511142775,66,43.56,287.496,IRN_LEB
2011,630,663,IRN,JOR,0,0.3331413506356265,1,0.0,0.0,0,0.013462439699999999,0.10200000000000001,7.305188215393037,2.8736362189388243,66,43.56,287.496,IRN_JOR
2011,630,666,IRN,ISR,0,0.0,1,0.0,0.0,0,0.010761221799999998,0.607,7.35224877405778,0.0,1,0.01,0.001,IRN_ISR
2011,630,670,IRN,SAU,0,0.0,1,0.0,0.0,0,0.002255649,0.12499999999999999,7.174111564719166,6.946233216345769,23,5.29,12.167,IRN_SAU
2011,630,679,IRN,YEM,0,0.2541367820635906,1,0.0,0.0,0,0.013154961699999999,0.165,7.772289451283258,2.158834126530858,66,43.56,287.496,IRN_YEM
2011,630,690,IRN,KUW,0,0.3228391528334287,1,0.0,0.0,0,0.013128977699999999,0.17400000000000002,6.652475857637857,6.12653602818723,23,5.29,12.167,IRN_KUW
2011,630,692,IRN,BHR,0,0.0,1,0.0,0.0,0,0.01431017167,0.026000000000000023,6.964135612418245,4.105943714539917,23,5.29,12.167,IRN_BHR
2011,630,694,IRN,QAT,0,0.0,1,0.0,0.0,0,0.0133288165,0.10399999999999998,7.055916629962658,4.734662532637432,7,0.49,0.343,IRN_QAT
2011,630,696,IRN,UAE,0,0.3228391528334287,1,0.0,0.0,0,0.0114611918,0.06399999999999999,7.155474362862388,10.060720975823292,7,0.49,0.343,IRN_UAE
2011,630,698,IRN,OMA,0,0.0,1,0.0,0.0,0,0.0135529016,0.02200000000000002,7.320725486576075,6.095381964500209,27,7.29,19.683,IRN_OMA
2011,640,645,TUR,IRQ,1,0.0152211952620244,1,0.0,0.0,0,0.009360584100000001,0.10900000000000004,7.141165942652124,8.98664405541541,2,0.04,0.008,TUR_IRQ
2011,640,651,TUR,EGY,0,0.2468991531344934,1,0.0,0.0,0,0.004938519000000001,0.31800000000000006,7.011574607621134,7.939302586587724,52,27.04,140.608,TUR_EGY
2011,640,652,TUR,SYR,1,0.0288948155872556,1,0.0,0.0,0,0.0101507759,0.378,6.655955018418123,7.898305554379636,7,0.49,0.343,TUR_SYR
2011,640,660,TUR,LEB,0,0.0023218772433596,1,0.0,0.0,0,0.01413245682,0.04300000000000004,6.56512411504534,6.817074563651597,66,43.56,287.496,TUR_LEB
2011,640,663,TUR,JOR,0,0.0257183927881164,1,0.0,0.0,0,0.0137082187,0.275,6.834216375647267,6.401811917553687,20,4.0,8.0,TUR_JOR
2011,640,666,TUR,ISR,1,0.310755787867911,1,0.0,0.0,0,0.0110070008,0.22999999999999998,6.83722551279161,8.058371198022778,35,12.25,42.875,TUR_ISR
2011,640,670,TUR,SAU,0,0.1016245965092838,1,0.0,0.0,0,0.0025014280000000017,0.502,7.664581236205265,8.492401685936125,66,43.56,287.496,TUR_SAU
2011,640,679,TUR,YEM,0,0.0089734386216798,1,0.0,0.0,0,0.0134007407,0.21200000000000002,7.9884411791167915,5.901200805090227,66,43.56,287.496,TUR_YEM
2011,640,690,TUR,KUW,0,0.0351057122623787,1,0.0,0.0,0,0.0133747567,0.203,7.501247856381898,6.477081556927796,66,43.56,287.496,TUR_KUW
2011,640,692,TUR,BHR,0,0.0023218772433596,1,0.0,0.0,0,0.014555950670000001,0.351,7.714454334226198,5.5679953588476385,66,43.56,287.496,TUR_BHR
2011,640,694,TUR,QAT,0,0.0028041995692749,1,0.0,0.0,0,0.013574595500000002,0.48100000000000004,7.775401836029897,6.103440487510884,66,43.56,287.496,TUR_QAT
2011,640,696,TUR,UAE,0,0.1081826058704938,1,0.0,0.0,0,0.0117069708,0.441,7.879707749681193,8.381509701834268,66,43.56,287.496,TUR_UAE
2011,640,698,TUR,OMA,0,0.0051260768126346,1,0.0,0.0,0,0.013798680600000002,0.355,8.011852497880817,5.130426563752046,66,43.56,287.496,TUR_OMA
2011,645,651,IRQ,EGY,0,0.5422732634726305,1,0.0,0.0,0,0.004422065100000001,0.209,7.168733968599368,6.1362329579186765,12,1.44,1.728,IRQ_EGY
2011,645,652,IRQ,SYR,0,0.14690441542174,1,0.0,0.0,0,0.0007901917999999994,0.269,6.622869293832357,8.923409124251625,6,0.36,0.216,IRQ_SYR
2011,645,660,IRQ,LEB,0,0.2165022421524663,1,0.0,0.0,1,0.00477187272,0.066,6.719978871505218,5.696205206195199,66,43.56,287.496,IRQ_LEB
2011,645,663,IRQ,JOR,0,0.1683673275096521,1,0.0,0.0,1,0.0043476346,0.16599999999999998,6.69369534640097,7.121711314026142,12,1.44,1.728,IRQ_JOR
2011,645,666,IRQ,ISR,0,0.2735743977993504,1,0.0,0.0,0,0.0016464166999999993,0.339,6.778898656857133,0.0,8,0.64,0.512,IRQ_ISR
2011,645,670,IRQ,SAU,0,0.1698999465995945,1,0.0,0.0,1,0.0068591560999999995,0.39299999999999996,6.896289800872859,0.47778263789994063,8,0.64,0.512,IRQ_SAU
2011,645,679,IRQ,YEM,0,0.1551936927809604,1,0.0,0.0,1,0.0040401566,0.10299999999999998,7.60150227961405,3.7059758493357187,66,43.56,287.496,IRQ_YEM
2011,645,690,IRQ,KUW,0,0.6007432978920687,1,0.0,0.0,1,0.004014172599999999,0.09399999999999997,6.324358962381311,0.0,8,0.64,0.512,IRQ_KUW
2011,645,692,IRQ,BHR,0,0.6950491373227282,1,1.0,1.0,1,0.005195366569999999,0.24199999999999997,6.9000254809201955,0.18495764592264552,8,0.64,0.512,IRQ_BHR
2011,645,694,IRQ,QAT,0,0.0018789028680899,1,0.0,0.0,1,0.004214011399999999,0.372,7.032006241319994,3.322316318462788,8,0.64,0.512,IRQ_QAT
2011,645,696,IRQ,UAE,0,0.355430896221184,1,0.0,0.0,1,0.0023463866999999996,0.33199999999999996,7.232082635630662,1.8774098705102493,8,0.64,0.512,IRQ_UAE
2011,645,698,IRQ,OMA,0,0.0210482319415723,1,0.0,0.0,0,0.0044380965,0.24599999999999997,7.471249251315212,5.202846453826869,8,0.64,0.512,IRQ_OMA
2011,651,652,EGY,SYR,0,0.3889486916452315,1,0.0,0.0,0,0.0052122569,0.06,6.423246963533519,7.147169816919813,66,43.56,287.496,EGY_SYR
2011,651,660,EGY,LEB,0,0.2165022421524663,1,0.0,0.0,0,0.009193937820000001,0.275,6.376556865408209,6.27433434034564,66,43.56,287.496,EGY_LEB
2011,651,663,EGY,JOR,0,0.4007924245697655,1,0.0,0.0,0,0.0087696997,0.04300000000000001,6.209595556598647,6.706654442133554,20,4.0,8.0,EGY_JOR
2011,651,666,EGY,ISR,1,0.4305649882454172,1,0.0,0.0,0,0.0060684818,0.548,6.0553778728516345,6.072032732078752,2,0.04,0.008,EGY_ISR
2011,651,670,EGY,SAU,0,0.2343463760627554,1,0.0,0.0,0,0.002437090999999999,0.184,7.401536468138869,8.283083051283619,44,19.36,85.184,EGY_SAU
2011,651,679,EGY,YEM,0,0.2541367820635906,1,0.0,0.0,1,0.0084622217,0.10600000000000001,7.651357903030576,5.959084888489485,66,43.56,287.496,EGY_YEM
2011,651,690,EGY,KUW,0,0.7230270766571949,1,0.0,0.0,0,0.0084362377,0.11500000000000002,7.388946097618437,7.496551156679886,66,43.56,287.496,EGY_KUW
2011,651,692,EGY,BHR,0,0.35541863216607,1,0.0,0.0,0,0.00961743167,0.032999999999999974,7.571679600865179,4.961916857354351,66,43.56,287.496,EGY_BHR
2011,651,694,EGY,QAT,0,0.0,1,0.0,0.0,0,0.008636076500000001,0.16299999999999998,7.632740216390833,5.848215144356027,66,43.56,287.496,EGY_QAT
2011,651,696,EGY,UAE,0,0.6565023833311948,1,0.0,0.0,0,0.0067684518,0.12299999999999998,7.768321862083931,7.2663555882149735,66,43.56,287.496,EGY_UAE
2011,651,698,EGY,OMA,0,0.0191693290734824,1,0.0,0.0,0,0.0088601616,0.03699999999999998,7.937374696163295,5.083169204254617,66,43.56,287.496,EGY_OMA
2011,652,660,SYR,LEB,1,0.0,1,0.0,0.0,0,0.00398168092,0.33499999999999996,4.487512142519859,6.368505300412371,42,17.64,74.088,SYR_LEB
2011,652,663,SYR,JOR,0,0.8171976504158824,1,1.0,0.0,0,0.0035574428000000003,0.10300000000000001,5.176149732573829,6.461026531968192,20,4.0,8.0,SYR_JOR
2011,652,666,SYR,ISR,1,0.0,1,0.0,0.0,0,0.0008562248999999999,0.608,5.392718041969521,0.0,4,0.16,0.064,SYR_ISR
2011,652,670,SYR,SAU,0,0.0,1,0.0,0.0,0,0.007649347899999999,0.12399999999999999,7.249570360013846,8.41145109185342,66,43.56,287.496,SYR_SAU
2011,652,679,SYR,YEM,0,0.2541367820635906,1,0.0,0.0,1,0.0032499648000000004,0.166,7.682666761344722,3.988133221752512,66,43.56,287.496,SYR_YEM
2011,652,690,SYR,KUW,0,0.3676084444911249,1,0.0,0.0,1,0.0032239808000000003,0.17500000000000002,7.089243155027514,7.009823932401876,66,43.56,287.496,SYR_KUW
2011,652,692,SYR,BHR,0,0.0,1,0.0,0.0,1,0.00440517477,0.027000000000000024,7.375443730270433,4.204356980981144,66,43.56,287.496,SYR_BHR
2011,652,694,SYR,QAT,0,0.0,1,0.0,0.0,1,0.0034238196,0.10299999999999998,7.457840076700244,4.926860419432578,66,43.56,287.496,SYR_QAT
2011,652,696,SYR,UAE,0,0.4914004914004914,1,0.0,0.0,0,0.0015561949000000002,0.06299999999999999,7.61085279039525,7.7265209399907055,66,43.56,287.496,SYR_UAE
2011,652,698,SYR,OMA,0,0.0,1,0.0,0.0,0,0.0036479047000000002,0.02300000000000002,7.796551476546899,4.444648613385492,66,43.56,287.496,SYR_OMA
2011,660,663,LEB,JOR,0,0.0240384615384615,1,0.0,0.0,1,0.00042423812000000013,0.23199999999999998,5.40042258948519,5.817192347143626,66,43.56,287.496,LEB_JOR
2011,660,666,LEB,ISR,0,0.2165022421524663,1,0.0,0.0,0,0.0031254560200000003,0.273,5.477717994914328,0.0,1,0.01,0.001,LEB_ISR
2011,660,670,LEB,SAU,0,0.1680210437315045,1,0.0,0.0,1,0.01163102882,0.45899999999999996,7.308944592227513,6.519373751970997,66,43.56,287.496,LEB_SAU
2011,660,679,LEB,YEM,0,0.0166600779352798,1,0.0,0.0,1,0.00073171612,0.16899999999999998,7.714855949617927,2.8123795252647934,66,43.56,287.496,LEB_YEM
2011,660,690,LEB,KUW,0,0.2165022421524663,1,0.0,0.0,1,0.00075770012,0.15999999999999998,7.158903026705945,6.078336703990276,66,43.56,287.496,LEB_KUW
2011,660,692,LEB,BHR,0,0.3673687049455347,1,0.0,0.0,1,0.0004234938499999999,0.30799999999999994,7.428927194802272,3.35852283890022,66,43.56,287.496,LEB_BHR
2011,660,694,LEB,QAT,0,0.0,1,0.0,0.0,1,0.00055786132,0.438,7.507250903460627,4.852215012477552,66,43.56,287.496,LEB_QAT
2011,660,696,LEB,UAE,0,0.1945136580430698,1,0.0,0.0,1,0.00242548602,0.39799999999999996,7.6533051383351305,6.722505298538113,66,43.56,287.496,LEB_UAE
2011,660,698,LEB,OMA,0,0.0191693290734824,1,0.0,0.0,0,0.00033377622,0.31199999999999994,7.831656973857627,3.842932957791174,66,43.56,287.496,LEB_OMA
2011,663,666,JOR,ISR,0,0.021462912087912,1,0.0,0.0,0,0.0027012179000000004,0.505,4.289088639014612,5.211927596320886,20,4.0,8.0,JOR_ISR
2011,663,670,JOR,SAU,0,0.0255837912087912,1,0.0,0.0,1,0.011206790699999998,0.227,7.190977420711825,8.229036259569911,20,4.0,8.0,JOR_SAU
2011,663,679,JOR,YEM,0,0.2541367820635906,1,0.0,0.0,1,0.0003074779999999999,0.063,7.614756053830618,4.160605598977477,66,43.56,287.496,JOR_YEM
2011,663,690,JOR,KUW,0,0.3931922356999161,1,0.0,0.0,1,0.00033346199999999986,0.07200000000000001,7.078847353824543,5.396284513486974,21,4.41,9.261,JOR_KUW
2011,663,692,JOR,BHR,0,0.021462912087912,1,0.0,0.0,1,0.00084773197,0.07599999999999998,7.351286587896758,5.688415979161222,20,4.0,8.0,JOR_BHR
2011,663,694,JOR,QAT,0,0.0,1,0.0,0.0,1,0.00013362319999999988,0.206,7.433134483755639,4.298463582644594,20,4.0,8.0,JOR_QAT
2011,663,696,JOR,UAE,0,0.5128634034884035,1,0.0,0.0,1,0.0020012479,0.16599999999999998,7.5932734323775914,6.525446887506602,20,4.0,8.0,JOR_UAE
2011,663,698,JOR,OMA,0,0.0191693290734824,1,0.0,0.0,0,9.04619000000001e-05,0.07999999999999999,7.786551806428712,3.8122219848765315,20,4.0,8.0,JOR_OMA
2011,666,670,ISR,SAU,0,0.2343463760627554,1,0.0,0.0,0,0.0085055728,0.732,7.225044696186576,0.0,9,0.81,0.729,ISR_SAU
2011,666,679,ISR,YEM,0,0.0,1,0.0,0.0,0,0.0023937399000000005,0.442,7.621293149189817,0.0,66,43.56,287.496,ISR_YEM
2011,666,690,ISR,KUW,0,0.2666666666666666,1,0.0,0.0,0,0.0023677559000000003,0.433,7.131538625583686,0.0,44,19.36,85.184,ISR_KUW
2011,666,692,ISR,BHR,0,0.2666666666666666,1,0.0,0.0,0,0.00354894987,0.581,7.387771118354598,0.0,66,43.56,287.496,ISR_BHR
2011,666,694,ISR,QAT,0,0.0,1,0.0,0.0,0,0.0025675947,0.711,7.466055916772316,0.0,66,43.56,287.496,ISR_QAT
2011,666,696,ISR,UAE,0,0.2944124873536639,1,0.0,0.0,0,0.0006999700000000003,0.671,7.622076694773489,0.0,66,43.56,287.496,ISR_UAE
2011,666,698,ISR,OMA,0,0.0191693290734824,1,0.0,0.0,0,0.0027916798000000003,0.585,7.811244419019083,0.0,66,43.56,287.496,ISR_OMA
2011,670,679,SAU,YEM,0,0.0,1,0.0,0.0,1,0.010899312699999998,0.29,6.976908137670454,6.877693538888551,5,0.25,0.125,SAU_YEM
2011,670,690,SAU,KUW,0,0.1890272405595688,1,0.0,0.0,1,0.010873328699999999,0.299,6.284507225801859,7.569057808237065,66,43.56,287.496,SAU_KUW
2011,670,692,SAU,BHR,0,0.2321621494668608,1,0.0,0.0,1,0.01205452267,0.15100000000000002,6.052559646467793,8.221571416110097,66,43.56,287.496,SAU_BHR
2011,670,694,SAU,QAT,0,0.0283400809716599,1,0.0,0.0,1,0.0110731675,0.021,6.195629131824389,7.7795548766013125,16,2.56,4.096,SAU_QAT
2011,670,696,SAU,UAE,0,0.3071882140406896,1,0.0,0.0,1,0.009205542799999999,0.061,6.652992053287465,8.698849977298964,66,43.56,287.496,SAU_UAE
2011,670,698,SAU,OMA,0,0.0833104348088387,1,0.0,0.0,1,0.011297252599999998,0.14700000000000002,7.100192169517185,7.23473582598678,66,43.56,287.496,SAU_OMA
2011,679,690,YEM,KUW,0,0.2541367820635906,1,0.0,0.0,1,2.5983999999999946e-05,0.009000000000000008,7.381937665049289,6.605325254810082,66,43.56,287.496,YEM_KUW
2011,679,692,YEM,BHR,0,0.0,1,0.0,0.0,1,0.00115520997,0.13899999999999998,7.228388451573604,2.5750050140701135,66,43.56,287.496,YEM_BHR
2011,679,694,YEM,QAT,0,0.0,1,0.0,0.0,1,0.00017385480000000004,0.269,7.201618210508999,3.92983058511611,66,43.56,287.496,YEM_QAT
2011,679,696,YEM,UAE,0,0.2593629708191912,1,0.0,0.0,1,0.0016937699,0.22899999999999998,7.2911111015022,7.538511976384843,66,43.56,287.496,YEM_UAE
2011,679,698,YEM,OMA,0,0.0,1,0.0,0.0,0,0.0003979399,0.143,7.475735983249187,4.808404537927519,66,43.56,287.496,YEM_OMA
2011,690,692,KUW,BHR,0,0.4538388824703287,1,0.0,0.0,1,0.00118119397,0.148,6.076035448558252,5.3306132448198555,66,43.56,287.496,KUW_BHR
2011,690,694,KUW,QAT,0,0.1575464762104821,1,0.0,0.0,1,0.00019983879999999998,0.278,6.355065451117447,6.122675490195675,66,43.56,287.496,KUW_QAT
2011,690,696,KUW,UAE,0,0.5621221025341947,1,0.0,0.0,1,0.0016677859,0.238,6.728867818922465,7.128570922821065,66,43.56,287.496,KUW_UAE
2011,690,698,KUW,OMA,0,0.1054313099041533,1,0.0,0.0,1,0.00042392389999999997,0.152,7.118907217443969,5.845186604135596,66,43.56,287.496,KUW_OMA
2011,692,694,BHR,QAT,0,0.0283400809716599,1,0.0,0.0,1,0.00098135517,0.13,4.954417614098027,6.607314668083923,25,6.25,15.625,BHR_QAT
2011,692,696,BHR,UAE,0,0.3041248735366382,1,0.0,0.0,1,0.0028489798699999997,0.09000000000000001,6.058422015232863,6.83950342929927,66,43.56,287.496,BHR_UAE
2011,692,698,BHR,OMA,0,0.175132631825776,1,0.0,0.0,1,0.0007572700699999999,0.0040000000000000036,6.755419617678439,5.629760980814404,66,43.56,287.496,BHR_OMA
2011,694,696,QAT,UAE,0,0.0283400809716599,1,0.0,0.0,1,0.0018676247,0.04,5.707442435487688,8.748312436160845,66,43.56,287.496,QAT_UAE
2011,694,698,QAT,OMA,0,0.1146020618023308,1,0.0,0.0,1,0.0002240851,0.126,6.606379879398354,5.682160733775743,66,43.56,287.496,QAT_OMA
2011,696,698,UAE,OMA,0,0.1287805445670508,1,0.0,0.0,1,0.0020917098,0.08600000000000001,6.0888180923638915,9.236106456969319,66,43.56,287.496,UAE_OMA
2012,630,640,IRN,TUR,1,0.0716493956240795,1,0.0,0.0,0,0.0003428220000000013,0.35,7.4353790210240085,9.705715103098564,8,0.64,0.512,IRN_TUR
2012,630,645,IRN,IRQ,0,0.1081685938082804,1,0.0,0.0,0,0.009354082,0.252,6.5441995739511825,4.008260010142997,1,0.01,0.001,IRN_IRQ
2012,630,651,IRN,EGY,0,0.2968115942028985,1,0.0,0.0,0,0.005673498400000001,0.13999999999999999,7.5927190667340625,4.924644995628477,19,3.61,6.859,IRN_EGY
2012,630,652,IRN,SYR,0,0.2968115942028985,1,0.0,0.0,0,0.0106998799,0.014000000000000012,7.247080584585756,7.3685917050251835,67,44.89,300.763,IRN_SYR
2012,630,660,IRN,LEB,0,0.0,1,0.0,0.0,0,0.014578136470000001,0.31899999999999995,7.291860547968892,4.049128378768177,67,44.89,300.763,IRN_LEB
2012,630,663,IRN,JOR,0,0.2968115942028985,1,0.0,0.0,0,0.0141503762,0.088,7.305188215393037,3.3368371201909413,67,44.89,300.763,IRN_JOR
2012,630,666,IRN,ISR,0,0.0,1,0.0,0.0,0,0.011299725200000001,0.593,7.35224877405778,0.0,2,0.04,0.008,IRN_ISR
2012,630,670,IRN,SAU,1,0.0,1,0.0,0.0,0,0.0018631100000000012,0.139,7.174111564719166,7.200659044633788,24,5.76,13.824,IRN_SAU
2012,630,679,IRN,YEM,0,0.017391304347826,1,0.0,0.0,0,0.013799135600000002,0.19899999999999998,7.772289451283258,2.3871775241918733,67,44.89,300.763,IRN_YEM
2012,630,690,IRN,KUW,0,0.2968115942028985,1,0.0,0.0,0,0.0137790694,0.152,6.652475857637857,6.380687106314016,24,5.76,13.824,IRN_KUW
2012,630,692,IRN,BHR,0,0.0,1,0.0,0.0,0,0.015009584460000001,0.0040000000000000036,6.964135612418245,4.356875479468912,24,5.76,13.824,IRN_BHR
2012,630,694,IRN,QAT,0,0.0,1,0.0,0.0,0,0.014054824600000002,0.11599999999999999,7.055916629962658,4.4586410416652615,8,0.64,0.512,IRN_QAT
2012,630,696,IRN,UAE,0,0.2770173380263329,1,0.0,0.0,0,0.0123961047,0.068,7.155474362862388,10.31535363065518,8,0.64,0.512,IRN_UAE
2012,630,698,IRN,OMA,0,0.0,1,0.0,0.0,0,0.013966555700000001,0.013000000000000012,7.320725486576075,6.42264772558476,28,7.84,21.952,IRN_OMA
2012,640,645,TUR,IRQ,0,0.4572298312309116,1,0.0,0.0,0,0.00901126,0.09800000000000003,7.141165942652124,9.130094656197896,1,0.01,0.001,TUR_IRQ
2012,640,651,TUR,EGY,0,0.3799940513192749,1,0.0,0.0,0,0.0053306764,0.21000000000000002,7.011574607621134,8.297969796239528,53,28.09,148.877,TUR_EGY
2012,640,652,TUR,SYR,0,0.0,1,0.0,0.0,0,0.0103570579,0.364,6.655955018418123,7.653729180130497,1,0.01,0.001,TUR_SYR
2012,640,660,TUR,LEB,0,0.0,1,0.0,0.0,0,0.01423531447,0.031000000000000028,6.56512411504534,7.0246910224545225,67,44.89,300.763,TUR_LEB
2012,640,663,TUR,JOR,0,0.1191086778669258,1,0.0,0.0,0,0.013807554199999999,0.262,6.834216375647267,6.432433227970528,21,4.41,9.261,TUR_JOR
2012,640,666,TUR,ISR,0,0.2952546111497537,1,0.0,0.0,0,0.0109569032,0.243,6.83722551279161,8.349653183256825,1,0.01,0.001,TUR_ISR
2012,640,670,TUR,SAU,0,0.2134496318031549,1,0.0,0.0,0,0.0015202879999999998,0.489,7.664581236205265,8.525627839548994,67,44.89,300.763,TUR_SAU
2012,640,679,TUR,YEM,0,0.0508488476994997,1,0.0,0.0,0,0.013456313599999999,0.15100000000000002,7.9884411791167915,5.708672034584449,67,44.89,300.763,TUR_YEM
2012,640,690,TUR,KUW,0,0.413570509354938,1,0.0,0.0,0,0.0134362474,0.198,7.501247856381898,6.394216110214103,67,44.89,300.763,TUR_KUW
2012,640,692,TUR,BHR,0,0.0,1,0.0,0.0,0,0.01466676246,0.346,7.714454334226198,5.666127369964823,67,44.89,300.763,TUR_BHR
2012,640,694,TUR,QAT,0,0.4326827391298578,1,0.0,0.0,0,0.013712002599999999,0.466,7.775401836029897,6.58314596482633,67,44.89,300.763,TUR_QAT
2012,640,696,TUR,UAE,0,0.4409446832552952,1,0.0,0.0,0,0.0120532827,0.41800000000000004,7.879707749681193,8.65308240968393,67,44.89,300.763,TUR_UAE
2012,640,698,TUR,OMA,0,0.0120742500033171,1,0.0,0.0,0,0.0136237337,0.33699999999999997,8.011852497880817,5.369736552152825,67,44.89,300.763,TUR_OMA
2012,645,651,IRQ,EGY,0,0.4776769094175895,1,0.0,0.0,0,0.0036805835999999996,0.11199999999999999,7.168733968599368,6.213170966242259,13,1.69,2.197,IRQ_EGY
2012,645,652,IRQ,SYR,1,0.1081685938082804,1,0.0,0.0,0,0.0013457979,0.266,6.622869293832357,9.076965881327615,7,0.49,0.343,IRQ_SYR
2012,645,660,IRQ,LEB,0,0.0,1,0.0,0.0,1,0.00522405447,0.067,6.719978871505218,5.405630135319047,67,44.89,300.763,IRQ_LEB
2012,645,663,IRQ,JOR,0,0.1828944516080682,1,0.0,0.0,1,0.0047962942000000005,0.16399999999999998,6.69369534640097,7.25746099416406,13,1.69,2.197,IRQ_JOR
2012,645,666,IRQ,ISR,0,0.2836851004936325,1,0.0,0.0,0,0.0019456432000000004,0.341,6.778898656857133,0.0,9,0.81,0.729,IRQ_ISR
2012,645,670,IRQ,SAU,0,0.1802139259899015,1,0.0,0.0,1,0.007490971999999999,0.39099999999999996,6.896289800872859,0.5822818299512295,9,0.81,0.729,IRQ_SAU
2012,645,679,IRQ,YEM,0,0.0603970040771835,1,0.0,0.0,1,0.0044450536,0.05299999999999999,7.60150227961405,3.9550778971768743,67,44.89,300.763,IRQ_YEM
2012,645,690,IRQ,KUW,0,0.5096648531599015,1,0.0,0.0,1,0.0044249874,0.09999999999999998,6.324358962381311,0.0,9,0.81,0.729,IRQ_KUW
2012,645,692,IRQ,BHR,0,0.0,1,0.0,0.0,1,0.0056555024600000005,0.24799999999999997,6.9000254809201955,0.23276593136768955,9,0.81,0.729,IRQ_BHR
2012,645,694,IRQ,QAT,0,0.5970149253731343,1,1.0,1.0,1,0.0047007426,0.368,7.032006241319994,4.869486927746048,9,0.81,0.729,IRQ_QAT
2012,645,696,IRQ,UAE,0,0.5925578520536201,1,0.0,0.0,1,0.0030420227000000004,0.31999999999999995,7.232082635630662,2.097054616792434,9,0.81,0.729,IRQ_UAE
2012,645,698,IRQ,OMA,0,0.0,1,0.0,0.0,0,0.0046124737,0.23899999999999996,7.471249251315212,5.215157146144214,9,0.81,0.729,IRQ_OMA
2012,651,652,EGY,SYR,0,0.448065351756884,1,0.0,0.0,0,0.0050263815,0.154,6.423246963533519,7.11546798482086,67,44.89,300.763,EGY_SYR
2012,651,660,EGY,LEB,0,0.0,1,0.0,0.0,0,0.00890463807,0.179,6.376556865408209,6.93457275440288,67,44.89,300.763,EGY_LEB
2012,651,663,EGY,JOR,0,0.3930845419172267,1,0.0,0.0,0,0.0084768778,0.05199999999999999,6.209595556598647,6.795191560213611,21,4.41,9.261,EGY_JOR
2012,651,666,EGY,ISR,0,0.4368154146960922,1,0.0,0.0,0,0.0056262268,0.453,6.0553778728516345,5.573857143797125,1,0.01,0.001,EGY_ISR
2012,651,670,EGY,SAU,0,0.2092266282853042,1,0.0,0.0,0,0.0038103883999999998,0.27899999999999997,7.401536468138869,8.458135770898057,45,20.25,91.125,EGY_SAU
2012,651,679,EGY,YEM,0,0.0508488476994997,1,0.0,0.0,1,0.0081256372,0.059,7.651357903030576,5.725055752042363,67,44.89,300.763,EGY_YEM
2012,651,690,EGY,KUW,0,0.735726029710578,1,0.0,0.0,0,0.008105570999999999,0.01200000000000001,7.388946097618437,8.02752953206686,67,44.89,300.763,EGY_KUW
2012,651,692,EGY,BHR,0,0.0073678609228538,1,0.0,0.0,0,0.00933608606,0.13599999999999998,7.571679600865179,4.610630183038612,67,44.89,300.763,EGY_BHR
2012,651,694,EGY,QAT,0,0.3328869735049382,1,0.0,0.0,0,0.0083813262,0.256,7.632740216390833,5.933427962494809,67,44.89,300.763,EGY_QAT
2012,651,696,EGY,UAE,0,0.6242681894545822,1,0.0,0.0,0,0.0067226062999999996,0.208,7.768321862083931,7.471036398517943,67,44.89,300.763,EGY_UAE
2012,651,698,EGY,OMA,0,0.0,1,0.0,0.0,0,0.0082930573,0.12699999999999997,7.937374696163295,5.4188716254823825,67,44.89,300.763,EGY_OMA
2012,652,660,SYR,LEB,0,0.0,1,0.0,0.0,0,0.0038782565700000004,0.33299999999999996,4.487512142519859,6.305265251486445,1,0.01,0.001,SYR_LEB
2012,652,663,SYR,JOR,1,0.3183586841174389,1,0.0,0.0,0,0.0034504963000000005,0.10200000000000001,5.176149732573829,6.492276273750512,21,4.41,9.261,SYR_JOR
2012,652,666,SYR,ISR,0,0.0,1,0.0,0.0,0,0.0005998453000000004,0.607,5.392718041969521,0.0,1,0.01,0.001,SYR_ISR
2012,652,670,SYR,SAU,0,0.0,1,0.0,0.0,0,0.0088367699,0.12499999999999999,7.249570360013846,8.626395589583302,67,44.89,300.763,SYR_SAU
2012,652,679,SYR,YEM,0,0.0,1,0.0,0.0,1,0.0030992557000000002,0.213,7.682666761344722,4.145117188585577,67,44.89,300.763,SYR_YEM
2012,652,690,SYR,KUW,0,0.4028390562056397,1,0.0,0.0,1,0.0030791895,0.166,7.089243155027514,7.186229690732989,67,44.89,300.763,SYR_KUW
2012,652,692,SYR,BHR,0,0.0,1,0.0,0.0,1,0.0043097045600000005,0.018000000000000016,7.375443730270433,4.370866010961697,67,44.89,300.763,SYR_BHR
2012,652,694,SYR,QAT,0,0.0,1,0.0,0.0,1,0.0033549447,0.10199999999999998,7.457840076700244,4.86115592004481,67,44.89,300.763,SYR_QAT
2012,652,696,SYR,UAE,0,0.2770173380263329,1,0.0,0.0,0,0.0016962248000000004,0.05399999999999999,7.61085279039525,7.939613830287511,67,44.89,300.763,SYR_UAE
2012,652,698,SYR,OMA,0,0.0,1,0.0,0.0,0,0.0032666758000000004,0.027000000000000024,7.796551476546899,3.9054343478145426,67,44.89,300.763,SYR_OMA
2012,660,663,LEB,JOR,0,0.0,1,0.0,0.0,1,0.0004277602699999999,0.23099999999999998,5.40042258948519,6.167900609977274,67,44.89,300.763,LEB_JOR
2012,660,666,LEB,ISR,0,0.0,1,0.0,0.0,0,0.00327841127,0.274,5.477717994914328,0.0,1,0.01,0.001,LEB_ISR
2012,660,670,LEB,SAU,0,0.0978216259508222,1,0.0,0.0,1,0.01271502647,0.45799999999999996,7.308944592227513,6.77000503378666,67,44.89,300.763,LEB_SAU
2012,660,679,LEB,YEM,0,0.0,1,0.0,0.0,1,0.00077900087,0.12,7.714855949617927,2.8868243622104655,67,44.89,300.763,LEB_YEM
2012,660,690,LEB,KUW,0,0.0,1,0.0,0.0,1,0.00079906707,0.16699999999999998,7.158903026705945,5.960934460822771,67,44.89,300.763,LEB_KUW
2012,660,692,LEB,BHR,0,0.4437400950871632,1,0.0,0.0,1,0.00043144799,0.31499999999999995,7.428927194802272,3.437801501441898,67,44.89,300.763,LEB_BHR
2012,660,694,LEB,QAT,0,0.0,1,0.0,0.0,1,0.00052331187,0.435,7.507250903460627,4.841258313598345,67,44.89,300.763,LEB_QAT
2012,660,696,LEB,UAE,0,0.1398122800156433,1,0.0,0.0,1,0.0021820317699999996,0.387,7.6533051383351305,6.856145776711406,67,44.89,300.763,LEB_UAE
2012,660,698,LEB,OMA,0,0.9540034071550256,1,1.0,0.0,0,0.00061158077,0.30599999999999994,7.831656973857627,3.4382527071831426,67,44.89,300.763,LEB_OMA
2012,663,666,JOR,ISR,0,0.0747258577997877,1,0.0,0.0,0,0.002850651,0.505,4.289088639014612,5.5992567586043505,21,4.41,9.261,JOR_ISR
2012,663,670,JOR,SAU,0,0.1088538507231601,1,0.0,0.0,1,0.012287266199999999,0.227,7.190977420711825,8.492067877724246,21,4.41,9.261,JOR_SAU
2012,663,679,JOR,YEM,0,0.0508488476994997,1,0.0,0.0,1,0.00035124060000000005,0.11099999999999999,7.614756053830618,4.019312599217716,67,44.89,300.763,JOR_YEM
2012,663,690,JOR,KUW,0,0.3930845419172267,1,0.0,0.0,1,0.0003713068000000001,0.064,7.078847353824543,5.660009498324521,22,4.84,10.648,JOR_KUW
2012,663,692,JOR,BHR,0,0.0,1,0.0,0.0,1,0.0008592082599999999,0.08399999999999999,7.351286587896758,5.2611026600174124,21,4.41,9.261,JOR_BHR
2012,663,694,JOR,QAT,0,0.0747258577997877,1,0.0,0.0,1,9.555160000000013e-05,0.204,7.433134483755639,4.525641287125531,21,4.41,9.261,JOR_QAT
2012,663,696,JOR,UAE,0,0.3517431958261207,1,0.0,0.0,1,0.0017542715,0.156,7.5932734323775914,6.872177944656372,21,4.41,9.261,JOR_UAE
2012,663,698,JOR,OMA,0,0.0,1,0.0,0.0,0,0.00018382050000000007,0.07499999999999998,7.786551806428712,4.653091496623109,21,4.41,9.261,JOR_OMA
2012,666,670,ISR,SAU,0,0.2097139656426392,1,0.0,0.0,0,0.0094366152,0.732,7.225044696186576,0.0,10,1.0,1.0,ISR_SAU
2012,666,679,ISR,YEM,0,0.0508488476994997,1,0.0,0.0,0,0.0024994104,0.394,7.621293149189817,0.0,67,44.89,300.763,ISR_YEM
2012,666,690,ISR,KUW,0,0.2470637583892617,1,0.0,0.0,0,0.0024793441999999997,0.441,7.131538625583686,0.0,45,20.25,91.125,ISR_KUW
2012,666,692,ISR,BHR,0,0.0,1,0.0,0.0,0,0.0037098592599999996,0.589,7.387771118354598,0.0,67,44.89,300.763,ISR_BHR
2012,666,694,ISR,QAT,0,0.2470637583892617,1,0.0,0.0,0,0.0027550993999999997,0.709,7.466055916772316,0.0,67,44.89,300.763,ISR_QAT
2012,666,696,ISR,UAE,0,0.2667808748017242,1,0.0,0.0,0,0.0010963795,0.661,7.622076694773489,0.0,67,44.89,300.763,ISR_UAE
2012,666,698,ISR,OMA,0,0.0,1,0.0,0.0,0,0.0026668305,0.58,7.811244419019083,0.0,67,44.89,300.763,ISR_OMA
2012,670,679,SAU,YEM,0,0.0515959578773318,1,0.0,0.0,1,0.0119360256,0.33799999999999997,6.976908137670454,7.132104023758862,6,0.36,0.216,SAU_YEM
2012,670,690,SAU,KUW,0,0.1658648483480209,1,0.0,0.0,1,0.011915959399999999,0.291,6.284507225801859,7.823583984138384,67,44.89,300.763,SAU_KUW
2012,670,692,SAU,BHR,0,0.1164694959895125,1,0.0,0.0,1,0.01314647446,0.14300000000000002,6.052559646467793,8.476153173130529,67,44.89,300.763,SAU_BHR
2012,670,694,SAU,QAT,0,0.1428454737076986,1,0.0,0.0,1,0.0121917146,0.023000000000000003,6.195629131824389,7.658555659288627,17,2.89,4.913,SAU_QAT
2012,670,696,SAU,UAE,0,0.2802573468013183,1,0.0,0.0,1,0.0105329947,0.071,6.652992053287465,8.953454704551628,67,44.89,300.763,SAU_UAE
2012,670,698,SAU,OMA,0,0.0978216259508222,1,0.0,0.0,1,0.0121034457,0.15200000000000002,7.100192169517185,7.738229701307202,67,44.89,300.763,SAU_OMA
2012,679,690,YEM,KUW,0,0.0508488476994997,1,0.0,0.0,1,2.0066200000000076e-05,0.046999999999999986,7.381937665049289,6.859663255056083,67,44.89,300.763,YEM_KUW
2012,679,692,YEM,BHR,0,0.0,1,0.0,0.0,1,0.0012104488599999999,0.19499999999999998,7.228388451573604,2.8123792249552313,67,44.89,300.763,YEM_BHR
2012,679,694,YEM,QAT,0,0.0508488476994997,1,0.0,0.0,1,0.0002556889999999999,0.315,7.201618210508999,4.470887688497776,67,44.89,300.763,YEM_QAT
2012,679,696,YEM,UAE,0,0.0536646474648497,1,0.0,0.0,1,0.0014030308999999999,0.267,7.2911111015022,7.793034527183821,67,44.89,300.763,YEM_UAE
2012,679,698,YEM,OMA,0,0.0,1,0.0,0.0,0,0.00016742009999999997,0.18599999999999997,7.475735983249187,4.991044916273562,67,44.89,300.763,YEM_OMA
2012,690,692,KUW,BHR,0,0.0,1,0.0,0.0,1,0.00123051506,0.148,6.076035448558252,5.584166535257568,67,44.89,300.763,KUW_BHR
2012,690,694,KUW,QAT,0,0.574141569154038,1,0.0,0.0,1,0.0002757552,0.268,6.355065451117447,7.0823506488467345,67,44.89,300.763,KUW_QAT
2012,690,696,KUW,UAE,0,0.6834021386372422,1,0.0,0.0,1,0.0013829646999999998,0.22,6.728867818922465,7.383032913679323,67,44.89,300.763,KUW_UAE
2012,690,698,KUW,OMA,0,0.0459965928449744,1,0.0,0.0,1,0.00018748630000000005,0.13899999999999998,7.118907217443969,6.341505190158931,67,44.89,300.763,KUW_OMA
2012,692,694,BHR,QAT,0,0.0,1,0.0,0.0,1,0.00095475986,0.12,4.954417614098027,6.420637474113259,26,6.76,17.576,BHR_QAT
2012,692,696,BHR,UAE,0,0.1398122800156433,1,0.0,0.0,1,0.0026134797599999997,0.07200000000000001,6.058422015232863,7.093904915985186,67,44.89,300.763,BHR_UAE
2012,692,698,BHR,OMA,0,0.4437400950871632,1,0.0,0.0,1,0.00104302876,0.009000000000000008,6.755419617678439,6.03030129232424,67,44.89,300.763,BHR_OMA
2012,694,696,QAT,UAE,0,0.474729500716986,1,0.0,0.0,1,0.0016587198999999998,0.047999999999999994,5.707442435487688,8.794601630358178,67,44.89,300.763,QAT_UAE
2012,694,698,QAT,OMA,0,0.0459965928449744,1,0.0,0.0,1,8.826889999999994e-05,0.129,6.606379879398354,6.22675057921343,67,44.89,300.763,QAT_OMA
2012,696,698,UAE,OMA,0,0.1447008212749315,1,0.0,0.0,1,0.0015704509999999998,0.08100000000000002,6.0888180923638915,9.240618139001567,67,44.89,300.763,UAE_OMA
2013,630,640,IRN,TUR,0,0.0664224616164275,1,0.0,0.0,0,0.00010184199999999956,0.295,7.4353790210240085,10.037998384103695,1,0.01,0.001,IRN_TUR
2013,630,645,IRN,IRQ,0,0.0,1,0.0,0.0,0,0.0082828244,0.24,6.5441995739511825,4.067872156322164,2,0.04,0.008,IRN_IRQ
2013,630,651,IRN,EGY,0,0.0988525206922498,1,0.0,0.0,0,0.004688093000000001,0.013000000000000012,7.5927190667340625,4.732403097257804,20,4.0,8.0,IRN_EGY
2013,630,652,IRN,SYR,0,0.3113145846958796,1,0.0,0.0,0,0.0115521522,0.03799999999999998,7.247080584585756,7.458644817998889,68,46.24,314.432,IRN_SYR
2013,630,660,IRN,LEB,0,0.0,1,0.0,0.0,0,0.01375631635,0.312,7.291860547968892,3.803189064406677,68,46.24,314.432,IRN_LEB
2013,630,663,IRN,JOR,0,0.3113145846958796,1,0.0,0.0,0,0.0132428105,0.08100000000000002,7.305188215393037,3.3527993306063273,68,46.24,314.432,IRN_JOR
2013,630,666,IRN,ISR,0,0.0,1,0.0,0.0,0,0.0106121515,0.56,7.35224877405778,0.0,3,0.09,0.027,IRN_ISR
2013,630,670,IRN,SAU,0,0.0,1,0.0,0.0,0,0.0008639660000000007,0.156,7.174111564719166,7.261297420816802,1,0.01,0.001,IRN_SAU
2013,630,679,IRN,YEM,0,0.0,1,0.0,0.0,0,0.0129256409,0.16200000000000003,7.772289451283258,2.442434857599676,68,46.24,314.432,IRN_YEM
2013,630,690,IRN,KUW,0,0.0,1,0.0,0.0,0,0.0130246227,0.137,6.652475857637857,6.441269582548146,25,6.25,15.625,IRN_KUW
2013,630,692,IRN,BHR,0,0.0,1,0.0,0.0,0,0.01412797011,0.011999999999999983,6.964135612418245,4.416802677204285,25,6.25,15.625,IRN_BHR
2013,630,694,IRN,QAT,0,0.0,1,0.0,0.0,0,0.0132789601,0.13199999999999998,7.055916629962658,3.979547028017873,9,0.81,0.729,IRN_QAT
2013,630,696,IRN,UAE,0,0.2182430662894057,1,0.0,0.0,0,0.011500530600000001,0.08299999999999999,7.155474362862388,10.376033852702614,9,0.81,0.729,IRN_UAE
2013,630,698,IRN,OMA,0,0.0,1,0.0,0.0,0,0.012766422000000001,0.002999999999999975,7.320725486576075,6.282658670084079,29,8.41,24.389,IRN_OMA
2013,640,645,TUR,IRQ,0,0.4781056018609472,1,0.0,0.0,0,0.0083846664,0.05499999999999999,7.141165942652124,9.39720874299275,1,0.01,0.001,TUR_IRQ
2013,640,651,TUR,EGY,0,0.500153773283488,1,0.0,0.0,0,0.004789935,0.282,7.011574607621134,8.473655826111315,54,29.16,157.464,TUR_EGY
2013,640,652,TUR,SYR,0,0.0,1,0.0,0.0,0,0.0116539942,0.33299999999999996,6.655955018418123,7.414971536816697,1,0.01,0.001,TUR_SYR
2013,640,660,TUR,LEB,0,0.4442211228348122,1,0.0,0.0,0,0.01385815835,0.017000000000000015,6.56512411504534,7.041347619749284,68,46.24,314.432,TUR_LEB
2013,640,663,TUR,JOR,0,0.2689771085609234,1,0.0,0.0,0,0.0133446525,0.21399999999999997,6.834216375647267,6.800482870154109,22,4.84,10.648,TUR_JOR
2013,640,666,TUR,ISR,0,0.3858655581031752,1,0.0,0.0,0,0.010713993500000001,0.265,6.83722551279161,8.241097391463132,1,0.01,0.001,TUR_ISR
2013,640,670,TUR,SAU,0,0.5169494476448995,1,0.0,0.0,0,0.0009658080000000003,0.45099999999999996,7.664581236205265,8.734932711219487,68,46.24,314.432,TUR_SAU
2013,640,679,TUR,YEM,0,0.0,1,0.0,0.0,0,0.0130274829,0.13299999999999995,7.9884411791167915,6.283946251625883,68,46.24,314.432,TUR_YEM
2013,640,690,TUR,KUW,0,0.4934229462543881,1,0.0,0.0,0,0.0131264647,0.15799999999999997,7.501247856381898,6.395435305898832,68,46.24,314.432,TUR_KUW
2013,640,692,TUR,BHR,0,0.0,1,0.0,0.0,0,0.01422981211,0.30699999999999994,7.714454334226198,5.964334148655731,68,46.24,314.432,TUR_BHR
2013,640,694,TUR,QAT,0,0.4934229462543881,1,0.0,0.0,0,0.0133808021,0.427,7.775401836029897,6.696773942185014,68,46.24,314.432,TUR_QAT
2013,640,696,TUR,UAE,0,0.4519017335256827,1,0.0,0.0,0,0.0116023726,0.378,7.879707749681193,9.440627387884456,68,46.24,314.432,TUR_UAE
2013,640,698,TUR,OMA,0,0.1777777777777777,1,0.0,0.0,0,0.012868264,0.29799999999999993,8.011852497880817,5.538481128806114,68,46.24,314.432,TUR_OMA
2013,645,651,IRQ,EGY,0,0.6051786851961877,1,1.0,1.0,0,0.0035947313999999996,0.22699999999999998,7.168733968599368,7.164136913925772,14,1.96,2.744,IRQ_EGY
2013,645,652,IRQ,SYR,0,0.0,1,0.0,0.0,0,0.0032693278000000005,0.27799999999999997,6.622869293832357,9.183265708804676,1,0.01,0.001,IRQ_SYR
2013,645,660,IRQ,LEB,0,0.8107238101214194,1,1.0,1.0,0,0.00547349195,0.07200000000000001,6.719978871505218,5.477574482736463,68,46.24,314.432,IRQ_LEB
2013,645,663,IRQ,JOR,0,0.2135210999571815,1,0.0,0.0,0,0.004959986100000001,0.15899999999999997,6.69369534640097,7.421387081742327,14,1.96,2.744,IRQ_JOR
2013,645,666,IRQ,ISR,0,0.3790554673763792,1,0.0,0.0,0,0.0023293271000000004,0.32,6.778898656857133,0.0,10,1.0,1.0,IRQ_ISR
2013,645,670,IRQ,SAU,0,0.6425779781882167,1,1.0,1.0,0,0.0074188584,0.39599999999999996,6.896289800872859,0.6095205633479489,10,1.0,1.0,IRQ_SAU
2013,645,679,IRQ,YEM,0,0.0056474131710224,1,0.0,0.0,0,0.004642816500000001,0.07799999999999996,7.60150227961405,4.0146315418623955,68,46.24,314.432,IRQ_YEM
2013,645,690,IRQ,KUW,0,0.6229892761394101,1,1.0,1.0,0,0.004741798300000001,0.10299999999999998,6.324358962381311,0.0,10,1.0,1.0,IRQ_KUW
2013,645,692,IRQ,BHR,0,0.0,1,0.0,0.0,0,0.00584514571,0.252,6.9000254809201955,0.2456738042745783,10,1.0,1.0,IRQ_BHR
2013,645,694,IRQ,QAT,0,0.5926553074399408,1,1.0,1.0,0,0.0049961357,0.372,7.032006241319994,5.319964908588992,10,1.0,1.0,IRQ_QAT
2013,645,696,IRQ,UAE,0,0.731689406738319,1,1.0,1.0,0,0.0032177062000000004,0.32299999999999995,7.232082635630662,2.1504793458659535,10,1.0,1.0,IRQ_UAE
2013,645,698,IRQ,OMA,0,0.1777777777777777,1,0.0,0.0,0,0.0044835976,0.24299999999999997,7.471249251315212,6.740704318859544,10,1.0,1.0,IRQ_OMA
2013,651,652,EGY,SYR,0,0.0954665161775771,1,0.0,0.0,0,0.0068640592,0.05099999999999999,6.423246963533519,6.510401380887627,68,46.24,314.432,EGY_SYR
2013,651,660,EGY,LEB,0,0.5712942061700527,1,1.0,1.0,0,0.00906822335,0.299,6.376556865408209,6.862163217426555,68,46.24,314.432,EGY_LEB
2013,651,663,EGY,JOR,0,0.3202742978503343,1,0.0,0.0,0,0.0085547175,0.068,6.209595556598647,6.905842069964382,22,4.84,10.648,EGY_JOR
2013,651,666,EGY,ISR,0,0.6470886638621743,1,0.0,0.0,0,0.0059240585,0.5469999999999999,6.0553778728516345,5.076948240010616,2,0.04,0.008,EGY_ISR
2013,651,670,EGY,SAU,0,0.6663411852139207,1,1.0,1.0,0,0.003824127,0.169,7.401536468138869,8.450222851803519,46,21.16,97.336,EGY_SAU
2013,651,679,EGY,YEM,0,0.0,1,0.0,0.0,0,0.0082375479,0.14900000000000002,7.651357903030576,5.773878026856143,68,46.24,314.432,EGY_YEM
2013,651,690,EGY,KUW,0,0.5825808878856283,1,1.0,1.0,0,0.0083365297,0.124,7.388946097618437,7.9813247304050465,68,46.24,314.432,EGY_KUW
2013,651,692,EGY,BHR,0,0.0160835214446952,1,0.0,0.0,0,0.00943987711,0.024999999999999994,7.571679600865179,4.54339891514586,68,46.24,314.432,EGY_BHR
2013,651,694,EGY,QAT,0,0.5868133935289692,1,1.0,1.0,0,0.0085908671,0.145,7.632740216390833,5.911299932004037,68,46.24,314.432,EGY_QAT
2013,651,696,EGY,UAE,0,0.6762507419037465,1,1.0,1.0,0,0.0068124376,0.096,7.768321862083931,7.369443997470945,68,46.24,314.432,EGY_UAE
2013,651,698,EGY,OMA,0,0.1820102834211186,1,0.0,0.0,0,0.008078329,0.015999999999999986,7.937374696163295,5.512705742925634,68,46.24,314.432,EGY_OMA
2013,652,660,SYR,LEB,0,0.0,1,0.0,0.0,0,0.00220416415,0.35,4.487512142519859,6.381584146194405,1,0.01,0.001,SYR_LEB
2013,652,663,SYR,JOR,0,0.3425472191826443,1,0.0,0.0,0,0.0016906583,0.119,5.176149732573829,6.182343447672204,1,0.01,0.001,SYR_JOR
2013,652,666,SYR,ISR,0,0.0,1,0.0,0.0,0,0.0009400007000000001,0.598,5.392718041969521,0.0,1,0.01,0.001,SYR_ISR
2013,652,670,SYR,SAU,1,0.0,1,0.0,0.0,0,0.0106881862,0.11800000000000001,7.249570360013846,8.720626175516609,68,46.24,314.432,SYR_SAU
2013,652,679,SYR,YEM,0,0.0,1,0.0,0.0,0,0.0013734886999999998,0.2,7.682666761344722,4.248612406613895,68,46.24,314.432,SYR_YEM
2013,652,690,SYR,KUW,0,0.0,1,0.0,0.0,0,0.0014724704999999998,0.175,7.089243155027514,7.287884185774462,68,46.24,314.432,SYR_KUW
2013,652,692,SYR,BHR,0,0.0,1,0.0,0.0,0,0.00257581791,0.025999999999999995,7.375443730270433,4.472883743805362,68,46.24,314.432,SYR_BHR
2013,652,694,SYR,QAT,0,0.0,1,0.0,0.0,0,0.0017268078999999998,0.094,7.457840076700244,3.7359035835711927,68,46.24,314.432,SYR_QAT
2013,652,696,SYR,UAE,0,0.2182430662894057,1,0.0,0.0,0,5.162160000000016e-05,0.04500000000000001,7.61085279039525,8.034175485236638,68,46.24,314.432,SYR_UAE
2013,652,698,SYR,OMA,0,0.0,1,0.0,0.0,0,0.0012142697999999999,0.035,7.796551476546899,3.652961638384706,68,46.24,314.432,SYR_OMA
2013,660,663,LEB,JOR,0,0.2135210999571815,1,0.0,0.0,0,0.0005135058499999999,0.23099999999999998,5.40042258948519,6.00646785745718,68,46.24,314.432,LEB_JOR
2013,660,666,LEB,ISR,0,0.3451709883502442,1,0.0,0.0,0,0.0031441648499999997,0.248,5.477717994914328,0.0,1,0.01,0.001,LEB_ISR
2013,660,670,LEB,SAU,0,0.6086934991620817,1,1.0,1.0,0,0.01289235035,0.46799999999999997,7.308944592227513,6.708586997663756,68,46.24,314.432,LEB_SAU
2013,660,679,LEB,YEM,0,0.0,1,0.0,0.0,0,0.0008306754500000001,0.14999999999999997,7.714855949617927,2.897791937920277,68,46.24,314.432,LEB_YEM
2013,660,690,LEB,KUW,0,0.6229892761394101,1,1.0,1.0,0,0.0007316936500000001,0.175,7.158903026705945,6.560042129364772,68,46.24,314.432,LEB_KUW
2013,660,692,LEB,BHR,0,0.0,1,0.0,0.0,0,0.00037165376,0.32399999999999995,7.428927194802272,3.126101985830518,68,46.24,314.432,LEB_BHR
2013,660,694,LEB,QAT,0,0.5926553074399408,1,1.0,1.0,0,0.00047735625000000005,0.444,7.507250903460627,4.841172705253469,68,46.24,314.432,LEB_QAT
2013,660,696,LEB,UAE,0,0.7294710301586242,1,1.0,1.0,0,0.00225578575,0.395,7.6533051383351305,6.690300316919903,68,46.24,314.432,LEB_UAE
2013,660,698,LEB,OMA,0,0.1777777777777777,1,0.0,0.0,0,0.00098989435,0.31499999999999995,7.831656973857627,3.6992705046675916,68,46.24,314.432,LEB_OMA
2013,663,666,JOR,ISR,0,0.2135210999571815,1,0.0,0.0,0,0.002630659,0.479,4.289088639014612,5.726396245023787,22,4.84,10.648,JOR_ISR
2013,663,670,JOR,SAU,0,0.2430502238048811,1,0.0,0.0,0,0.0123788445,0.23700000000000002,7.190977420711825,8.654659526988134,22,4.84,10.648,JOR_SAU
2013,663,679,JOR,YEM,0,0.0,1,0.0,0.0,0,0.00031716960000000016,0.08100000000000002,7.614756053830618,4.390895266840527,68,46.24,314.432,JOR_YEM
2013,663,690,JOR,KUW,0,0.224939340596603,1,0.0,0.0,0,0.00021818780000000017,0.055999999999999994,7.078847353824543,5.638796920280826,23,5.29,12.167,JOR_KUW
2013,663,692,JOR,BHR,0,0.0,1,0.0,0.0,0,0.0008851596099999999,0.093,7.351286587896758,4.626231334739306,22,4.84,10.648,JOR_BHR
2013,663,694,JOR,QAT,0,0.224939340596603,1,0.0,0.0,0,3.614959999999985e-05,0.213,7.433134483755639,4.7086702821382485,22,4.84,10.648,JOR_QAT
2013,663,696,JOR,UAE,0,0.4360006492980875,1,0.0,0.0,0,0.0017422799,0.164,7.5932734323775914,6.843507862136266,22,4.84,10.648,JOR_UAE
2013,663,698,JOR,OMA,0,0.1777777777777777,1,0.0,0.0,0,0.00047638850000000007,0.08399999999999999,7.786551806428712,3.99615639331058,22,4.84,10.648,JOR_OMA
2013,666,670,ISR,SAU,0,0.4233605492855254,1,0.0,0.0,0,0.0097481855,0.716,7.225044696186576,0.0,11,1.21,1.331,ISR_SAU
2013,666,679,ISR,YEM,0,0.0,1,0.0,0.0,0,0.0023134894,0.39799999999999996,7.621293149189817,0.0,68,46.24,314.432,ISR_YEM
2013,666,690,ISR,KUW,0,0.3451709883502442,1,0.0,0.0,0,0.0024124712,0.423,7.131538625583686,0.0,46,21.16,97.336,ISR_KUW
2013,666,692,ISR,BHR,0,0.0,1,0.0,0.0,0,0.0035158186099999997,0.572,7.387771118354598,0.0,68,46.24,314.432,ISR_BHR
2013,666,694,ISR,QAT,0,0.3451709883502442,1,0.0,0.0,0,0.0026668086,0.692,7.466055916772316,0.0,68,46.24,314.432,ISR_QAT
2013,666,696,ISR,UAE,0,0.3461104847801578,1,0.0,0.0,0,0.0008883790999999999,0.643,7.622076694773489,0.0,68,46.24,314.432,ISR_UAE
2013,666,698,ISR,OMA,0,0.1777777777777777,1,0.0,0.0,0,0.0021542705,0.563,7.811244419019083,0.0,68,46.24,314.432,ISR_OMA
2013,670,679,SAU,YEM,0,0.0,1,0.0,0.0,0,0.0120616749,0.318,6.976908137670454,7.192739239802144,7,0.49,0.343,SAU_YEM
2013,670,690,SAU,KUW,0,0.6089020013604768,1,1.0,1.0,0,0.0121606567,0.293,6.284507225801859,7.884242606965145,68,46.24,314.432,SAU_KUW
2013,670,692,SAU,BHR,0,0.0690732317614474,1,0.0,0.0,0,0.01326400411,0.14400000000000002,6.052559646467793,8.536823176359603,68,46.24,314.432,SAU_BHR
2013,670,694,SAU,QAT,0,0.6955511423479002,1,1.0,1.0,0,0.0124149941,0.024000000000000004,6.195629131824389,7.900693224976095,18,3.24,5.832,SAU_QAT
2013,670,696,SAU,UAE,0,0.6189411824097895,1,1.0,1.0,0,0.0106365646,0.073,6.652992053287465,9.014129325259251,68,46.24,314.432,SAU_UAE
2013,670,698,SAU,OMA,0,0.280465110487342,1,0.0,0.0,0,0.011902456,0.15300000000000002,7.100192169517185,7.877221440914754,68,46.24,314.432,SAU_OMA
2013,679,690,YEM,KUW,0,0.0,1,0.0,0.0,0,9.89818e-05,0.025000000000000022,7.381937665049289,6.920283669919378,68,46.24,314.432,YEM_KUW
2013,679,692,YEM,BHR,0,0.0,1,0.0,0.0,0,0.00120232921,0.17400000000000002,7.228388451573604,2.8695188392370587,68,46.24,314.432,YEM_BHR
2013,679,694,YEM,QAT,0,0.0,1,0.0,0.0,0,0.0003533192,0.29400000000000004,7.201618210508999,4.128600616054467,68,46.24,314.432,YEM_QAT
2013,679,696,YEM,UAE,0,0.0022183765796946,1,0.0,0.0,0,0.0014251103,0.24500000000000002,7.2911111015022,7.853692498573741,68,46.24,314.432,YEM_UAE
2013,679,698,YEM,OMA,0,0.0,1,0.0,0.0,0,0.0001592188999999999,0.165,7.475735983249187,5.004927099977492,68,46.24,314.432,YEM_OMA
2013,690,692,KUW,BHR,0,0.0,1,0.0,0.0,0,0.00110334741,0.149,6.076035448558252,5.644627551470111,68,46.24,314.432,KUW_BHR
2013,690,694,KUW,QAT,0,0.8212509260239179,1,1.0,1.0,0,0.0002543374,0.269,6.355065451117447,7.029865118286265,68,46.24,314.432,KUW_QAT
2013,690,696,KUW,UAE,0,0.6272257591909104,1,1.0,1.0,0,0.0015240921,0.22,6.728867818922465,7.443678486984948,68,46.24,314.432,KUW_UAE
2013,690,698,KUW,OMA,0,0.1777777777777777,1,0.0,0.0,0,0.0002582006999999999,0.13999999999999999,7.118907217443969,6.265296688012644,68,46.24,314.432,KUW_OMA
2013,692,694,BHR,QAT,0,0.0446784745492261,1,0.0,0.0,0,0.00084901001,0.12,4.954417614098027,6.436565602660556,27,7.29,19.683,BHR_QAT
2013,692,696,BHR,UAE,0,0.0037486456092062,1,0.0,0.0,0,0.00262743951,0.07100000000000001,6.058422015232863,7.154538322696603,68,46.24,314.432,BHR_UAE
2013,692,698,BHR,OMA,0,0.0446784745492261,1,0.0,0.0,0,0.00136154811,0.009000000000000008,6.755419617678439,5.94147053986016,68,46.24,314.432,BHR_OMA
2013,694,696,QAT,UAE,0,0.5981755732343199,1,1.0,1.0,0,0.0017784295,0.048999999999999995,5.707442435487688,9.054819195113408,68,46.24,314.432,QAT_UAE
2013,694,698,QAT,OMA,0,0.3565268517538599,1,0.0,0.0,0,0.0005125380999999999,0.129,6.606379879398354,6.027097268610766,68,46.24,314.432,QAT_OMA
2013,696,698,UAE,OMA,0,0.1790615605206566,1,0.0,0.0,0,0.0012658914,0.08000000000000002,6.0888180923638915,9.362019371144486,68,46.24,314.432,UAE_OMA
2014,630,640,IRN,TUR,1,0.0,1,0.0,0.0,0,4.002200000000067e-05,0.243,7.4353790210240085,9.61553737748139,2,0.04,0.008,IRN_TUR
2014,630,645,IRN,IRQ,0,0.2879848352289297,1,0.0,0.0,0,0.0081053706,0.22000000000000003,6.5441995739511825,4.058715692004115,3,0.09,0.027,IRN_IRQ
2014,630,651,IRN,EGY,0,0.0502916533081954,1,0.0,0.0,0,0.004725167399999999,0.045999999999999985,7.5927190667340625,4.249229686564661,21,4.41,9.261,IRN_EGY
2014,630,652,IRN,SYR,0,0.4644412191582003,1,0.0,0.0,0,0.0116713009,0.045999999999999985,7.247080584585756,7.466462254072241,69,47.61,328.509,IRN_SYR
2014,630,660,IRN,LEB,0,0.0,1,0.0,0.0,0,0.01374767017,0.303,7.291860547968892,3.822177769578088,69,47.61,328.509,IRN_LEB
2014,630,663,IRN,JOR,0,0.0,1,0.0,0.0,0,0.013230545199999999,0.07200000000000001,7.305188215393037,3.567710727844925,69,47.61,328.509,IRN_JOR
2014,630,666,IRN,ISR,0,0.0,1,0.0,0.0,0,0.010123645300000001,0.55,7.35224877405778,0.0,4,0.16,0.064,IRN_ISR
2014,630,670,IRN,SAU,0,0.0,1,0.0,0.0,0,0.001716368000000001,0.16599999999999998,7.174111564719166,7.25198733021479,2,0.04,0.008,IRN_SAU
2014,630,679,IRN,YEM,0,0.0,1,0.0,0.0,0,0.0129125703,0.11699999999999999,7.772289451283258,2.433931725767857,69,47.61,328.509,IRN_YEM
2014,630,690,IRN,KUW,0,0.0,1,0.0,0.0,0,0.0129985662,0.132,6.652475857637857,6.43196786787013,26,6.76,17.576,IRN_KUW
2014,630,692,IRN,BHR,0,0.0,1,0.0,0.0,0,0.01413004253,0.022999999999999993,6.964135612418245,4.407599030872841,26,6.76,17.576,IRN_BHR
2014,630,694,IRN,QAT,0,0.0,1,0.0,0.0,0,0.013022911,0.141,7.055916629962658,4.246029433010915,10,1.0,1.0,IRN_QAT
2014,630,696,IRN,UAE,0,0.1901039097694913,1,0.0,0.0,0,0.0115274949,0.094,7.155474362862388,10.36671751093485,10,1.0,1.0,IRN_UAE
2014,630,698,IRN,OMA,0,0.0,1,0.0,0.0,0,0.012677872,0.01100000000000001,7.320725486576075,6.821844550601994,30,9.0,27.0,IRN_OMA
2014,640,645,TUR,IRQ,0,0.3366144797162875,1,0.0,0.0,0,0.0080653486,0.022999999999999965,7.141165942652124,9.494803268436565,1,0.01,0.001,TUR_IRQ
2014,640,651,TUR,EGY,0,0.4763282632667333,1,0.0,0.0,0,0.004685145399999998,0.289,7.011574607621134,8.347413234937905,55,30.25,166.375,TUR_EGY
2014,640,652,TUR,SYR,0,0.0,1,0.0,0.0,0,0.0116312789,0.289,6.655955018418123,7.100711750729931,1,0.01,0.001,TUR_SYR
2014,640,660,TUR,LEB,0,0.3495891358878989,1,0.0,0.0,0,0.01370764817,0.06,6.56512411504534,6.993242002611634,69,47.61,328.509,TUR_LEB
2014,640,663,TUR,JOR,0,0.3867744099285585,1,0.0,0.0,0,0.013190523199999998,0.17099999999999999,6.834216375647267,6.72148709649625,23,5.29,12.167,TUR_JOR
2014,640,666,TUR,ISR,0,0.3564460304859457,1,0.0,0.0,0,0.0100836233,0.307,6.83722551279161,8.470637017032386,2,0.04,0.008,TUR_ISR
2014,640,670,TUR,SAU,0,0.4128443954730174,1,0.0,0.0,0,0.0017563900000000018,0.409,7.664581236205265,8.61730998275101,69,47.61,328.509,TUR_SAU
2014,640,679,TUR,YEM,0,0.1397822567273755,1,0.0,0.0,0,0.0128725483,0.126,7.9884411791167915,6.50270146628042,69,47.61,328.509,TUR_YEM
2014,640,690,TUR,KUW,0,0.360314851656431,1,0.0,0.0,0,0.0129585442,0.11099999999999999,7.501247856381898,6.492308635683954,69,47.61,328.509,TUR_KUW
2014,640,692,TUR,BHR,0,0.3495891358878989,1,0.0,0.0,0,0.014090020529999999,0.266,7.714454334226198,5.972407841043376,69,47.61,328.509,TUR_BHR
2014,640,694,TUR,QAT,0,0.036675028111755,1,0.0,0.0,0,0.012982889,0.384,7.775401836029897,6.543184861951769,69,47.61,328.509,TUR_QAT
2014,640,696,TUR,UAE,0,0.387059628048593,1,0.0,0.0,0,0.0114874729,0.33699999999999997,7.879707749681193,9.291704759691886,69,47.61,328.509,TUR_UAE
2014,640,698,TUR,OMA,0,0.2607405075202256,1,0.0,0.0,0,0.012637849999999999,0.254,8.011852497880817,6.2883598842919675,69,47.61,328.509,TUR_OMA
2014,645,651,IRQ,EGY,0,0.6066581016958975,1,1.0,1.0,0,0.003380203200000001,0.266,7.168733968599368,6.990378684557649,15,2.25,3.375,IRQ_EGY
2014,645,652,IRQ,SYR,0,0.2879848352289297,1,0.0,0.0,0,0.0035659303,0.266,6.622869293832357,9.281575328111822,1,0.01,0.001,IRQ_SYR
2014,645,660,IRQ,LEB,0,0.558089093030038,1,1.0,1.0,0,0.00564229957,0.08299999999999996,6.719978871505218,5.5876579753676925,69,47.61,328.509,IRQ_LEB
2014,645,663,IRQ,JOR,0,0.558089093030038,1,1.0,1.0,0,0.0051251746,0.14800000000000002,6.69369534640097,7.542537535808756,15,2.25,3.375,IRQ_JOR
2014,645,666,IRQ,ISR,0,0.2984579671696236,1,0.0,0.0,0,0.0020182747000000003,0.32999999999999996,6.778898656857133,0.0,11,1.21,1.331,IRQ_ISR
2014,645,670,IRQ,SAU,0,0.3405257382153049,1,0.0,0.0,0,0.009821738600000001,0.386,6.896289800872859,0.6052792950534149,11,1.21,1.331,IRQ_SAU
2014,645,679,IRQ,YEM,0,0.0629722921914357,1,0.0,0.0,0,0.0048071997,0.10300000000000004,7.60150227961405,4.005483767021491,69,47.61,328.509,IRQ_YEM
2014,645,690,IRQ,KUW,0,0.558089093030038,1,1.0,1.0,0,0.0048931956,0.08800000000000002,6.324358962381311,0.0,11,1.21,1.331,IRQ_KUW
2014,645,692,IRQ,BHR,0,0.558089093030038,1,1.0,1.0,0,0.006024671929999999,0.24300000000000002,6.9000254809201955,0.24365179627035066,11,1.21,1.331,IRQ_BHR
2014,645,694,IRQ,QAT,0,0.0,1,0.0,0.0,0,0.0049175404,0.36100000000000004,7.032006241319994,5.300567084034861,11,1.21,1.331,IRQ_QAT
2014,645,696,IRQ,UAE,0,0.6261508993456315,1,0.0,0.0,0,0.0034221243,0.31400000000000006,7.232082635630662,2.1422518437442437,11,1.21,1.331,IRQ_UAE
2014,645,698,IRQ,OMA,0,0.0915855752718946,1,0.0,0.0,0,0.0045725014,0.23100000000000004,7.471249251315212,6.188600883620854,11,1.21,1.331,IRQ_OMA
2014,651,652,EGY,SYR,0,0.0485690086658595,1,0.0,0.0,0,0.006946133500000001,0.0,6.423246963533519,6.568025452170845,69,47.61,328.509,EGY_SYR
2014,651,660,EGY,LEB,0,0.7169120637761328,1,1.0,1.0,0,0.009022502770000001,0.349,6.376556865408209,6.79328903169678,69,47.61,328.509,EGY_LEB
2014,651,663,EGY,JOR,0,0.6886798321378499,1,1.0,1.0,0,0.008505377800000002,0.118,6.209595556598647,6.717174218201278,23,5.29,12.167,EGY_JOR
2014,651,666,EGY,ISR,1,0.4601951585889392,1,0.0,0.0,0,0.005398477900000001,0.596,6.0553778728516345,4.950409167869905,3,0.09,0.027,EGY_ISR
2014,651,670,EGY,SAU,0,0.4317359327520104,1,0.0,0.0,0,0.0064415354,0.12000000000000001,7.401536468138869,8.565283243898,47,22.09,103.823,EGY_SAU
2014,651,679,EGY,YEM,0,0.1168049372644328,1,0.0,0.0,0,0.008187402900000001,0.16299999999999998,7.651357903030576,5.749885698900173,69,47.61,328.509,EGY_YEM
2014,651,690,EGY,KUW,0,0.6769335092958744,1,1.0,1.0,0,0.008273398800000002,0.178,7.388946097618437,7.972840221812896,69,47.61,328.509,EGY_KUW
2014,651,692,EGY,BHR,0,0.589837512914436,1,1.0,1.0,0,0.00940487513,0.022999999999999993,7.571679600865179,5.572885589619412,69,47.61,328.509,EGY_BHR
2014,651,694,EGY,QAT,0,0.0389987606528823,1,0.0,0.0,0,0.0082977436,0.095,7.632740216390833,5.616826368866363,69,47.61,328.509,EGY_QAT
2014,651,696,EGY,UAE,0,0.5568293817134631,1,0.0,0.0,0,0.006802327500000001,0.048000000000000015,7.768321862083931,7.566509131791953,69,47.61,328.509,EGY_UAE
2014,651,698,EGY,OMA,0,0.2251713726973484,1,0.0,0.0,0,0.0079527046,0.034999999999999976,7.937374696163295,5.652828666496329,69,47.61,328.509,EGY_OMA
2014,652,660,SYR,LEB,0,0.0,1,0.0,0.0,0,0.00207636927,0.349,4.487512142519859,6.433234727786602,1,0.01,0.001,SYR_LEB
2014,652,663,SYR,JOR,0,0.0,1,0.0,0.0,0,0.0015592443,0.118,5.176149732573829,6.060081404577189,1,0.01,0.001,SYR_JOR
2014,652,666,SYR,ISR,0,0.0,1,0.0,0.0,0,0.0015476555999999995,0.596,5.392718041969521,0.0,1,0.01,0.001,SYR_ISR
2014,652,670,SYR,SAU,0,0.0,1,0.0,0.0,0,0.0133876689,0.12000000000000001,7.249570360013846,8.75249293986081,1,0.01,0.001,SYR_SAU
2014,652,679,SYR,YEM,0,0.0,1,0.0,0.0,0,0.0012412694,0.16299999999999998,7.682666761344722,4.3391131576531,69,47.61,328.509,SYR_YEM
2014,652,690,SYR,KUW,0,0.0,1,0.0,0.0,0,0.0013272653,0.178,7.089243155027514,7.3615209711174705,69,47.61,328.509,SYR_KUW
2014,652,692,SYR,BHR,0,0.0,1,0.0,0.0,0,0.00245874163,0.022999999999999993,7.375443730270433,4.553977760197344,69,47.61,328.509,SYR_BHR
2014,652,694,SYR,QAT,0,0.0,1,0.0,0.0,0,0.0013516101,0.095,7.457840076700244,3.386637194730825,69,47.61,328.509,SYR_QAT
2014,652,696,SYR,UAE,0,0.1746900792476406,1,0.0,0.0,0,0.0001438059999999998,0.048000000000000015,7.61085279039525,8.06802284247508,69,47.61,328.509,SYR_UAE
2014,652,698,SYR,OMA,0,0.0,1,0.0,0.0,0,0.0010065711,0.034999999999999976,7.796551476546899,2.318582322272152,69,47.61,328.509,SYR_OMA
2014,660,663,LEB,JOR,0,0.7099447513812154,1,1.0,1.0,0,0.00051712497,0.23099999999999998,5.40042258948519,5.808536106197109,69,47.61,328.509,LEB_JOR
2014,660,666,LEB,ISR,0,0.2984579671696236,1,0.0,0.0,0,0.0036240248699999996,0.247,5.477717994914328,0.0,1,0.01,0.001,LEB_ISR
2014,660,670,LEB,SAU,0,0.4444981203034625,1,0.0,0.0,0,0.015464038170000001,0.469,7.308944592227513,6.767243948886128,69,47.61,328.509,LEB_SAU
2014,660,679,LEB,YEM,0,0.0629722921914357,1,0.0,0.0,0,0.0008350998700000001,0.186,7.714855949617927,2.99525075764381,69,47.61,328.509,LEB_YEM
2014,660,690,LEB,KUW,0,0.6729857819905213,1,1.0,1.0,0,0.00074910397,0.17099999999999999,7.158903026705945,6.577355123903963,69,47.61,328.509,LEB_KUW
2014,660,692,LEB,BHR,0,0.589837512914436,1,1.0,1.0,0,0.00038237235999999993,0.32599999999999996,7.428927194802272,3.194810483502093,69,47.61,328.509,LEB_BHR
2014,660,694,LEB,QAT,0,0.1301395699735948,1,0.0,0.0,0,0.00072475917,0.444,7.507250903460627,5.115429329334342,69,47.61,328.509,LEB_QAT
2014,660,696,LEB,UAE,0,0.5816003900715857,1,0.0,0.0,0,0.00222017527,0.397,7.6533051383351305,6.748898424131577,69,47.61,328.509,LEB_UAE
2014,660,698,LEB,OMA,0,0.2217251452454895,1,0.0,0.0,0,0.00106979817,0.314,7.831656973857627,3.797804977573268,69,47.61,328.509,LEB_OMA
2014,663,666,JOR,ISR,0,0.2984579671696236,1,0.0,0.0,0,0.0031068998999999996,0.478,4.289088639014612,5.870295058888315,23,5.29,12.167,JOR_ISR
2014,663,670,JOR,SAU,0,0.3567486657543373,1,0.0,0.0,0,0.014946913200000002,0.238,7.190977420711825,8.532223330840392,23,5.29,12.167,JOR_SAU
2014,663,679,JOR,YEM,0,0.0629722921914357,1,0.0,0.0,0,0.00031797490000000004,0.044999999999999984,7.614756053830618,4.776972189118976,69,47.61,328.509,JOR_YEM
2014,663,690,JOR,KUW,0,0.6729857819905213,1,1.0,1.0,0,0.000231979,0.06,7.078847353824543,5.774457131149622,24,5.76,13.824,JOR_KUW
2014,663,692,JOR,BHR,0,0.5635390250774867,1,1.0,1.0,0,0.00089949733,0.095,7.351286587896758,4.675494064625231,23,5.29,12.167,JOR_BHR
2014,663,694,JOR,QAT,0,0.0,1,0.0,0.0,0,0.0002076342,0.213,7.433134483755639,4.848211026784542,23,5.29,12.167,JOR_QAT
2014,663,696,JOR,UAE,0,0.4514608200979908,1,0.0,0.0,0,0.0017030503,0.166,7.5932734323775914,6.987299277705651,23,5.29,12.167,JOR_UAE
2014,663,698,JOR,OMA,0,0.1417455054841657,1,0.0,0.0,0,0.0005526732000000001,0.08300000000000002,7.786551806428712,4.128890809370323,23,5.29,12.167,JOR_OMA
2014,666,670,ISR,SAU,0,0.3413384092407939,1,0.0,0.0,0,0.0118400133,0.716,7.225044696186576,0.0,12,1.44,1.728,ISR_SAU
2014,666,679,ISR,YEM,0,0.0629722921914357,1,0.0,0.0,0,0.0027889249999999994,0.433,7.621293149189817,0.0,69,47.61,328.509,ISR_YEM
2014,666,690,ISR,KUW,0,0.2984579671696236,1,0.0,0.0,0,0.0028749208999999994,0.418,7.131538625583686,0.0,47,22.09,103.823,ISR_KUW
2014,666,692,ISR,BHR,0,0.2984579671696236,1,0.0,0.0,0,0.00400639723,0.573,7.387771118354598,0.0,69,47.61,328.509,ISR_BHR
2014,666,694,ISR,QAT,0,0.0,1,0.0,0.0,0,0.0028992656999999996,0.691,7.466055916772316,0.0,69,47.61,328.509,ISR_QAT
2014,666,696,ISR,UAE,0,0.3080761974152584,1,0.0,0.0,0,0.0014038495999999998,0.644,7.622076694773489,0.0,69,47.61,328.509,ISR_UAE
2014,666,698,ISR,OMA,0,0.119061247853463,1,0.0,0.0,0,0.0025542266999999995,0.5609999999999999,7.811244419019083,0.0,69,47.61,328.509,ISR_OMA
2014,670,679,SAU,YEM,0,0.0629722921914357,1,0.0,0.0,0,0.014628938300000002,0.283,6.976908137670454,7.183429570731628,8,0.64,0.512,SAU_YEM
2014,670,690,SAU,KUW,0,0.3405257382153049,1,0.0,0.0,0,0.014714934200000002,0.298,6.284507225801859,7.874929487279931,69,47.61,328.509,SAU_KUW
2014,670,692,SAU,BHR,0,0.3941652665980368,1,0.0,0.0,0,0.01584641053,0.14300000000000002,6.052559646467793,8.527508366596708,69,47.61,328.509,SAU_BHR
2014,670,694,SAU,QAT,0,0.13131342263394,1,0.0,0.0,0,0.014739279000000001,0.025,6.195629131824389,7.806040357634659,19,3.61,6.859,SAU_QAT
2014,670,696,SAU,UAE,0,0.4801348964699811,1,0.0,0.0,0,0.0132438629,0.072,6.652992053287465,9.004813739959348,69,47.61,328.509,SAU_UAE
2014,670,698,SAU,OMA,0,0.677890891493738,1,0.0,0.0,0,0.01439424,0.15499999999999997,7.100192169517185,8.43910928570357,69,47.61,328.509,SAU_OMA
2014,679,690,YEM,KUW,0,0.0629722921914357,1,0.0,0.0,0,8.599590000000004e-05,0.015000000000000013,7.381937665049289,6.91097628596506,69,47.61,328.509,YEM_KUW
2014,679,692,YEM,BHR,0,0.0629722921914357,1,0.0,0.0,0,0.00121747223,0.13999999999999999,7.228388451573604,2.860733004125249,69,47.61,328.509,YEM_BHR
2014,679,694,YEM,QAT,0,0.0,1,0.0,0.0,0,0.00011034070000000003,0.258,7.201618210508999,3.495769016081692,69,47.61,328.509,YEM_QAT
2014,679,696,YEM,UAE,0,0.0673621511240588,1,0.0,0.0,0,0.0013850753999999999,0.211,7.2911111015022,7.844379477624422,69,47.61,328.509,YEM_UAE
2014,679,698,YEM,OMA,0,0.1202132767363699,1,0.0,0.0,0,0.00023469830000000008,0.128,7.475735983249187,5.777250508759907,69,47.61,328.509,YEM_OMA
2014,690,692,KUW,BHR,0,0.5635390250774867,1,1.0,1.0,0,0.00113147633,0.155,6.076035448558252,5.635343985185424,69,47.61,328.509,KUW_BHR
2014,690,694,KUW,QAT,0,0.2132701421800948,1,0.0,0.0,0,2.4344799999999984e-05,0.273,6.355065451117447,7.301335575000932,69,47.61,328.509,KUW_QAT
2014,690,696,KUW,UAE,0,0.529290388346322,1,0.0,0.0,0,0.0014710713,0.226,6.728867818922465,7.434367358365504,69,47.61,328.509,KUW_UAE
2014,690,698,KUW,OMA,0,0.1010303377218088,1,0.0,0.0,0,0.0003206942000000001,0.14300000000000002,7.118907217443969,6.657586372911491,69,47.61,328.509,KUW_OMA
2014,692,694,BHR,QAT,0,0.1749381693233462,1,0.0,0.0,0,0.00110713153,0.118,4.954417614098027,6.125556532570973,28,7.84,21.952,BHR_QAT
2014,692,696,BHR,UAE,0,0.481869662740767,1,0.0,0.0,0,0.00260254763,0.07100000000000001,6.058422015232863,7.1452288631682235,69,47.61,328.509,BHR_UAE
2014,692,698,BHR,OMA,0,0.117884063108844,1,0.0,0.0,0,0.00145217053,0.011999999999999983,6.755419617678439,5.957262312300624,69,47.61,328.509,BHR_OMA
2014,694,696,QAT,UAE,0,0.2669058893163658,1,0.0,0.0,0,0.0014954160999999999,0.04699999999999999,5.707442435487688,9.033885170423336,69,47.61,328.509,QAT_UAE
2014,694,698,QAT,OMA,0,0.2544361763022324,1,0.0,0.0,0,0.0003450390000000001,0.12999999999999998,6.606379879398354,7.359899626412067,69,47.61,328.509,QAT_OMA
2014,696,698,UAE,OMA,0,0.3167828614796595,1,0.0,0.0,0,0.0011503770999999998,0.08299999999999999,6.0888180923638915,9.66080344708157,69,47.61,328.509,UAE_OMA
