dispnum,ccode1,ccode2,styear,war,fatal,dyad_id,year,sd_w5,shared_us_w5,same_top5,both_imp_w5,ally_defense,cinc_diff,regime_dist,ln_capdist,ln_trade_lag1,py,py2,py3,unga,cwera
27,2,265,1961,0,0.0,2_265,1961,0.0,0.0,0.0,1.0,0.0,0.2016128403,0.497,8.811667146724973,2.079441541679836,3.0,0.09,0.027,,1
27,2,290,1961,0,0.0,2_290,1961,0.0,0.0,0.0,1.0,0.0,0.196214335,0.477,8.878985021734431,5.220355825078324,16.0,2.56,4.096,3.967554,1
27,2,365,1961,0,0.0,2_365,1961,0.0,0.0,0.0,1.0,0.0,0.03689581,0.56,8.964861739409468,4.189654742026425,1.0,0.01,0.001,3.97853,1
27,2,315,1961,0,0.0,2_315,1961,0.0,0.0,0.0,1.0,0.0,0.199320409,0.471,8.839146247295385,2.995732273553991,4.0,0.16,0.064,3.966962,1
27,200,265,1961,0,0.0,200_265,1961,0.0,0.0,0.0,1.0,0.0,0.0310488753,0.639,6.837761907161602,3.7328963156072654,16.0,2.56,4.096,,1
27,200,290,1961,0,0.0,200_290,1961,0.0,0.0,0.0,1.0,0.0,0.02565037,0.619,7.278835960228471,4.969813299576001,16.0,2.56,4.096,3.96569,1
27,200,365,1961,0,0.0,200_365,1961,0.0,0.0,0.0,1.0,0.0,0.133668155,0.7020000000000001,7.824685806143631,5.911880040694213,2.0,0.04,0.008,3.976666,1
27,200,315,1961,0,0.0,200_315,1961,0.0,0.0,0.0,1.0,0.0,0.028756444,0.613,6.940899877574439,4.0465539158682695,8.0,0.64,0.512,3.965098,1
27,260,265,1961,0,0.0,260_265,1961,,,,0.0,0.0,0.0314286353,0.6659999999999999,6.171909343889077,,16.0,2.56,4.096,,1
27,260,290,1961,0,0.0,260_290,1961,,,,,,,,,,,,,,1
27,260,365,1961,0,0.0,260_365,1961,,,,0.0,0.0,0.133288395,0.729,7.6440577298560095,,16.0,2.56,4.096,,1
27,260,315,1961,0,0.0,260_315,1961,,,,0.0,0.0,0.029136204,0.6399999999999999,6.262826670692666,,16.0,2.56,4.096,,1
27,220,265,1961,0,0.0,220_265,1961,0.0,0.0,0.0,1.0,0.0,0.0213457343,0.579,6.778671125570599,3.100092333923278,16.0,2.56,4.096,,1
27,220,290,1961,0,0.0,220_290,1961,0.0,0.0,0.0,1.0,0.0,0.015947229,0.5589999999999999,7.221031996095399,3.627003997204358,16.0,2.56,4.096,3.562328,1
27,220,365,1961,0,0.0,220_365,1961,0.0,0.0,0.0,1.0,0.0,0.143371296,0.642,7.8191942601252675,5.353278924622011,2.0,0.04,0.008,3.5733040000000003,1
27,220,315,1961,0,0.0,220_315,1961,0.0,0.0,0.0,1.0,0.0,0.019053303,0.5529999999999999,6.78332520060396,3.370738174177447,16.0,2.56,4.096,3.561736,1
28,220,616,1961,0,1.0,220_616,1961,0.0,0.0,0.0,1.0,0.0,0.02981203543,0.5549999999999999,7.3006753595880065,5.216564864675778,1.0,0.01,0.001,1.5822694,1
53,2,710,1956,0,0.0,2_710,1956,0.0,0.0,0.0,1.0,0.0,0.162476004,0.542,9.31898847758312,0.0,1.0,0.01,0.001,,1
61,2,40,1962,0,0.0,2_40,1962,0.0,0.0,0.0,1.0,1.0,0.2062592572,0.599,7.510211594257578,3.951243718581428,1.0,0.01,0.001,4.143067,1
61,2,365,1962,0,0.0,2_365,1962,0.0,0.0,0.0,1.0,0.0,0.0335742199999999,0.5730000000000001,8.964861739409468,4.276666119016055,1.0,0.01,0.001,4.293673,1
92,220,481,1964,0,1.0,220_481,1964,0.0,0.0,0.0,1.0,1.0,0.028796861477,0.636,8.600154712130585,4.3969152102218185,19.0,3.61,6.859,,1
122,200,645,1961,0,0.0,200_645,1961,0.0,0.0,0.0,1.0,0.0,0.0379690805,0.7180000000000001,8.316642488754661,5.513025398702298,3.0,0.09,0.027,3.00787,1
122,630,645,1961,0,0.0,630_645,1961,0.0,0.0,0.0,1.0,0.0,0.0038296289,0.0289999999999999,6.544199573951183,1.5686159179138452,1.0,0.01,0.001,1.7869987,1
122,645,651,1961,0,0.0,645_651,1961,1.0,0.0,1.0,1.0,1.0,0.0042751727,0.0579999999999999,7.168733968599368,0.641853875646079,2.0,0.04,0.008,0.076078,1
122,645,690,1961,0,0.0,645_690,1961,0.0,0.0,0.0,1.0,1.0,0.00144127394,0.092,6.324358962381311,,16.0,2.56,4.096,,1
122,645,670,1961,0,0.0,645_670,1961,0.0,0.0,0.0,1.0,1.0,0.0006192819999999,0.076,6.896289800872859,0.9555114450274363,16.0,2.56,4.096,0.6590712000000001,1
122,616,645,1961,0,0.0,616_645,1961,,,,,,,,,,,,,,1
122,645,663,1961,0,0.0,645_663,1961,0.0,0.0,0.0,1.0,1.0,0.00156680586,0.047,6.69369534640097,1.1151415906193205,12.0,1.44,1.728,0.9887134,1
122,625,645,1961,0,0.0,625_645,1961,,,,,,,,,,,,,,1
125,2,651,1958,0,0.0,2_651,1958,0.0,0.0,0.0,1.0,0.0,0.2291480817,0.472,9.143227874334848,4.206184014171376,1.0,0.01,0.001,2.27424,1
125,2,365,1958,0,0.0,2_365,1958,0.0,0.0,0.0,1.0,0.0,0.0635165799999999,0.519,8.964861739409468,3.440418126866718,1.0,0.01,0.001,3.887321,1
125,2,645,1958,0,0.0,2_645,1958,1.0,0.0,1.0,1.0,0.0,0.2326933652,0.471,9.207386012149746,4.414009656313857,13.0,1.69,2.197,2.126307,1
125,200,651,1958,0,0.0,200_651,1958,0.0,0.0,0.0,1.0,0.0,0.0398811787,0.649,8.164197186161838,4.100989138053351,2.0,0.04,0.008,3.601099,1
125,200,365,1958,0,0.0,200_365,1958,0.0,0.0,0.0,1.0,0.0,0.125750323,0.6960000000000001,7.824685806143631,5.773308568399338,2.0,0.04,0.008,5.21418,1
125,200,645,1958,0,0.0,200_645,1958,0.0,0.0,0.0,1.0,1.0,0.0434264622,0.648,8.316642488754661,4.903050083416319,13.0,1.69,2.197,3.453166,1
148,710,790,1959,0,1.0,710_790,1959,,,,0.0,0.0,0.11619683749,0.1379999999999999,8.056838857618049,,14.0,1.96,2.744,,1
172,710,713,1962,0,,710_713,1962,0.0,0.0,0.0,1.0,0.0,0.0965864827,0.0109999999999999,7.451067453782427,,3.0,0.09,0.027,,1
172,2,710,1962,0,0.0,2_710,1962,0.0,0.0,0.0,1.0,0.0,0.1063024199999999,0.5980000000000001,9.31898847758312,0.3364722437640701,1.0,0.01,0.001,,1
173,2,710,1958,0,,2_710,1958,0.0,0.0,0.0,1.0,0.0,0.12605179,0.556,9.31898847758312,0.0,1.0,0.01,0.001,,1
173,710,713,1958,0,,710_713,1958,0.0,0.0,0.0,1.0,0.0,0.1008238665,0.0089999999999999,7.451067453782427,,1.0,0.01,0.001,,1
173,2,365,1958,0,,2_365,1958,0.0,0.0,0.0,1.0,0.0,0.0635165799999999,0.519,8.964861739409468,3.440418126866718,1.0,0.01,0.001,3.887321,1
173,365,713,1958,0,,365_713,1958,0.0,0.0,0.0,1.0,0.0,0.1633590765,0.0279999999999999,8.903733686660713,,4.0,0.16,0.064,3.823204,1
185,290,365,1956,0,0.0,290_365,1956,0.0,0.0,0.0,1.0,1.0,0.156274657,0.065,7.049254841255837,6.494298305824062,11.0,1.21,1.331,0.0658570000000002,1
199,710,750,1961,1,1.0,710_750,1961,0.0,0.0,0.0,1.0,0.0,0.056215618,0.6000000000000001,8.236552933753503,2.975529566236472,1.0,0.01,0.001,,1
200,220,651,1956,1,1.0,220_651,1956,0.0,0.0,0.0,1.0,0.0,0.0273508796,0.653,8.07455567095369,4.445001398624002,11.0,1.21,1.331,3.484051,1
200,200,651,1956,1,1.0,200_651,1956,0.0,0.0,0.0,1.0,0.0,0.0440122256,0.7120000000000001,8.164197186161838,4.562262632784747,4.0,0.16,0.064,3.222547,1
200,2,651,1956,1,1.0,2_651,1956,0.0,0.0,0.0,1.0,0.0,0.2554023266,0.526,9.143227874334848,4.508659318646894,11.0,1.21,1.331,2.1374880000000003,1
200,651,666,1955,1,1.0,651_666,1955,0.0,0.0,0.0,1.0,0.0,0.004031406,0.5479999999999999,6.0553778728516345,0.0,1.0,0.01,0.001,2.1443859,1
200,220,365,1956,1,0.0,220_365,1956,0.0,0.0,0.0,1.0,0.0,0.137634197,0.638,7.8191942601252675,4.497585008715726,7.0,0.49,0.343,5.166885000000001,1
200,200,365,1956,1,0.0,200_365,1956,0.0,0.0,0.0,1.0,0.0,0.1209728509999999,0.6970000000000001,7.824685806143631,5.539693646846008,3.0,0.09,0.027,4.905381,1
200,2,365,1956,0,0.0,2_365,1956,0.0,0.0,0.0,1.0,0.0,0.09041725,0.511,8.964861739409468,3.030133748580501,2.0,0.04,0.008,3.820322,1
200,365,666,1956,1,1.0,365_666,1956,0.0,0.0,0.0,1.0,0.0,0.1690109743,0.5,7.891592503508168,1.1939224684724346,11.0,1.21,1.331,4.36204,1
203,710,750,1959,0,,710_750,1959,0.0,0.0,0.0,1.0,0.0,0.070096265,0.601,8.236552933753503,2.960105044097367,1.0,0.01,0.001,,1
246,2,365,1960,0,0.0,2_365,1960,0.0,0.0,0.0,1.0,0.0,0.04365383,0.543,8.964861739409468,3.6635616461296463,1.0,0.01,0.001,3.75114,1
246,2,40,1960,0,0.0,2_40,1960,0.0,0.0,0.0,1.0,1.0,0.2136113628,0.561,7.510211594257578,6.86484777797086,15.0,2.25,3.375,3.344628,1
253,365,740,1960,0,0.0,365_740,1960,0.0,0.0,0.0,1.0,0.0,0.135455117,0.723,8.919854372191667,4.151039905898646,1.0,0.01,0.001,3.424736,1
253,365,640,1960,0,0.0,365_640,1960,0.0,0.0,0.0,1.0,0.0,0.1646701334,0.115,7.49348427277479,2.517696472610991,3.0,0.09,0.027,3.3521323,1
253,365,770,1960,0,0.0,365_770,1960,0.0,0.0,0.0,1.0,0.0,0.161484516,0.021,8.203413519842583,1.6677068582939245,15.0,2.25,3.375,2.6850564,1
253,365,385,1960,0,0.0,365_385,1960,0.0,0.0,0.0,1.0,0.0,0.1705812235,0.722,7.405374075260846,3.577947977205534,4.0,0.16,0.064,3.153765,1
253,2,365,1960,0,0.0,2_365,1960,0.0,0.0,0.0,1.0,0.0,0.04365383,0.543,8.964861739409468,3.6635616461296463,1.0,0.01,0.001,3.75114,1
259,200,678,1956,0,,200_678,1956,1.0,1.0,1.0,1.0,0.0,0.04876259689,0.784,8.63276934926372,3.55248688651497,7.0,0.49,0.343,3.148508,1
343,365,710,1966,0,1.0,365_710,1966,0.0,0.0,0.0,1.0,1.0,0.05666214,0.021,8.664526399287714,,1.0,0.01,0.001,,1
345,365,666,1967,0,0.0,365_666,1967,0.0,0.0,0.0,1.0,0.0,0.1651846387,0.559,7.891592503508168,0.641853875646079,11.0,1.21,1.331,2.4831833000000003,1
345,2,365,1967,0,0.0,2_365,1967,0.0,0.0,0.0,1.0,0.0,0.0418066599999999,0.608,8.964861739409468,4.574710978503383,1.0,0.01,0.001,4.029772,1
346,315,355,1968,0,0.0,315_355,1968,,,,,,,,,,,,,,1
346,315,365,1968,0,0.0,315_365,1968,0.0,0.0,0.0,1.0,1.0,0.1613257759,0.066,7.420099748717398,,23.0,5.29,12.167,0.127429,1
346,265,315,1968,0,0.0,265_315,1968,1.0,0.0,1.0,1.0,1.0,0.0002151056999999,0.01,5.636573724962751,,23.0,5.29,12.167,,1
346,290,315,1968,0,0.0,290_315,1968,1.0,0.0,1.0,1.0,1.0,0.0044208509,0.0269999999999999,6.250747145038065,,23.0,5.29,12.167,0.017571,1
346,310,315,1968,0,0.0,310_315,1968,1.0,0.0,1.0,1.0,1.0,0.0054982081,0.0279999999999999,6.09852361940139,,23.0,5.29,12.167,0.1904030000000001,1
347,2,731,1968,0,0.0,2_731,1968,0.0,0.0,0.0,1.0,0.0,0.1980611458999999,0.612,9.309705953873744,,1.0,0.01,0.001,,1
349,365,710,1969,0,1.0,365_710,1969,0.0,0.0,0.0,1.0,1.0,0.06214827,0.0229999999999999,8.664526399287714,,1.0,0.01,0.001,,1
350,2,135,1969,0,0.0,2_135,1969,0.0,0.0,1.0,1.0,1.0,0.195589447,0.6,8.64207982555697,6.357322217961405,7.0,0.49,0.343,1.8550327,1
352,710,775,1969,0,1.0,710_775,1969,0.0,0.0,0.0,1.0,0.0,0.1052145655,0.001,7.993181005846071,0.5877866704576745,10.0,1.0,1.0,,1
353,2,365,1973,0,0.0,2_365,1973,0.0,0.0,0.0,1.0,0.0,0.0085903999999999,0.65,8.964861739409468,6.471109068865483,1.0,0.01,0.001,4.349088999999999,1
353,2,652,1973,0,0.0,2_652,1973,0.0,0.0,0.0,1.0,0.0,0.1570087248,0.614,9.152467585385711,3.3393220134050603,3.0,0.09,0.027,2.8843032,1
353,2,651,1973,0,0.0,2_651,1973,0.0,0.0,0.0,1.0,0.0,0.150169763,0.562,9.143227874334848,4.57522634052692,5.0,0.25,0.125,2.9147591,1
353,365,666,1973,0,0.0,365_666,1973,0.0,0.0,0.0,1.0,0.0,0.1641179609,0.585,7.891592503508168,0.0099503306551482,2.0,0.04,0.008,3.822225,1
353,652,666,1973,0,0.0,652_666,1973,0.0,0.0,0.0,1.0,0.0,0.0014811639,0.5489999999999999,5.392718041969521,,1.0,0.01,0.001,2.3574392,1
353,651,666,1973,0,0.0,651_666,1973,0.0,0.0,0.0,1.0,0.0,0.0053577978999999,0.4969999999999999,6.0553778728516345,0.0,1.0,0.01,0.001,2.3878951,1
354,200,395,1972,0,1.0,200_395,1972,0.0,0.0,0.0,1.0,1.0,0.028442798229,0.004,7.543379273298417,3.975448369736479,12.0,1.44,1.728,1.2319430000000002,1
355,710,817,1974,0,1.0,710_817,1974,0.0,0.0,0.0,1.0,0.0,0.1088932258,0.246,,,3.0,0.09,0.027,,1
356,2,811,1975,0,1.0,2_811,1975,0.0,0.0,0.0,1.0,0.0,0.14312368747,0.7150000000000001,9.575108477752243,5.204006687076795,6.0,0.36,0.216,2.6974428,1
358,710,750,1975,0,1.0,710_750,1975,0.0,0.0,0.0,1.0,0.0,0.064087283,0.32,8.236552933753503,0.0,2.0,0.04,0.008,0.0313399,1
360,90,200,1975,0,0.0,90_200,1975,1.0,1.0,1.0,1.0,0.0,0.02749221322,0.651,9.079069280089088,3.622285488663952,3.0,0.09,0.027,1.0319033,1
361,220,520,1976,0,1.0,220_520,1976,0.0,0.0,0.0,1.0,0.0,0.02319811019,0.776,8.797140426994632,2.163323002672032,31.0,9.61,29.791,2.6215395000000004,1
362,731,732,1976,0,1.0,731_732,1976,0.0,0.0,0.0,1.0,0.0,0.0038347807999999,0.122,5.27709373009641,0.0,1.0,0.01,0.001,,1
362,2,731,1976,0,1.0,2_731,1976,0.0,0.0,0.0,1.0,0.0,0.1357571088,0.7040000000000001,9.309705953873744,,1.0,0.01,0.001,,1
363,160,200,1976,0,0.0,160_200,1976,0.0,0.0,1.0,1.0,0.0,0.0215601175999999,0.692,9.31739944426959,5.550359269044288,28.0,7.84,21.952,2.1418061,1
364,365,710,1974,0,0.0,365_710,1974,0.0,0.0,0.0,1.0,1.0,0.05095008,0.0369999999999999,8.664526399287714,,5.0,0.25,0.125,1.2241019000000002,1
365,365,740,1976,0,0.0,365_740,1976,0.0,0.0,0.0,1.0,0.0,0.1206886969999999,0.726,8.919854372191667,7.935837801459719,7.0,0.49,0.343,3.244649,1
602,2,130,1972,0,0.0,2_130,1972,0.0,0.0,0.0,1.0,1.0,0.16391199552,0.5640000000000001,8.378896175512146,5.418009645106372,1.0,0.01,0.001,1.9688302,1
605,710,775,1956,0,,710_775,1956,0.0,0.0,0.0,1.0,0.0,0.0959728412,0.351,7.993181005846071,3.039749158970765,11.0,1.21,1.331,,1
606,310,365,1956,1,1.0,310_365,1956,0.0,0.0,0.0,1.0,1.0,0.1651728307,0.0139999999999999,7.359085642962252,5.565669134256378,11.0,1.21,1.331,0.0559959999999999,1
607,2,365,1957,0,0.0,2_365,1957,0.0,0.0,0.0,1.0,0.0,0.08778196,0.515,8.964861739409468,3.5055573669563675,1.0,0.01,0.001,3.812424,1
607,365,640,1957,0,1.0,365_640,1957,0.0,0.0,0.0,1.0,0.0,0.1598329988,0.248,7.49348427277479,2.602689685444384,11.0,1.21,1.331,4.039796,1
607,365,663,1957,0,0.0,365_663,1957,0.0,0.0,0.0,1.0,0.0,0.16674386413,0.0359999999999999,7.882541308446578,0.0,12.0,1.44,1.728,2.3486787,1
607,365,645,1957,0,0.0,365_645,1957,0.0,0.0,0.0,1.0,0.0,0.1655756343,0.105,7.842946270356773,0.0,12.0,1.44,1.728,2.4646088,1
607,2,651,1957,0,0.0,2_651,1957,0.0,0.0,0.0,1.0,0.0,0.249807537,0.4519999999999999,9.143227874334848,4.485259855493662,1.0,0.01,0.001,2.231178,1
607,640,651,1957,0,1.0,640_651,1957,0.0,0.0,0.0,1.0,0.0,0.0021925781999999,0.1849999999999999,7.011574607621134,1.686398972088747,12.0,1.44,1.728,2.45855,1
607,651,663,1957,0,0.0,651_663,1957,0.0,0.0,0.0,1.0,1.0,0.00471828713,0.027,6.209595556598647,1.308332819650179,9.0,0.81,0.729,0.7674327000000001,1
607,645,651,1957,0,0.0,645_651,1957,,,,,,,,,,,,,,1
607,2,652,1957,0,1.0,2_652,1957,0.0,0.0,0.0,1.0,0.0,0.2537592846,0.315,9.152467585385711,3.549617358044796,12.0,1.44,1.728,2.348894,1
607,640,652,1957,0,1.0,640_652,1957,0.0,0.0,0.0,1.0,0.0,0.0061443257999999,0.0479999999999999,6.655955018418123,1.5040773967762742,1.0,0.01,0.001,2.576266,1
607,652,663,1957,0,1.0,652_663,1957,0.0,0.0,0.0,1.0,1.0,0.00076653953,0.164,5.176149732573829,2.3321438175656843,8.0,0.64,0.512,0.8851487,1
607,645,652,1957,0,1.0,645_652,1957,0.0,0.0,0.0,1.0,1.0,0.0004016903,0.095,6.622869293832357,3.0204248861443626,12.0,1.44,1.728,1.0010788,1
608,220,365,1958,0,0.0,220_365,1958,0.0,0.0,0.0,1.0,0.0,0.137200133,0.648,7.8191942601252675,4.782479117206404,2.0,0.04,0.008,4.976463,1
608,2,365,1958,0,0.0,2_365,1958,0.0,0.0,0.0,1.0,0.0,0.0635165799999999,0.519,8.964861739409468,3.440418126866718,1.0,0.01,0.001,3.887321,1
608,200,365,1958,0,0.0,200_365,1958,0.0,0.0,0.0,1.0,0.0,0.125750323,0.6960000000000001,7.824685806143631,5.773308568399338,2.0,0.04,0.008,5.21418,1
610,200,678,1962,0,,200_678,1962,0.0,0.0,0.0,1.0,0.0,0.03743653784,0.791,8.63276934926372,0.3364722437640701,4.0,0.16,0.064,2.7481115000000003,1
611,710,800,1967,1,1.0,710_800,1967,0.0,0.0,0.0,1.0,0.0,0.1021111375,0.043,8.101465603741564,0.0,1.0,0.01,0.001,,1
611,365,800,1967,1,1.0,365_800,1967,0.0,0.0,0.0,1.0,0.0,0.1632684575,0.022,8.863573325175611,1.33500106673234,5.0,0.25,0.125,1.9574509,1
611,800,816,1967,1,1.0,800_816,1967,,,,,,,,,,,,,,1
611,710,732,1965,1,1.0,710_732,1965,0.0,0.0,0.0,1.0,0.0,0.0998226602,0.203,6.860873293082006,0.0,5.0,0.25,0.125,,1
611,365,732,1965,1,1.0,365_732,1965,0.0,0.0,0.0,1.0,0.0,0.1554798702,0.181,8.795748743589717,0.0,6.0,0.36,0.216,,1
611,732,816,1965,1,1.0,732_816,1965,,,,,,,,,,,,,,1
611,710,840,1966,1,1.0,710_840,1966,0.0,0.0,0.0,1.0,0.0,0.1062742908,0.321,7.955004095361688,0.0,10.0,1.0,1.0,,1
611,365,840,1966,1,1.0,365_840,1966,0.0,0.0,0.0,1.0,0.0,0.1629364308,0.3,9.018877157264944,0.0,7.0,0.49,0.343,2.7606252,1
611,816,840,1966,1,1.0,816_840,1966,,,,,,,,,,,,,,1
611,710,900,1964,1,1.0,710_900,1964,0.0,0.0,0.0,1.0,0.0,0.102962865,0.772,9.106034855166868,5.391807755172716,2.0,0.04,0.008,,1
611,365,900,1964,1,1.0,365_900,1964,0.0,0.0,0.0,1.0,0.0,0.160426945,0.75,9.58067558810061,4.016022595446631,2.0,0.04,0.008,,1
611,816,900,1964,1,1.0,816_900,1964,,,,,,,,,,,,,,1
611,710,920,1965,0,1.0,710_920,1965,0.0,0.0,0.0,1.0,0.0,0.1082037049399999,0.7609999999999999,9.285633356011614,2.0014800137236373,3.0,0.09,0.027,,1
611,365,920,1965,0,1.0,365_920,1965,0.0,0.0,0.0,1.0,0.0,0.16386091494,0.739,9.714020527581305,1.4586150226995167,3.0,0.09,0.027,4.159543,1
611,816,920,1965,1,1.0,816_920,1965,,,,,,,,,,,,,,1
611,2,710,1964,1,1.0,2_710,1964,0.0,0.0,0.0,1.0,0.0,0.09295301,0.6080000000000001,9.31898847758312,0.0,1.0,0.01,0.001,,1
611,2,365,1964,1,1.0,2_365,1964,0.0,0.0,0.0,1.0,0.0,0.03548893,0.5860000000000001,8.964861739409468,3.8501476017100575,1.0,0.01,0.001,,1
611,2,816,1964,1,1.0,2_816,1964,0.0,0.0,0.0,1.0,0.0,0.1991665225,0.4610000000000001,9.499016949743575,4.709638303577182,1.0,0.01,0.001,,1
611,710,817,1964,1,1.0,710_817,1964,0.0,0.0,0.0,1.0,0.0,0.1065155664999999,0.092,,,3.0,0.09,0.027,,1
611,365,817,1964,1,1.0,365_817,1964,0.0,0.0,0.0,1.0,0.0,0.1639796465,0.07,,,19.0,3.61,6.859,,1
611,816,817,1964,1,1.0,816_817,1964,0.0,0.0,0.0,1.0,0.0,0.0003020539999999,0.0549999999999999,,,4.0,0.16,0.064,,1
611,710,811,1970,1,1.0,710_811,1970,0.0,0.0,0.0,1.0,0.0,0.1115501713,0.092,8.116417072794205,,25.0,6.25,15.625,,1
611,365,811,1970,1,1.0,365_811,1970,0.0,0.0,0.0,1.0,0.0,0.1703254613,0.059,8.92738046585973,,25.0,6.25,15.625,2.9057788,1
611,811,816,1970,1,1.0,811_816,1970,,,,,,,,,,,,,,1
619,200,395,1975,0,0.0,200_395,1975,,,,0.0,1.0,0.028041042657,0.0,7.543379273298417,4.467596382390206,2.0,0.04,0.008,0.74725,1
623,710,750,1964,0,1.0,710_750,1964,0.0,0.0,0.0,1.0,0.0,0.058362678,0.5800000000000001,8.236552933753503,0.1823215567939546,2.0,0.04,0.008,,1
624,140,220,1963,0,0.0,140_220,1963,1.0,1.0,1.0,1.0,0.0,0.01305342,0.37,9.074131111347196,4.942142369043828,18.0,3.24,5.832,0.6216151000000001,1
1002,41,42,1963,0,0.0,41_42,1963,1.0,1.0,1.0,1.0,1.0,8.966613000000004e-05,0.224,5.551407994230199,0.1739533071234379,13.0,1.69,2.197,0.583491,1
1002,41,200,1963,0,0.0,41_200,1963,1.0,1.0,1.0,1.0,0.0,0.03669584709,0.663,8.87941671348538,0.947789398933526,18.0,3.24,5.832,1.6010754,1
1002,2,41,1963,0,0.0,2_41,1963,0.0,0.0,0.0,1.0,1.0,0.20753007909,0.534,7.74478632987066,3.881769921028512,18.0,3.24,5.832,1.3595064,1
1002,20,41,1963,0,0.0,20_41,1963,,,,,,,,,,,,,,1
1006,200,666,1956,0,1.0,200_666,1956,0.0,0.0,0.0,1.0,0.0,0.0480381233,0.197,8.191712327734205,4.02535169073515,7.0,0.49,0.343,0.5433410000000001,1
1013,666,670,1957,0,,666_670,1957,0.0,0.0,0.0,1.0,0.0,0.0002461249999999,0.6,7.225044696186576,,12.0,1.44,1.728,1.633006,1
1017,660,666,1965,0,0.0,660_666,1965,0.0,0.0,0.0,1.0,0.0,0.0009722171399999,0.244,5.477717994914328,,17.0,2.89,4.913,1.1311569,1
1018,663,666,1962,0,1.0,663_666,1962,0.0,0.0,0.0,1.0,0.0,0.00066202778,0.522,4.289088639014612,,1.0,0.01,0.001,0.9080204,1
1019,663,666,1963,0,1.0,663_666,1963,0.0,0.0,0.0,1.0,0.0,0.0005989218899999,0.523,4.289088639014612,,1.0,0.01,0.001,1.1828626,1
1021,210,850,1960,0,1.0,210_850,1960,,,,,,,,,,,,,,1
1024,210,850,1957,0,0.0,210_850,1957,,,,,,,,,,,,,,1
1035,663,666,1967,1,1.0,663_666,1967,0.0,0.0,0.0,1.0,0.0,0.00082119196,0.525,4.289088639014612,,1.0,0.01,0.001,2.0565623,1
1035,666,670,1967,1,1.0,666_670,1967,0.0,0.0,0.0,1.0,0.0,0.0008755993,0.637,7.225044696186576,,10.0,1.0,1.0,2.1389353,1
1035,666,690,1967,1,1.0,666_690,1967,,,,,,,,,,,,,,1
1035,652,666,1966,1,1.0,652_666,1966,0.0,0.0,0.0,1.0,0.0,2.262310000000008e-05,0.54,5.392718041969521,,1.0,0.01,0.001,2.827852,1
1035,645,666,1967,1,1.0,645_666,1967,,,,,,,,,,,,,,1
1035,651,666,1967,1,1.0,651_666,1967,0.0,0.0,0.0,1.0,0.0,0.0049274066,0.469,6.0553778728516345,0.0,1.0,0.01,0.001,2.5923273,1
1039,200,365,1970,0,0.0,200_365,1970,0.0,0.0,0.0,1.0,0.0,0.141334483,0.722,7.824685806143631,6.561596305043928,3.0,0.09,0.027,4.247119,1
1039,365,663,1970,0,1.0,365_663,1970,0.0,0.0,0.0,1.0,0.0,0.17060610169,0.0229999999999999,7.882541308446578,,13.0,1.69,2.197,1.8452749,1
1039,2,365,1970,0,0.0,2_365,1970,0.0,0.0,0.0,1.0,0.0,0.0095343499999999,0.617,8.964861739409468,5.087596335232384,2.0,0.04,0.008,4.575934,1
1039,365,666,1970,0,0.0,365_666,1970,0.0,0.0,0.0,1.0,0.0,0.1694790833,0.5770000000000001,7.891592503508168,0.2623642721597987,3.0,0.09,0.027,3.1822048,1
1039,200,652,1970,0,1.0,200_652,1970,0.0,0.0,0.0,1.0,0.0,0.0286417897,0.748,8.171966748299813,3.0426158117429165,25.0,6.25,15.625,3.353145,1
1039,652,663,1970,0,1.0,652_663,1970,0.0,0.0,0.0,1.0,1.0,0.00062982899,0.049,5.176149732573829,2.865053892931816,4.0,0.16,0.064,0.9513009,1
1039,2,652,1970,0,1.0,2_652,1970,0.0,0.0,0.0,1.0,0.0,0.1795106227,0.643,9.152467585385711,2.858192859531929,13.0,1.69,2.197,3.68196,1
1039,652,666,1970,0,1.0,652_666,1970,0.0,0.0,0.0,1.0,0.0,0.0004971894,0.6030000000000001,5.392718041969521,,1.0,0.01,0.001,2.2882308,1
1039,200,645,1970,0,0.0,200_645,1970,0.0,0.0,0.0,1.0,0.0,0.0279002399,0.7709999999999999,8.316642488754661,4.852811208902689,8.0,0.64,0.512,3.249676,1
1039,645,663,1970,0,1.0,645_663,1970,0.0,0.0,0.0,1.0,1.0,0.0013713787899999,0.072,6.69369534640097,1.856298005990626,8.0,0.64,0.512,0.8478318999999999,1
1039,2,645,1970,0,0.0,2_645,1970,0.0,0.0,0.0,1.0,0.0,0.1787690729,0.6659999999999999,9.207386012149746,3.058707025767021,12.0,1.44,1.728,3.578491,1
1039,645,666,1970,0,0.0,645_666,1970,,,,,,,,,,,,,,1
1043,620,666,1973,0,,620_666,1973,,,,,,,,,,,,,,1
1046,663,666,1971,1,1.0,663_666,1971,1.0,1.0,1.0,1.0,0.0,0.00170928977,0.557,4.289088639014612,,1.0,0.01,0.001,1.06910083,1
1046,645,666,1973,1,1.0,645_666,1973,,,,,,,,,,,,,,1
1046,666,670,1973,1,1.0,666_670,1973,0.0,0.0,0.0,1.0,0.0,0.0005279123,0.6799999999999999,7.225044696186576,,6.0,0.36,0.216,2.158162,1
1046,652,666,1971,1,1.0,652_666,1971,0.0,0.0,0.0,1.0,0.0,0.0008265459,0.541,5.392718041969521,,1.0,0.01,0.001,1.8176998,1
1046,651,666,1971,1,1.0,651_666,1971,0.0,0.0,0.0,1.0,0.0,0.0049238955,0.476,6.0553778728516345,0.0,1.0,0.01,0.001,1.7122481,1
1051,660,666,1968,0,,660_666,1968,1.0,0.0,1.0,1.0,0.0,0.00121968055,0.275,5.477717994914328,,3.0,0.09,0.027,1.0346227,1
1061,651,666,1974,0,0.0,651_666,1974,0.0,0.0,0.0,1.0,0.0,0.0056849667,0.548,6.0553778728516345,0.0,1.0,0.01,0.001,2.3797338,1
1061,660,666,1974,0,,660_666,1974,0.0,0.0,0.0,1.0,0.0,0.00272484492,0.375,5.477717994914328,,6.0,0.36,0.216,2.28848452,1
1067,663,666,1967,0,1.0,663_666,1967,0.0,0.0,0.0,1.0,0.0,0.00082119196,0.525,4.289088639014612,,1.0,0.01,0.001,2.0565623,1
1068,615,666,1970,0,0.0,615_666,1970,,,,,,,,,,,,,,1
1069,615,666,1968,0,0.0,615_666,1968,,,,,,,,,,,,,,1
1070,820,850,1963,0,1.0,820_850,1963,0.0,0.0,0.0,1.0,0.0,0.0112353955,0.0849999999999999,7.080110671464242,4.131961409742043,18.0,3.24,5.832,1.2492242,1
1070,850,900,1963,0,1.0,850_900,1963,0.0,0.0,0.0,1.0,0.0,0.0057491576,0.621,8.592671652592143,4.237434338023748,18.0,3.24,5.832,2.1338597,1
1070,200,850,1963,0,1.0,200_850,1963,0.0,0.0,0.0,1.0,0.0,0.024397053,0.5840000000000001,9.368966735258605,4.453183852273097,18.0,3.24,5.832,2.6294737,1
1072,820,840,1968,0,,820_840,1968,0.0,0.0,0.0,1.0,0.0,0.0022136237,0.096,7.812418674615313,2.920469735145087,23.0,5.29,12.167,0.1764331999999999,1
1074,235,750,1961,0,1.0,235_750,1961,,,,,,,,,,,,,,1
1081,652,663,1971,0,,652_663,1971,0.0,0.0,0.0,1.0,1.0,0.00088274387,0.016,5.176149732573829,2.653945942109009,1.0,0.01,0.001,0.74859897,1
1083,600,615,1962,0,1.0,600_615,1962,0.0,0.0,0.0,1.0,0.0,0.0003826862,0.005,6.852242569051878,,17.0,2.89,4.913,0.1378812999999998,1
1084,600,615,1963,0,1.0,600_615,1963,0.0,0.0,0.0,1.0,0.0,0.0001782904999999,0.036,6.852242569051878,3.0204248861443626,1.0,0.01,0.001,0.5051172000000002,1
1091,625,651,1958,0,0.0,625_651,1958,0.0,0.0,0.0,1.0,0.0,0.00445845588,0.106,7.388513371125732,3.391147079478687,13.0,1.69,2.197,0.4383897999999999,1
1098,155,160,1955,0,0.0,155_160,1955,1.0,1.0,1.0,1.0,1.0,0.0053877169,0.129,7.035356623575859,4.335982722350485,3.0,0.09,0.027,0.5335901,1
1099,155,160,1958,0,0.0,155_160,1958,1.0,1.0,1.0,1.0,1.0,0.0048752185,0.067,7.035356623575859,3.655839625875529,3.0,0.09,0.027,0.1187187999999999,1
1100,155,160,1959,0,0.0,155_160,1959,1.0,1.0,1.0,1.0,1.0,0.0047036729,0.031,7.035356623575859,3.795489189172194,1.0,0.01,0.001,0.3206632999999999,1
1101,155,160,1960,0,0.0,155_160,1960,1.0,1.0,1.0,1.0,1.0,0.0044802891,0.045,7.035356623575859,4.027135776878026,1.0,0.01,0.001,0.0429693999999999,1
1102,155,160,1963,0,0.0,155_160,1963,0.0,0.0,0.0,1.0,1.0,0.0040517177,0.241,7.035356623575859,4.075841124613397,3.0,0.09,0.027,0.4437130999999999,1
1104,680,698,1972,0,1.0,680_698,1972,0.0,0.0,0.0,1.0,0.0,0.0002227260799999,0.066,7.534174877491373,0.0099503306551482,27.0,7.29,19.683,0.6879598000000001,1
1105,680,698,1973,0,0.0,680_698,1973,0.0,0.0,0.0,1.0,0.0,0.0001663313999999,0.066,7.534174877491373,0.0,1.0,0.01,0.001,0.1550207,1
1106,680,698,1975,0,,680_698,1975,0.0,0.0,0.0,1.0,0.0,0.00010980325,0.066,7.534174877491373,0.0,2.0,0.04,0.008,1.0275129,1
1107,678,680,1971,0,,678_680,1971,1.0,0.0,1.0,1.0,1.0,2.742156999999997e-05,0.033,5.702448251643064,2.524367718668914,26.0,6.76,17.576,0.4917161,1
1108,670,678,1962,0,,670_678,1962,0.0,0.0,0.0,1.0,1.0,0.00129695654,0.003,6.976908137670454,,17.0,2.89,4.913,0.0853013999999999,1
1108,651,670,1962,0,,651_670,1962,0.0,0.0,0.0,1.0,1.0,0.0048872462,0.112,7.401536468138869,3.198673117550681,17.0,2.89,4.913,0.2191691,1
1108,663,678,1962,0,,663_678,1962,,,,,,,,,,,,,,1
1108,651,663,1962,0,,651_663,1962,0.0,0.0,0.0,1.0,1.0,0.00589395048,0.001,6.209595556598647,1.252762968495368,2.0,0.04,0.008,0.4702211,1
1108,2,678,1962,0,0.0,2_678,1962,0.0,0.0,0.0,1.0,0.0,0.2096587788399999,0.651,9.345011115294133,0.0,17.0,2.89,4.913,2.7450015,1
1108,2,651,1962,0,0.0,2_651,1962,0.0,0.0,0.0,1.0,0.0,0.2034745761,0.542,9.143227874334848,5.14865659199363,4.0,0.16,0.064,3.049472,1
1109,651,670,1966,0,1.0,651_670,1966,0.0,0.0,0.0,1.0,1.0,0.0047630311,0.1689999999999999,7.401536468138869,3.4372078191851885,1.0,0.01,0.001,0.9266323,1
1109,670,678,1966,0,0.0,670_678,1966,0.0,0.0,0.0,1.0,1.0,0.00141593749,0.009,6.976908137670454,0.1823215567939546,1.0,0.01,0.001,0.6385482999999998,1
1110,670,680,1969,0,1.0,670_680,1969,0.0,0.0,0.0,1.0,0.0,0.00165270818,0.064,7.19788435507697,1.247032293786383,24.0,5.76,13.824,1.110107,1
1114,40,42,1959,0,0.0,40_42,1959,0.0,0.0,0.0,1.0,1.0,0.0011919837399999,0.002,7.241079709312619,,14.0,1.96,2.744,2.1369893,1
1114,42,101,1959,0,0.0,42_101,1959,0.0,0.0,0.0,1.0,1.0,0.00572275614,0.4409999999999999,6.854670907889681,,14.0,1.96,2.744,1.7216239,1
1115,40,101,1967,0,1.0,40_101,1967,,,,,,,,,,,,,,1
1117,230,600,1957,0,0.0,230_600,1957,0.0,0.0,0.0,1.0,0.0,0.0090863369,0.002,6.63974510632782,2.4765384841510936,12.0,1.44,1.728,2.319208,1
1118,230,600,1972,0,,230_600,1972,0.0,0.0,0.0,1.0,0.0,0.0088937251,0.0399999999999999,6.63974510632782,4.071928488848796,11.0,1.21,1.331,1.4660542,1
1119,230,600,1973,0,,230_600,1973,0.0,0.0,0.0,1.0,0.0,0.0090432512,0.0389999999999999,6.63974510632782,4.338466467695362,1.0,0.01,0.001,1.5093569,1
1123,640,645,1962,0,1.0,640_645,1962,0.0,0.0,0.0,1.0,0.0,0.0050308453,0.1979999999999999,7.141165942652124,1.8870696338808648,4.0,0.16,0.064,2.767732,1
1124,70,90,1958,0,1.0,70_90,1958,1.0,1.0,1.0,1.0,1.0,0.00647722747,0.076,6.967249850767777,1.981001468866584,13.0,1.69,2.197,0.3834752,1
1124,2,90,1958,0,0.0,2_90,1958,0.0,0.0,0.0,1.0,1.0,0.23401973607,0.473,8.008698182988528,5.12859609172982,13.0,1.69,2.197,0.4594321999999998,1
1135,630,645,1971,0,1.0,630_645,1971,0.0,0.0,0.0,1.0,0.0,0.0037200607,0.061,6.544199573951183,0.3364722437640701,1.0,0.01,0.001,1.2073231999999998,1
1136,630,645,1969,0,0.0,630_645,1969,0.0,0.0,0.0,1.0,0.0,0.0036153635,0.06,6.544199573951183,1.7404661397527843,3.0,0.09,0.027,1.83860917,1
1138,630,645,1959,0,1.0,630_645,1959,0.0,0.0,0.0,1.0,0.0,0.0039019137,0.039,6.544199573951183,1.3862943611198906,14.0,1.96,2.744,1.6204836,1
1157,130,135,1955,0,0.0,130_135,1955,0.0,0.0,0.0,1.0,1.0,0.00081347275,0.1999999999999999,7.189092263874078,1.1568812282386258,1.0,0.01,0.001,0.8914032000000001,1
1158,2,130,1971,0,0.0,2_130,1971,0.0,0.0,0.0,1.0,1.0,0.16914407188,0.518,8.378896175512146,5.4634079440227845,4.0,0.16,0.064,1.4314365999999998,1
1166,101,110,1966,0,0.0,101_110,1966,,,,0.0,0.0,0.00621405648,0.352,6.950431553262574,,21.0,4.41,9.261,0.7041301,1
1172,160,165,1969,0,0.0,160_165,1969,1.0,1.0,1.0,1.0,1.0,0.00577390469,0.506,5.331268466687723,3.194583132299156,24.0,5.76,13.824,0.3700234999999999,1
1173,91,93,1957,0,0.0,91_93,1957,1.0,1.0,1.0,1.0,1.0,4.426819e-05,0.017,5.485626464853031,0.1906203678731124,12.0,1.44,1.728,0.295004,1
1189,110,140,1975,0,0.0,110_140,1975,0.0,0.0,0.0,1.0,0.0,0.02106088541,0.1099999999999999,7.920482828493077,1.4219027885872582,30.0,9.0,27.0,0.8940473,1
1190,91,92,1976,0,0.0,91_92,1976,0.0,0.0,0.0,1.0,1.0,8.82349e-05,0.031,5.389984555073861,0.0,7.0,0.49,0.343,0.2268278999999999,1
1191,135,155,1976,0,,135_155,1976,0.0,0.0,0.0,1.0,1.0,0.0003463049,0.029,7.811487481608896,4.29646877354535,31.0,9.61,29.791,1.0248741,1
1200,645,770,1973,0,,645_770,1973,,,,,,,,,,,,,,1
1206,91,92,1969,1,1.0,91_92,1969,1.0,1.0,1.0,1.0,1.0,0.00010695774,0.051,5.389984555073861,3.672140104687633,24.0,5.76,13.824,0.0023557999999999,1
1208,150,160,1959,0,1.0,150_160,1959,1.0,1.0,1.0,1.0,1.0,0.00662472293,0.391,6.945243723393129,3.157425862551978,14.0,1.96,2.744,0.1993632999999999,1
1209,150,160,1962,0,1.0,150_160,1962,1.0,1.0,1.0,1.0,1.0,0.00647598769,0.125,6.945243723393129,3.0335577830939715,3.0,0.09,0.027,0.1609425999999999,1
1213,2,811,1964,0,1.0,2_811,1964,0.0,0.0,0.0,1.0,0.0,0.2019081333,0.416,9.575108477752243,2.980618686505363,19.0,3.61,6.859,,1
1213,811,817,1964,0,,811_817,1964,0.0,0.0,0.0,1.0,0.0,0.0024395568,0.1,,,1.0,0.01,0.001,,1
1214,811,817,1956,0,0.0,811_817,1956,1.0,0.0,1.0,1.0,0.0,0.0019760868,0.0229999999999999,,2.753660776048528,11.0,1.21,1.331,,1
1215,811,817,1958,0,,811_817,1958,0.0,0.0,0.0,1.0,0.0,0.00207967162,0.0329999999999999,,2.0541237593365715,2.0,0.04,0.008,,1
1216,710,800,1965,0,0.0,710_800,1965,0.0,0.0,0.0,1.0,0.0,0.1054741149,0.0419999999999999,8.101465603741564,0.0,1.0,0.01,0.001,,1
1216,710,817,1965,0,0.0,710_817,1965,0.0,0.0,0.0,1.0,0.0,0.1023643271,0.0849999999999999,,,1.0,0.01,0.001,,1
1216,2,710,1965,0,0.0,2_710,1965,0.0,0.0,0.0,1.0,0.0,0.09264933,0.6020000000000001,9.31898847758312,0.6931471805599453,1.0,0.01,0.001,,1
1216,800,811,1965,0,0.0,800_811,1965,0.0,0.0,0.0,1.0,0.0,0.0023189345,0.15,6.2813317304651,0.0953101798043249,1.0,0.01,0.001,1.3589723,1
1216,811,817,1965,0,0.0,811_817,1965,0.0,0.0,0.0,1.0,0.0,0.0054287223,0.107,,,1.0,0.01,0.001,,1
1216,2,811,1965,0,0.0,2_811,1965,0.0,0.0,0.0,1.0,0.0,0.2004423794,0.41,9.575108477752243,2.302585092994046,1.0,0.01,0.001,2.6562795,1
1217,732,811,1967,0,,732_811,1967,,,,,,,,,,,,,,1
1217,811,817,1967,0,,811_817,1967,0.0,0.0,0.0,1.0,0.0,0.0052826571,0.063,,,1.0,0.01,0.001,,1
1217,2,811,1967,0,,2_811,1967,0.0,0.0,1.0,1.0,0.0,0.2074854759,0.4379999999999999,9.575108477752243,1.5686159179138452,1.0,0.01,0.001,3.636343,1
1226,800,811,1958,0,0.0,800_811,1958,0.0,0.0,0.0,1.0,0.0,0.00246422782,0.137,6.2813317304651,0.4382549373827681,4.0,0.16,0.064,1.28786,1
1227,800,811,1961,0,0.0,800_811,1961,0.0,0.0,0.0,1.0,0.0,0.0019419532,0.158,6.2813317304651,0.4054651081081644,2.0,0.04,0.008,1.1987448,1
1228,800,811,1962,0,1.0,800_811,1962,0.0,0.0,0.0,1.0,0.0,0.0019050665,0.153,6.2813317304651,0.3364722437640701,1.0,0.01,0.001,0.8404845,1
1229,800,811,1964,0,1.0,800_811,1964,0.0,0.0,0.0,1.0,0.0,0.0019022763,0.15,6.2813317304651,0.1823215567939546,1.0,0.01,0.001,,1
1230,800,811,1967,0,0.0,800_811,1967,0.0,0.0,0.0,1.0,0.0,0.0024103583999999,0.148,6.2813317304651,0.0953101798043249,1.0,0.01,0.001,1.5640219,1
1231,800,811,1975,0,1.0,800_811,1975,1.0,1.0,1.0,1.0,0.0,0.00387508757,0.204,6.2813317304651,3.106826321059578,5.0,0.25,0.125,0.5797149,1
1232,800,811,1976,0,1.0,800_811,1976,1.0,1.0,1.0,1.0,0.0,0.00359939455,0.128,6.2813317304651,2.0655961221835115,1.0,0.01,0.001,0.5774762,1
1232,800,816,1980,0,1.0,800_816,1980,0.0,0.0,0.0,1.0,0.0,0.0058848307,0.101,6.8970986987936085,3.133753527897358,3.0,0.09,0.027,1.773388,1
1279,350,640,1963,0,1.0,350_640,1963,1.0,1.0,1.0,1.0,1.0,0.0049363384,0.08,6.7067400797409285,1.9600947699627629,18.0,3.24,5.832,0.2034059999999999,1
1280,350,640,1967,0,0.0,350_640,1967,1.0,1.0,1.0,1.0,1.0,0.0055635165999999,0.4589999999999999,6.7067400797409285,1.9878743755516053,3.0,0.09,0.027,0.5348139000000001,1
1280,352,640,1967,0,0.0,352_640,1967,0.0,0.0,0.0,1.0,0.0,0.0079387946,0.1139999999999999,6.277207240178711,0.4054651081081644,2.0,0.04,0.008,0.3766316,1
1289,350,640,1976,0,0.0,350_640,1976,1.0,1.0,1.0,1.0,1.0,0.0064338776,0.2440000000000001,6.7067400797409285,3.2222700978006764,1.0,0.01,0.001,0.1312525,1
1290,350,640,1975,0,0.0,350_640,1975,1.0,1.0,1.0,1.0,1.0,0.0058020717,0.176,6.7067400797409285,3.73862156979562,1.0,0.01,0.001,0.0978157,1
1292,350,640,1974,0,0.0,350_640,1974,1.0,1.0,1.0,1.0,1.0,0.0054669980999999,0.4319999999999999,6.7067400797409285,3.347093122668954,7.0,0.49,0.343,0.219796,1
1293,352,640,1974,1,1.0,352_640,1974,0.0,0.0,0.0,1.0,0.0,0.00836039754,0.0749999999999999,6.277207240178711,1.9511819714056136,7.0,0.49,0.343,0.5116566,1
1293,350,640,1974,1,1.0,350_640,1974,1.0,1.0,1.0,1.0,1.0,0.0054669980999999,0.4319999999999999,6.7067400797409285,3.347093122668954,7.0,0.49,0.343,0.219796,1
1300,750,770,1955,0,1.0,750_770,1955,1.0,0.0,1.0,1.0,0.0,0.03528176,0.481,6.531606225208026,4.000033919380895,3.0,0.09,0.027,1.2840751,1
1301,750,770,1956,0,1.0,750_770,1956,1.0,0.0,1.0,1.0,0.0,0.0354031441,0.47,6.531606225208026,4.152613438899535,1.0,0.01,0.001,1.5712183,1
1302,750,770,1958,0,1.0,750_770,1958,0.0,0.0,0.0,1.0,0.0,0.036147096,0.51,6.531606225208026,3.856510358922832,1.0,0.01,0.001,1.5227532,1
1303,700,770,1960,0,0.0,700_770,1960,0.0,0.0,0.0,1.0,0.0,0.0089989305,0.045,5.914583502772024,2.5416020722047,4.0,0.16,0.064,1.4229124,1
1304,700,770,1961,0,1.0,700_770,1961,0.0,0.0,0.0,1.0,0.0,0.0088040485,0.046,5.914583502772024,2.5572273113676265,1.0,0.01,0.001,0.9437119,1
1305,700,770,1955,0,0.0,700_770,1955,,,,0.0,0.0,0.0087279036,0.0999999999999999,5.914583502772024,0.0,4.0,0.16,0.064,1.5344851,1
1310,750,770,1962,0,1.0,750_770,1962,0.0,0.0,0.0,1.0,0.0,0.0385971389999999,0.522,6.531606225208026,3.8958936438234657,1.0,0.01,0.001,0.16838466,1
1312,750,770,1964,1,1.0,750_770,1964,0.0,0.0,0.0,1.0,0.0,0.0408044309999999,0.512,6.531606225208026,3.7864597371013256,1.0,0.01,0.001,,1
1317,750,770,1963,0,0.0,750_770,1963,0.0,0.0,0.0,1.0,0.0,0.0407170789999999,0.515,6.531606225208026,4.109233207556573,1.0,0.01,0.001,0.7338683,1
1319,490,500,1965,0,,490_500,1965,0.0,0.0,0.0,1.0,0.0,0.00110373386,0.186,7.594733470396553,1.308332819650179,20.0,4.0,8.0,1.07796993,1
1321,211,490,1960,0,,211_490,1960,,,,,,,,,,,,,,1
1322,483,625,1966,0,0.0,483_625,1966,0.0,0.0,0.0,1.0,0.0,0.00068211434,0.0139999999999999,7.563667772931857,0.4054651081081644,21.0,4.41,9.261,0.5471158,1
1323,482,483,1969,0,0.0,482_483,1969,1.0,0.0,1.0,1.0,1.0,0.0001050655099999,0.099,6.8509732648831525,0.0,24.0,5.76,13.824,0.20265115,1
1324,490,552,1966,0,0.0,490_552,1966,,,,,,,,,,,,,,1
1324,520,552,1966,0,0.0,520_552,1966,,,,,,,,,,,,,,1
1324,552,580,1966,0,0.0,552_580,1966,,,,,,,,,,,,,,1
1325,484,490,1969,0,0.0,484_490,1969,0.0,0.0,0.0,1.0,0.0,0.00202696697,0.016,2.163323025660538,0.4700036417457354,4.0,0.16,0.064,1.4729602,1
1326,235,484,1969,0,0.0,235_484,1969,,,,,,,,,,,,,,1
1328,484,490,1965,0,0.0,484_490,1965,0.0,0.0,0.0,1.0,0.0,0.00147068793,0.068,2.163323025660538,0.7419373447293773,20.0,4.0,8.0,1.31983293,1
1331,435,615,1975,0,0.0,435_615,1975,0.0,0.0,0.0,1.0,0.0,0.002040373539,0.1249999999999999,7.933187370108734,1.3737155789130306,30.0,9.0,27.0,0.2824813,1
1331,600,615,1975,0,0.0,600_615,1975,0.0,0.0,0.0,1.0,1.0,0.0003829072,0.046,6.852242569051878,3.816942799177877,12.0,1.44,1.728,0.80027469,1
1331,230,615,1975,0,0.0,230_615,1975,0.0,0.0,0.0,1.0,0.0,0.0098718249999999,0.0339999999999999,6.571722945589309,6.3313950826284335,30.0,9.0,27.0,1.4014159,1
1333,552,571,1976,0,1.0,552_571,1976,,,,0.0,0.0,0.0008706798249999,0.438,6.833354956405887,,1.0,0.01,0.001,,1
1334,552,571,1975,0,0.0,552_571,1975,,,,0.0,0.0,0.000864047064,0.433,6.833354956405887,,6.0,0.36,0.216,,1
1335,552,571,1969,0,0.0,552_571,1969,,,,0.0,0.0,0.000581751179,0.4029999999999999,6.833354956405887,,24.0,5.76,13.824,,1
1337,483,620,1976,0,0.0,483_620,1976,0.0,0.0,0.0,1.0,0.0,0.000826848,0.019,7.748503163607648,1.8640800997999287,31.0,9.61,29.791,0.1731982,1
1339,471,481,1976,0,0.0,471_481,1976,0.0,0.0,0.0,1.0,0.0,0.0004548303299999,0.0269999999999999,6.109691928472632,3.5208157690666813,31.0,9.61,29.791,0.734866,1
1340,411,481,1972,0,0.0,411_481,1972,,,,0.0,0.0,5.6964808e-05,0.0849999999999999,5.944634959751184,0.1106465200870636,27.0,7.29,19.683,0.9552461,1
1342,235,553,1973,0,0.0,235_553,1973,,,,,,,,,,,,,,1
1343,750,770,1967,0,1.0,750_770,1967,0.0,0.0,0.0,1.0,0.0,0.039438621,0.521,6.531606225208026,1.252762968495368,1.0,0.01,0.001,0.2604997000000001,1
1346,732,740,1955,0,0.0,732_740,1955,1.0,1.0,1.0,1.0,0.0,0.0207275421,0.551,7.050729447933244,4.352855218763563,1.0,0.01,0.001,,1
1347,732,740,1958,0,0.0,732_740,1958,1.0,1.0,1.0,1.0,0.0,0.0239789357,0.563,7.050729447933244,3.210843612848355,3.0,0.09,0.027,,1
1350,812,816,1958,0,,812_816,1958,0.0,0.0,0.0,1.0,0.0,0.00356184381,0.09,6.177113893994611,,13.0,1.69,2.197,,1
1351,438,452,1966,0,1.0,438_452,1966,,,,,,,,,,,,,,1
1351,437,438,1966,0,1.0,437_438,1966,0.0,0.0,0.0,1.0,0.0,6.500314000000004e-05,0.03,7.05695084534399,0.0953101798043249,21.0,4.41,9.261,1.8954362,1
1352,437,438,1967,0,0.0,437_438,1967,0.0,0.0,0.0,1.0,0.0,9.396946e-05,0.032,7.05695084534399,0.0,1.0,0.01,0.001,2.0253086,1
1353,200,816,1962,0,0.0,200_816,1962,0.0,0.0,0.0,1.0,0.0,0.0338120377,0.5920000000000001,9.130842515844083,2.89591193827178,17.0,2.89,4.913,,1
1353,816,900,1962,0,0.0,816_900,1962,,,,,,,,,,,,,,1
1353,800,816,1962,0,,800_816,1962,,,,,,,,,,,,,,1
1353,816,920,1962,0,0.0,816_920,1962,,,,,,,,,,,,,,1
1353,2,816,1962,0,,2_816,1962,0.0,0.0,0.0,1.0,0.0,0.2060342787,0.452,9.499016949743575,4.308110992100564,1.0,0.01,0.001,,1
1353,812,816,1962,0,,812_816,1962,0.0,0.0,0.0,1.0,0.0,0.00316866722,0.0,6.177113893994611,0.3364722437640701,1.0,0.01,0.001,,1
1353,200,365,1962,0,0.0,200_365,1962,0.0,0.0,0.0,1.0,0.0,0.138648021,0.7130000000000001,7.824685806143631,6.105462628854903,1.0,0.01,0.001,4.296783,1
1353,365,900,1962,0,0.0,365_900,1962,0.0,0.0,0.0,1.0,0.0,0.1692853302,0.742,9.58067558810061,3.065258382844392,17.0,2.89,4.913,4.132181,1
1353,365,800,1962,0,0.0,365_800,1962,0.0,0.0,0.0,1.0,0.0,0.1733493423,0.017,8.863573325175611,1.9315214260959672,1.0,0.01,0.001,2.8055338,1
1353,365,920,1962,0,0.0,365_920,1962,0.0,0.0,0.0,1.0,0.0,0.17578418648,0.734,9.714020527581305,1.873339486942444,17.0,2.89,4.913,3.969127,1
1353,2,365,1962,0,0.0,2_365,1962,0.0,0.0,0.0,1.0,0.0,0.0335742199999999,0.5730000000000001,8.964861739409468,4.276666119016055,1.0,0.01,0.001,4.293673,1
1353,365,812,1962,0,0.0,365_812,1962,0.0,0.0,0.0,1.0,0.0,0.17562872592,0.121,8.82595648517909,,1.0,0.01,0.001,2.19664167,1
1353,200,710,1962,0,0.0,200_710,1962,0.0,0.0,0.0,1.0,0.0,0.065919821,0.738,9.004680585001791,4.848900370910689,4.0,0.16,0.064,,1
1353,710,900,1962,0,0.0,710_900,1962,0.0,0.0,0.0,1.0,0.0,0.0965571302,0.7669999999999999,9.106034855166868,5.227411953032262,9.0,0.81,0.729,,1
1353,710,800,1962,0,0.0,710_800,1962,0.0,0.0,0.0,1.0,0.0,0.1006211423,0.0419999999999999,8.101465603741564,0.0,1.0,0.01,0.001,,1
1353,710,920,1962,0,0.0,710_920,1962,0.0,0.0,0.0,1.0,0.0,0.10305598648,0.7589999999999999,9.285633356011614,0.8649974374866045,9.0,0.81,0.729,,1
1353,2,710,1962,0,0.0,2_710,1962,0.0,0.0,0.0,1.0,0.0,0.1063024199999999,0.5980000000000001,9.31898847758312,0.3364722437640701,1.0,0.01,0.001,,1
1353,710,812,1962,0,0.0,710_812,1962,0.0,0.0,0.0,1.0,0.0,0.10290052592,0.146,7.929378526122111,0.0,1.0,0.01,0.001,,1
1360,811,816,1969,1,,811_816,1969,,,,,,,,,,,,,,1
1361,516,517,1964,0,0.0,516_517,1964,,,,0.0,0.0,5.137250000000006e-06,0.0499999999999999,5.182906515036709,,19.0,3.61,6.859,,1
1362,516,517,1973,0,0.0,516_517,1973,0.0,0.0,0.0,1.0,1.0,4.823537999999999e-05,0.082,5.182906515036709,0.8329091229351039,1.0,0.01,0.001,0.4697999499999999,1
1362,510,516,1973,0,,510_516,1973,0.0,0.0,0.0,1.0,0.0,0.0008728986,0.1589999999999999,6.649632008771901,0.6423800740270706,28.0,7.84,21.952,0.0380156,1
1363,800,816,1961,0,0.0,800_816,1961,,,,,,,,,,,,,,1
1363,2,816,1961,0,0.0,2_816,1961,0.0,0.0,0.0,1.0,0.0,0.2067924634,0.45,9.499016949743575,4.206184014171376,16.0,2.56,4.096,,1
1363,812,816,1960,0,,812_816,1960,0.0,0.0,0.0,1.0,0.0,0.0037243154799999,0.051,6.177113893994611,,1.0,0.01,0.001,,1
1363,710,800,1961,0,0.0,710_800,1961,0.0,0.0,0.0,1.0,0.0,0.1019241082,0.0419999999999999,8.101465603741564,0.7884573603642703,8.0,0.64,0.512,,1
1363,2,710,1961,0,0.0,2_710,1961,0.0,0.0,0.0,1.0,0.0,0.10571134,0.5960000000000001,9.31898847758312,0.0,1.0,0.01,0.001,,1
1363,710,812,1961,0,0.0,710_812,1961,0.0,0.0,0.0,1.0,0.0,0.10427868509,0.145,7.929378526122111,0.0,16.0,2.56,4.096,,1
1363,365,800,1961,0,0.0,365_800,1961,0.0,0.0,0.0,1.0,0.0,0.1707396382,0.006,8.863573325175611,2.128231717754029,16.0,2.56,4.096,2.9342219,1
1363,2,365,1961,0,0.0,2_365,1961,0.0,0.0,0.0,1.0,0.0,0.03689581,0.56,8.964861739409468,4.189654742026425,1.0,0.01,0.001,3.97853,1
1363,365,812,1960,0,0.0,365_812,1960,0.0,0.0,0.0,1.0,0.0,0.17133982358,0.164,8.82595648517909,,15.0,2.25,3.375,2.7309627,1
1364,235,510,1972,0,,235_510,1972,,,,,,,,,,,,,,1
1366,500,501,1965,0,0.0,500_501,1965,0.0,0.0,0.0,1.0,0.0,0.00029226649,0.1109999999999999,6.22317132908268,0.0,20.0,4.0,8.0,0.2387719000000001,1
1367,500,501,1973,0,0.0,500_501,1973,0.0,0.0,0.0,1.0,0.0,0.00028744082,0.115,6.22317132908268,4.182431779732171,8.0,0.64,0.512,0.154544,1
1368,500,501,1976,0,,500_501,1976,0.0,0.0,0.0,1.0,0.0,0.0002039091599999,0.127,6.22317132908268,4.315940289607984,1.0,0.01,0.001,0.5993871,1
1369,770,775,1959,0,0.0,770_775,1959,0.0,0.0,0.0,1.0,0.0,0.007805669,0.2789999999999999,7.922079751127658,3.117949817782661,14.0,1.96,2.744,0.775647,1
1376,800,812,1975,0,,800_812,1975,1.0,1.0,1.0,1.0,0.0,0.00420589399,0.144,6.258624983838966,3.6918002095520017,5.0,0.25,0.125,0.6485908,1
1377,500,666,1976,0,1.0,500_666,1976,,,,,,,,,,,,,,1
1378,520,530,1967,0,1.0,520_530,1967,0.0,0.0,0.0,1.0,0.0,0.00140650305,0.242,6.972137537911405,0.0,1.0,0.01,0.001,0.7840230000000001,1
1378,501,520,1967,0,1.0,501_520,1967,0.0,0.0,0.0,1.0,0.0,0.00050625368,0.116,6.926086235666861,0.9162907318741552,3.0,0.09,0.027,0.8371918,1
1379,365,731,1969,0,1.0,365_731,1969,0.0,0.0,0.0,1.0,1.0,0.1650041095,0.004,8.766113645314682,,24.0,5.76,13.824,,1
1379,2,731,1964,0,1.0,2_731,1964,0.0,0.0,0.0,1.0,0.0,0.1981055359,0.5890000000000001,9.309705953873744,,1.0,0.01,0.001,,1
1379,731,732,1964,0,1.0,731_732,1964,0.0,0.0,0.0,1.0,0.0,0.0040074685,0.184,5.27709373009641,0.0,1.0,0.01,0.001,,1
1380,500,510,1971,0,1.0,500_510,1971,0.0,0.0,0.0,1.0,0.0,0.0002554696999999,0.122,6.688479239194416,2.361796924350679,26.0,6.76,17.576,0.6065077999999999,1
1381,510,620,1972,0,1.0,510_620,1972,,,,,,,,,,,,,,1
1381,500,510,1972,0,1.0,500_510,1972,0.0,0.0,0.0,1.0,0.0,0.00030489817,0.1579999999999999,6.688479239194416,2.164586594836755,1.0,0.01,0.001,0.4103766,1
1382,500,551,1974,0,0.0,500_551,1974,,,,,,,,,,,,,,1
1382,500,510,1974,0,0.0,500_510,1974,0.0,0.0,0.0,1.0,0.0,0.0002326038499999,0.1589999999999999,6.688479239194416,1.3381539857919555,1.0,0.01,0.001,0.0954648999999999,1
1382,500,625,1974,0,0.0,500_625,1974,0.0,0.0,0.0,1.0,1.0,0.0005356334499999,0.0689999999999999,7.43549701512444,1.8169397515061183,3.0,0.09,0.027,0.0923359,1
1384,420,433,1974,0,0.0,420_433,1974,,,,0.0,0.0,0.000468125995,0.1109999999999999,5.085742766583061,0.8462973600536201,3.0,0.09,0.027,0.3249469,1
1385,235,438,1970,0,0.0,235_438,1970,,,,,,,,,,,,,,1
1385,235,433,1969,0,0.0,235_433,1969,,,,,,,,,,,,,,1
1386,235,438,1973,0,0.0,235_438,1973,,,,,,,,,,,,,,1
1387,235,433,1961,0,0.0,235_433,1961,,,,,,,,,,,,,,1
1389,235,433,1972,0,1.0,235_433,1972,,,,,,,,,,,,,,1
1390,235,551,1972,0,0.0,235_551,1972,,,,,,,,,,,,,,1
1391,235,551,1971,0,0.0,235_551,1971,,,,,,,,,,,,,,1
1392,235,551,1966,0,0.0,235_551,1966,,,,,,,,,,,,,,1
1396,551,560,1974,0,0.0,551_560,1974,,,,,,,,,,,,,,1
1396,551,552,1974,0,0.0,551_552,1974,0.0,0.0,0.0,1.0,0.0,0.0001164783,0.0,5.992963423231718,2.600215293326271,1.0,0.01,0.001,,1
1397,551,560,1973,0,1.0,551_560,1973,,,,,,,,,,,,,,1
1397,551,552,1973,0,1.0,551_552,1973,0.0,0.0,0.0,1.0,0.0,7.421372e-05,0.0159999999999999,5.992963423231718,2.9527156329755178,4.0,0.16,0.064,,1
1399,551,552,1969,0,0.0,551_552,1969,0.0,0.0,0.0,1.0,0.0,9.150681e-05,0.0889999999999999,5.992963423231718,3.523415073383453,3.0,0.09,0.027,,1
1400,551,560,1968,0,0.0,551_560,1968,,,,,,,,,,,,,,1
1401,551,552,1966,0,0.0,551_552,1966,0.0,0.0,0.0,1.0,0.0,0.0001415531799999,0.1099999999999999,5.992963423231718,4.734530391293799,1.0,0.01,0.001,,1
1403,500,625,1968,0,0.0,500_625,1968,0.0,0.0,0.0,1.0,0.0,0.0003391565999999,0.004,7.43549701512444,1.1512047071617264,23.0,5.29,12.167,0.6035887999999999,1
1404,500,625,1971,0,0.0,500_625,1971,0.0,0.0,0.0,1.0,0.0,0.0005832044,0.0099999999999999,7.43549701512444,1.6266882461826762,3.0,0.09,0.027,0.7195893,1
1406,230,411,1969,0,0.0,230_411,1969,,,,,,,,,,,,,,1
1407,434,436,1963,0,0.0,434_436,1963,1.0,0.0,1.0,1.0,1.0,2.4762190000000004e-05,0.133,6.680352670747544,0.0,18.0,3.24,5.832,0.15645538,1
1408,438,452,1966,0,0.0,438_452,1966,,,,,,,,,,,,,,1
1410,432,435,1962,0,,432_435,1962,1.0,0.0,1.0,1.0,0.0,0.000272113709,0.0279999999999999,6.954734280176131,,17.0,2.89,4.913,0.2572815999999999,1
1411,432,439,1974,0,1.0,432_439,1974,0.0,0.0,0.0,1.0,0.0,8.691792e-05,0.074,6.555641346370967,1.354803668228726,29.0,8.41,24.389,0.2350383,1
1418,452,461,1962,0,0.0,452_461,1962,0.0,0.0,0.0,1.0,0.0,0.000595733664,0.0329999999999999,5.134621273877247,2.091864049332714,17.0,2.89,4.913,0.2925656,1
1419,452,461,1965,0,1.0,452_461,1965,0.0,0.0,0.0,1.0,0.0,0.00069181406,0.032,5.134621273877247,0.7884573603642703,3.0,0.09,0.027,1.2037839,1
1422,530,625,1967,0,0.0,530_625,1967,0.0,0.0,0.0,1.0,0.0,0.00076881082,0.1129999999999999,6.899723107284872,0.8329091229351039,22.0,4.84,10.648,1.3401960000000002,1
1423,520,530,1960,0,0.0,520_530,1960,,,,0.0,0.0,0.00140621016,0.26,6.972137537911405,,15.0,2.25,3.375,0.5914691,1
1425,520,530,1963,0,1.0,520_530,1963,0.0,0.0,0.0,1.0,0.0,0.00150650233,0.268,6.972137537911405,0.7884573603642703,2.0,0.04,0.008,0.3513141999999999,1
1426,501,520,1963,0,,501_520,1963,,,,0.0,0.0,0.00032164154,0.151,6.926086235666861,,18.0,3.24,5.832,0.489098,1
1427,520,530,1974,0,1.0,520_530,1974,0.0,0.0,0.0,1.0,0.0,0.00139238125,0.0099999999999999,6.972137537911405,1.1439042460025366,1.0,0.01,0.001,0.4312806,1
1428,520,530,1975,0,1.0,520_530,1975,0.0,0.0,0.0,1.0,0.0,0.0014628002299999,0.001,6.972137537911405,1.0845133304819814,1.0,0.01,0.001,0.46066133,1
1430,551,552,1976,0,0.0,551_552,1976,0.0,0.0,0.0,1.0,0.0,0.0002052167599999,0.001,5.992963423231718,0.5697975545229553,2.0,0.04,0.008,,1
1430,541,552,1975,0,,541_552,1975,,,,0.0,0.0,0.00010510528,0.17,6.823721283372128,,30.0,9.0,27.0,,1
1435,811,816,1975,1,1.0,811_816,1975,0.0,0.0,0.0,1.0,0.0,0.00598457937,0.148,6.963852018334007,,1.0,0.01,0.001,,1
1441,40,551,1976,0,,40_551,1976,,,,,,,,,,,,,,1
1441,540,551,1976,0,,540_551,1976,0.0,0.0,0.0,1.0,0.0,0.0001228011699999,0.12,7.490696892221057,0.4353180806696102,31.0,9.61,29.791,0.0750402999999999,1
1441,40,560,1975,0,,40_560,1975,,,,,,,,,,,,,,1
1441,540,560,1975,0,,540_560,1975,,,,,,,,,,,,,,1
1441,40,490,1975,0,,40_490,1975,,,,,,,,,,,,,,1
1441,490,540,1975,0,,490_540,1975,0.0,0.0,0.0,1.0,0.0,0.00177797362,0.075,6.314453433391908,,30.0,9.0,27.0,,1
1447,750,770,1971,1,1.0,750_770,1971,0.0,0.0,0.0,1.0,0.0,0.0427301110999999,0.4629999999999999,6.531606225208026,0.3074847071009018,1.0,0.01,0.001,0.3715406,1
1449,750,790,1969,0,0.0,750_790,1969,0.0,0.0,0.0,1.0,0.0,0.04953235634,0.5730000000000001,6.68748260275961,3.9415818076696905,1.0,0.01,0.001,0.1479498,1
1450,235,850,1975,0,0.0,235_850,1975,,,,,,,,,,,,,,1
1452,710,840,1956,0,0.0,710_840,1956,0.0,0.0,0.0,1.0,0.0,0.0949523045,0.301,7.955004095361688,1.0681531155476618,3.0,0.09,0.027,,1
1452,710,817,1956,0,0.0,710_817,1956,0.0,0.0,0.0,1.0,0.0,0.0953360727,0.2149999999999999,,,11.0,1.21,1.331,,1
1452,713,840,1956,0,0.0,713_840,1956,1.0,1.0,1.0,1.0,0.0,0.0030480153,0.298,7.059359863114032,1.0360274134764884,11.0,1.21,1.331,0.5904680999999999,1
1452,713,817,1956,0,0.0,713_817,1956,,,,,,,,,,,,,,1
1462,750,790,1968,0,0.0,750_790,1968,0.0,0.0,0.0,1.0,0.0,0.05004134222,0.5730000000000001,6.68748260275961,3.9259259303210032,3.0,0.09,0.027,0.2465354999999999,1
1463,750,790,1965,0,0.0,750_790,1965,,,,0.0,0.0,0.05129393509,0.552,6.68748260275961,3.538056622518886,3.0,0.09,0.027,0.1241494599999999,1
1466,710,750,1962,0,0.0,710_750,1962,0.0,0.0,0.0,1.0,0.0,0.054490779,0.585,8.236552933753503,1.5686159179138452,1.0,0.01,0.001,,1
1466,750,790,1962,0,,750_790,1962,,,,0.0,0.0,0.04838382559,0.5630000000000001,6.68748260275961,0.0,17.0,2.89,4.913,0.30170779,1
1469,750,771,1976,0,1.0,750_771,1976,0.0,0.0,1.0,1.0,0.0,0.0486177486,0.249,7.263119364120769,4.480853328833219,31.0,9.61,29.791,0.1220126999999999,1
1472,731,732,1975,0,1.0,731_732,1975,0.0,0.0,0.0,1.0,0.0,0.0037441715,0.124,5.27709373009641,0.0,1.0,0.01,0.001,,1
1472,2,731,1975,0,1.0,2_731,1975,0.0,0.0,0.0,1.0,0.0,0.1374603315,0.6950000000000001,9.309705953873744,,6.0,0.36,0.216,,1
1480,651,666,1967,1,1.0,651_666,1967,0.0,0.0,0.0,1.0,0.0,0.0049274066,0.469,6.0553778728516345,0.0,1.0,0.01,0.001,2.5923273,1
1480,365,666,1970,1,1.0,365_666,1970,0.0,0.0,0.0,1.0,0.0,0.1694790833,0.5770000000000001,7.891592503508168,0.2623642721597987,3.0,0.09,0.027,3.1822048,1
1481,260,395,1974,0,0.0,260_395,1974,,,,,,,,,,,,,,1
1605,800,811,1970,0,0.0,800_811,1970,0.0,0.0,0.0,1.0,0.0,0.0027810626,0.006,6.2813317304651,0.0295588012706705,1.0,0.01,0.001,0.1433715999999999,1
1608,155,160,1965,0,1.0,155_160,1965,0.0,0.0,0.0,1.0,1.0,0.0043141751,0.0589999999999999,7.035356623575859,4.443827012077565,1.0,0.01,0.001,0.1299418,1
1609,155,160,1967,0,0.0,155_160,1967,1.0,1.0,1.0,1.0,1.0,0.0039418232,0.484,7.035356623575859,4.574710978503383,2.0,0.04,0.008,0.0842489999999999,1
1610,800,811,1968,0,,800_811,1968,0.0,0.0,0.0,1.0,0.0,0.0025596165,0.136,6.2813317304651,0.0,1.0,0.01,0.001,2.0603092,1
1612,645,670,1973,0,0.0,645_670,1973,0.0,0.0,0.0,1.0,1.0,2.080969999999991e-05,0.039,6.896289800872859,0.6931471805599453,11.0,1.21,1.331,0.2640708,1
1612,645,690,1972,0,1.0,645_690,1972,0.0,0.0,0.0,1.0,1.0,0.00165883759,0.2319999999999999,6.324358962381311,2.6100697927420065,5.0,0.25,0.125,0.4434732999999999,1
1613,645,690,1975,0,0.0,645_690,1975,0.0,0.0,0.0,1.0,1.0,0.0024839945,0.235,6.324358962381311,2.760009940032921,2.0,0.04,0.008,0.1466576999999999,1
1706,220,616,1957,0,1.0,220_616,1957,,,,0.0,0.0,0.03223812567,0.6859999999999999,7.3006753595880065,5.327876168789581,12.0,1.44,1.728,2.3658394,1
1707,710,750,1958,0,0.0,710_750,1958,0.0,0.0,0.0,1.0,0.0,0.062075759,0.601,8.236552933753503,2.9391619220655967,2.0,0.04,0.008,,1
1708,710,775,1959,0,,710_775,1959,0.0,0.0,0.0,1.0,0.0,0.114500388,0.3379999999999999,7.993181005846071,3.025291075795536,3.0,0.09,0.027,,1
1709,365,732,1959,0,1.0,365_732,1959,0.0,0.0,0.0,1.0,0.0,0.1618052565,0.155,8.795748743589717,0.0,14.0,1.96,2.744,,1
1710,710,732,1960,0,1.0,710_732,1960,0.0,0.0,0.0,1.0,0.0,0.1099328009,0.262,6.860873293082006,0.0,5.0,0.25,0.125,,1
1711,220,616,1960,0,1.0,220_616,1960,0.0,0.0,0.0,1.0,0.0,0.03229056451,0.5549999999999999,7.3006753595880065,5.177279038170981,1.0,0.01,0.001,1.8716651,1
1713,210,710,1966,0,0.0,210_710,1966,0.0,0.0,0.0,1.0,0.0,0.1031140884,0.747,8.964759475543037,3.813307010413933,13.0,1.69,2.197,,1
1715,710,750,1967,0,1.0,710_750,1967,1.0,0.0,1.0,1.0,0.0,0.054878403,0.5890000000000001,8.236552933753503,0.0,1.0,0.01,0.001,,1
1717,200,230,1969,0,,200_230,1969,1.0,1.0,1.0,1.0,0.0,0.020722943,0.715,7.142511145624513,6.338417419490411,24.0,5.76,13.824,1.3801416,1
1718,310,360,1971,0,0.0,310_360,1971,1.0,0.0,1.0,1.0,1.0,0.0036349165999999,0.0549999999999999,6.468164456144597,4.7964514841535175,26.0,6.76,17.576,0.675049,1
1718,315,360,1971,0,0.0,315_360,1971,,,,,,,,,,,,,,1
1718,360,365,1971,0,0.0,360_365,1971,0.0,0.0,0.0,1.0,1.0,0.1641437295,0.077,7.313220387090301,6.9855585579289965,26.0,6.76,17.576,0.685149,1
1720,339,345,1976,0,0.0,339_345,1976,0.0,0.0,0.0,1.0,0.0,0.00483417253,0.0789999999999999,5.972791281842361,3.631515136724365,24.0,5.76,13.824,1.0025248,1
1746,220,600,1960,0,0.0,220_600,1960,0.0,0.0,0.0,1.0,0.0,0.0311712729,0.677,7.504831990791349,5.872962474881752,15.0,2.25,3.375,3.1473250000000004,1
1796,220,616,1959,0,1.0,220_616,1959,0.0,0.0,0.0,1.0,0.0,0.03204989906,0.651,7.3006753595880065,5.388158070547826,1.0,0.01,0.001,2.2278055,1
1797,710,790,1960,0,1.0,710_790,1960,,,,0.0,0.0,0.11852558777,0.13,8.056838857618049,,1.0,0.01,0.001,,1
1799,365,740,1961,0,0.0,365_740,1961,0.0,0.0,0.0,1.0,0.0,0.134427805,0.725,8.919854372191667,4.997212273764115,1.0,0.01,0.001,3.0922676,1
1801,2,42,1961,0,0.0,2_42,1961,0.0,0.0,0.0,1.0,1.0,0.21013379603,0.505,7.771573073595175,5.146971084053402,16.0,2.56,4.096,0.4265860000000001,1
1803,2,130,1963,0,0.0,2_130,1963,0.0,0.0,0.0,1.0,1.0,0.20724565041,0.4630000000000001,8.378896175512146,4.8342958089798485,8.0,0.64,0.512,0.9965814,1
1804,551,552,1965,0,0.0,551_552,1965,1.0,0.0,1.0,1.0,0.0,0.0001700157,0.102,5.992963423231718,,20.0,4.0,8.0,,1
1804,200,552,1965,0,0.0,200_552,1965,0.0,0.0,0.0,1.0,0.0,0.03648153347,0.621,9.02217778955722,,20.0,4.0,8.0,,1
1805,2,130,1967,0,0.0,2_130,1967,0.0,0.0,0.0,1.0,1.0,0.20782709485,0.522,8.378896175512146,5.191956406167792,4.0,0.16,0.064,1.8023686,1
1806,2,710,1968,0,1.0,2_710,1968,0.0,0.0,0.0,1.0,0.0,0.09748251,0.629,9.31898847758312,0.0,1.0,0.01,0.001,,1
1806,2,811,1968,0,1.0,2_811,1968,0.0,0.0,1.0,1.0,0.0,0.2023580625,0.4379999999999999,9.575108477752243,1.6094379124341005,1.0,0.01,0.001,3.829916,1
1806,710,817,1968,0,0.0,710_817,1968,0.0,0.0,0.0,1.0,0.0,0.099116656,0.245,,,1.0,0.01,0.001,,1
1806,811,817,1968,0,,811_817,1968,0.0,0.0,0.0,1.0,0.0,0.0057588965,0.0539999999999999,,,1.0,0.01,0.001,,1
1807,365,452,1968,0,0.0,365_452,1968,0.0,0.0,0.0,1.0,0.0,0.17002369426,0.0499999999999999,8.780480107033297,3.634951164858828,23.0,5.29,12.167,1.80495428,1
1808,160,165,1973,0,0.0,160_165,1973,0.0,0.0,1.0,1.0,1.0,0.0053892078299999,0.284,5.331268466687723,3.529297325638443,4.0,0.16,0.064,1.16737295,1
1808,165,385,1973,0,0.0,165_385,1973,,,,,,,,,,,,,,1
1809,500,501,1975,0,0.0,500_501,1975,0.0,0.0,0.0,1.0,0.0,0.00021864809,0.126,6.22317132908268,4.488198060205406,2.0,0.04,0.008,0.6519748,1
1900,200,390,1961,0,0.0,200_390,1961,1.0,1.0,1.0,1.0,1.0,0.0385063771,0.0969999999999999,6.862967096192003,6.621272513740543,16.0,2.56,4.096,0.5891660000000001,1
2002,2,710,1960,0,0.0,2_710,1960,0.0,0.0,0.0,1.0,0.0,0.09617146,0.5800000000000001,9.31898847758312,0.0,2.0,0.04,0.008,,1
2017,800,812,1970,0,0.0,800_812,1970,1.0,1.0,1.0,1.0,0.0,0.00324013945,0.0839999999999999,6.258624983838966,2.6319247387728577,6.0,0.36,0.216,0.4005738999999999,1
2024,775,800,1955,0,0.0,775_800,1955,0.0,0.0,0.0,1.0,0.0,0.0006999146,0.293,6.7067400797409285,0.4054651081081644,1.0,0.01,0.001,1.1886023,1
2025,750,775,1957,0,0.0,750_775,1957,1.0,0.0,1.0,1.0,0.0,0.0435337257,0.244,7.676195443577513,4.23338156072952,12.0,1.44,1.728,0.0255241999999999,1
2028,800,812,1960,0,,800_812,1960,1.0,1.0,1.0,1.0,0.0,0.00271017078,0.158,6.258624983838966,1.1631508098056809,15.0,2.25,3.375,0.4797843,1
2029,812,816,1960,0,0.0,812_816,1960,0.0,0.0,0.0,1.0,0.0,0.0037243154799999,0.051,6.177113893994611,,1.0,0.01,0.001,,1
2031,800,812,1964,0,0.0,800_812,1964,1.0,1.0,1.0,1.0,0.0,0.00208340195,0.107,6.258624983838966,2.312535463451173,4.0,0.16,0.064,,1
2032,2,710,1955,0,0.0,2_710,1955,0.0,0.0,0.0,1.0,0.0,0.175078556,0.535,9.31898847758312,0.0,1.0,0.01,0.001,,1
2037,200,713,1955,0,0.0,200_713,1955,1.0,1.0,1.0,1.0,0.0,0.0440011696,0.7270000000000001,9.188462793456866,,2.0,0.04,0.008,0.7711599999999998,1
2038,200,710,1958,0,0.0,200_710,1958,0.0,0.0,0.0,1.0,0.0,0.063215113,0.7330000000000001,9.004680585001791,4.3161538104163615,4.0,0.16,0.064,,1
2042,93,94,1957,0,0.0,93_94,1957,1.0,1.0,1.0,1.0,1.0,7.693782e-05,0.5489999999999999,5.834518296645255,0.4700036417457354,2.0,0.04,0.008,1.1091398,1
2049,710,713,1957,0,,710_713,1957,0.0,0.0,0.0,1.0,0.0,0.0927014581999999,0.0079999999999999,7.451067453782427,,1.0,0.01,0.001,,1
2049,2,710,1957,0,,2_710,1957,0.0,0.0,0.0,1.0,0.0,0.155518179,0.5509999999999999,9.31898847758312,0.0,1.0,0.01,0.001,,1
2053,700,770,1979,0,,700_770,1979,0.0,0.0,0.0,1.0,0.0,0.008299773,0.0239999999999999,5.914583502772024,3.941562409423293,18.0,3.24,5.832,1.1008880900000002,1
2053,365,700,1980,0,,365_700,1980,0.0,0.0,0.0,1.0,0.0,0.1674962074,0.0229999999999999,8.121866515280997,6.43998119445342,35.0,12.25,42.875,0.3901529999999999,1
2054,700,770,1983,0,,700_770,1983,0.0,0.0,0.0,1.0,0.0,0.0084448049,0.0259999999999999,5.914583502772024,4.404619519988783,1.0,0.01,0.001,1.1359707,1
2054,365,700,1984,0,,365_700,1984,0.0,0.0,0.0,1.0,0.0,0.168677568,0.0219999999999999,8.121866515280997,0.0,2.0,0.04,0.008,0.1737419999999998,1
2059,345,355,1971,0,0.0,345_355,1971,1.0,0.0,1.0,1.0,0.0,0.0009107040999999,0.0819999999999999,5.799698531486028,4.025173139081466,19.0,3.61,6.859,1.5065482,1
2066,520,530,1965,0,0.0,520_530,1965,0.0,0.0,0.0,1.0,0.0,0.00153257804,0.246,6.972137537911405,0.641853875646079,1.0,0.01,0.001,0.6978555,1
2067,520,530,1966,0,1.0,520_530,1966,0.0,0.0,0.0,1.0,0.0,0.00142119714,0.242,6.972137537911405,0.6931471805599453,1.0,0.01,0.001,0.1262795,1
2068,520,530,1973,0,0.0,520_530,1973,0.0,0.0,0.0,1.0,0.0,0.00144437069,0.019,6.972137537911405,0.7728821485787989,6.0,0.36,0.216,0.5177284,1
2069,40,520,1977,1,1.0,40_520,1977,,,,,,,,,,,,,,1
2069,520,530,1977,1,1.0,520_530,1977,0.0,0.0,0.0,1.0,0.0,0.0027345765599999,0.004,6.972137537911405,1.597365351442746,1.0,0.01,0.001,0.0914827999999999,1
2070,520,530,1978,0,,520_530,1978,1.0,0.0,1.0,1.0,0.0,0.0027550872299999,0.004,6.972137537911405,1.907763130143162,1.0,0.01,0.001,0.3542898,1
2071,520,530,1980,0,1.0,520_530,1980,1.0,0.0,1.0,1.0,0.0,0.0025929367499999,0.012,6.972137537911405,0.0,1.0,0.01,0.001,0.6001666999999999,1
2072,520,530,1982,0,1.0,520_530,1982,0.0,0.0,0.0,1.0,0.0,0.00249372198,0.072,6.972137537911405,3.1916279092701627,1.0,0.01,0.001,1.2808491,1
2074,520,530,1984,0,1.0,520_530,1984,0.0,0.0,0.0,1.0,0.0,0.00249491855,0.072,6.972137537911405,0.2730759276727688,1.0,0.01,0.001,0.6137112,1
2075,520,530,1985,0,1.0,520_530,1985,0.0,0.0,0.0,1.0,0.0,0.00281492275,0.0699999999999999,6.972137537911405,0.0,1.0,0.01,0.001,0.5577451999999999,1
2079,155,160,1958,0,0.0,155_160,1958,1.0,1.0,1.0,1.0,1.0,0.0048752185,0.067,7.035356623575859,3.655839625875529,3.0,0.09,0.027,0.1187187999999999,1
2080,155,160,1964,0,0.0,155_160,1964,0.0,0.0,1.0,1.0,1.0,0.0041176223,0.0529999999999999,7.035356623575859,4.258445530469712,1.0,0.01,0.001,,1
2081,155,160,1977,0,0.0,155_160,1977,0.0,0.0,0.0,1.0,1.0,0.0034932294,0.001,7.035356623575859,5.8964392992067065,9.0,0.81,0.729,0.1899648,1
2082,155,160,1978,0,0.0,155_160,1978,0.0,0.0,0.0,1.0,1.0,0.0035211096999999,0.001,7.035356623575859,6.088545884758545,1.0,0.01,0.001,0.3618017,1
2083,155,160,1980,0,0.0,155_160,1980,0.0,0.0,0.0,1.0,1.0,0.003599108,0.004,7.035356623575859,6.057182083870896,1.0,0.01,0.001,0.4531412,1
2084,155,160,1981,0,0.0,155_160,1981,0.0,0.0,0.0,1.0,1.0,0.0034895197,0.004,7.035356623575859,6.0236897186099325,1.0,0.01,0.001,0.38094446,1
2086,155,160,1983,0,0.0,155_160,1983,0.0,0.0,1.0,1.0,1.0,0.0034657246,0.192,7.035356623575859,5.702080994626346,1.0,0.01,0.001,0.30338371,1
2087,155,160,1984,0,0.0,155_160,1984,0.0,0.0,0.0,1.0,1.0,0.0032586621,0.755,7.035356623575859,5.761170491764932,1.0,0.01,0.001,0.3860451,1
2090,710,750,1955,0,0.0,710_750,1955,0.0,0.0,0.0,1.0,0.0,0.046179577,0.5870000000000001,8.236552933753503,2.0668627721312034,1.0,0.01,0.001,,1
2092,710,750,1956,0,0.0,710_750,1956,0.0,0.0,0.0,1.0,0.0,0.052949715,0.5870000000000001,8.236552933753503,3.030133748580501,1.0,0.01,0.001,,1
2097,710,750,1967,0,0.0,710_750,1967,1.0,0.0,1.0,1.0,0.0,0.054878403,0.5890000000000001,8.236552933753503,0.0,1.0,0.01,0.001,,1
2098,710,750,1969,0,0.0,710_750,1969,1.0,0.0,1.0,1.0,0.0,0.057893815,0.5960000000000001,8.236552933753503,0.0,2.0,0.04,0.008,,1
2099,710,750,1971,0,0.0,710_750,1971,0.0,0.0,1.0,1.0,0.0,0.060572746,0.55,8.236552933753503,0.0,2.0,0.04,0.008,0.1357286999999999,1
2100,710,750,1973,0,0.0,710_750,1973,1.0,0.0,1.0,1.0,0.0,0.059261092,0.542,8.236552933753503,0.0,2.0,0.04,0.008,0.2956942999999999,1
2101,710,750,1979,0,0.0,710_750,1979,0.0,0.0,0.0,1.0,0.0,0.067026721,0.5640000000000001,8.236552933753503,3.2386784521643803,4.0,0.16,0.064,0.19195748,1
2102,710,750,1985,0,,710_750,1985,0.0,0.0,0.0,1.0,0.0,0.057509383,0.56,8.236552933753503,4.516221894389876,6.0,0.36,0.216,0.6950862,1
2106,630,645,1965,0,1.0,630_645,1965,0.0,0.0,0.0,1.0,0.0,0.0038824707999999,0.037,6.544199573951183,1.2809338176842862,4.0,0.16,0.064,1.2106729,1
2107,630,645,1966,0,0.0,630_645,1966,0.0,0.0,0.0,1.0,0.0,0.003694602,0.034,6.544199573951183,1.4586150226995167,1.0,0.01,0.001,1.4842457000000002,1
2108,630,645,1969,0,1.0,630_645,1969,0.0,0.0,0.0,1.0,0.0,0.0036153635,0.06,6.544199573951183,1.7404661397527843,3.0,0.09,0.027,1.83860917,1
2109,630,645,1970,0,0.0,630_645,1970,0.0,0.0,0.0,1.0,0.0,0.0039194757,0.061,6.544199573951183,1.1631508098056809,1.0,0.01,0.001,1.5778058,1
2110,630,645,1971,0,1.0,630_645,1971,0.0,0.0,0.0,1.0,0.0,0.0037200607,0.061,6.544199573951183,0.3364722437640701,1.0,0.01,0.001,1.2073231999999998,1
2111,630,645,1973,0,1.0,630_645,1973,0.0,0.0,0.0,1.0,0.0,0.0041984217,0.061,6.544199573951183,,1.0,0.01,0.001,1.0026057,1
2112,630,645,1974,0,1.0,630_645,1974,0.0,0.0,0.0,1.0,0.0,0.0056692975999999,0.06,6.544199573951183,0.2623642721597987,1.0,0.01,0.001,1.2557238,1
2113,630,645,1979,0,0.0,630_645,1979,0.0,0.0,0.0,1.0,0.0,0.0036051497,0.113,6.544199573951183,3.109060958860994,4.0,0.16,0.064,0.9820315,1
2115,630,645,1979,1,1.0,630_645,1979,0.0,0.0,0.0,1.0,0.0,0.0036051497,0.113,6.544199573951183,3.109060958860994,4.0,0.16,0.064,0.9820315,1
2118,130,135,1984,0,1.0,130_135,1984,0.0,0.0,0.0,1.0,1.0,0.0020685777,0.0269999999999999,7.189092263874078,3.5920932129668666,3.0,0.09,0.027,0.0572773999999999,1
2119,130,135,1981,0,1.0,130_135,1981,0.0,0.0,0.0,1.0,1.0,0.0021339425,0.0209999999999999,7.189092263874078,4.15669320294589,3.0,0.09,0.027,0.10050708,1
2120,130,135,1977,0,1.0,130_135,1977,0.0,0.0,0.0,1.0,1.0,0.0021815287,0.0469999999999999,7.189092263874078,5.286649511093547,22.0,4.84,10.648,0.1476598,1
2136,200,500,1974,0,0.0,200_500,1974,0.0,0.0,1.0,1.0,0.0,0.02775033095,0.741,8.774096417675434,4.383812514041596,29.0,8.41,24.389,2.433388,1
2138,620,625,1972,0,0.0,620_625,1972,0.0,0.0,0.0,1.0,1.0,0.0007118317799999,0.073,7.915932153512099,0.5877866704576745,27.0,7.29,19.683,0.2231341000000001,1
2139,90,200,1977,0,0.0,90_200,1977,1.0,1.0,1.0,1.0,0.0,0.02572281577,0.6549999999999999,9.079069280089088,3.4225347456798905,2.0,0.04,0.008,0.781514,1
2140,500,510,1977,0,1.0,500_510,1977,0.0,0.0,0.0,1.0,0.0,0.00039763475,0.1599999999999999,6.688479239194416,0.6248683237466937,2.0,0.04,0.008,0.3143752,1
2141,500,510,1978,1,1.0,500_510,1978,0.0,0.0,1.0,1.0,0.0,0.00076147404,0.1599999999999999,6.688479239194416,0.2429461864535267,1.0,0.01,0.001,0.0189081999999999,1
2141,510,620,1979,1,1.0,510_620,1979,,,,,,,,,,,,,,1
2142,530,625,1977,0,0.0,530_625,1977,0.0,0.0,0.0,1.0,0.0,0.0018608691999999,0.089,6.899723107284872,1.0865397074338403,10.0,1.0,1.0,0.0109200999999999,1
2143,135,155,1977,0,0.0,135_155,1977,0.0,0.0,0.0,1.0,1.0,0.0005411796999999,0.028,7.811487481608896,3.9229629256840863,1.0,0.01,0.001,0.3260008,1
2144,501,510,1977,0,0.0,501_510,1977,0.0,0.0,0.0,1.0,0.0,0.0001474249,0.033,6.323641859446314,4.710133622820554,32.0,10.24,32.768,0.0774941,1
2148,490,560,1977,0,,490_560,1977,,,,,,,,,,,,,,1
2149,811,812,1977,0,,811_812,1977,1.0,1.0,1.0,1.0,0.0,0.0004872495199999,0.061,6.627115021319402,,32.0,10.24,32.768,,1
2150,482,540,1977,0,1.0,482_540,1977,,,,,,,,,,,,,,1
2150,220,540,1977,0,1.0,220_540,1977,0.0,0.0,0.0,1.0,0.0,0.0223902797,0.779,8.78012652470258,3.9288800831632016,32.0,10.24,32.768,2.3858993,1
2150,490,540,1977,0,1.0,490_540,1977,0.0,0.0,0.0,1.0,0.0,0.0015404282999999,0.074,6.314453433391908,0.3364722437640701,1.0,0.01,0.001,0.8175687,1
2150,540,651,1977,0,1.0,540_651,1977,,,,,,,,,,,,,,1
2150,540,600,1977,0,1.0,540_600,1977,,,,,,,,,,,,,,1
2150,482,500,1977,0,1.0,482_500,1977,,,,,,,,,,,,,,1
2150,220,500,1977,0,1.0,220_500,1977,0.0,0.0,0.0,1.0,0.0,0.02250285355,0.769,8.719970756777574,3.277672895376658,32.0,10.24,32.768,2.5021177000000003,1
2150,490,500,1977,0,1.0,490_500,1977,0.0,0.0,0.0,1.0,0.0,0.0016530021499999,0.0639999999999999,7.594733470396553,0.3879798005514054,12.0,1.44,1.728,0.9337871,1
2150,500,651,1977,0,1.0,500_651,1977,,,,,,,,,,,,,,1
2150,500,600,1977,0,1.0,500_600,1977,,,,,,,,,,,,,,1
2150,482,484,1977,0,1.0,482_484,1977,0.0,0.0,0.0,1.0,0.0,3.057050000000012e-06,0.003,6.934202448996985,0.302324341797668,32.0,10.24,32.768,1.1057756,1
2150,220,484,1977,0,1.0,220_484,1977,0.0,0.0,0.0,1.0,1.0,0.02313262705,0.762,8.706026831825415,4.882892751794607,32.0,10.24,32.768,2.4471439,1
2150,484,490,1977,0,1.0,484_490,1977,1.0,0.0,1.0,1.0,0.0,0.00228277565,0.0569999999999999,2.163323025660538,1.3887912413184778,7.0,0.49,0.343,0.8788133,1
2150,484,651,1977,0,1.0,484_651,1977,,,,,,,,,,,,,,1
2150,484,600,1977,0,1.0,484_600,1977,,,,,,,,,,,,,,1
2150,40,482,1977,0,1.0,40_482,1977,,,,,,,,,,,,,,1
2150,40,220,1977,0,1.0,40_220,1977,0.0,0.0,0.0,1.0,0.0,0.020550359,0.7829999999999999,8.95178982603065,4.774912960575186,32.0,10.24,32.768,3.514857,1
2150,40,490,1977,0,1.0,40_490,1977,,,,,,,,,,,,,,1
2150,40,651,1977,0,1.0,40_651,1977,,,,,,,,,,,,,,1
2150,40,600,1977,0,1.0,40_600,1977,,,,,,,,,,,,,,1
2152,670,678,1980,0,1.0,670_678,1980,0.0,0.0,0.0,1.0,1.0,0.00718380099,0.076,6.976908137670454,5.710834186126052,10.0,1.0,1.0,0.52276695,1
2153,651,670,1964,0,0.0,651_670,1964,0.0,0.0,0.0,1.0,1.0,0.0044451577999999,0.1629999999999999,7.401536468138869,3.4339872044851463,1.0,0.01,0.001,,1
2155,200,678,1966,0,,200_678,1966,0.0,0.0,0.0,1.0,0.0,0.03503636289,0.8009999999999999,8.63276934926372,0.2231435513142097,1.0,0.01,0.001,3.353556,1
2157,200,678,1963,0,1.0,200_678,1963,0.0,0.0,0.0,1.0,0.0,0.03682701142,0.784,8.63276934926372,0.3364722437640701,1.0,0.01,0.001,2.9682564,1
2163,352,651,1983,0,1.0,352_651,1983,0.0,0.0,0.0,1.0,0.0,0.00773082883,0.474,6.403905268952571,2.908266302342973,5.0,0.25,0.125,0.3742966,1
2171,352,640,1965,0,0.0,352_640,1965,0.0,0.0,0.0,1.0,0.0,0.00772350147,0.14,6.277207240178711,0.5877866704576745,20.0,4.0,8.0,0.9726998,1
2172,352,640,1965,0,0.0,352_640,1965,0.0,0.0,0.0,1.0,0.0,0.00772350147,0.14,6.277207240178711,0.5877866704576745,20.0,4.0,8.0,0.9726998,1
2173,350,640,1974,0,0.0,350_640,1974,1.0,1.0,1.0,1.0,1.0,0.0054669980999999,0.4319999999999999,6.7067400797409285,3.347093122668954,7.0,0.49,0.343,0.219796,1
2174,350,640,1978,0,0.0,350_640,1978,1.0,1.0,1.0,1.0,1.0,0.0065732577,0.2639999999999999,6.7067400797409285,2.228938552825748,2.0,0.04,0.008,0.3209664,1
2175,350,640,1981,0,0.0,350_640,1981,0.0,0.0,1.0,1.0,1.0,0.0064449328999999,0.72,6.7067400797409285,4.3506649453326345,3.0,0.09,0.027,0.2315083,1
2176,350,640,1982,0,0.0,350_640,1982,0.0,0.0,0.0,1.0,1.0,0.0067903788999999,0.734,6.7067400797409285,3.780318560061563,1.0,0.01,0.001,0.0599906999999999,1
2176,2,350,1983,0,0.0,2_350,1983,0.0,0.0,0.0,1.0,1.0,0.1298663034,0.013,9.018937706446035,6.528498707042104,38.0,14.44,54.872,2.1373334,1
2177,350,640,1984,0,,350_640,1984,0.0,0.0,0.0,1.0,1.0,0.0076902692,0.4559999999999999,6.7067400797409285,4.936199134761679,1.0,0.01,0.001,0.3596082,1
2178,352,640,1986,0,0.0,352_640,1986,0.0,0.0,0.0,1.0,0.0,0.0119826204999999,0.283,6.277207240178711,2.1225010550866426,12.0,1.44,1.728,1.3045922,1
2179,350,640,1986,0,1.0,350_640,1986,0.0,0.0,0.0,1.0,1.0,0.0091553594,0.444,6.7067400797409285,4.29210196817434,1.0,0.01,0.001,0.0038517,1
2181,700,770,1956,0,1.0,700_770,1956,0.0,0.0,0.0,1.0,0.0,0.0086258625999999,0.11,5.914583502772024,0.0,1.0,0.01,0.001,1.4736245,1
2187,731,732,1958,0,1.0,731_732,1958,0.0,0.0,0.0,1.0,0.0,0.0014696568,0.169,5.27709373009641,0.0,2.0,0.04,0.008,,1
2187,2,731,1958,0,1.0,2_731,1958,0.0,0.0,0.0,1.0,0.0,0.2266485125,0.533,9.309705953873744,,2.0,0.04,0.008,,1
2188,731,732,1962,0,1.0,731_732,1962,0.0,0.0,0.0,1.0,0.0,0.0038600708999999,0.072,5.27709373009641,0.0,1.0,0.01,0.001,,1
2188,2,731,1962,0,1.0,2_731,1962,0.0,0.0,0.0,1.0,0.0,0.2046632128999999,0.5770000000000001,9.309705953873744,,1.0,0.01,0.001,,1
2191,731,732,1974,0,1.0,731_732,1974,0.0,0.0,0.0,1.0,0.0,0.0043227323,0.124,5.27709373009641,0.0,3.0,0.09,0.027,,1
2192,731,732,1977,0,1.0,731_732,1977,0.0,0.0,0.0,1.0,0.0,0.0039691492,0.123,5.27709373009641,0.0,1.0,0.01,0.001,,1
2192,2,731,1977,0,1.0,2_731,1977,0.0,0.0,0.0,1.0,0.0,0.1349213092,0.745,9.309705953873744,,1.0,0.01,0.001,,1
2193,731,732,1979,0,1.0,731_732,1979,0.0,0.0,0.0,1.0,0.0,0.0041739355,0.122,5.27709373009641,0.0,1.0,0.01,0.001,,1
2193,2,731,1979,0,1.0,2_731,1979,0.0,0.0,0.0,1.0,0.0,0.1293658095,0.746,9.309705953873744,,1.0,0.01,0.001,,1
2194,731,732,1981,0,0.0,731_732,1981,0.0,0.0,0.0,1.0,0.0,0.0063867331999999,0.124,5.27709373009641,0.0,1.0,0.01,0.001,,1
2195,2,731,1983,0,0.0,2_731,1983,0.0,0.0,0.0,1.0,0.0,0.1241534214,0.774,9.309705953873744,,1.0,0.01,0.001,,1
2195,731,732,1983,0,0.0,731_732,1983,0.0,0.0,0.0,1.0,0.0,0.0064127464,0.141,5.27709373009641,0.0,1.0,0.01,0.001,,1
2196,2,731,1985,0,0.0,2_731,1985,0.0,0.0,0.0,1.0,0.0,0.1281140379999999,0.769,9.309705953873744,,2.0,0.04,0.008,,1
2196,731,732,1984,0,0.0,731_732,1984,0.0,0.0,0.0,1.0,0.0,0.0059939834999999,0.158,5.27709373009641,0.0,1.0,0.01,0.001,,1
2198,731,732,1986,0,0.0,731_732,1986,0.0,0.0,0.0,1.0,0.0,0.0059553015999999,0.226,5.27709373009641,0.0,1.0,0.01,0.001,,1
2215,2,365,1958,0,0.0,2_365,1958,0.0,0.0,0.0,1.0,0.0,0.0635165799999999,0.519,8.964861739409468,3.440418126866718,1.0,0.01,0.001,3.887321,1
2216,2,365,1958,0,0.0,2_365,1958,0.0,0.0,0.0,1.0,0.0,0.0635165799999999,0.519,8.964861739409468,3.440418126866718,1.0,0.01,0.001,3.887321,1
2218,2,365,1963,0,0.0,2_365,1963,0.0,0.0,0.0,1.0,0.0,0.03668645,0.5870000000000001,8.964861739409468,3.6635616461296463,1.0,0.01,0.001,4.479978,1
2218,260,365,1963,0,0.0,260_365,1963,,,,0.0,0.0,0.131510001,0.753,7.6440577298560095,,1.0,0.01,0.001,,1
2219,260,265,1961,0,1.0,260_265,1961,,,,0.0,0.0,0.0314286353,0.6659999999999999,6.171909343889077,,16.0,2.56,4.096,,1
2219,2,265,1961,0,1.0,2_265,1961,0.0,0.0,0.0,1.0,0.0,0.2016128403,0.497,8.811667146724973,2.079441541679836,3.0,0.09,0.027,,1
2219,260,365,1962,0,1.0,260_365,1962,,,,0.0,0.0,0.136184788,0.745,7.6440577298560095,,1.0,0.01,0.001,,1
2219,2,365,1962,0,0.0,2_365,1962,0.0,0.0,0.0,1.0,0.0,0.0335742199999999,0.5730000000000001,8.964861739409468,4.276666119016055,1.0,0.01,0.001,4.293673,1
2220,2,365,1964,0,1.0,2_365,1964,0.0,0.0,0.0,1.0,0.0,0.03548893,0.5860000000000001,8.964861739409468,3.8501476017100575,1.0,0.01,0.001,,1
2221,2,365,1970,0,0.0,2_365,1970,0.0,0.0,0.0,1.0,0.0,0.0095343499999999,0.617,8.964861739409468,5.087596335232384,2.0,0.04,0.008,4.575934,1
2222,2,365,1977,0,0.0,2_365,1977,0.0,0.0,0.0,1.0,0.0,0.0317290999999999,0.724,8.964861739409468,7.854614051218488,4.0,0.16,0.064,4.714546,1
2223,2,365,1978,0,0.0,2_365,1978,0.0,0.0,0.0,1.0,0.0,0.03117739,0.727,8.964861739409468,7.664487401167193,1.0,0.01,0.001,4.63781,1
2224,2,365,1979,0,0.0,2_365,1979,0.0,0.0,0.0,1.0,0.0,0.0301092799999999,0.725,8.964861739409468,7.954021087278037,1.0,0.01,0.001,4.608279,1
2225,2,365,1979,0,0.0,2_365,1979,0.0,0.0,0.0,1.0,0.0,0.0301092799999999,0.725,8.964861739409468,7.954021087278037,1.0,0.01,0.001,4.608279,1
2225,2,40,1979,0,0.0,2_40,1979,0.0,0.0,0.0,1.0,0.0,0.134337628,0.7629999999999999,7.510211594257578,0.6286086594223741,2.0,0.04,0.008,3.556095,1
2226,365,385,1980,0,0.0,365_385,1980,0.0,0.0,0.0,1.0,0.0,0.1671004612,0.757,7.405374075260846,5.458606311477417,2.0,0.04,0.008,3.439544,1
2226,210,365,1980,0,0.0,210_365,1980,0.0,0.0,0.0,1.0,0.0,0.162029448,0.753,7.672711362288515,7.049862295606967,35.0,12.25,42.875,3.75381,1
2226,260,365,1980,0,0.0,260_365,1980,,,,0.0,0.0,0.136237581,0.757,7.6440577298560095,,16.0,2.56,4.096,4.035947999999999,1
2226,200,365,1980,0,0.0,200_365,1980,0.0,0.0,0.0,1.0,0.0,0.143425663,0.6980000000000001,7.824685806143631,7.568379267836522,10.0,1.0,1.0,4.168691,1
2226,325,365,1980,0,0.0,325_365,1980,0.0,0.0,0.0,1.0,0.0,0.14866192,0.685,7.774015077250727,8.099645380565091,35.0,12.25,42.875,3.733975,1
2226,20,365,1980,0,0.0,20_365,1980,0.0,0.0,0.0,1.0,0.0,0.156932014,0.722,8.876237326603665,6.559190232177111,35.0,12.25,42.875,4.025838,1
2226,2,365,1980,0,0.0,2_365,1980,0.0,0.0,0.0,1.0,0.0,0.03557816,0.737,8.964861739409468,7.793318767453166,1.0,0.01,0.001,4.557312,1
2228,2,365,1981,0,0.0,2_365,1981,0.0,0.0,0.0,1.0,0.0,0.03148611,0.748,8.964861739409468,7.915149208252226,1.0,0.01,0.001,4.786169,1
2229,2,365,1982,0,0.0,2_365,1982,0.0,0.0,0.0,1.0,0.0,0.04190278,0.749,8.964861739409468,8.023735894570727,1.0,0.01,0.001,4.577424,1
2229,365,740,1982,0,0.0,365_740,1982,0.0,0.0,0.0,1.0,0.0,0.119078555,0.728,8.919854372191667,8.630307532324549,3.0,0.09,0.027,3.2099640000000003,1
2230,2,365,1984,0,0.0,2_365,1984,0.0,0.0,0.0,1.0,0.0,0.03420813,0.754,8.964861739409468,7.855036758248631,1.0,0.01,0.001,4.21386,1
2231,260,315,1984,0,0.0,260_315,1984,,,,0.0,0.0,0.0184315826,0.6679999999999999,6.262826670692666,,21.0,4.41,9.261,3.2285120000000003,1
2231,2,315,1984,0,0.0,2_315,1984,0.0,0.0,0.0,1.0,0.0,0.1271591306,0.665,8.839146247295385,5.266049927259006,23.0,5.29,12.167,4.203077,1
2231,260,365,1984,0,0.0,260_365,1984,,,,0.0,0.0,0.142935678,0.757,7.6440577298560095,,4.0,0.16,0.064,3.2392950000000003,1
2231,2,365,1983,0,,2_365,1983,0.0,0.0,0.0,1.0,0.0,0.03923302,0.754,8.964861739409468,8.039144487164183,1.0,0.01,0.001,4.559421,1
2232,200,365,1985,0,0.0,200_365,1985,0.0,0.0,0.0,1.0,0.0,0.152770107,0.6930000000000001,7.824685806143631,7.694893633476865,5.0,0.25,0.125,3.651548,1
2232,200,265,1985,0,0.0,200_265,1985,0.0,0.0,0.0,1.0,0.0,0.0140292276,0.634,6.837761907161602,5.998464986752726,24.0,5.76,13.824,3.696345,1
2232,2,365,1985,0,1.0,2_365,1985,0.0,0.0,0.0,1.0,0.0,0.03833568,0.747,8.964861739409468,8.346072691901854,1.0,0.01,0.001,4.31379,1
2232,2,265,1985,0,1.0,2_265,1985,0.0,0.0,0.0,1.0,0.0,0.1284636546,0.688,8.811667146724973,5.764877542658219,23.0,5.29,12.167,4.358587,1
2233,2,365,1986,0,0.0,2_365,1986,0.0,0.0,0.0,1.0,0.0,0.0392498699999999,0.74,8.964861739409468,8.041985645251993,1.0,0.01,0.001,3.8533656,1
2237,101,110,1981,0,0.0,101_110,1981,0.0,0.0,0.0,1.0,0.0,0.004004840826,0.483,6.950431553262574,3.662355765501615,5.0,0.25,0.125,0.28068331,1
2237,101,200,1982,0,0.0,101_200,1982,0.0,0.0,0.0,1.0,0.0,0.0192519222,0.074,8.922311572754955,6.4382315185809285,37.0,13.69,50.653,2.1667142000000004,1
2239,101,110,1969,0,0.0,101_110,1969,0.0,0.0,0.0,1.0,0.0,0.004096808047,0.333,6.950431553262574,0.0,2.0,0.04,0.008,0.0789723,1
2240,101,110,1970,0,0.0,101_110,1970,0.0,0.0,0.0,1.0,0.0,0.004309596017,0.364,6.950431553262574,0.2669690231972715,1.0,0.01,0.001,0.3263157999999999,1
2244,713,731,1955,0,1.0,713_731,1955,,,,,,,,,,,,,,1
2245,520,530,1987,0,1.0,520_530,1987,0.0,0.0,0.0,1.0,0.0,0.00320765212,0.0439999999999999,6.972137537911405,0.0009995003330834,2.0,0.04,0.008,0.6494871,1
2315,710,732,1986,0,0.0,710_732,1986,0.0,0.0,0.0,1.0,0.0,0.098434813,0.21,6.860873293082006,0.0,1.0,0.01,0.001,,1
2317,101,110,1976,0,0.0,101_110,1976,0.0,0.0,0.0,1.0,0.0,0.003786094625,0.444,6.950431553262574,1.7291746295225936,6.0,0.36,0.216,0.8466199999999999,1
2318,110,115,1976,0,0.0,110_115,1976,0.0,0.0,0.0,1.0,0.0,2.8355400000000003e-05,0.438,5.850476853807004,0.7289968334536425,31.0,9.61,29.791,1.0443205999999998,1
2319,90,200,1972,0,0.0,90_200,1972,1.0,1.0,1.0,1.0,0.0,0.02788428288,0.6509999999999999,9.079069280089088,2.8677284329696247,27.0,7.29,19.683,1.2857995,1
2323,100,101,1982,0,0.0,100_101,1982,0.0,0.0,0.0,1.0,1.0,0.0007245402999999,0.322,6.9364399128420455,6.437959628107401,37.0,13.69,50.653,0.20746206,1
2325,91,93,1979,0,,91_93,1979,0.0,0.0,0.0,1.0,1.0,8.898981999999996e-05,0.0079999999999999,5.485626464853031,3.608238678049815,17.0,2.89,4.913,1.3807125,1
2326,110,115,1977,0,0.0,110_115,1977,0.0,0.0,0.0,1.0,0.0,3.761845399999999e-05,0.444,5.850476853807004,0.6575200080981414,1.0,0.01,0.001,1.2406046000000002,1
2327,640,666,1976,0,0.0,640_666,1976,1.0,1.0,1.0,1.0,0.0,0.006533504,0.176,6.83722551279161,3.043569602968151,31.0,9.61,29.791,2.4261845,1
2331,200,651,1958,0,0.0,200_651,1958,0.0,0.0,0.0,1.0,0.0,0.0398811787,0.649,8.164197186161838,4.100989138053351,2.0,0.04,0.008,3.601099,1
2331,200,645,1958,0,0.0,200_645,1958,0.0,0.0,0.0,1.0,1.0,0.0434264622,0.648,8.316642488754661,4.903050083416319,13.0,1.69,2.197,3.453166,1
2332,640,645,1958,0,0.0,640_645,1958,0.0,0.0,0.0,1.0,0.0,0.0057366095999999,0.1919999999999999,7.141165942652124,0.0,13.0,1.69,2.197,2.0893870000000003,1
2335,2,666,1976,0,0.0,2_666,1976,0.0,0.0,0.0,1.0,0.0,0.1392586307,0.047,9.15886811420722,7.1898694544242,31.0,9.61,29.791,0.0606469999999998,1
2344,91,93,1962,0,1.0,91_93,1962,1.0,1.0,1.0,1.0,1.0,1.686210000000001e-05,0.007,5.485626464853031,0.1823215567939546,5.0,0.25,0.125,0.3222936999999999,1
2346,93,94,1978,0,1.0,93_94,1978,0.0,0.0,0.0,1.0,1.0,9.957689000000005e-05,0.653,5.834518296645255,4.680704283598458,1.0,0.01,0.001,0.4864836,1
2347,91,93,1981,0,0.0,91_93,1981,0.0,0.0,0.0,1.0,1.0,0.0001305675199999,0.001,5.485626464853031,3.8250479695963504,2.0,0.04,0.008,1.1877611,1
2347,2,93,1983,0,0.0,2_93,1983,0.0,0.0,0.0,1.0,1.0,0.13233068918,0.6839999999999999,8.043310046571964,5.508399994127382,1.0,0.01,0.001,3.3347985,1
2348,70,90,1982,0,0.0,70_90,1982,0.0,0.0,0.0,1.0,1.0,0.01192863027,0.203,6.967249850767777,5.306597937791579,23.0,5.29,12.167,1.1348292999999998,1
2349,93,94,1983,0,,93_94,1983,0.0,0.0,0.0,1.0,1.0,0.00040158427,0.69,5.834518296645255,4.229720057610096,5.0,0.25,0.125,1.0294569,1
2350,70,90,1984,0,0.0,70_90,1984,0.0,0.0,0.0,1.0,1.0,0.0113574361,0.194,6.967249850767777,4.6371048045184375,1.0,0.01,0.001,0.8874351,1
2352,91,92,1985,0,0.0,91_92,1985,1.0,1.0,1.0,1.0,1.0,0.0002211004399999,0.203,5.389984555073861,3.274738784413901,9.0,0.81,0.729,0.0008091,1
2353,2,93,1986,0,,2_93,1986,0.0,0.0,0.0,1.0,1.0,0.13450100186,0.492,8.043310046571964,4.801756186795751,1.0,0.01,0.001,4.075797,1
2353,91,93,1986,0,,91_93,1986,0.0,0.0,0.0,1.0,1.0,0.00030975835,0.03,5.485626464853031,2.472247358011218,1.0,0.01,0.001,1.4778021,1
2354,41,42,1986,0,0.0,41_42,1986,0.0,0.0,0.0,1.0,1.0,0.00026597438,0.407,5.551407994230199,2.675525631985233,23.0,5.29,12.167,0.1639855,1
2357,678,680,1978,0,,678_680,1978,0.0,0.0,0.0,1.0,1.0,0.00024637406,0.0069999999999999,5.702448251643064,4.293850957422406,6.0,0.36,0.216,0.4480198999999999,1
2360,651,670,1965,0,0.0,651_670,1965,0.0,0.0,0.0,1.0,1.0,0.0049399558999999,0.1689999999999999,7.401536468138869,3.3428617693135023,1.0,0.01,0.001,0.528678,1
2360,670,678,1965,0,0.0,670_678,1965,0.0,0.0,0.0,1.0,1.0,0.001291936,0.009,6.976908137670454,0.0953101798043249,2.0,0.04,0.008,0.6607782,1
2373,670,678,1969,0,,670_678,1969,0.0,0.0,0.0,1.0,1.0,0.00169428271,0.0119999999999999,6.976908137670454,0.3364722437640701,2.0,0.04,0.008,1.391751,1
2374,230,600,1975,0,,230_600,1975,0.0,0.0,0.0,1.0,0.0,0.0094889178,0.012,6.63974510632782,5.193401196598477,1.0,0.01,0.001,0.60114121,1
2540,616,620,1985,0,0.0,616_620,1985,0.0,0.0,0.0,1.0,1.0,0.0007876499899999,0.124,6.251711186373694,4.505526619611723,5.0,0.25,0.125,0.5860093000000001,1
2541,220,230,1984,0,0.0,220_230,1984,0.0,0.0,0.0,1.0,1.0,0.0072022529999999,0.022,6.959778307049289,8.69840745205068,39.0,15.21,59.319,0.8533984,1
2543,205,230,1985,0,0.0,205_230,1985,,,,,,,,,,,,,,1
2544,211,630,1985,0,0.0,211_630,1985,,,,,,,,,,,,,,1
2545,640,645,1985,0,0.0,640_645,1985,0.0,0.0,0.0,1.0,0.0,0.0013382009999999,0.322,7.141165942652124,7.57823140223123,1.0,0.01,0.001,1.6753566,1
2546,93,94,1985,0,1.0,93_94,1985,0.0,0.0,0.0,1.0,1.0,0.00062169935,0.505,5.834518296645255,3.601358829297822,1.0,0.01,0.001,1.4027794999999998,1
2547,260,630,1985,0,0.0,260_630,1985,,,,,,,,,,,,,,1
2548,338,645,1985,0,0.0,338_645,1985,,,,,,,,,,,,,,1
2549,325,645,1985,0,0.0,325_645,1985,,,,,,,,,,,,,,1
2550,710,732,1985,0,0.0,710_732,1985,0.0,0.0,0.0,1.0,0.0,0.098113236,0.205,6.860873293082006,0.0,9.0,0.81,0.729,,1
2551,200,630,1985,0,0.0,200_630,1985,0.0,0.0,0.0,1.0,0.0,0.0121549739999999,0.6930000000000001,8.38920071634096,7.431536613908344,1.0,0.01,0.001,2.7127727,1
2552,95,645,1985,0,0.0,95_645,1985,,,,,,,,,,,,,,1
2553,630,670,1985,0,0.0,630_670,1985,0.0,0.0,0.0,1.0,0.0,0.0033332859,0.095,7.174111564719166,3.6027767823084806,1.0,0.01,0.001,0.1013736999999999,1
2554,630,690,1985,0,0.0,630_690,1985,0.0,0.0,0.0,1.0,0.0,0.0093502458,0.163,6.652475857637857,4.555979910284714,1.0,0.01,0.001,0.0840040999999999,1
2555,630,732,1985,0,0.0,630_732,1985,,,,,,,,,,,,,,1
2557,390,630,1985,0,0.0,390_630,1985,,,,,,,,,,,,,,1
2559,2,315,1985,0,0.0,2_315,1985,0.0,0.0,0.0,1.0,0.0,0.1289331967999999,0.661,8.839146247295385,5.019796468763087,1.0,0.01,0.001,4.36195,1
2559,260,315,1985,0,0.0,260_315,1985,,,,0.0,0.0,0.0177000198,0.6679999999999999,6.262826670692666,,1.0,0.01,0.001,3.421169,1
2560,220,630,1985,0,0.0,220_630,1985,0.0,0.0,0.0,1.0,0.0,0.007047094,0.758,8.345597901982604,6.824264990224605,40.0,16.0,64.0,2.5131537,1
2563,616,666,1985,0,0.0,616_666,1985,,,,,,,,,,,,,,1
2565,645,692,1986,0,0.0,645_692,1986,0.0,0.0,0.0,1.0,1.0,0.00915146802,0.031,6.900025480920196,0.0,41.0,16.81,68.921,0.7022029999999999,1
2566,630,640,1986,0,0.0,630_640,1986,0.0,0.0,0.0,1.0,0.0,0.0035014391,0.305,7.435379021024008,7.679551843144146,5.0,0.25,0.125,1.4034356,1
2568,350,645,1986,0,0.0,350_645,1986,,,,,,,,,,,,,,1
2570,552,560,1986,0,0.0,552_560,1986,0.0,0.0,0.0,1.0,0.0,0.0068705488,0.133,7.690560331472618,5.671093945591713,41.0,16.81,68.921,,1
2571,551,560,1986,0,0.0,551_560,1986,,,,,,,,,,,,,,1
2572,692,694,1986,0,0.0,692_694,1986,0.0,0.0,0.0,1.0,1.0,1.0265799999999972e-05,0.034,4.954417614098027,1.9148108251050109,41.0,16.81,68.921,0.1044462999999999,1
2573,93,94,1986,0,0.0,93_94,1986,0.0,0.0,0.0,1.0,1.0,0.00055200301,0.501,5.834518296645255,3.2216320230619178,1.0,0.01,0.001,1.8147417,1
2574,630,670,1986,0,0.0,630_670,1986,0.0,0.0,0.0,1.0,0.0,0.0012191254999999,0.095,7.174111564719166,3.417726683613366,1.0,0.01,0.001,0.3244586,1
2575,630,640,1986,0,0.0,630_640,1986,0.0,0.0,0.0,1.0,0.0,0.0035014391,0.305,7.435379021024008,7.679551843144146,5.0,0.25,0.125,1.4034356,1
2578,2,630,1986,0,0.0,2_630,1986,0.0,0.0,0.0,1.0,0.0,0.1266292641,0.748,9.228091877551838,6.730421263699221,1.0,0.01,0.001,3.5914661000000003,1
2579,160,713,1986,0,0.0,160_713,1986,,,,,,,,,,,,,,1
2580,560,571,1986,0,0.0,560_571,1986,0.0,0.0,0.0,1.0,0.0,0.007884508525,0.477,7.139581030679181,,1.0,0.01,0.001,,1
2583,432,439,1985,0,1.0,432_439,1985,0.0,0.0,0.0,1.0,1.0,2.325559e-05,0.036,6.555641346370967,0.970862095516991,10.0,1.0,1.0,0.0220013999999999,1
2584,352,645,1985,0,0.0,352_645,1985,,,,,,,,,,,,,,1
2585,210,630,1985,0,0.0,210_630,1985,,,,,,,,,,,,,,1
2587,630,694,1986,0,0.0,630_694,1986,0.0,0.0,0.0,1.0,0.0,0.0082108035199999,0.093,7.055916629962658,2.6390573296152584,2.0,0.04,0.008,0.1770678,1
2587,630,670,1986,0,0.0,630_670,1986,0.0,0.0,0.0,1.0,0.0,0.0012191254999999,0.095,7.174111564719166,3.417726683613366,1.0,0.01,0.001,0.3244586,1
2587,630,692,1986,0,0.0,630_692,1986,0.0,0.0,0.0,1.0,0.0,0.00822106932,0.059,6.964135612418245,2.4971312901273643,2.0,0.04,0.008,0.2815141,1
2587,630,690,1986,0,0.0,630_690,1986,0.0,0.0,0.0,1.0,0.0,0.0073099672999999,0.021,6.652475857637857,3.878290860092056,1.0,0.01,0.001,0.124609,1
2587,630,696,1986,0,0.0,630_696,1986,0.0,0.0,0.0,1.0,0.0,0.0073381016999999,0.089,7.155474362862388,6.063785208687608,2.0,0.04,0.008,0.2115073,1
2588,365,630,1986,0,0.0,365_630,1986,0.0,0.0,0.0,1.0,0.0,0.1658791341,0.008,7.80994708647679,4.762173934797756,3.0,0.09,0.027,0.2618994999999999,1
2589,552,553,1986,0,0.0,552_553,1986,,,,,,,,,,,,,,1
2589,541,553,1986,0,0.0,541_553,1986,0.0,0.0,0.0,1.0,0.0,0.00085090344,0.087,7.201170883281678,1.6295542552223112,41.0,16.81,68.921,1.1321579000000002,1
2589,551,553,1986,0,0.0,551_553,1986,0.0,0.0,0.0,1.0,0.0,0.0003575279,0.0249999999999999,6.421784856214322,2.5375925490511,41.0,16.81,68.921,1.1646394,1
2590,365,630,1983,0,,365_630,1983,0.0,0.0,0.0,1.0,0.0,0.1622370925,0.003,7.80994708647679,5.602118820879701,3.0,0.09,0.027,1.383003,1
2591,620,666,1986,0,0.0,620_666,1986,,,,,,,,,,,,,,1
2593,450,630,1986,0,0.0,450_630,1986,,,,,,,,,,,,,,1
2594,630,690,1986,0,0.0,630_690,1986,0.0,0.0,0.0,1.0,0.0,0.0073099672999999,0.021,6.652475857637857,3.878290860092056,1.0,0.01,0.001,0.124609,1
2595,352,645,1986,0,0.0,352_645,1986,,,,,,,,,,,,,,1
2596,200,630,1986,0,0.0,200_630,1986,0.0,0.0,0.0,1.0,0.0,0.0147006791,0.6930000000000001,8.38920071634096,6.630683385642372,1.0,0.01,0.001,2.8806131,1
2597,260,315,1986,0,1.0,260_315,1986,,,,0.0,0.0,0.0177296430999999,0.6659999999999999,6.262826670692666,,1.0,0.01,0.001,3.25141,1
2598,200,230,1986,0,0.0,200_230,1986,0.0,0.0,0.0,1.0,1.0,0.012865082,0.0879999999999999,7.142511145624513,8.366814435597723,17.0,2.89,4.913,1.119098,1
2599,560,572,1986,0,0.0,560_572,1986,,,,0.0,0.0,0.007912048639,0.0519999999999999,7.303641320643307,,41.0,16.81,68.921,,1
2600,220,920,1985,0,0.0,220_920,1985,1.0,0.0,1.0,1.0,0.0,0.01714138515,0.004,9.851504546668078,5.458648905450376,40.0,16.0,64.0,0.7496610000000001,1
2601,355,640,1986,0,0.0,355_640,1986,0.0,0.0,0.0,1.0,0.0,0.0085528559,0.2329999999999999,6.750165358407366,4.6839813664123815,34.0,11.56,39.304,2.0052095000000003,1
2602,365,630,1978,0,1.0,365_630,1978,0.0,0.0,0.0,1.0,0.0,0.1605622319999999,0.003,7.80994708647679,,15.0,2.25,3.375,2.4813866,1
2610,452,490,1960,0,0.0,452_490,1960,,,,,,,,,,,,,,1
2612,211,365,1960,0,0.0,211_365,1960,0.0,0.0,0.0,1.0,0.0,0.1645425781,0.73,7.720727852610431,3.675932933413488,15.0,2.25,3.375,4.175727,1
2615,516,517,1972,0,0.0,516_517,1972,0.0,0.0,0.0,1.0,1.0,4.704934000000001e-05,0.1549999999999999,5.182906515036709,0.5877866704576745,8.0,0.64,0.512,0.7674312,1
2616,420,433,1971,0,0.0,420_433,1971,,,,0.0,0.0,0.000462251983,0.1149999999999999,5.085742766583061,0.2445135848812558,26.0,6.76,17.576,0.2636980999999999,1
2619,490,551,1971,0,1.0,490_551,1971,0.0,0.0,0.0,1.0,0.0,0.00178464243,0.11,7.538814267228661,1.8205824992374613,26.0,6.76,17.576,1.1464652,1
2621,500,517,1971,0,0.0,500_517,1971,,,,0.0,0.0,0.00049442528,0.118,5.934894195619588,1.1052568313867783,26.0,6.76,17.576,0.4904469,1
2622,500,625,1971,0,0.0,500_625,1971,0.0,0.0,0.0,1.0,0.0,0.0005832044,0.0099999999999999,7.43549701512444,1.6266882461826762,3.0,0.09,0.027,0.7195893,1
2623,800,811,1963,0,0.0,800_811,1963,0.0,0.0,0.0,1.0,0.0,0.0017329129,0.151,6.2813317304651,0.0,1.0,0.01,0.001,1.360977,1
2627,750,770,1956,0,1.0,750_770,1956,1.0,0.0,1.0,1.0,0.0,0.0354031441,0.47,6.531606225208026,4.152613438899535,1.0,0.01,0.001,1.5712183,1
2629,750,770,1962,0,0.0,750_770,1962,0.0,0.0,0.0,1.0,0.0,0.0385971389999999,0.522,6.531606225208026,3.8958936438234657,1.0,0.01,0.001,0.16838466,1
2630,750,770,1963,0,0.0,750_770,1963,0.0,0.0,0.0,1.0,0.0,0.0407170789999999,0.515,6.531606225208026,4.109233207556573,1.0,0.01,0.001,0.7338683,1
2631,750,770,1965,0,1.0,750_770,1965,0.0,0.0,0.0,1.0,0.0,0.040905724,0.506,6.531606225208026,3.811097108962079,1.0,0.01,0.001,0.46567596,1
2632,750,770,1966,0,0.0,750_770,1966,0.0,0.0,0.0,1.0,0.0,0.040956289,0.502,6.531606225208026,3.881563797943437,1.0,0.01,0.001,0.1354755999999999,1
2633,750,770,1969,0,1.0,750_770,1969,0.0,0.0,0.0,1.0,0.0,0.037006145,0.523,6.531606225208026,0.2623642721597987,2.0,0.04,0.008,0.2474497,1
2634,750,770,1969,0,0.0,750_770,1969,0.0,0.0,0.0,1.0,0.0,0.037006145,0.523,6.531606225208026,0.2623642721597987,2.0,0.04,0.008,0.2474497,1
2635,750,770,1969,0,,750_770,1969,0.0,0.0,0.0,1.0,0.0,0.037006145,0.523,6.531606225208026,0.2623642721597987,2.0,0.04,0.008,0.2474497,1
2638,750,770,1972,0,1.0,750_770,1972,0.0,0.0,0.0,1.0,0.0,0.0461338189,0.4449999999999999,6.531606225208026,0.29266961396282,1.0,0.01,0.001,0.2912034,1
2639,750,770,1981,0,1.0,750_770,1981,0.0,0.0,0.0,1.0,0.0,0.0420584964,0.536,6.531606225208026,4.398268985622526,9.0,0.81,0.729,0.2742063999999999,1
2640,750,770,1982,0,0.0,750_770,1982,0.0,0.0,0.0,1.0,0.0,0.043930722,0.531,6.531606225208026,4.38800874362777,1.0,0.01,0.001,0.5028097499999999,1
2641,750,770,1983,0,1.0,750_770,1983,0.0,0.0,0.0,1.0,0.0,0.0447658043,0.531,6.531606225208026,4.005127591060535,1.0,0.01,0.001,0.1196006,1
2642,750,770,1984,0,1.0,750_770,1984,0.0,0.0,0.0,1.0,0.0,0.0448063966,0.532,6.531606225208026,3.796382363207191,1.0,0.01,0.001,0.1964608999999999,1
2643,750,770,1985,0,1.0,750_770,1985,0.0,0.0,0.0,1.0,0.0,0.0461217196,0.501,6.531606225208026,3.5322460824561857,1.0,0.01,0.001,0.2898053,1
2644,750,770,1986,0,0.0,750_770,1986,0.0,0.0,0.0,1.0,0.0,0.0468130006,0.497,6.531606225208026,3.793668296397673,1.0,0.01,0.001,0.3959599,1
2707,365,710,1964,0,0.0,365_710,1964,0.0,0.0,0.0,1.0,1.0,0.05746408,0.0219999999999999,8.664526399287714,0.0,16.0,2.56,4.096,,1
2708,365,710,1965,0,0.0,365_710,1965,0.0,0.0,0.0,1.0,1.0,0.05565721,0.0219999999999999,8.664526399287714,,1.0,0.01,0.001,,1
2710,365,710,1967,0,0.0,365_710,1967,0.0,0.0,0.0,1.0,1.0,0.06115732,0.021,8.664526399287714,,1.0,0.01,0.001,,1
2711,365,710,1968,0,0.0,365_710,1968,0.0,0.0,0.0,1.0,1.0,0.06507425,0.021,8.664526399287714,,1.0,0.01,0.001,,1
2712,710,712,1973,0,0.0,710_712,1973,1.0,0.0,1.0,1.0,0.0,0.1129791624,0.1069999999999999,7.06527171685712,,25.0,6.25,15.625,1.6137381,1
2713,365,710,1974,0,,365_710,1974,0.0,0.0,0.0,1.0,1.0,0.05095008,0.0369999999999999,8.664526399287714,,5.0,0.25,0.125,1.2241019000000002,1
2713,710,712,1974,0,,710_712,1974,0.0,0.0,0.0,1.0,0.0,0.11642057098,0.1079999999999999,7.06527171685712,,1.0,0.01,0.001,1.2193479,1
2714,365,710,1977,0,0.0,365_710,1977,0.0,0.0,0.0,1.0,1.0,0.05525529,0.0379999999999999,8.664526399287714,,3.0,0.09,0.027,1.5817552,1
2715,365,710,1978,0,0.0,365_710,1978,0.0,0.0,0.0,1.0,1.0,0.0498624299999999,0.031,8.664526399287714,,1.0,0.01,0.001,2.0951691,1
2716,365,710,1979,0,1.0,365_710,1979,0.0,0.0,0.0,1.0,1.0,0.0474762099999999,0.015,8.664526399287714,6.081305273959691,1.0,0.01,0.001,2.20107458,1
2717,365,710,1980,0,1.0,365_710,1980,0.0,0.0,0.0,1.0,1.0,0.04919414,0.0089999999999999,8.664526399287714,6.201725492850497,1.0,0.01,0.001,2.07314616,1
2718,365,710,1986,0,1.0,365_710,1986,0.0,0.0,0.0,1.0,0.0,0.0605734399999999,0.015,8.664526399287714,7.677182713439602,6.0,0.36,0.216,1.0546883,1
2727,365,740,1978,0,0.0,365_740,1978,0.0,0.0,0.0,1.0,0.0,0.1184685409999999,0.731,8.919854372191667,8.12716826779595,1.0,0.01,0.001,3.412872,1
2728,365,740,1984,0,0.0,365_740,1984,0.0,0.0,0.0,1.0,0.0,0.118696414,0.732,8.919854372191667,8.425619466362567,1.0,0.01,0.001,2.763544,1
2729,811,817,1963,0,0.0,811_817,1963,0.0,0.0,0.0,1.0,0.0,0.0039057458,0.014,,,1.0,0.01,0.001,,1
2730,811,817,1962,0,0.0,811_817,1962,0.0,0.0,0.0,1.0,0.0,0.0039940647,0.0299999999999999,,,2.0,0.04,0.008,,1
2731,811,817,1960,0,0.0,811_817,1960,0.0,0.0,0.0,1.0,0.0,0.00211600688,0.0239999999999999,,0.1823215567939546,1.0,0.01,0.001,,1
2732,811,817,1959,0,1.0,811_817,1959,0.0,0.0,0.0,1.0,0.0,0.00210843118,0.0339999999999999,,1.7404661397527843,1.0,0.01,0.001,,1
2734,95,630,1987,0,0.0,95_630,1987,,,,,,,,,,,,,,1
2735,93,94,1987,0,,93_94,1987,0.0,0.0,0.0,1.0,1.0,0.0005297841,0.501,5.834518296645255,2.764556550542517,1.0,0.01,0.001,1.5507819,1
2736,41,42,1987,0,0.0,41_42,1987,0.0,0.0,0.0,1.0,1.0,0.00032361346,0.32,5.551407994230199,2.229968990526058,1.0,0.01,0.001,0.1349755,1
2737,20,220,1987,0,0.0,20_220,1987,0.0,0.0,0.0,1.0,1.0,0.0074942089999999,0.029,8.639410824140487,7.707691908787857,42.0,17.64,74.088,0.352489,1
2738,365,380,1987,0,0.0,365_380,1987,0.0,0.0,0.0,1.0,0.0,0.1695966735,0.763,7.113630588729827,6.685024167602883,4.0,0.16,0.064,1.9846849,1
2739,2,645,1987,0,1.0,2_645,1987,0.0,0.0,0.0,1.0,0.0,0.123442423,0.782,9.207386012149746,6.960186425770044,17.0,2.89,4.913,4.167237,1
2740,2,630,1987,0,1.0,2_630,1987,0.0,0.0,0.0,1.0,0.0,0.1248379563,0.692,9.228091877551838,6.472037112242222,1.0,0.01,0.001,4.291894,1
2741,2,95,1987,0,0.0,2_95,1987,0.0,0.0,0.0,1.0,1.0,0.13372861364,0.731,8.112197972892668,6.758409205194609,42.0,17.64,74.088,3.13727124,1
2742,2,40,1987,0,0.0,2_40,1987,0.0,0.0,0.0,1.0,0.0,0.1307478534999999,0.792,7.510211594257578,0.9321640810304452,4.0,0.16,0.064,4.591665,1
2743,620,651,1978,0,0.0,620_651,1978,1.0,0.0,1.0,1.0,1.0,0.006362727,0.135,7.46152544307344,2.7203080326432483,1.0,0.01,0.001,0.0080273999999999,1
2744,235,434,1961,0,0.0,235_434,1961,,,,,,,,,,,,,,1
2745,850,910,1988,0,,850_910,1988,0.0,0.0,0.0,1.0,0.0,0.01262475193,0.363,8.402163860831472,1.8022174929655563,4.0,0.16,0.064,0.63726754,1
2746,820,840,1988,0,0.0,820_840,1988,0.0,0.0,0.0,1.0,0.0,0.0031181302,0.295,7.812418674615313,5.945996359060835,3.0,0.09,0.027,0.27685025,1
2747,775,800,1988,0,0.0,775_800,1988,0.0,0.0,0.0,1.0,0.0,0.0019239261,0.2189999999999999,6.7067400797409285,3.6754579878346414,1.0,0.01,0.001,0.026713,1
2748,740,910,1988,0,0.0,740_910,1988,,,,,,,,,,,,,,1
2749,710,816,1988,0,,710_816,1988,0.0,0.0,0.0,1.0,0.0,0.101846536,0.061,7.752550009151222,0.0,1.0,0.01,0.001,1.27019777,1
2750,710,713,1988,0,0.0,710_713,1988,0.0,0.0,0.0,1.0,0.0,0.1051344924,0.116,7.451067453782427,,1.0,0.01,0.001,,1
2751,630,740,1988,0,0.0,630_740,1988,,,,,,,,,,,,,,1
2752,630,696,1988,0,0.0,630_696,1988,0.0,0.0,0.0,1.0,0.0,0.0099325637,0.154,7.155474362862388,6.285998094508865,2.0,0.04,0.008,0.3681208,1
2753,560,572,1988,0,0.0,560_572,1988,,,,0.0,0.0,0.007988216765,0.0529999999999999,7.303641320643307,,2.0,0.04,0.008,,1
2754,560,571,1988,0,0.0,560_571,1988,0.0,0.0,0.0,1.0,0.0,0.007939290781,0.489,7.139581030679181,,1.0,0.01,0.001,,1
2755,552,560,1988,0,0.0,552_560,1988,0.0,0.0,0.0,1.0,0.0,0.0069341565,0.131,7.690560331472618,5.86254817459143,2.0,0.04,0.008,,1
2757,530,625,1988,0,0.0,530_625,1988,0.0,0.0,0.0,1.0,0.0,0.0016864747,0.222,6.899723107284872,0.7417139388237552,1.0,0.01,0.001,0.3249341999999999,1
2758,450,645,1988,0,0.0,450_645,1988,,,,,,,,,,,,,,1
2759,360,630,1988,0,0.0,360_630,1988,,,,,,,,,,,,,,1
2760,352,640,1988,0,1.0,352_640,1988,0.0,0.0,0.0,1.0,0.0,0.01277923074,0.2199999999999999,6.277207240178711,2.479223866652502,2.0,0.04,0.008,1.3084276,1
2762,630,820,1988,0,0.0,630_820,1988,,,,,,,,,,,,,,1
2763,260,630,1988,0,0.0,260_630,1988,,,,,,,,,,,,,,1
2764,230,645,1988,0,0.0,230_645,1988,,,,,,,,,,,,,,1
2765,230,630,1988,0,0.0,230_630,1988,,,,,,,,,,,,,,1
2767,200,645,1988,0,0.0,200_645,1988,0.0,0.0,0.0,1.0,0.0,0.013422581,0.7230000000000001,8.316642488754661,6.512294955690042,4.0,0.16,0.064,3.304091,1
2768,100,101,1988,0,,100_101,1988,0.0,0.0,0.0,1.0,1.0,0.0003676247,0.289,6.9364399128420455,5.47277474828519,1.0,0.01,0.001,0.31090826,1
2769,95,645,1988,0,0.0,95_645,1988,,,,,,,,,,,,,,1
2770,94,95,1988,0,0.0,94_95,1988,1.0,1.0,1.0,1.0,1.0,4.345418999999998e-05,0.744,6.238129293463538,4.219022337404224,43.0,18.49,79.507,0.6631484999999999,1
2771,91,93,1988,0,0.0,91_93,1988,0.0,0.0,0.0,1.0,1.0,0.00019799127,0.017,5.485626464853031,1.5880076356348491,1.0,0.01,0.001,0.5223141,1
2772,630,692,1988,0,0.0,630_692,1988,0.0,0.0,0.0,1.0,0.0,0.0107426511,0.127,6.964135612418245,2.573680361841428,2.0,0.04,0.008,0.8048023,1
2773,20,220,1988,0,0.0,20_220,1988,0.0,0.0,0.0,1.0,1.0,0.0073655859999999,0.039,8.639410824140487,7.752421107180992,1.0,0.01,0.001,0.4646429999999999,1
2774,2,645,1988,0,0.0,2_645,1988,0.0,0.0,0.0,1.0,0.0,0.123562068,0.781,9.207386012149746,7.153403685636416,1.0,0.01,0.001,4.103176,1
2775,2,620,1988,0,0.0,2_620,1988,0.0,0.0,0.0,1.0,0.0,0.1328211925,0.79,8.963160242833732,3.1623372189076577,2.0,0.04,0.008,4.526482,1
2776,800,812,1987,0,1.0,800_812,1987,0.0,0.0,0.0,1.0,0.0,0.00468182153,0.257,6.258624983838966,3.5601933896192417,1.0,0.01,0.001,0.9791672,1
2777,775,800,1987,0,0.0,775_800,1987,0.0,0.0,0.0,1.0,0.0,0.0019116962999999,0.189,6.7067400797409285,3.5636911041755703,2.0,0.04,0.008,0.1331977,1
2778,750,780,1987,0,0.0,750_780,1987,0.0,0.0,0.0,1.0,0.0,0.0565643998,0.196,7.797085829273509,4.499634521659299,2.0,0.04,0.008,0.1776727,1
2779,750,771,1987,0,1.0,750_771,1987,0.0,0.0,0.0,1.0,0.0,0.0517872588,0.341,7.263119364120769,4.191440616100572,1.0,0.01,0.001,0.2540131,1
2780,710,816,1987,0,0.0,710_816,1987,0.0,0.0,0.0,1.0,0.0,0.0986115229999999,0.059,7.752550009151222,0.0,1.0,0.01,0.001,1.4190649,1
2782,710,713,1987,0,0.0,710_713,1987,0.0,0.0,0.0,1.0,0.0,0.1043623148,0.094,7.451067453782427,,20.0,4.0,8.0,,1
2783,680,698,1987,0,1.0,680_698,1987,0.0,0.0,0.0,1.0,0.0,0.0001173784599999,0.103,7.534174877491373,3.803679199738092,5.0,0.25,0.125,1.36161493,1
2784,645,900,1987,0,0.0,645_900,1987,,,,,,,,,,,,,,1
2785,645,830,1987,0,0.0,645_830,1987,,,,,,,,,,,,,,1
2786,645,652,1987,0,0.0,645_652,1987,1.0,0.0,1.0,1.0,1.0,0.0063748951,0.0619999999999999,6.622869293832357,0.1823215567939546,5.0,0.25,0.125,0.845291,1
2788,640,645,1987,0,0.0,640_645,1987,0.0,0.0,0.0,1.0,0.0,0.002291385,0.3429999999999999,7.141165942652124,7.228603958103669,2.0,0.04,0.008,2.0020495,1
2789,630,830,1987,0,0.0,630_830,1987,,,,,,,,,,,,,,1
2790,630,781,1987,0,0.0,630_781,1987,,,,,,,,,,,,,,1
2791,630,770,1987,0,0.0,630_770,1987,0.0,0.0,1.0,1.0,0.0,0.0007951202999999,0.0,7.594582530797263,5.08431936689353,42.0,17.64,74.088,0.7752507,1
2792,630,750,1987,0,0.0,630_750,1987,,,,,,,,,,,,,,1
2793,630,740,1987,0,0.0,630_740,1987,,,,,,,,,,,,,,1
2794,630,732,1987,0,0.0,630_732,1987,,,,,,,,,,,,,,1
2796,630,694,1987,0,0.0,630_694,1987,0.0,0.0,0.0,1.0,0.0,0.00879790815,0.155,7.055916629962658,2.6390573296152584,1.0,0.01,0.001,0.793131,1
2797,630,690,1987,0,0.0,630_690,1987,0.0,0.0,0.0,1.0,0.0,0.007882789,0.083,6.652475857637857,3.3592003915493134,1.0,0.01,0.001,0.5987429,1
2798,630,670,1987,0,0.0,630_670,1987,0.0,0.0,0.0,1.0,0.0,0.0020822701,0.157,7.174111564719166,3.828641396489095,1.0,0.01,0.001,1.0454964,1
2799,630,640,1987,0,1.0,630_640,1987,0.0,0.0,0.0,1.0,0.0,0.0036869182999999,0.253,7.435379021024008,7.491711227159996,1.0,0.01,0.001,2.1267065,1
2800,541,560,1987,0,0.0,541_560,1987,0.0,0.0,0.0,1.0,0.0,0.0070131703,0.0949999999999999,7.393386164113572,0.0,4.0,0.16,0.064,,1
2801,541,560,1987,0,0.0,541_560,1987,0.0,0.0,0.0,1.0,0.0,0.0070131703,0.0949999999999999,7.393386164113572,0.0,4.0,0.16,0.064,,1
2802,530,625,1987,0,,530_625,1987,0.0,0.0,0.0,1.0,0.0,0.002045872,0.272,6.899723107284872,0.9386063949276284,1.0,0.01,0.001,0.6199667,1
2803,530,625,1986,0,0.0,530_625,1986,0.0,0.0,0.0,1.0,0.0,0.0020247729,0.259,6.899723107284872,1.1456281495332536,3.0,0.09,0.027,0.6182025,1
2804,500,501,1987,0,1.0,500_501,1987,0.0,0.0,0.0,1.0,0.0,0.0005364393899999,0.059,6.22317132908268,4.763787674753788,11.0,1.21,1.331,0.5027269000000001,1
2805,490,500,1987,0,1.0,490_500,1987,0.0,0.0,0.0,1.0,0.0,0.0017228741899999,0.0259999999999999,7.594733470396553,0.0,10.0,1.0,1.0,1.0678715,1
2806,484,490,1987,0,,484_490,1987,0.0,0.0,0.0,1.0,0.0,0.0022178816,0.0379999999999999,2.163323025660538,1.6154383139635358,7.0,0.49,0.343,1.125042,1
2807,471,475,1987,0,0.0,471_475,1987,0.0,0.0,0.0,1.0,0.0,0.00565067862,0.014,6.592633490771575,1.8646502938152525,6.0,0.36,0.216,0.7611993,1
2808,450,630,1987,0,0.0,450_630,1987,,,,,,,,,,,,,,1
2809,435,600,1987,0,0.0,435_600,1987,0.0,0.0,0.0,1.0,0.0,0.00319436794,0.057,7.596593187953984,0.6386909894840554,7.0,0.49,0.343,0.110939,1
2810,551,560,1987,0,0.0,551_560,1987,,,,,,,,,,,,,,1
2810,560,571,1987,0,0.0,560_571,1987,0.0,0.0,0.0,1.0,0.0,0.008103826042,0.479,7.139581030679181,,1.0,0.01,0.001,,1
2811,95,645,1987,0,0.0,95_645,1987,,,,,,,,,,,,,,1
2812,100,101,1987,0,0.0,100_101,1987,0.0,0.0,0.0,1.0,1.0,0.0002311663,0.2799999999999999,6.9364399128420455,5.3354204544995385,5.0,0.25,0.125,0.09065179,1
2814,211,630,1987,0,0.0,211_630,1987,,,,,,,,,,,,,,1
2814,210,630,1987,0,0.0,210_630,1987,,,,,,,,,,,,,,1
2815,338,645,1987,0,0.0,338_645,1987,,,,,,,,,,,,,,1
2816,260,290,1987,0,0.0,260_290,1987,,,,,,,,,,,,,,1
2817,350,630,1987,0,0.0,350_630,1987,,,,,,,,,,,,,,1
2818,352,630,1987,0,0.0,352_630,1987,,,,,,,,,,,,,,1
2819,350,645,1987,0,0.0,350_645,1987,,,,,,,,,,,,,,1
2820,345,630,1987,0,0.0,345_630,1987,,,,,,,,,,,,,,1
2821,325,630,1987,0,0.0,325_630,1987,,,,,,,,,,,,,,1
2822,230,630,1987,0,0.0,230_630,1987,,,,,,,,,,,,,,1
2823,220,630,1987,0,0.0,220_630,1987,0.0,0.0,0.0,1.0,0.0,0.0095525512999999,0.693,8.345597901982604,6.684799235087312,2.0,0.04,0.008,3.257328,1
2824,352,645,1987,0,0.0,352_645,1987,,,,,,,,,,,,,,1
2825,380,630,1987,0,0.0,380_630,1987,,,,,,,,,,,,,,1
2826,365,630,1987,0,0.0,365_630,1987,0.0,0.0,0.0,1.0,0.0,0.1639893863,0.027,7.80994708647679,4.543294782270004,1.0,0.01,0.001,0.2891711,1
2827,365,385,1987,0,0.0,365_385,1987,0.0,0.0,0.0,1.0,0.0,0.171569489,0.721,7.405374075260846,5.334904807990293,4.0,0.16,0.064,2.3223109,1
2828,360,630,1987,0,0.0,360_630,1987,,,,,,,,,,,,,,1
2832,385,630,1987,0,0.0,385_630,1987,,,,,,,,,,,,,,1
2833,385,645,1987,0,0.0,385_645,1987,,,,,,,,,,,,,,1
2834,2,630,1988,0,0.0,2_630,1988,0.0,0.0,0.0,1.0,0.0,0.123302185,0.685,9.228091877551838,5.8996233160376335,1.0,0.01,0.001,4.12423,1
2834,390,630,1987,0,0.0,390_630,1987,,,,,,,,,,,,,,1
2838,732,740,1959,0,0.0,732_740,1959,1.0,1.0,1.0,1.0,0.0,0.0253332964999999,0.568,7.050729447933244,4.085976312551584,1.0,0.01,0.001,,1
2841,775,800,1959,0,0.0,775_800,1959,0.0,0.0,0.0,1.0,0.0,0.0007886582,0.299,6.7067400797409285,0.5306282451798174,4.0,0.16,0.064,1.4811532,1
2847,365,740,1955,0,0.0,365_740,1955,0.0,0.0,0.0,1.0,0.0,0.149178333,0.7070000000000001,8.919854372191667,1.1631508098056809,1.0,0.01,0.001,,1
2849,2,315,1957,0,0.0,2_315,1957,0.0,0.0,0.0,1.0,0.0,0.244652469,0.48,8.839146247295385,2.171336806384092,4.0,0.16,0.064,3.703662000000001,1
2850,750,770,1957,0,0.0,750_770,1957,1.0,0.0,1.0,1.0,0.0,0.0358457197999999,0.472,6.531606225208026,3.994524282188507,1.0,0.01,0.001,1.3103294,1
2852,365,740,1958,0,0.0,365_740,1958,0.0,0.0,0.0,1.0,0.0,0.13768334,0.718,8.919854372191667,3.1311369978964345,1.0,0.01,0.001,3.344866,1
2853,710,740,1958,0,0.0,710_740,1958,0.0,0.0,0.0,1.0,0.0,0.07514813,0.7549999999999999,7.646974647644465,4.955827057601261,4.0,0.16,0.064,,1
2854,2,265,1958,0,0.0,2_265,1958,0.0,0.0,0.0,1.0,0.0,0.2247847982,0.4579999999999999,8.811667146724973,2.302585092994046,13.0,1.69,2.197,,1
2855,211,265,1958,0,0.0,211_265,1958,,,,,,,,,,,,,,1
2857,2,339,1958,0,0.0,2_339,1958,0.0,0.0,0.0,1.0,0.0,0.2339713176,0.452,8.957420369736672,0.0,13.0,1.69,2.197,3.903694,1
2858,200,339,1958,0,0.0,200_339,1958,0.0,0.0,0.0,1.0,0.0,0.0447044146,0.629,7.545970976015864,0.1823215567939546,12.0,1.44,1.728,5.2305530000000005,1
2859,710,713,1959,0,0.0,710_713,1959,0.0,0.0,0.0,1.0,0.0,0.1095146648,0.0089999999999999,7.451067453782427,,1.0,0.01,0.001,,1
2860,140,365,1959,0,0.0,140_365,1959,0.0,0.0,0.0,1.0,0.0,0.157071245,0.29,9.321854912717576,,14.0,1.96,2.744,4.225181,1
2861,365,740,1959,0,0.0,365_740,1959,0.0,0.0,0.0,1.0,0.0,0.13647196,0.723,8.919854372191667,3.7208625726062095,1.0,0.01,0.001,3.2394514,1
2862,710,817,1959,0,0.0,710_817,1959,0.0,0.0,0.0,1.0,0.0,0.114052988,0.2279999999999999,,,3.0,0.09,0.027,,1
2863,365,840,1959,0,0.0,365_840,1959,0.0,0.0,0.0,1.0,0.0,0.1678568817,0.276,9.018877157264944,0.0,14.0,1.96,2.744,3.1562096,1
2865,200,395,1958,0,0.0,200_395,1958,,,,0.0,1.0,0.045190141617,0.006,7.543379273298417,2.6946271132024995,13.0,1.69,2.197,1.9550831,1
2869,750,770,1959,0,0.0,750_770,1959,0.0,0.0,0.0,1.0,0.0,0.036598454,0.542,6.531606225208026,3.493472718561598,1.0,0.01,0.001,1.0753816,1
2870,2,225,1959,0,0.0,2_225,1959,1.0,0.0,1.0,1.0,0.0,0.2273797446,0.007,8.79476432011729,5.911067637128881,5.0,0.25,0.125,,1
2871,365,630,1959,0,0.0,365_630,1959,0.0,0.0,0.0,1.0,0.0,0.1655395318,0.0479999999999999,7.80994708647679,,8.0,0.64,0.512,3.0359676,1
2873,365,740,1960,0,0.0,365_740,1960,0.0,0.0,0.0,1.0,0.0,0.135455117,0.723,8.919854372191667,4.151039905898646,1.0,0.01,0.001,3.424736,1
2875,200,395,1960,0,0.0,200_395,1960,,,,0.0,1.0,0.042321590273,0.001,7.543379273298417,2.660259467335789,1.0,0.01,0.001,0.8404043999999999,1
2876,2,305,1960,0,0.0,2_305,1960,0.0,0.0,0.0,1.0,0.0,0.2118125528,0.1779999999999999,8.871365005136852,4.867534450455582,15.0,2.25,3.375,0.7689484000000001,1
2877,305,325,1960,0,0.0,305_325,1960,0.0,0.0,1.0,1.0,0.0,0.0145287398,0.0999999999999999,6.641443232266549,5.436338707999417,15.0,2.25,3.375,0.6214864000000001,1
2878,305,310,1960,0,0.0,305_310,1960,0.0,0.0,0.0,1.0,0.0,0.0002283288999999,0.705,5.371567828287629,,15.0,2.25,3.375,2.9655246,1
2880,230,600,1961,0,0.0,230_600,1961,0.0,0.0,0.0,1.0,0.0,0.0079943473,0.0009999999999999,6.63974510632782,3.100092333923278,3.0,0.09,0.027,2.585893,1
2882,365,740,1961,0,0.0,365_740,1961,0.0,0.0,0.0,1.0,0.0,0.134427805,0.725,8.919854372191667,4.997212273764115,1.0,0.01,0.001,3.0922676,1
2884,710,817,1961,0,0.0,710_817,1961,0.0,0.0,0.0,1.0,0.0,0.1000538439,0.2249999999999999,,,2.0,0.04,0.008,,1
2885,750,770,1960,0,0.0,750_770,1960,0.0,0.0,0.0,1.0,0.0,0.035788032,0.543,6.531606225208026,3.2846636028593865,1.0,0.01,0.001,1.3159356,1
2887,230,600,1961,0,0.0,230_600,1961,0.0,0.0,0.0,1.0,0.0,0.0079943473,0.0009999999999999,6.63974510632782,3.100092333923278,3.0,0.09,0.027,2.585893,1
2888,365,740,1962,0,0.0,365_740,1962,0.0,0.0,0.0,1.0,0.0,0.137962918,0.736,8.919854372191667,5.355642433167306,1.0,0.01,0.001,3.459313,1
2890,235,438,1962,0,0.0,235_438,1962,,,,,,,,,,,,,,1
2891,710,713,1966,0,1.0,710_713,1966,0.0,0.0,0.0,1.0,0.0,0.1033898083,0.01,7.451067453782427,,1.0,0.01,0.001,,1
2892,710,713,1963,0,,710_713,1963,0.0,0.0,0.0,1.0,0.0,0.1004976950999999,0.0109999999999999,7.451067453782427,,1.0,0.01,0.001,,1
2894,740,850,1963,0,0.0,740_850,1963,,,,,,,,,,,,,,1
2897,365,630,1963,0,0.0,365_630,1963,0.0,0.0,0.0,1.0,0.0,0.1652829855,0.031,7.80994708647679,3.186352674484954,4.0,0.16,0.064,3.2728159,1
2898,260,315,1963,0,0.0,260_315,1963,,,,0.0,0.0,0.028823135,0.649,6.262826670692666,,2.0,0.04,0.008,,1
2899,2,365,1963,0,0.0,2_365,1963,0.0,0.0,0.0,1.0,0.0,0.03668645,0.5870000000000001,8.964861739409468,3.6635616461296463,1.0,0.01,0.001,4.479978,1
2901,2,365,1964,0,0.0,2_365,1964,0.0,0.0,0.0,1.0,0.0,0.03548893,0.5860000000000001,8.964861739409468,3.8501476017100575,1.0,0.01,0.001,,1
2904,820,850,1964,0,0.0,820_850,1964,0.0,0.0,0.0,1.0,0.0,0.0112937003,0.0789999999999999,7.080110671464242,3.367295829986474,1.0,0.01,0.001,,1
2906,2,651,1964,0,0.0,2_651,1964,0.0,0.0,0.0,1.0,0.0,0.1969594406,0.5010000000000001,9.143227874334848,5.611301621862036,2.0,0.04,0.008,,1
2907,365,380,1964,0,0.0,365_380,1964,0.0,0.0,0.0,1.0,0.0,0.1632472202,0.684,7.113630588729827,4.875960467047302,9.0,0.81,0.729,,1
2908,260,365,1964,0,0.0,260_365,1964,,,,0.0,0.0,0.12744446,0.753,7.6440577298560095,,1.0,0.01,0.001,,1
2910,2,365,1965,0,0.0,2_365,1965,0.0,0.0,0.0,1.0,0.0,0.0369921199999999,0.5800000000000001,8.964861739409468,5.135798437050262,1.0,0.01,0.001,4.405264000000001,1
2913,820,850,1965,0,0.0,820_850,1965,0.0,0.0,0.0,1.0,0.0,0.0113430093,0.0839999999999999,7.080110671464242,0.0,1.0,0.01,0.001,,1
2914,740,850,1965,0,0.0,740_850,1965,,,,,,,,,,,,,,1
2915,200,365,1965,0,0.0,200_365,1965,0.0,0.0,0.0,1.0,0.0,0.127469892,0.733,7.824685806143631,5.950121557518362,3.0,0.09,0.027,4.400154000000001,1
2916,2,731,1965,0,0.0,2_731,1965,0.0,0.0,0.0,1.0,0.0,0.1962746436,0.5830000000000001,9.309705953873744,,1.0,0.01,0.001,,1
2918,200,850,1966,0,0.0,200_850,1966,0.0,0.0,0.0,1.0,0.0,0.0230815169999999,0.629,9.368966735258605,3.6712244934299214,1.0,0.01,0.001,2.7913221,1
2919,732,740,1966,0,0.0,732_740,1966,1.0,1.0,1.0,1.0,0.0,0.0347958047,0.5579999999999999,7.050729447933244,5.342334251964811,2.0,0.04,0.008,,1
2920,710,732,1966,0,0.0,710_732,1966,0.0,0.0,0.0,1.0,0.0,0.1012523117,0.202,6.860873293082006,0.0,1.0,0.01,0.001,,1
2921,2,365,1966,0,0.0,2_365,1966,0.0,0.0,0.0,1.0,0.0,0.042353,0.601,8.964861739409468,4.5217885770490405,1.0,0.01,0.001,4.283787,1
2922,101,365,1968,0,0.0,101_365,1968,0.0,0.0,0.0,1.0,0.0,0.1666172327,0.551,9.203577555596794,0.0,23.0,5.29,12.167,2.4075446,1
2923,140,365,1968,0,0.0,140_365,1968,0.0,0.0,0.0,1.0,0.0,0.152883128,0.088,9.321854912717576,3.868071076101679,9.0,0.81,0.729,3.076741,1
2924,2,651,1968,0,0.0,2_651,1968,0.0,0.0,0.0,1.0,0.0,0.1970455502999999,0.518,9.143227874334848,4.469350497209817,4.0,0.16,0.064,3.659925,1
2925,365,740,1968,0,0.0,365_740,1968,0.0,0.0,0.0,1.0,0.0,0.122199277,0.738,8.919854372191667,6.41787543605281,1.0,0.01,0.001,3.261919,1
2926,200,710,1968,0,0.0,200_710,1968,0.0,0.0,0.0,1.0,0.0,0.07368262,0.748,9.004680585001791,5.250701512606374,6.0,0.36,0.216,,1
2927,160,365,1968,0,0.0,160_365,1968,0.0,0.0,0.0,1.0,0.0,0.1645776716999999,0.0139999999999999,9.508814005506162,3.321432449294375,23.0,5.29,12.167,2.3717695,1
2928,2,365,1968,0,0.0,2_365,1968,0.0,0.0,0.0,1.0,0.0,0.0324082599999999,0.608,8.964861739409468,4.653960350157523,1.0,0.01,0.001,4.195073,1
2929,2,710,1965,0,0.0,2_710,1965,0.0,0.0,0.0,1.0,0.0,0.09264933,0.6020000000000001,9.31898847758312,0.6931471805599453,1.0,0.01,0.001,,1
2930,2,365,1967,0,0.0,2_365,1967,0.0,0.0,0.0,1.0,0.0,0.0418066599999999,0.608,8.964861739409468,4.574710978503383,1.0,0.01,0.001,4.029772,1
2930,365,732,1967,0,0.0,365_732,1967,0.0,0.0,0.0,1.0,0.0,0.1582086577,0.184,8.795748743589717,0.0,2.0,0.04,0.008,,1
2930,365,740,1967,0,0.0,365_740,1967,0.0,0.0,0.0,1.0,0.0,0.118621145,0.738,8.919854372191667,6.246881697702154,5.0,0.25,0.125,2.5415607,1
2931,2,365,1967,0,0.0,2_365,1967,0.0,0.0,0.0,1.0,0.0,0.0418066599999999,0.608,8.964861739409468,4.574710978503383,1.0,0.01,0.001,4.029772,1
2932,260,265,1967,0,0.0,260_265,1967,,,,0.0,0.0,0.0275173183999999,0.6759999999999999,6.171909343889077,,5.0,0.25,0.125,,1
2933,200,365,1967,0,0.0,200_365,1967,0.0,0.0,0.0,1.0,0.0,0.134037901,0.737,7.824685806143631,6.2023330472995655,2.0,0.04,0.008,3.89557,1
2934,2,365,1967,0,0.0,2_365,1967,0.0,0.0,0.0,1.0,0.0,0.0418066599999999,0.608,8.964861739409468,4.574710978503383,1.0,0.01,0.001,4.029772,1
2935,710,713,1967,0,0.0,710_713,1967,0.0,0.0,0.0,1.0,0.0,0.0994053207,0.01,7.451067453782427,,1.0,0.01,0.001,,1
2936,2,710,1969,0,0.0,2_710,1969,0.0,0.0,0.0,1.0,0.0,0.08976739,0.6199999999999999,9.31898847758312,0.0,1.0,0.01,0.001,,1
2937,365,740,1969,0,0.0,365_740,1969,0.0,0.0,0.0,1.0,0.0,0.118508227,0.738,8.919854372191667,6.466922027036182,1.0,0.01,0.001,2.723052,1
2938,800,811,1969,0,,800_811,1969,0.0,0.0,0.0,1.0,0.0,0.0026131412,0.112,6.2813317304651,0.0,1.0,0.01,0.001,1.9947599,1
2940,40,101,1968,0,0.0,40_101,1968,,,,,,,,,,,,,,1
2942,90,92,1970,0,0.0,90_92,1970,1.0,1.0,1.0,1.0,1.0,0.00017556921,0.011,5.184588601219693,4.282302952179203,25.0,6.25,15.625,0.5586895999999999,1
2944,260,265,1971,0,0.0,260_265,1971,,,,0.0,0.0,0.0255065515999999,0.6869999999999999,6.171909343889077,,4.0,0.16,0.064,,1
2946,2,40,1971,0,0.0,2_40,1971,0.0,0.0,0.0,1.0,0.0,0.1677042201,0.655,7.510211594257578,0.0,9.0,0.81,0.729,3.31717,1
2947,2,710,1971,0,0.0,2_710,1971,0.0,0.0,0.0,1.0,0.0,0.05678064,0.6559999999999999,9.31898847758312,0.0,1.0,0.01,0.001,2.7436904,1
2948,2,710,1972,0,0.0,2_710,1972,0.0,0.0,0.0,1.0,0.0,0.05178642,0.6679999999999999,9.31898847758312,1.791759469228055,1.0,0.01,0.001,2.8516742,1
2949,2,365,1972,0,0.0,2_365,1972,0.0,0.0,0.0,1.0,0.0,0.00609254,0.628,8.964861739409468,5.432411101028736,2.0,0.04,0.008,4.186236,1
2950,2,620,1973,0,0.0,2_620,1973,0.0,0.0,0.0,1.0,0.0,0.15812564205,0.686,8.963160242833732,5.608738889312415,28.0,7.84,21.952,3.0034735,1
2951,2,40,1974,0,0.0,2_40,1974,0.0,0.0,0.0,1.0,0.0,0.1505607015,0.696,7.510211594257578,0.0,3.0,0.09,0.027,4.3109,1
2955,775,800,1975,0,0.0,775_800,1975,1.0,1.0,1.0,1.0,0.0,0.0013412698,0.197,6.7067400797409285,1.4031515027684174,16.0,2.56,4.096,0.27783706,1
2956,710,732,1976,0,0.0,710_732,1976,0.0,0.0,0.0,1.0,0.0,0.107114978,0.1389999999999999,6.860873293082006,0.0,5.0,0.25,0.125,,1
2958,2,40,1976,0,0.0,2_40,1976,0.0,0.0,0.0,1.0,0.0,0.1401262857,0.722,7.510211594257578,0.0,2.0,0.04,0.008,4.412672,1
2959,630,680,1976,0,0.0,630_680,1976,,,,,,,,,,,,,,1
2960,2,731,1976,0,0.0,2_731,1976,0.0,0.0,0.0,1.0,0.0,0.1357571088,0.7040000000000001,9.309705953873744,,1.0,0.01,0.001,,1
2961,666,670,1976,0,0.0,666_670,1976,1.0,1.0,1.0,1.0,0.0,0.0018982399,0.731,7.225044696186576,,3.0,0.09,0.027,2.8226091,1
2962,2,40,1977,0,0.0,2_40,1977,0.0,0.0,0.0,1.0,0.0,0.139042227,0.762,7.510211594257578,0.0,1.0,0.01,0.001,4.0166,1
2963,731,740,1977,0,0.0,731_740,1977,0.0,0.0,0.0,1.0,0.0,0.0471373982,0.752,7.159447413700763,5.13167228913909,32.0,10.24,32.768,,1
2964,365,740,1977,0,0.0,365_740,1977,0.0,0.0,0.0,1.0,0.0,0.119513011,0.731,8.919854372191667,8.13871075463796,1.0,0.01,0.001,3.553788,1
2965,325,620,1978,0,0.0,325_620,1978,0.0,0.0,0.0,1.0,0.0,0.0179642441,0.6920000000000001,6.9136379421402925,7.847059165165293,33.0,10.89,35.937,1.8414828,1
2967,2,135,1979,0,0.0,2_135,1979,0.0,0.0,0.0,1.0,1.0,0.1341017375,0.6519999999999999,8.64207982555697,7.099069612611137,10.0,1.0,1.0,2.3789574800000004,1
2968,2,20,1979,0,0.0,2_20,1979,0.0,0.0,0.0,1.0,1.0,0.125432685,0.004,6.599189995613932,11.136522948632912,34.0,11.56,39.304,0.4998500000000001,1
2969,40,600,1980,0,0.0,40_600,1980,,,,,,,,,,,,,,1
2970,385,390,1981,0,0.0,385_390,1981,0.0,0.0,1.0,1.0,1.0,0.0001883096,0.043,6.182498044503958,7.519703250044706,36.0,12.96,46.656,0.0178899999999999,1
2971,2,731,1981,0,0.0,2_731,1981,0.0,0.0,0.0,1.0,0.0,0.1296747982,0.769,9.309705953873744,,1.0,0.01,0.001,,1
2972,2,40,1981,0,0.0,2_40,1981,0.0,0.0,0.0,1.0,0.0,0.135057017,0.784,7.510211594257578,0.0,2.0,0.04,0.008,4.317402,1
2973,365,380,1982,0,0.0,365_380,1982,0.0,0.0,0.0,1.0,0.0,0.1681345902,0.8,7.113630588729827,6.898098815045857,1.0,0.01,0.001,2.892618,1
2974,731,740,1982,0,0.0,731_740,1982,0.0,0.0,0.0,1.0,0.0,0.0437582111,0.749,7.159447413700763,6.1310308181668445,5.0,0.25,0.125,,1
2975,710,816,1982,0,0.0,710_816,1982,0.0,0.0,0.0,1.0,0.0,0.10738148,0.0459999999999999,7.752550009151222,0.0,1.0,0.01,0.001,1.8321909,1
2976,365,740,1982,0,0.0,365_740,1982,0.0,0.0,0.0,1.0,0.0,0.119078555,0.728,8.919854372191667,8.630307532324549,3.0,0.09,0.027,3.2099640000000003,1
2977,2,93,1982,0,0.0,2_93,1982,0.0,0.0,0.0,1.0,1.0,0.1290269243,0.6859999999999999,8.043310046571964,6.026969229748927,28.0,7.84,21.952,3.4052957,1
2978,2,620,1982,0,0.0,2_620,1982,0.0,0.0,0.0,1.0,0.0,0.127866936,0.784,8.963160242833732,8.699731358081912,1.0,0.01,0.001,3.6236874,1
2981,2,40,1983,0,0.0,2_40,1983,0.0,0.0,0.0,1.0,0.0,0.1298693043,0.79,7.510211594257578,0.4731237690430382,2.0,0.04,0.008,4.043748,1
2982,2,365,1982,0,0.0,2_365,1982,0.0,0.0,0.0,1.0,0.0,0.04190278,0.749,8.964861739409468,8.023735894570727,1.0,0.01,0.001,4.577424,1
2986,710,713,1956,0,0.0,710_713,1956,0.0,0.0,0.0,1.0,0.0,0.0919042892,0.003,7.451067453782427,,1.0,0.01,0.001,,1
2996,640,651,1959,0,0.0,640_651,1959,0.0,0.0,0.0,1.0,0.0,0.0011003999,0.1959999999999999,7.011574607621134,1.791759469228055,2.0,0.04,0.008,1.7912418,1
2997,645,651,1959,0,0.0,645_651,1959,0.0,0.0,0.0,1.0,1.0,0.0044985288,0.0529999999999999,7.168733968599368,1.0986122886681098,2.0,0.04,0.008,0.4299508999999999,1
2998,645,651,1959,0,,645_651,1959,0.0,0.0,0.0,1.0,1.0,0.0044985288,0.0529999999999999,7.168733968599368,1.0986122886681098,2.0,0.04,0.008,0.4299508999999999,1
2999,651,663,1959,0,0.0,651_663,1959,0.0,0.0,0.0,1.0,1.0,0.00560666928,0.0099999999999999,6.209595556598647,1.4109869981005057,2.0,0.04,0.008,0.8845888,1
3000,530,625,1979,0,0.0,530_625,1979,0.0,0.0,0.0,1.0,0.0,0.0015614706,0.109,6.899723107284872,0.0916671894382325,2.0,0.04,0.008,0.3198959,1
3001,620,625,1979,0,0.0,620_625,1979,0.0,0.0,0.0,1.0,1.0,0.0001162159999999,0.109,7.915932153512099,0.1823215567939546,7.0,0.49,0.343,0.1752822,1
3001,620,651,1979,0,0.0,620_651,1979,1.0,0.0,1.0,1.0,1.0,0.0057743049999999,0.13,7.46152544307344,2.380471668653892,1.0,0.01,0.001,0.31862363,1
3002,540,552,1979,0,0.0,540_552,1979,,,,,,,,,,,,,,1
3003,800,812,1978,0,,800_812,1978,0.0,0.0,0.0,1.0,0.0,0.004304143,0.0559999999999999,6.258624983838966,2.8713021951758138,3.0,0.09,0.027,0.9149292,1
3004,552,571,1978,0,,552_571,1978,0.0,0.0,0.0,1.0,0.0,0.000939861591,0.576,6.833354956405887,,1.0,0.01,0.001,,1
3005,551,560,1978,0,0.0,551_560,1978,,,,,,,,,,,,,,1
3007,365,710,1978,1,1.0,365_710,1978,0.0,0.0,0.0,1.0,1.0,0.0498624299999999,0.031,8.664526399287714,,1.0,0.01,0.001,2.0951691,1
3007,710,816,1978,1,1.0,710_816,1978,0.0,0.0,0.0,1.0,0.0,0.1119612834,0.073,7.752550009151222,,33.0,10.89,35.937,0.6697646,1
3009,145,155,1978,0,0.0,145_155,1978,0.0,0.0,0.0,1.0,1.0,0.00198032506,0.035,7.551239414522982,3.3501146265131725,33.0,10.89,35.937,0.0749558,1
3010,501,651,1978,0,0.0,501_651,1978,,,,,,,,,,,,,,1
3011,490,540,1978,0,0.0,490_540,1978,0.0,0.0,0.0,1.0,0.0,0.00152458417,0.075,6.314453433391908,0.0,1.0,0.01,0.001,1.2112676,1
3012,220,540,1978,0,0.0,220_540,1978,0.0,0.0,0.0,1.0,0.0,0.02276145447,0.781,8.78012652470258,3.77963379455135,1.0,0.01,0.001,2.5499576,1
3012,540,600,1978,0,0.0,540_600,1978,,,,,,,,,,,,,,1
3013,93,94,1977,0,0.0,93_94,1977,1.0,1.0,1.0,1.0,1.0,0.00010429424,0.6380000000000001,5.834518296645255,4.53379232982773,20.0,4.0,8.0,0.2987500999999999,1
3014,616,620,1977,0,0.0,616_620,1977,0.0,0.0,0.0,1.0,1.0,0.00060738478,0.119,6.251711186373694,2.9687463571013386,32.0,10.24,32.768,0.0384229999999999,1
3015,552,571,1978,0,1.0,552_571,1978,0.0,0.0,0.0,1.0,0.0,0.000939861591,0.576,6.833354956405887,,1.0,0.01,0.001,,1
3016,616,620,1980,0,0.0,616_620,1980,0.0,0.0,0.0,1.0,1.0,0.00097758397,0.12,6.251711186373694,3.783507605935498,3.0,0.09,0.027,0.4149522,1
3016,220,620,1980,0,0.0,220_620,1980,0.0,0.0,0.0,1.0,0.0,0.0223419266,0.782,7.59749666640725,6.951197836824974,1.0,0.01,0.001,2.5913212,1
3017,365,630,1980,0,0.0,365_630,1980,0.0,0.0,0.0,1.0,0.0,0.1608748688,0.06,7.80994708647679,,2.0,0.04,0.008,1.7343197,1
3017,630,700,1980,0,0.0,630_700,1980,0.0,0.0,0.0,1.0,0.0,0.0066213385999999,0.083,7.389316857061601,0.0,1.0,0.01,0.001,1.3441667,1
3018,135,155,1977,0,0.0,135_155,1977,0.0,0.0,0.0,1.0,1.0,0.0005411796999999,0.028,7.811487481608896,3.9229629256840863,1.0,0.01,0.001,0.3260008,1
3020,2,630,1979,0,0.0,2_630,1979,0.0,0.0,0.0,1.0,0.0,0.1277300438,0.6729999999999999,9.228091877551838,8.738190457106398,34.0,11.56,39.304,2.6031625000000003,1
3021,2,620,1979,0,0.0,2_620,1979,0.0,0.0,0.0,1.0,0.0,0.135380941,0.76,8.963160242833732,8.44453649488319,6.0,0.36,0.216,2.7146809000000003,1
3022,820,840,1979,0,0.0,820_840,1979,1.0,1.0,1.0,1.0,0.0,0.0028569955,0.109,7.812418674615313,4.649952328759984,11.0,1.21,1.331,0.06421881,1
3024,600,615,1979,0,,600_615,1979,0.0,0.0,0.0,1.0,1.0,0.0004699018,0.034,6.852242569051878,0.0099503306551482,4.0,0.16,0.064,1.1531735,1
3025,630,700,1979,0,,630_700,1979,0.0,0.0,0.0,1.0,0.0,0.0080398679,0.076,7.389316857061601,0.0,34.0,11.56,39.304,0.9402755,1
3026,710,812,1979,0,0.0,710_812,1979,0.0,0.0,0.0,1.0,0.0,0.11936070806,0.0229999999999999,7.929378526122111,0.0,15.0,2.25,3.375,0.96561858,1
3027,775,800,1984,0,1.0,775_800,1984,0.0,0.0,0.0,1.0,0.0,0.0017141814,0.188,6.7067400797409285,3.297058378912834,1.0,0.01,0.001,0.26671055,1
3029,645,690,1985,0,0.0,645_690,1985,0.0,0.0,0.0,1.0,1.0,0.0086513138,0.191,6.324358962381311,5.939934382563648,10.0,1.0,1.0,0.4508941,1
3030,560,571,1985,0,0.0,560_571,1985,0.0,0.0,0.0,1.0,0.0,0.0079937291599999,0.477,7.139581030679181,,1.0,0.01,0.001,,1
3031,560,571,1984,0,0.0,560_571,1984,0.0,0.0,0.0,1.0,0.0,0.007959487617,0.476,7.139581030679181,,39.0,15.21,59.319,,1
3033,645,732,1985,0,0.0,645_732,1985,,,,,,,,,,,,,,1
3034,230,630,1984,0,0.0,230_630,1984,,,,,,,,,,,,,,1
3035,630,750,1984,0,0.0,630_750,1984,,,,,,,,,,,,,,1
3036,385,645,1984,0,0.0,385_645,1984,,,,,,,,,,,,,,1
3037,750,780,1984,0,0.0,750_780,1984,0.0,0.0,0.0,1.0,0.0,0.05349437819,0.162,7.797085829273509,4.955491437906989,39.0,15.21,59.319,0.1954134,1
3038,31,645,1984,0,0.0,31_645,1984,,,,,,,,,,,,,,1
3040,260,630,1984,0,0.0,260_630,1984,,,,,,,,,,,,,,1
3041,220,620,1984,0,0.0,220_620,1984,0.0,0.0,0.0,1.0,0.0,0.0162186251,0.795,7.59749666640725,7.1043412797897965,1.0,0.01,0.001,3.056918,1
3042,200,630,1984,0,0.0,200_630,1984,0.0,0.0,1.0,1.0,0.0,0.0104295839999999,0.6940000000000001,8.38920071634096,7.123027935915777,33.0,10.89,35.937,2.6665837000000003,1
3043,352,645,1984,0,0.0,352_645,1984,,,,,,,,,,,,,,1
3044,600,615,1984,0,1.0,600_615,1984,0.0,0.0,0.0,1.0,1.0,0.0006951577999999,0.0449999999999999,6.852242569051878,2.346601959272064,4.0,0.16,0.064,0.73013008,1
3045,640,645,1984,0,0.0,640_645,1984,0.0,0.0,0.0,1.0,0.0,0.000720649,0.32,7.141165942652124,7.169409291280261,19.0,3.61,6.859,1.5288831,1
3046,450,645,1984,0,0.0,450_645,1984,,,,,,,,,,,,,,1
3046,200,645,1984,0,0.0,200_645,1984,0.0,0.0,0.0,1.0,0.0,0.012118575,0.7210000000000001,8.316642488754661,6.576107372543769,14.0,1.96,2.744,2.931393,1
3048,630,670,1984,0,0.0,630_670,1984,0.0,0.0,1.0,1.0,0.0,0.0037848882,0.094,7.174111564719166,3.693867020500597,39.0,15.21,59.319,0.1323812999999999,1
3049,95,645,1984,0,0.0,95_645,1984,,,,,,,,,,,,,,1
3050,850,910,1984,0,0.0,850_910,1984,0.0,0.0,0.0,1.0,0.0,0.013059693,0.3809999999999999,8.402163860831472,0.3906898360578097,2.0,0.04,0.008,0.22282849,1
3051,620,651,1984,0,0.0,620_651,1984,0.0,0.0,0.0,1.0,1.0,0.0056201821,0.143,7.46152544307344,0.7390761124483453,1.0,0.01,0.001,1.0422068,1
3051,2,620,1984,0,0.0,2_620,1984,0.0,0.0,0.0,1.0,0.0,0.1332593601,0.788,8.963160242833732,5.354603177558628,1.0,0.01,0.001,4.069292,1
3051,620,625,1984,0,0.0,620_625,1984,0.0,0.0,0.0,1.0,1.0,0.0005641953999999,0.125,7.915932153512099,0.1365193255536887,1.0,0.01,0.001,1.0292988,1
3052,200,645,1984,0,0.0,200_645,1984,0.0,0.0,0.0,1.0,0.0,0.012118575,0.7210000000000001,8.316642488754661,6.576107372543769,14.0,1.96,2.744,2.931393,1
3053,645,750,1984,0,0.0,645_750,1984,,,,,,,,,,,,,,1
3054,670,680,1983,0,,670_680,1983,0.0,0.0,0.0,1.0,1.0,0.00721462737,0.104,7.19788435507697,3.286908235260028,14.0,1.96,2.744,0.8664373000000001,1
3055,750,771,1983,0,1.0,750_771,1983,0.0,0.0,0.0,1.0,0.0,0.048906139,0.459,7.263119364120769,4.14224908035458,2.0,0.04,0.008,0.197568,1
3056,530,625,1983,0,0.0,530_625,1983,0.0,0.0,0.0,1.0,0.0,0.0013924716,0.111,6.899723107284872,0.8387615293649172,4.0,0.16,0.064,0.7428633,1
3057,350,645,1983,0,0.0,350_645,1983,,,,,,,,,,,,,,1
3058,40,54,1983,0,1.0,40_54,1983,,,,,,,,,,,,,,1
3058,54,55,1983,0,1.0,54_55,1983,,,,0.0,1.0,6.686642800000001e-06,,5.8971538676367405,0.5452270620775259,38.0,14.44,54.872,1.4018787,1
3058,40,53,1983,0,1.0,40_53,1983,,,,,,,,,,,,,,1
3058,53,55,1983,0,1.0,53_55,1983,0.0,0.0,0.0,1.0,1.0,1.34165707e-05,,5.559912104236499,1.2308094582794955,38.0,14.44,54.872,1.0565567,1
3058,40,56,1983,0,1.0,40_56,1983,,,,,,,,,,,,,,1
3058,55,56,1983,0,1.0,55_56,1983,,,,,,,,,,,,,,1
3058,40,57,1983,0,1.0,40_57,1983,,,,,,,,,,,,,,1
3058,55,57,1983,0,1.0,55_57,1983,,,,0.0,1.0,5.899406900000001e-06,,4.91338990965742,0.1954144775381095,38.0,14.44,54.872,1.2592493,1
3058,2,40,1983,0,1.0,2_40,1983,0.0,0.0,0.0,1.0,0.0,0.1298693043,0.79,7.510211594257578,0.4731237690430382,2.0,0.04,0.008,4.043748,1
3058,2,55,1983,0,1.0,2_55,1983,0.0,0.0,0.0,1.0,1.0,0.1329319046187,,8.115371438222871,2.5935368143134494,38.0,14.44,54.872,3.5842695,1
3058,40,58,1983,0,1.0,40_58,1983,,,,,,,,,,,,,,1
3058,55,58,1983,0,1.0,55_58,1983,,,,0.0,1.0,7.1144684e-06,,6.334699578680012,0.1052605106574929,38.0,14.44,54.872,0.7004148,1
3058,40,51,1983,0,1.0,40_51,1983,0.0,0.0,0.0,1.0,0.0,0.0029131294199999,0.4039999999999999,6.702819947316597,0.5362886945991221,38.0,14.44,54.872,1.42280423,1
3058,51,55,1983,0,1.0,51_55,1983,,,,,,,,,,,,,,1
3059,630,700,1983,0,0.0,630_700,1983,0.0,0.0,0.0,1.0,0.0,0.0087695356999999,0.0199999999999999,7.389316857061601,0.1913359960417862,3.0,0.09,0.027,0.8371200000000001,1
3060,490,551,1983,0,,490_551,1983,0.0,0.0,0.0,1.0,0.0,0.00169745166,0.041,7.538814267228661,1.6786247384439903,1.0,0.01,0.001,0.7519914,1
3062,2,652,1983,0,,2_652,1983,0.0,0.0,0.0,1.0,0.0,0.12886458,0.718,9.152467585385711,5.172754086883347,10.0,1.0,1.0,3.880024,1
3063,365,732,1983,0,0.0,365_732,1983,0.0,0.0,0.0,1.0,0.0,0.156973695,0.121,8.795748743589717,0.0,16.0,2.56,4.096,,1
3064,160,200,1983,0,0.0,160_200,1983,0.0,0.0,0.0,1.0,0.0,0.0172611816,0.536,9.31739944426959,5.174000532040656,1.0,0.01,0.001,2.10829891,1
3065,2,620,1983,0,0.0,2_620,1983,0.0,0.0,0.0,1.0,0.0,0.130929795,0.789,8.963160242833732,6.763076256056007,1.0,0.01,0.001,3.5851987,1
3065,620,625,1983,0,0.0,620_625,1983,0.0,0.0,0.0,1.0,1.0,0.0001143702,0.111,7.915932153512099,0.164752996111528,2.0,0.04,0.008,0.8214701,1
3066,475,483,1983,0,1.0,475_483,1983,0.0,0.0,0.0,1.0,0.0,0.00579119736,0.2309999999999999,6.795146334599483,0.0,38.0,14.44,54.872,0.5260020000000001,1
3067,365,385,1983,0,0.0,365_385,1983,0.0,0.0,0.0,1.0,0.0,0.1705655214,0.756,7.405374075260846,5.804381673212317,3.0,0.09,0.027,3.263591,1
3068,140,620,1983,0,0.0,140_620,1983,,,,,,,,,,,,,,1
3070,541,560,1983,0,1.0,541_560,1983,0.0,0.0,0.0,1.0,0.0,0.0069161792999999,0.0959999999999999,7.393386164113572,0.0,38.0,14.44,54.872,,1
3071,2,630,1983,0,0.0,2_630,1983,0.0,0.0,0.0,1.0,0.0,0.1230040725,0.757,9.228091877551838,6.5994622662372295,2.0,0.04,0.008,3.176418,1
3072,2,620,1983,0,0.0,2_620,1983,0.0,0.0,0.0,1.0,0.0,0.130929795,0.789,8.963160242833732,6.763076256056007,1.0,0.01,0.001,3.5851987,1
3072,620,651,1983,0,0.0,620_651,1983,0.0,0.0,0.0,1.0,1.0,0.0058824472999999,0.145,7.46152544307344,0.3960879462955674,2.0,0.04,0.008,0.8056631,1
3072,620,625,1983,0,0.0,620_625,1983,0.0,0.0,0.0,1.0,1.0,0.0001143702,0.111,7.915932153512099,0.164752996111528,2.0,0.04,0.008,0.8214701,1
3073,560,570,1982,0,0.0,560_570,1982,0.0,0.0,0.0,1.0,0.0,0.0080564956429999,0.0529999999999999,6.907455233973135,,37.0,13.69,50.653,,1
3074,775,800,1982,0,0.0,775_800,1982,0.0,0.0,1.0,1.0,0.0,0.0015232128,0.1539999999999999,6.7067400797409285,3.0075126120895224,2.0,0.04,0.008,0.34059063,1
3075,775,800,1983,0,0.0,775_800,1983,0.0,0.0,0.0,1.0,0.0,0.0018908773,0.178,6.7067400797409285,2.896651333360135,1.0,0.01,0.001,0.25484178,1
3076,452,461,1982,0,,452_461,1982,0.0,0.0,0.0,1.0,1.0,0.00064806382,0.0409999999999999,5.134621273877247,3.718292614682286,17.0,2.89,4.913,0.1404653,1
3077,160,200,1982,0,0.0,160_200,1982,0.0,0.0,0.0,1.0,0.0,0.0169176739,0.7310000000000001,9.31739944426959,6.387687040206366,6.0,0.36,0.216,2.3347804,1
3078,645,732,1982,0,0.0,645_732,1982,,,,,,,,,,,,,,1
3079,350,645,1982,0,0.0,350_645,1982,,,,,,,,,,,,,,1
3082,800,812,1982,0,,800_812,1982,0.0,0.0,0.0,1.0,0.0,0.00455590791,0.2229999999999999,6.258624983838966,3.43630712429223,2.0,0.04,0.008,1.67604907,1
3083,850,910,1982,0,0.0,850_910,1982,0.0,0.0,0.0,1.0,0.0,0.01289135078,0.3809999999999999,8.402163860831472,0.3835602727201145,37.0,13.69,50.653,0.4527406,1
3085,101,110,1982,0,0.0,101_110,1982,0.0,0.0,0.0,1.0,0.0,0.004394886819,0.483,6.950431553262574,3.178657814579409,1.0,0.01,0.001,0.3141304,1
3086,645,652,1982,0,0.0,645_652,1982,1.0,0.0,1.0,1.0,1.0,0.0031638359,0.0619999999999999,6.622869293832357,6.85512532323964,6.0,0.36,0.216,0.4064109999999999,1
3088,2,620,1982,0,0.0,2_620,1982,0.0,0.0,0.0,1.0,0.0,0.127866936,0.784,8.963160242833732,8.699731358081912,1.0,0.01,0.001,3.6236874,1
3089,325,365,1982,0,0.0,325_365,1982,0.0,0.0,0.0,1.0,0.0,0.152354582,0.6950000000000001,7.774015077250727,8.408957457387851,2.0,0.04,0.008,3.551443,1
3090,490,551,1982,0,1.0,490_551,1982,0.0,0.0,0.0,1.0,0.0,0.00170981282,0.042,7.538814267228661,2.1041341298799634,1.0,0.01,0.001,0.5860324,1
3092,666,670,1981,0,0.0,666_670,1981,1.0,1.0,1.0,1.0,0.0,0.0056987384,0.742,7.225044696186576,,5.0,0.25,0.125,2.362076139,1
3093,365,380,1981,0,1.0,365_380,1981,0.0,0.0,0.0,1.0,0.0,0.1661992317,0.8,7.113630588729827,7.064502584656662,17.0,2.89,4.913,3.138584,1
3095,630,690,1981,0,0.0,630_690,1981,0.0,0.0,1.0,1.0,0.0,0.0067236404,0.136,6.652475857637857,4.814620410170298,1.0,0.01,0.001,0.0082797,1
3096,750,771,1981,0,1.0,750_771,1981,0.0,0.0,0.0,1.0,0.0,0.0467013332,0.268,7.263119364120769,4.233236590099453,1.0,0.01,0.001,0.2921455,1
3097,630,640,1981,0,1.0,630_640,1981,1.0,1.0,1.0,1.0,0.0,0.0018986555999999,0.0069999999999999,7.435379021024008,6.782917427781698,36.0,12.96,46.656,1.0094535,1
3098,620,698,1981,0,0.0,620_698,1981,,,,,,,,,,,,,,1
3098,620,625,1981,0,,620_625,1981,0.0,0.0,0.0,1.0,1.0,0.0007505127,0.112,7.915932153512099,0.5877866704576745,2.0,0.04,0.008,0.7967110300000001,1
3098,2,620,1981,0,0.0,2_620,1981,0.0,0.0,0.0,1.0,0.0,0.136869052,0.783,8.963160242833732,9.141183179846475,2.0,0.04,0.008,3.6072667,1
3098,520,620,1981,0,,520_620,1981,,,,,,,,,,,,,,1
3098,620,651,1981,0,0.0,620_651,1981,0.0,0.0,0.0,1.0,1.0,0.0064485532,0.119,7.46152544307344,0.5766133474500611,1.0,0.01,0.001,0.8305816210000001,1
3099,620,651,1981,0,0.0,620_651,1981,0.0,0.0,0.0,1.0,1.0,0.0064485532,0.119,7.46152544307344,0.5766133474500611,1.0,0.01,0.001,0.8305816210000001,1
3099,2,620,1981,0,0.0,2_620,1981,0.0,0.0,0.0,1.0,0.0,0.136869052,0.783,8.963160242833732,9.141183179846475,2.0,0.04,0.008,3.6072667,1
3100,390,630,1981,0,0.0,390_630,1981,,,,,,,,,,,,,,1
3101,645,666,1981,0,0.0,645_666,1981,,,,,,,,,,,,,,1
3102,710,816,1981,0,1.0,710_816,1981,0.0,0.0,0.0,1.0,0.0,0.1084618899999999,0.0479999999999999,7.752550009151222,0.0,2.0,0.04,0.008,1.7574390599999998,1
3104,471,475,1981,0,1.0,471_475,1981,0.0,0.0,0.0,1.0,0.0,0.00522187506,0.214,6.592633490771575,2.358587302020072,36.0,12.96,46.656,0.0282496,1
3105,2,130,1980,0,0.0,2_130,1980,0.0,0.0,0.0,1.0,1.0,0.1319952066,0.156,8.378896175512146,7.333663332215075,8.0,0.64,0.512,2.40146218,1
3106,652,663,1982,0,0.0,652_663,1982,0.0,0.0,0.0,1.0,1.0,0.00252418603,0.0149999999999999,5.176149732573829,4.377767627966904,1.0,0.01,0.001,0.9082814,1
3107,652,666,1980,0,0.0,652_666,1980,0.0,0.0,0.0,1.0,0.0,0.0001092184999999,0.611,5.392718041969521,,1.0,0.01,0.001,3.471636,1
3107,652,663,1980,0,0.0,652_663,1980,0.0,0.0,0.0,1.0,1.0,0.00224476448,0.0149999999999999,5.176149732573829,4.494573753476624,9.0,0.81,0.729,1.0685809,1
3108,630,690,1980,0,0.0,630_690,1980,0.0,0.0,1.0,1.0,0.0,0.0066809153999999,0.078,6.652475857637857,5.117394770751671,35.0,12.25,42.875,0.1309359999999999,1
3109,750,771,1980,0,0.0,750_771,1980,0.0,0.0,0.0,1.0,0.0,0.0465508122,0.268,7.263119364120769,3.818591082594311,4.0,0.16,0.064,0.1862555,1
3111,775,800,1980,0,0.0,775_800,1980,0.0,0.0,1.0,1.0,0.0,0.0015851052,0.1129999999999999,6.7067400797409285,2.835211346718889,3.0,0.09,0.027,0.147196,1
3112,490,551,1980,0,0.0,490_551,1980,0.0,0.0,0.0,1.0,0.0,0.00167330222,0.043,7.538814267228661,2.115598154210101,3.0,0.09,0.027,0.4098091,1
3113,600,615,1980,0,0.0,600_615,1980,0.0,0.0,0.0,1.0,1.0,0.000234586,0.036,6.852242569051878,0.0,1.0,0.01,0.001,0.9556703,1
3114,800,812,1980,0,0.0,800_812,1980,0.0,0.0,0.0,1.0,0.0,0.00440284999,0.181,6.258624983838966,3.5667118766369024,1.0,0.01,0.001,1.96916,1
3115,365,698,1980,0,0.0,365_698,1980,0.0,0.0,0.0,1.0,0.0,0.16822851477,0.092,8.285286354431872,,35.0,12.25,42.875,1.9444326,1
3115,680,698,1980,0,0.0,680_698,1980,0.0,0.0,0.0,1.0,0.0,0.00010451939,0.105,7.534174877491373,0.0,4.0,0.16,0.064,1.0390326,1
3116,345,365,1980,0,0.0,345_365,1980,0.0,0.0,0.0,1.0,0.0,0.1631101552,0.007,7.446585099157725,8.06963024399387,28.0,7.84,21.952,1.8834533,1
3117,820,840,1980,0,0.0,820_840,1980,1.0,1.0,1.0,1.0,0.0,0.0025846377,0.111,7.812418674615313,5.091231694607464,1.0,0.01,0.001,0.078877934,1
3118,620,651,1980,0,0.0,620_651,1980,0.0,0.0,0.0,1.0,1.0,0.0057934218,0.109,7.46152544307344,1.1118575154181305,1.0,0.01,0.001,0.648853636,1
3119,435,600,1980,0,0.0,435_600,1980,0.0,0.0,0.0,1.0,0.0,0.0029931987,0.065,7.596593187953984,1.0647107369924282,35.0,12.25,42.875,0.3990455,1
3120,93,100,1980,0,0.0,93_100,1980,0.0,0.0,0.0,1.0,1.0,0.00323130717,0.2269999999999999,7.364293657274302,1.2271520772733413,35.0,12.25,42.875,1.157076,1
3121,484,490,1980,0,0.0,484_490,1980,0.0,0.0,0.0,1.0,0.0,0.00209991091,0.0359999999999999,2.163323025660538,1.1569000330926686,3.0,0.09,0.027,1.0389467,1
3122,160,365,1977,0,0.0,160_365,1977,0.0,0.0,0.0,1.0,0.0,0.1674191774,0.036,9.508814005506162,5.450652112851316,9.0,0.81,0.729,2.6524367,1
3126,620,651,1977,0,1.0,620_651,1977,1.0,0.0,1.0,1.0,1.0,0.00698875,0.135,7.46152544307344,2.9734866134819256,2.0,0.04,0.008,0.0182614,1
3127,551,560,1977,0,1.0,551_560,1977,,,,,,,,,,,,,,1
3127,510,560,1977,0,0.0,510_560,1977,,,,,,,,,,,,,,1
3129,501,520,1977,0,,501_520,1977,0.0,0.0,0.0,1.0,0.0,0.00040416556,0.134,6.926086235666861,2.5363124378479003,10.0,1.0,1.0,0.0641723,1
3130,775,800,1977,0,0.0,775_800,1977,1.0,1.0,1.0,1.0,0.0,0.0011020803,0.012,6.7067400797409285,1.2478939913838645,2.0,0.04,0.008,0.6187210000000001,1
3131,551,552,1977,0,,551_552,1977,0.0,0.0,0.0,1.0,0.0,0.00020174036,0.0,5.992963423231718,0.3393253127261265,1.0,0.01,0.001,,1
3131,510,552,1977,0,,510_552,1977,,,,,,,,,,,,,,1
3135,200,235,1966,0,0.0,200_235,1966,0.0,0.0,0.0,1.0,1.0,0.0327555307999999,0.705,7.369411666740044,5.468060141135132,21.0,4.41,9.261,0.05512,1
3150,651,663,1959,0,0.0,651_663,1959,0.0,0.0,0.0,1.0,1.0,0.00560666928,0.0099999999999999,6.209595556598647,1.4109869981005057,2.0,0.04,0.008,0.8845888,1
3151,652,663,1958,0,0.0,652_663,1958,0.0,0.0,0.0,1.0,1.0,0.00073245382,0.03,5.176149732573829,2.302585092994046,1.0,0.01,0.001,,1
3152,640,652,1958,0,,640_652,1958,0.0,0.0,0.0,1.0,0.0,0.0061511896,0.236,6.655955018418123,0.6931471805599453,1.0,0.01,0.001,,1
3154,640,652,1955,0,1.0,640_652,1955,0.0,0.0,0.0,1.0,0.0,0.0059487395,0.092,6.655955018418123,1.3862943611198906,10.0,1.0,1.0,2.819773,1
3155,640,652,1955,0,0.0,640_652,1955,0.0,0.0,0.0,1.0,0.0,0.0059487395,0.092,6.655955018418123,1.3862943611198906,10.0,1.0,1.0,2.819773,1
3162,651,663,1960,0,0.0,651_663,1960,0.0,0.0,0.0,1.0,1.0,0.0059893809,0.0229999999999999,6.209595556598647,1.1939224684724346,1.0,0.01,0.001,1.0575746,1
3163,365,640,1962,0,0.0,365_640,1962,0.0,0.0,0.0,1.0,0.0,0.1692052966,0.1939999999999999,7.49348427277479,2.631888840136646,2.0,0.04,0.008,4.033733,1
3165,640,652,1962,0,1.0,640_652,1962,0.0,0.0,0.0,1.0,0.0,0.0059028063,0.0289999999999999,6.655955018418123,1.252762968495368,4.0,0.16,0.064,2.767042,1
3166,652,660,1963,0,1.0,652_660,1963,0.0,0.0,0.0,1.0,1.0,0.0009300985499999,0.235,4.487512142519859,3.543853624260209,14.0,1.96,2.744,0.91566075,1
3167,652,660,1963,0,0.0,652_660,1963,0.0,0.0,0.0,1.0,1.0,0.0009300985499999,0.235,4.487512142519859,3.543853624260209,14.0,1.96,2.744,0.91566075,1
3168,640,652,1965,0,1.0,640_652,1965,0.0,0.0,0.0,1.0,0.0,0.0065556504999999,0.178,6.655955018418123,1.6486585871258423,3.0,0.09,0.027,1.8144089,1
3169,640,645,1965,0,0.0,640_645,1965,0.0,0.0,0.0,1.0,0.0,0.0055039276,0.247,7.141165942652124,2.9444389791664403,3.0,0.09,0.027,1.4171056,1
3170,666,670,1967,0,0.0,666_670,1967,0.0,0.0,0.0,1.0,0.0,0.0008755993,0.637,7.225044696186576,,10.0,1.0,1.0,2.1389353,1
3171,652,663,1966,0,1.0,652_663,1966,0.0,0.0,0.0,1.0,1.0,0.0007479491599999,0.02,5.176149732573829,2.4336133554004498,8.0,0.64,0.512,1.4553965,1
3172,645,690,1967,0,0.0,645_690,1967,0.0,0.0,0.0,1.0,1.0,0.0011018411,0.179,6.324358962381311,1.7578579520351318,5.0,0.25,0.125,0.502113,1
3173,652,660,1969,0,,652_660,1969,0.0,0.0,0.0,1.0,1.0,0.00095098571,0.287,4.487512142519859,4.257030116170584,6.0,0.36,0.216,1.2672319,1
3174,365,666,1974,0,0.0,365_666,1974,0.0,0.0,0.0,1.0,0.0,0.164618781,0.637,7.891592503508168,0.0582689071805795,1.0,0.01,0.001,4.270703,1
3175,620,651,1975,0,0.0,620_651,1975,0.0,0.0,0.0,1.0,1.0,0.0077753233899999,0.124,7.46152544307344,3.1432898379116057,30.0,9.0,27.0,0.1126919,1
3176,645,652,1976,0,0.0,645_652,1976,1.0,0.0,1.0,1.0,1.0,0.0011591815999999,0.091,6.622869293832357,4.143769461412568,19.0,3.61,6.859,0.5832303999999999,1
3179,200,652,1976,0,0.0,200_652,1976,0.0,0.0,0.0,1.0,0.0,0.0246259121,0.6819999999999999,8.171966748299813,4.415582329464631,6.0,0.36,0.216,3.40634,1
3180,645,666,1981,0,0.0,645_666,1981,,,,,,,,,,,,,,1
3206,235,490,1969,0,0.0,235_490,1969,,,,,,,,,,,,,,1
3211,713,770,1955,0,0.0,713_770,1955,,,,,,,,,,,,,,1
3213,710,732,1955,0,0.0,710_732,1955,0.0,0.0,0.0,1.0,0.0,0.0820842391,0.187,6.860873293082006,,2.0,0.04,0.008,,1
3214,365,380,1955,0,0.0,365_380,1955,0.0,0.0,0.0,1.0,0.0,0.1747668108,0.668,7.113630588729827,3.929862962849207,3.0,0.09,0.027,4.025718,1
3215,551,560,1973,0,0.0,551_560,1973,,,,,,,,,,,,,,1
3216,325,339,1955,0,0.0,325_339,1955,0.0,0.0,0.0,1.0,0.0,0.0170631842,0.5149999999999999,6.420157781335353,0.0953101798043249,3.0,0.09,0.027,,1
3217,710,817,1974,0,0.0,710_817,1974,0.0,0.0,0.0,1.0,0.0,0.1088932258,0.246,,,3.0,0.09,0.027,,1
3217,817,840,1974,0,0.0,817_840,1974,,,,,,,,,,,,,,1
3217,713,817,1974,0,0.0,713_817,1974,,,,,,,,,,,,,,1
3218,200,670,1955,0,0.0,200_670,1955,1.0,1.0,1.0,1.0,0.0,0.0489324099,0.791,8.505970451393758,3.091042453358316,10.0,1.0,1.0,3.110062,1
3219,355,666,1955,0,0.0,355_666,1955,,,,,,,,,,,,,,1
3221,260,713,1956,0,0.0,260_713,1956,,,,,,,,,,,,,,1
3225,365,385,1956,0,0.0,365_385,1956,0.0,0.0,0.0,1.0,0.0,0.1690011637,0.6980000000000001,7.405374075260846,3.561046111013142,11.0,1.21,1.331,3.7346702,1
3227,551,560,1974,0,,551_560,1974,,,,,,,,,,,,,,1
3230,663,666,1957,0,1.0,663_666,1957,0.0,0.0,0.0,1.0,0.0,0.00065805083,0.473,4.289088639014612,,1.0,0.01,0.001,1.2118275,1
3231,663,666,1959,0,1.0,663_666,1959,0.0,0.0,0.0,1.0,0.0,0.0005404220799999,0.4639999999999999,4.289088639014612,,1.0,0.01,0.001,1.1149933,1
3242,2,130,1955,0,0.0,2_130,1955,1.0,0.0,1.0,1.0,1.0,0.26569687465,0.246,8.378896175512146,4.75780551825596,3.0,0.09,0.027,1.6881052,1
3243,2,135,1955,0,0.0,2_135,1955,0.0,0.0,0.0,1.0,1.0,0.2648834019,0.4459999999999999,8.64207982555697,5.511410582008745,10.0,1.0,1.0,0.796702,1
3244,2,135,1962,0,0.0,2_135,1962,0.0,0.0,0.0,1.0,1.0,0.2079848449,0.39,8.64207982555697,6.052089168924417,7.0,0.49,0.343,0.959902,1
3267,500,551,1973,0,0.0,500_551,1973,,,,,,,,,,,,,,1
3300,811,840,1968,0,0.0,811_840,1968,,,,,,,,,,,,,,1
3360,816,817,1960,0,1.0,816_817,1960,0.0,0.0,0.0,1.0,0.0,0.0012421088999999,0.0749999999999999,,,15.0,2.25,3.375,,1
3361,2,710,1962,0,0.0,2_710,1962,0.0,0.0,0.0,1.0,0.0,0.1063024199999999,0.5980000000000001,9.31898847758312,0.3364722437640701,1.0,0.01,0.001,,1
3361,2,365,1962,0,0.0,2_365,1962,0.0,0.0,0.0,1.0,0.0,0.0335742199999999,0.5730000000000001,8.964861739409468,4.276666119016055,1.0,0.01,0.001,4.293673,1
3361,2,816,1961,0,0.0,2_816,1961,0.0,0.0,0.0,1.0,0.0,0.2067924634,0.45,9.499016949743575,4.206184014171376,16.0,2.56,4.096,,1
3375,651,666,1957,0,1.0,651_666,1957,0.0,0.0,0.0,1.0,0.0,0.0040602363,0.4459999999999999,6.0553778728516345,0.0,1.0,0.01,0.001,1.9792602,1
3377,651,666,1963,0,0.0,651_666,1963,0.0,0.0,0.0,1.0,0.0,0.0044531964,0.498,6.0553778728516345,0.0,2.0,0.04,0.008,1.5541218,1
3378,651,666,1964,0,0.0,651_666,1964,0.0,0.0,0.0,1.0,0.0,0.0047189673,0.47,6.0553778728516345,0.0,1.0,0.01,0.001,,1
3379,651,666,1966,0,0.0,651_666,1966,0.0,0.0,0.0,1.0,0.0,0.0050797211,0.461,6.0553778728516345,0.0,1.0,0.01,0.001,2.399387,1
3380,651,666,1973,0,1.0,651_666,1973,0.0,0.0,0.0,1.0,0.0,0.0053577978999999,0.4969999999999999,6.0553778728516345,0.0,1.0,0.01,0.001,2.3878951,1
3381,651,666,1975,0,0.0,651_666,1975,0.0,0.0,0.0,1.0,0.0,0.0055116734,0.548,6.0553778728516345,0.0,1.0,0.01,0.001,3.0136822,1
3382,651,666,1977,0,0.0,651_666,1977,0.0,0.0,0.0,1.0,0.0,0.0049876412,0.542,6.0553778728516345,0.0,1.0,0.01,0.001,2.5446077,1
3383,651,666,1979,0,0.0,651_666,1979,0.0,0.0,0.0,1.0,0.0,0.0044980027999999,0.552,6.0553778728516345,0.0,2.0,0.04,0.008,2.14910927,1
3384,651,666,1983,0,0.0,651_666,1983,1.0,1.0,1.0,1.0,0.0,0.0046278045,0.541,6.0553778728516345,4.259576460789033,4.0,0.16,0.064,2.3100876,1
3385,651,666,1983,0,0.0,651_666,1983,1.0,1.0,1.0,1.0,0.0,0.0046278045,0.541,6.0553778728516345,4.259576460789033,4.0,0.16,0.064,2.3100876,1
3387,651,666,1970,0,,651_666,1970,0.0,0.0,0.0,1.0,0.0,0.0049360124,0.49,6.0553778728516345,0.0,1.0,0.01,0.001,1.7885108,1
3405,652,666,1955,0,1.0,652_666,1955,0.0,0.0,0.0,1.0,0.0,0.0001747675,0.302,5.392718041969521,,1.0,0.01,0.001,2.734868,1
3405,651,666,1958,0,1.0,651_666,1958,0.0,0.0,0.0,1.0,0.0,0.0041327761,0.4609999999999999,6.0553778728516345,0.0,1.0,0.01,0.001,1.750009,1
3406,651,666,1961,0,0.0,651_666,1961,0.0,0.0,0.0,1.0,0.0,0.0051871651,0.495,6.0553778728516345,0.0,1.0,0.01,0.001,1.9117742,1
3412,652,666,1966,0,0.0,652_666,1966,0.0,0.0,0.0,1.0,0.0,2.262310000000008e-05,0.54,5.392718041969521,,1.0,0.01,0.001,2.827852,1
3412,663,666,1966,0,0.0,663_666,1966,0.0,0.0,0.0,1.0,0.0,0.00077057226,0.52,4.289088639014612,,1.0,0.01,0.001,1.3724555,1
3412,651,666,1966,0,0.0,651_666,1966,0.0,0.0,0.0,1.0,0.0,0.0050797211,0.461,6.0553778728516345,0.0,1.0,0.01,0.001,2.399387,1
3416,652,666,1955,0,0.0,652_666,1955,0.0,0.0,0.0,1.0,0.0,0.0001747675,0.302,5.392718041969521,,1.0,0.01,0.001,2.734868,1
3418,652,666,1955,0,0.0,652_666,1955,0.0,0.0,0.0,1.0,0.0,0.0001747675,0.302,5.392718041969521,,1.0,0.01,0.001,2.734868,1
3419,652,666,1961,0,1.0,652_666,1961,0.0,0.0,0.0,1.0,0.0,2.3532599999999924e-05,0.549,5.392718041969521,,3.0,0.09,0.027,1.7241392,1
3419,651,666,1958,0,1.0,651_666,1958,0.0,0.0,0.0,1.0,0.0,0.0041327761,0.4609999999999999,6.0553778728516345,0.0,1.0,0.01,0.001,1.750009,1
3420,651,666,1958,0,0.0,651_666,1958,0.0,0.0,0.0,1.0,0.0,0.0041327761,0.4609999999999999,6.0553778728516345,0.0,1.0,0.01,0.001,1.750009,1
3421,651,666,1959,0,0.0,651_666,1959,0.0,0.0,0.0,1.0,0.0,0.0050662471999999,0.4539999999999999,6.0553778728516345,0.0,1.0,0.01,0.001,1.9995821,1
3422,651,666,1960,0,0.0,651_666,1960,0.0,0.0,0.0,1.0,0.0,0.005076448,0.472,6.0553778728516345,0.0,1.0,0.01,0.001,1.9516789,1
3430,651,666,1959,0,0.0,651_666,1959,0.0,0.0,0.0,1.0,0.0,0.0050662471999999,0.4539999999999999,6.0553778728516345,0.0,1.0,0.01,0.001,1.9995821,1
3434,652,666,1961,0,1.0,652_666,1961,0.0,0.0,0.0,1.0,0.0,2.3532599999999924e-05,0.549,5.392718041969521,,3.0,0.09,0.027,1.7241392,1
3437,652,666,1973,0,1.0,652_666,1973,0.0,0.0,0.0,1.0,0.0,0.0014811639,0.5489999999999999,5.392718041969521,,1.0,0.01,0.001,2.3574392,1
3438,652,666,1974,0,0.0,652_666,1974,0.0,0.0,0.0,1.0,0.0,0.0013826958,0.601,5.392718041969521,,1.0,0.01,0.001,3.0629812,1
3439,652,666,1975,0,0.0,652_666,1975,0.0,0.0,0.0,1.0,0.0,0.0005775513,0.601,5.392718041969521,,1.0,0.01,0.001,3.2703689,1
3440,652,666,1978,0,0.0,652_666,1978,0.0,0.0,0.0,1.0,0.0,7.26555000000002e-05,0.611,5.392718041969521,,1.0,0.01,0.001,3.0034636,1
3441,652,666,1979,0,1.0,652_666,1979,0.0,0.0,0.0,1.0,0.0,0.0001512609999999,0.611,5.392718041969521,,1.0,0.01,0.001,3.460813,1
3443,652,666,1985,0,0.0,652_666,1985,0.0,0.0,0.0,1.0,0.0,0.0015370268,0.606,5.392718041969521,,1.0,0.01,0.001,3.709083,1
3444,652,666,1982,1,1.0,652_666,1982,0.0,0.0,0.0,1.0,0.0,0.0003375709,0.615,5.392718041969521,,1.0,0.01,0.001,3.379118,1
3444,660,666,1982,1,1.0,660_666,1982,0.0,0.0,0.0,1.0,0.0,0.00331285606,0.41,5.477717994914328,,1.0,0.01,0.001,1.9114136,1
3446,652,666,1967,0,0.0,652_666,1967,0.0,0.0,0.0,1.0,0.0,0.0001569377,0.552,5.392718041969521,,1.0,0.01,0.001,3.0003053,1
3447,652,666,1968,0,,652_666,1968,0.0,0.0,0.0,1.0,0.0,0.0003597289,0.562,5.392718041969521,,1.0,0.01,0.001,2.6627488,1
3448,660,666,1980,0,1.0,660_666,1980,0.0,0.0,0.0,1.0,0.0,0.0027524624399999,0.406,5.477717994914328,,2.0,0.04,0.008,2.221466,1
3448,652,666,1980,0,1.0,652_666,1980,0.0,0.0,0.0,1.0,0.0,0.0001092184999999,0.611,5.392718041969521,,1.0,0.01,0.001,3.471636,1
3540,800,812,1983,0,1.0,800_812,1983,0.0,0.0,0.0,1.0,0.0,0.00450977897,0.247,6.258624983838966,3.676199350318521,1.0,0.01,0.001,1.51428962,1
3541,2,630,1984,0,0.0,2_630,1984,0.0,0.0,0.0,1.0,0.0,0.123878317,0.752,9.228091877551838,7.214062815557082,1.0,0.01,0.001,3.3252067,1
3550,2,135,1992,0,0.0,2_135,1992,0.0,0.0,0.0,1.0,1.0,0.1448898801,0.623,8.64207982555697,7.315256180123407,13.0,1.69,2.197,3.1941124,0
3551,211,345,1992,0,0.0,211_345,1992,,,,,,,,,,,,,,0
3551,345,360,1993,0,0.0,345_360,1993,1.0,0.0,1.0,1.0,0.0,0.0035904541,0.2740000000000001,6.107913359751229,5.997384713290895,41.0,16.81,68.921,,0
3551,230,345,1992,0,0.0,230_345,1992,,,,,,,,,,,,,,0
3551,200,345,1992,0,0.0,200_345,1992,0.0,0.0,0.0,1.0,0.0,0.0250339300999999,0.577,7.433548329869914,6.493875632737203,46.0,21.16,97.336,2.8374912,0
3551,235,345,1992,0,0.0,235_345,1992,,,,,,,,,,,,,,0
3551,345,390,1992,0,0.0,345_390,1992,,,,,,,,,,,,,,0
3551,255,345,1992,0,0.0,255_345,1992,0.0,0.0,0.0,1.0,0.0,0.0292094391,0.655,6.908954559557619,9.110150167195709,47.0,22.09,103.823,2.3213812,0
3551,345,640,1992,0,0.0,345_640,1992,,,,,,,,,,,,,,0
3551,325,345,1992,0,0.0,325_345,1992,0.0,0.0,0.0,1.0,0.0,0.0175233741,0.593,6.583547525180906,8.4968937243156,38.0,14.44,54.872,2.3248492,0
3551,210,345,1992,0,0.0,210_345,1992,,,,,,,,,,,,,,0
3551,20,345,1992,0,0.0,20_345,1992,,,,,,,,,,,,,,0
3551,2,345,1992,0,0.0,2_345,1992,0.0,0.0,0.0,1.0,0.0,0.1459147691,0.634,8.934626395300256,7.152455212981804,46.0,21.16,97.336,3.7320642,0
3551,345,350,1992,0,0.0,345_350,1992,0.0,0.0,0.0,1.0,0.0,0.0014505884,0.644,6.699254004404797,5.967056299706997,47.0,22.09,103.823,1.6452331999999998,0
3551,220,345,1992,0,0.0,220_345,1992,0.0,0.0,0.0,1.0,0.0,0.0193229651,0.637,7.276625556620746,7.422361029059554,47.0,22.09,103.823,2.5357312,0
3552,2,645,1992,0,0.0,2_645,1992,0.0,0.0,0.0,1.0,0.0,0.1421144841,0.792,9.207386012149746,0.3506568645709158,1.0,0.01,0.001,4.588484,0
3552,220,645,1992,0,0.0,220_645,1992,0.0,0.0,0.0,1.0,0.0,0.0155226801,0.795,8.258577890793775,3.090190909079196,1.0,0.01,0.001,3.392151,0
3552,645,690,1992,0,1.0,645_690,1992,0.0,0.0,0.0,1.0,1.0,0.0008719517,0.121,6.324358962381311,0.0,1.0,0.01,0.001,1.1740596,0
3552,200,645,1992,0,0.0,200_645,1992,0.0,0.0,0.0,1.0,0.0,0.0212336450999999,0.735,8.316642488754661,5.92295786990943,1.0,0.01,0.001,3.693911,0
3552,365,645,1993,0,0.0,365_645,1993,0.0,0.0,0.0,1.0,0.0,0.0517662224,0.3979999999999999,7.842946270356773,0.0953101798043249,36.0,12.96,46.656,3.0456060000000003,0
3552,645,670,1993,0,0.0,645_670,1993,0.0,0.0,0.0,1.0,1.0,0.0043536984,0.066,6.896289800872859,0.0,2.0,0.04,0.008,1.2949849,0
3554,339,345,1992,0,0.0,339_345,1992,,,,0.0,0.0,0.0017153145099999,0.182,5.972791281842361,3.8109119148276505,16.0,2.56,4.096,1.7336622,0
3555,344,345,1992,0,1.0,344_345,1992,1.0,0.0,1.0,1.0,0.0,0.0010321188999999,0.061,5.910254491682439,,47.0,22.09,103.823,1.8158042,0
3556,344,346,1992,0,1.0,344_346,1992,,,,0.0,1.0,0.0003487515,0.0499999999999999,5.666426688112432,,47.0,22.09,103.823,1.2985314,0
3557,345,346,1992,0,1.0,345_346,1992,,,,0.0,0.0,0.0013808703999999,0.011,5.29931686688112,,47.0,22.09,103.823,0.5172728,0
3558,359,365,1992,0,,359_365,1992,,,,0.0,0.0,0.06655838298,0.003,7.044381876513962,,47.0,22.09,103.823,0.039922,0
3559,365,369,1992,0,0.0,365_369,1992,,,,0.0,0.0,0.044507988,0.03,6.630023537383524,,47.0,22.09,103.823,0.6540073000000001,0
3560,365,366,1992,0,0.0,365_366,1992,,,,0.0,0.0,0.06707124762,0.0479999999999999,6.7665372770666,,47.0,22.09,103.823,0.0646769999999998,0
3561,365,372,1992,0,1.0,365_372,1992,,,,0.0,1.0,0.0662337083,0.244,7.408166864399255,,47.0,22.09,103.823,,0
3563,365,380,1992,0,0.0,365_380,1992,0.0,0.0,0.0,1.0,0.0,0.0631831262999999,0.413,7.113630588729827,6.872996760215028,4.0,0.16,0.064,0.0672209999999999,0
3564,365,373,1993,0,1.0,365_373,1993,,,,0.0,1.0,0.0567681534,0.174,7.566414529083409,6.478646053795023,48.0,23.04,110.592,1.0831171,0
3564,365,640,1993,0,1.0,365_640,1993,0.0,0.0,0.0,1.0,0.0,0.043871714,0.05,7.49348427277479,7.261587385886116,31.0,9.61,29.791,0.5357126000000001,0
3564,365,630,1993,0,1.0,365_630,1993,0.0,0.0,0.0,1.0,0.0,0.047016366,0.3179999999999999,7.80994708647679,5.728149798573591,6.0,0.36,0.216,2.710125,0
3564,371,373,1992,0,1.0,371_373,1992,,,,0.0,1.0,0.00085019484,0.244,6.125995440065588,,47.0,22.09,103.823,0.1063208,0
3564,371,640,1993,0,1.0,371_640,1993,,,,0.0,0.0,0.01363430389,0.0669999999999999,6.900932053634012,0.0,48.0,23.04,110.592,0.1910372999999999,0
3564,371,630,1993,0,1.0,371_630,1993,,,,0.0,0.0,0.01048965189,0.4349999999999999,6.666065810380829,0.0,48.0,23.04,110.592,1.9833751,0
3565,404,433,1992,0,0.0,404_433,1992,0.0,0.0,0.0,1.0,1.0,0.00057674057,0.4,5.923720895021463,1.4206095522349822,2.0,0.04,0.008,0.0558669,0
3566,630,645,1992,0,0.0,630_645,1992,0.0,0.0,0.0,1.0,0.0,0.0045493920999999,0.079,6.544199573951183,0.0,3.0,0.09,0.027,0.4866659999999998,0
3567,630,696,1992,0,0.0,630_696,1992,0.0,0.0,0.0,1.0,0.0,0.008991962,0.134,7.155474362862388,7.390181428226429,4.0,0.16,0.064,0.5014321000000002,0
3568,2,645,1993,0,0.0,2_645,1993,0.0,0.0,0.0,1.0,0.0,0.1472211674,0.785,9.207386012149746,0.3646431135879092,1.0,0.01,0.001,4.664346999999999,0
3568,200,645,1993,0,0.0,200_645,1993,0.0,0.0,0.0,1.0,0.0,0.0192912053999999,0.732,8.316642488754661,2.8656106040680074,1.0,0.01,0.001,3.886925,0
3568,220,645,1993,0,0.0,220_645,1993,0.0,0.0,0.0,1.0,0.0,0.0157591503999999,0.793,8.258577890793775,3.1739668650713684,1.0,0.01,0.001,3.621167,0
3568,645,690,1992,0,1.0,645_690,1992,0.0,0.0,0.0,1.0,1.0,0.0008719517,0.121,6.324358962381311,0.0,1.0,0.01,0.001,1.1740596,0
3569,670,694,1992,0,0.0,670_694,1992,0.0,0.0,0.0,1.0,1.0,0.0089310010799999,0.003,6.195629131824389,4.8466619741519095,47.0,22.09,103.823,0.0071861,0
3570,731,732,1992,0,1.0,731_732,1992,0.0,0.0,0.0,1.0,0.0,0.0086263199999999,0.5670000000000001,5.27709373009641,0.0,1.0,0.01,0.001,1.9120779,0
3572,750,910,1992,0,0.0,750_910,1992,,,,,,,,,,,,,,0
3573,820,830,1992,0,0.0,820_830,1992,0.0,0.0,0.0,1.0,0.0,0.0007189213999999,0.1009999999999999,5.760477818332746,9.669634988892728,47.0,22.09,103.823,0.9665557,0
3574,775,800,1992,0,,775_800,1992,0.0,0.0,0.0,1.0,0.0,0.0020281965999999,0.175,6.7067400797409285,1.6473170530042565,2.0,0.04,0.008,0.3186778999999999,0
3602,490,551,1977,0,0.0,490_551,1977,0.0,0.0,0.0,1.0,0.0,0.0017532902299999,0.046,7.538814267228661,2.5263829901772947,6.0,0.36,0.216,0.5801472999999999,1
3603,800,816,1977,0,0.0,800_816,1977,0.0,0.0,0.0,1.0,0.0,0.0041614202999999,0.088,6.8970986987936085,2.3716446475909625,4.0,0.16,0.064,1.269218,1
3604,352,651,1978,0,,352_651,1978,0.0,0.0,0.0,1.0,0.0,0.00803891079,0.373,6.403905268952571,2.7361840403459814,33.0,10.89,35.937,0.0182652999999999,1
3606,365,385,1978,0,0.0,365_385,1978,0.0,0.0,0.0,1.0,0.0,0.1692485195,0.738,7.405374075260846,5.26827044519574,18.0,3.24,5.832,3.677904,1
3607,230,600,1979,0,0.0,230_600,1979,0.0,0.0,0.0,1.0,0.0,0.0088089109,0.7,6.63974510632782,6.135261793204165,4.0,0.16,0.064,0.6019877,1
3610,816,850,1980,0,0.0,816_850,1980,0.0,0.0,0.0,1.0,0.0,0.0017723069999999,0.044,8.016812825511785,0.9555114450274363,35.0,12.25,42.875,1.3134643,1
3612,740,840,1982,0,0.0,740_840,1982,1.0,1.0,1.0,1.0,0.0,0.0475446729999999,0.661,8.0050667219172,8.108343391696538,37.0,13.69,50.653,1.0962445,1
3613,2,680,1982,0,0.0,2_680,1982,0.0,0.0,0.0,1.0,0.0,0.12920186955,0.738,9.368181377026607,2.1234584390583326,37.0,13.69,50.653,3.813614,1
3613,680,698,1982,0,0.0,680_698,1982,0.0,0.0,0.0,1.0,0.0,0.0001373517199999,0.103,7.534174877491373,0.0,2.0,0.04,0.008,1.0427586,1
3614,710,816,1983,0,1.0,710_816,1983,0.0,0.0,0.0,1.0,0.0,0.107330805,0.0459999999999999,7.752550009151222,0.0,1.0,0.01,0.001,1.7897176,1
3615,365,380,1983,0,0.0,365_380,1983,0.0,0.0,0.0,1.0,0.0,0.1687699844,0.8,7.113630588729827,7.0762314289540384,1.0,0.01,0.001,2.8403003,1
3616,710,820,1983,0,0.0,710_820,1983,0.0,0.0,0.0,1.0,0.0,0.1168409738,0.174,8.377793183534887,6.073804590806234,38.0,14.44,54.872,0.3399153,1
3616,816,820,1983,0,0.0,816_820,1983,0.0,0.0,0.0,1.0,0.0,0.0095101688,0.128,7.620558017200524,1.3230883118472565,38.0,14.44,54.872,1.4498023,1
3617,630,694,1984,0,0.0,630_694,1984,0.0,0.0,0.0,1.0,0.0,0.01136691164,0.092,7.055916629962658,3.555348061489413,39.0,15.21,59.319,0.0091934,1
3617,630,670,1984,0,0.0,630_670,1984,0.0,0.0,1.0,1.0,0.0,0.0037848882,0.094,7.174111564719166,3.693867020500597,39.0,15.21,59.319,0.1323812999999999,1
3617,630,690,1984,0,0.0,630_690,1984,0.0,0.0,0.0,1.0,0.0,0.0104872939,0.166,6.652475857637857,4.666735541646246,3.0,0.09,0.027,0.0078449999999999,1
3617,630,692,1984,0,0.0,630_692,1984,0.0,0.0,0.0,1.0,0.0,0.01129775209,0.0579999999999999,6.964135612418245,1.7526720805200082,39.0,15.21,59.319,0.0069622,1
3617,630,698,1984,0,0.0,630_698,1984,0.0,0.0,0.0,1.0,0.0,0.01100228928,0.093,7.320725486576075,0.4121096442043163,39.0,15.21,59.319,0.1817424999999999,1
3617,630,696,1984,0,0.0,630_696,1984,0.0,0.0,0.0,1.0,0.0,0.0103600299,0.089,7.155474362862388,5.9638364056908415,39.0,15.21,59.319,0.0183668999999999,1
3618,775,800,1985,0,,775_800,1985,0.0,0.0,0.0,1.0,0.0,0.0017589454,0.189,6.7067400797409285,3.5722136909511275,1.0,0.01,0.001,0.03311752,1
3620,620,651,1985,0,0.0,620_651,1985,0.0,0.0,0.0,1.0,1.0,0.0064274634,0.142,7.46152544307344,0.963555962494645,1.0,0.01,0.001,0.8101823,1
3620,2,620,1985,0,0.0,2_620,1985,0.0,0.0,0.0,1.0,0.0,0.1357226569,0.784,8.963160242833732,5.440207520933482,1.0,0.01,0.001,3.858299,1
3621,820,840,1985,0,0.0,820_840,1985,0.0,0.0,0.0,1.0,0.0,0.0027547865,0.09,7.812418674615313,6.392955100460736,5.0,0.25,0.125,0.07014343,1
3622,710,816,1985,0,,710_816,1985,0.0,0.0,0.0,1.0,0.0,0.103654014,0.0459999999999999,7.752550009151222,0.0,1.0,0.01,0.001,1.7706635,1
3625,200,630,1985,0,0.0,200_630,1985,0.0,0.0,0.0,1.0,0.0,0.0121549739999999,0.6930000000000001,8.38920071634096,7.431536613908344,1.0,0.01,0.001,2.7127727,1
3625,630,670,1985,0,0.0,630_670,1985,0.0,0.0,0.0,1.0,0.0,0.0033332859,0.095,7.174111564719166,3.6027767823084806,1.0,0.01,0.001,0.1013736999999999,1
3625,2,630,1985,0,0.0,2_630,1985,0.0,0.0,0.0,1.0,0.0,0.126589401,0.747,9.228091877551838,6.794586580876499,1.0,0.01,0.001,3.3750147,1
3625,630,690,1985,0,0.0,630_690,1985,0.0,0.0,0.0,1.0,0.0,0.0093502458,0.163,6.652475857637857,4.555979910284714,1.0,0.01,0.001,0.0840040999999999,1
3626,750,771,1986,0,1.0,750_771,1986,0.0,0.0,0.0,1.0,0.0,0.050917179,0.431,7.263119364120769,4.55161538896164,2.0,0.04,0.008,0.4835665999999999,1
3628,710,816,1986,1,1.0,710_816,1986,0.0,0.0,0.0,1.0,0.0,0.1026944309999999,0.052,7.752550009151222,0.0,1.0,0.01,0.001,1.7141417,1
3629,432,439,1986,0,,432_439,1986,0.0,0.0,0.0,1.0,1.0,5.092695999999998e-05,0.035,6.555641346370967,1.1105526512952175,1.0,0.01,0.001,0.0983409,1
3630,160,200,1982,1,1.0,160_200,1982,0.0,0.0,0.0,1.0,0.0,0.0169176739,0.7310000000000001,9.31739944426959,6.387687040206366,6.0,0.36,0.216,2.3347804,1
3631,483,620,1977,0,,483_620,1977,0.0,0.0,0.0,1.0,0.0,0.00092547062,0.019,7.748503163607648,1.791759469228055,1.0,0.01,0.001,0.2081302699999999,1
3631,220,620,1978,0,,220_620,1978,0.0,0.0,0.0,1.0,0.0,0.0218804741,0.782,7.59749666640725,6.389233482172539,33.0,10.89,35.937,1.8655948,1
3632,616,620,1980,0,0.0,616_620,1980,0.0,0.0,0.0,1.0,1.0,0.00097758397,0.12,6.251711186373694,3.783507605935498,3.0,0.09,0.027,0.4149522,1
3633,220,620,1980,0,0.0,220_620,1980,0.0,0.0,0.0,1.0,0.0,0.0223419266,0.782,7.59749666640725,6.951197836824974,1.0,0.01,0.001,2.5913212,1
3633,483,620,1981,0,0.0,483_620,1981,0.0,0.0,0.0,1.0,0.0,0.0008810613099999,0.018,7.748503163607648,0.7724203614544531,1.0,0.01,0.001,0.3568569,1
3634,220,620,1983,0,,220_620,1983,0.0,0.0,0.0,1.0,0.0,0.017213843,0.795,7.59749666640725,6.99083644279207,2.0,0.04,0.008,2.6278447,1
3634,2,620,1983,0,0.0,2_620,1983,0.0,0.0,0.0,1.0,0.0,0.130929795,0.789,8.963160242833732,6.763076256056007,1.0,0.01,0.001,3.5851987,1
3634,483,620,1983,0,,483_620,1983,0.0,0.0,0.0,1.0,0.0,0.00174695406,0.008,7.748503163607648,0.8244289634588924,2.0,0.04,0.008,1.1768133,1
3634,490,620,1983,0,,490_620,1983,,,,,,,,,,,,,,1
3635,483,620,1986,0,,483_620,1986,0.0,0.0,0.0,1.0,0.0,0.00123530835,0.008,7.748503163607648,0.6948436906725183,2.0,0.04,0.008,1.6056066,1
3635,220,620,1986,0,0.0,220_620,1986,0.0,0.0,0.0,1.0,0.0,0.0168803165,0.792,7.59749666640725,6.952040071092441,2.0,0.04,0.008,3.516309,1
3636,2,620,1986,0,0.0,2_620,1986,0.0,0.0,0.0,1.0,0.0,0.1336706584999999,0.785,8.963160242833732,4.929533692659215,1.0,0.01,0.001,4.411598,1
3637,2,365,1986,0,0.0,2_365,1986,0.0,0.0,0.0,1.0,0.0,0.0392498699999999,0.74,8.964861739409468,8.041985645251993,1.0,0.01,0.001,3.8533656,1
3638,710,816,1987,0,1.0,710_816,1987,0.0,0.0,0.0,1.0,0.0,0.0986115229999999,0.059,7.752550009151222,0.0,1.0,0.01,0.001,1.4190649,1
3639,710,816,1984,0,,710_816,1984,0.0,0.0,0.0,1.0,0.0,0.105100152,0.0459999999999999,7.752550009151222,0.0,1.0,0.01,0.001,1.6303773,1
3659,365,666,1971,0,0.0,365_666,1971,0.0,0.0,0.0,1.0,0.0,0.169743401,0.5690000000000001,7.891592503508168,0.1397619510708109,1.0,0.01,0.001,3.4202884,1
3900,2,20,1989,0,0.0,2_20,1989,0.0,0.0,0.0,1.0,1.0,0.136268729,0.026,6.599189995613932,11.97619660679694,10.0,1.0,1.0,1.608047,1
3901,2,95,1989,0,1.0,2_95,1989,0.0,0.0,0.0,1.0,1.0,0.14792703562,0.713,8.112197972892668,6.391957296839843,1.0,0.01,0.001,3.3066342,1
3904,91,92,1989,0,1.0,91_92,1989,1.0,1.0,1.0,1.0,1.0,0.00017314946,0.195,5.389984555073861,3.3050094834423613,4.0,0.16,0.064,0.2312813,1
3905,91,93,1989,0,1.0,91_93,1989,0.0,0.0,0.0,1.0,1.0,0.00027429912,0.002,5.485626464853031,1.618992105429086,1.0,0.01,0.001,0.9157279,1
3906,220,581,1989,0,0.0,220_581,1989,0.0,0.0,0.0,1.0,0.0,0.019091156783,0.669,8.966662425689123,3.934957976710642,44.0,19.36,85.184,2.6643485,1
3907,220,660,1989,0,0.0,220_660,1989,0.0,0.0,0.0,1.0,0.0,0.01875190735,0.571,8.06774484732515,5.437122329425219,44.0,19.36,85.184,2.5952028,1
3908,338,652,1989,0,0.0,338_652,1989,,,,,,,,,,,,,,1
3909,350,640,1989,0,0.0,350_640,1989,0.0,0.0,0.0,1.0,1.0,0.0089574451,0.38,6.7067400797409285,4.902416549442711,2.0,0.04,0.008,0.1303683,1
3910,433,435,1989,0,0.0,433_435,1989,,,,0.0,1.0,0.00039865699,0.381,6.014448383498357,1.852186000837685,44.0,19.36,85.184,0.2810162,1
3911,500,501,1989,0,1.0,500_501,1989,0.0,0.0,0.0,1.0,0.0,0.00051489946,0.0039999999999999,6.22317132908268,4.665134636998548,2.0,0.04,0.008,0.9945822,1
3912,500,625,1989,0,1.0,500_625,1989,0.0,0.0,0.0,1.0,0.0,0.00105391346,0.002,7.43549701512444,0.0553024559484392,15.0,2.25,3.375,0.3424243,1
3913,501,520,1989,0,0.0,501_520,1989,0.0,0.0,0.0,1.0,0.0,0.00074632334,0.032,6.926086235666861,2.276141903287276,12.0,1.44,1.728,0.6338022,1
3914,630,645,1989,0,1.0,630_645,1989,0.0,0.0,0.0,1.0,0.0,0.0001074999999999,0.087,6.544199573951183,0.0,1.0,0.01,0.001,0.1101879999999999,1
3915,651,666,1989,0,0.0,651_666,1989,0.0,0.0,1.0,1.0,0.0,0.0055235996999999,0.543,6.0553778728516345,3.454327290107769,4.0,0.16,0.064,2.5922439,1
3916,700,770,1989,0,0.0,700_770,1989,0.0,0.0,0.0,1.0,0.0,0.0091689421,0.277,5.914583502772024,3.888242497244053,2.0,0.04,0.008,0.2413812999999999,1
3917,731,732,1989,0,0.0,731_732,1989,0.0,0.0,0.0,1.0,0.0,0.006629211,0.562,5.27709373009641,0.0,3.0,0.09,0.027,,1
3918,750,780,1989,0,0.0,750_780,1989,0.0,0.0,0.0,1.0,0.0,0.0585123774,0.23,7.797085829273509,4.638962345013948,2.0,0.04,0.008,0.2555064999999999,1
3919,775,800,1989,0,0.0,775_800,1989,0.0,0.0,0.0,1.0,0.0,0.0021044563,0.273,6.7067400797409285,4.143063755619199,1.0,0.01,0.001,0.1218751999999999,1
3920,800,816,1989,0,0.0,800_816,1989,0.0,0.0,0.0,1.0,0.0,0.0054850401,0.2019999999999999,6.8970986987936085,2.637649410390533,2.0,0.04,0.008,0.5064902,1
3921,630,645,1989,0,0.0,630_645,1989,0.0,0.0,0.0,1.0,0.0,0.0001074999999999,0.087,6.544199573951183,0.0,1.0,0.01,0.001,0.1101879999999999,1
3922,640,652,1989,0,0.0,640_652,1989,0.0,0.0,0.0,1.0,0.0,0.0083851057,0.344,6.655955018418123,4.909406674829811,24.0,5.76,13.824,1.9760872,1
3950,2,40,1990,0,0.0,2_40,1990,0.0,0.0,0.0,1.0,0.0,0.138005445,0.792,7.510211594257578,1.4321755124971924,3.0,0.09,0.027,4.665731,0
3951,220,731,1990,0,0.0,220_731,1990,0.0,0.0,0.0,1.0,0.0,0.00820952,0.789,9.079342909095468,3.4174837688660658,37.0,13.69,50.653,,0
3952,404,433,1990,0,1.0,404_433,1990,0.0,0.0,0.0,1.0,1.0,0.00054355501,0.404,5.923720895021463,1.3285772942035432,45.0,20.25,91.125,0.0075138999999999,0
3953,433,435,1989,0,1.0,433_435,1989,,,,0.0,1.0,0.00039865699,0.381,6.014448383498357,1.852186000837685,44.0,19.36,85.184,0.2810162,1
3954,437,450,1990,0,0.0,437_450,1990,0.0,0.0,0.0,1.0,1.0,0.00076881795,0.1389999999999999,6.629891515467694,3.647333525741792,45.0,20.25,91.125,,0
3955,490,551,1990,0,0.0,490_551,1990,,,,0.0,0.0,0.0018784646899999,0.04,7.538814267228661,3.04566212137056,6.0,0.36,0.216,0.7695282999999999,0
3956,645,666,1990,0,0.0,645_666,1990,,,,,,,,,,,,,,0
3957,645,696,1990,1,1.0,645_696,1990,,,,,,,,,,,,,,0
3957,645,698,1991,1,1.0,645_698,1991,,,,,,,,,,,,,,0
3957,645,692,1991,1,1.0,645_692,1991,0.0,0.0,0.0,1.0,1.0,0.00790139108,0.031,6.900025480920196,0.0,5.0,0.25,0.125,0.8809847,0
3957,645,900,1990,1,1.0,645_900,1990,,,,,,,,,,,,,,0
3957,436,645,1990,1,1.0,436_645,1990,,,,,,,,,,,,,,0
3957,20,645,1990,1,1.0,20_645,1990,,,,,,,,,,,,,,0
3957,230,645,1990,1,1.0,230_645,1990,,,,,,,,,,,,,,0
3957,645,652,1990,1,1.0,645_652,1990,1.0,0.0,1.0,1.0,1.0,0.0087065551,0.0629999999999999,6.622869293832357,0.0045952164024031,3.0,0.09,0.027,0.0881419999999999,0
3957,600,645,1990,1,1.0,600_645,1990,,,,,,,,,,,,,,0
3957,640,645,1990,1,1.0,640_645,1990,0.0,0.0,0.0,1.0,0.0,0.000266373,0.436,7.141165942652124,7.668835229319724,3.0,0.09,0.027,1.9098736,0
3957,220,645,1990,1,1.0,220_645,1990,0.0,0.0,0.0,1.0,0.0,0.0075442029999999,0.794,8.258577890793775,7.216112906441346,45.0,20.25,91.125,3.3194790000000003,0
3957,325,645,1990,1,1.0,325_645,1990,,,,,,,,,,,,,,0
3957,211,645,1990,1,1.0,211_645,1990,,,,,,,,,,,,,,0
3957,645,690,1990,1,1.0,645_690,1990,0.0,0.0,0.0,1.0,1.0,0.0092383046,0.0049999999999999,6.324358962381311,6.302805313694266,5.0,0.25,0.125,0.3824143,0
3957,210,645,1990,1,1.0,210_645,1990,,,,,,,,,,,,,,0
3957,2,645,1990,1,1.0,2_645,1990,0.0,0.0,0.0,1.0,0.0,0.12862909,0.782,9.207386012149746,8.255524381064463,2.0,0.04,0.008,4.193014,0
3957,160,645,1990,1,1.0,160_645,1990,,,,,,,,,,,,,,0
3957,255,645,1991,1,1.0,255_645,1991,0.0,0.0,0.0,1.0,0.0,0.0228678364,0.8130000000000001,8.089789175789319,6.83881463470275,46.0,21.16,97.336,3.271912,0
3957,350,645,1990,1,1.0,350_645,1990,,,,,,,,,,,,,,0
3957,645,670,1990,1,1.0,645_670,1990,0.0,0.0,0.0,1.0,1.0,0.0028415484,0.068,6.896289800872859,5.351461704197462,17.0,2.89,4.913,0.5646652999999999,0
3957,645,770,1990,1,1.0,645_770,1990,,,,,,,,,,,,,,0
3957,645,771,1990,1,1.0,645_771,1990,,,,,,,,,,,,,,0
3957,433,645,1990,1,1.0,433_645,1990,,,,,,,,,,,,,,0
3957,645,651,1990,1,1.0,645_651,1990,,,,,,,,,,,,,,0
3957,645,694,1991,1,1.0,645_694,1991,0.0,0.0,0.0,1.0,1.0,0.00773051754,0.064,7.032006241319994,0.0,46.0,21.16,97.336,0.7592116,0
3957,200,645,1990,1,1.0,200_645,1990,0.0,0.0,0.0,1.0,0.0,0.01252942,0.735,8.316642488754661,6.80880477523152,2.0,0.04,0.008,3.503369,0
3957,451,645,1990,1,1.0,451_645,1990,,,,,,,,,,,,,,0
3957,663,696,1990,0,1.0,663_696,1990,,,,,,,,,,,,,,0
3957,663,698,1991,0,0.0,663_698,1991,,,,,,,,,,,,,,0
3957,663,692,1991,0,0.0,663_692,1991,,,,,,,,,,,,,,0
3957,663,900,1990,0,0.0,663_900,1990,,,,,,,,,,,,,,0
3957,436,663,1990,0,0.0,436_663,1990,,,,,,,,,,,,,,0
3957,20,663,1990,1,0.0,20_663,1990,,,,,,,,,,,,,,0
3957,230,663,1990,0,0.0,230_663,1990,,,,,,,,,,,,,,0
3957,652,663,1990,1,0.0,652_663,1990,0.0,0.0,0.0,1.0,1.0,0.0028164250999999,0.076,5.176149732573829,3.8379366915014215,8.0,0.64,0.512,0.2776229,0
3957,600,663,1990,0,0.0,600_663,1990,,,,,,,,,,,,,,0
3957,640,663,1990,0,0.0,640_663,1990,,,,,,,,,,,,,,0
3957,220,663,1990,1,1.0,220_663,1990,0.0,0.0,0.0,1.0,0.0,0.0190671832,0.655,8.122074375362217,4.953098761719679,45.0,20.25,91.125,2.9537141,0
3957,325,663,1990,1,1.0,325_663,1990,,,,,,,,,,,,,,0
3957,211,663,1990,0,0.0,211_663,1990,,,,,,,,,,,,,,0
3957,663,690,1990,0,1.0,663_690,1990,,,,,,,,,,,,,,0
3957,210,663,1990,0,0.0,210_663,1990,,,,,,,,,,,,,,0
3957,2,663,1990,1,1.0,2_663,1990,0.0,0.0,1.0,1.0,0.0,0.1401520701999999,0.643,9.1625671905045,5.71580715420987,45.0,20.25,91.125,3.8272491,0
3957,160,663,1990,0,0.0,160_663,1990,,,,,,,,,,,,,,0
3957,255,663,1991,0,0.0,255_663,1991,0.0,0.0,0.0,1.0,0.0,0.0300913011,0.672,7.979475872181931,5.230299573089382,46.0,21.16,97.336,2.805138,0
3957,350,663,1990,0,0.0,350_663,1990,,,,,,,,,,,,,,0
3957,663,670,1990,1,1.0,663_670,1990,0.0,0.0,0.0,1.0,1.0,0.0086814318,0.207,7.190977420711825,5.031175427145976,45.0,20.25,91.125,0.1989003999999999,0
3957,663,770,1990,0,0.0,663_770,1990,,,,,,,,,,,,,,0
3957,663,771,1990,0,0.0,663_771,1990,,,,,,,,,,,,,,0
3957,433,663,1990,0,0.0,433_663,1990,,,,,,,,,,,,,,0
3957,651,663,1990,1,1.0,651_663,1990,0.0,0.0,0.0,1.0,1.0,0.0069573787,0.003,6.209595556598647,4.000845787499216,28.0,7.84,21.952,0.2626124,0
3957,663,694,1991,0,0.0,663_694,1991,,,,,,,,,,,,,,0
3957,200,663,1990,1,1.0,200_663,1990,0.0,0.0,0.0,1.0,0.0,0.0240524002,0.596,8.200288260287554,5.074066765179979,45.0,20.25,91.125,3.1376041,0
3957,451,663,1990,0,0.0,451_663,1990,,,,,,,,,,,,,,0
3958,663,666,1990,0,1.0,663_666,1990,0.0,0.0,0.0,1.0,0.0,0.0019430758,0.547,4.289088639014612,,17.0,2.89,4.913,3.0187351,0
3959,750,770,1990,0,1.0,750_770,1990,0.0,0.0,0.0,1.0,0.0,0.049222774,0.3209999999999999,6.531606225208026,4.1843303044540985,4.0,0.16,0.064,0.2825197,0
3960,775,800,1990,0,1.0,775_800,1990,0.0,0.0,0.0,1.0,0.0,0.0018594217999999,0.256,6.7067400797409285,4.401162287140813,1.0,0.01,0.001,0.0609568999999999,0
3961,850,910,1990,0,0.0,850_910,1990,0.0,0.0,0.0,1.0,0.0,0.0127177965,0.362,8.402163860831472,2.282770810229941,2.0,0.04,0.008,0.6873969,0
3970,625,651,1991,0,0.0,625_651,1991,0.0,0.0,0.0,1.0,1.0,0.0064325847,0.126,7.388513371125732,4.062542511946695,33.0,10.89,35.937,0.6096542,0
3971,645,740,1991,0,0.0,645_740,1991,0.0,0.0,0.0,1.0,0.0,0.0459830374,0.755,9.029477750418472,7.083621041909904,46.0,21.16,97.336,2.854649,0
3972,2,20,1991,0,0.0,2_20,1991,0.0,0.0,0.0,1.0,1.0,0.125406083,0.034,6.599189995613932,12.081410490394145,2.0,0.04,0.008,1.5020380000000002,0
3973,2,630,1991,0,0.0,2_630,1991,0.0,0.0,0.0,1.0,0.0,0.126592069,0.707,9.228091877551838,4.175924518492557,3.0,0.09,0.027,3.9430067,0
3974,220,645,1991,0,0.0,220_645,1991,0.0,0.0,0.0,1.0,0.0,0.0131916734,0.795,8.258577890793775,6.8814090449130845,1.0,0.01,0.001,3.436648,0
3974,2,645,1991,0,0.0,2_645,1991,0.0,0.0,0.0,1.0,0.0,0.1287695553999999,0.787,9.207386012149746,8.281969467745828,1.0,0.01,0.001,4.527028,0
3974,200,645,1991,0,0.0,200_645,1991,0.0,0.0,0.0,1.0,0.0,0.0179310874,0.736,8.316642488754661,6.592318284185398,1.0,0.01,0.001,3.765657,0
3975,211,490,1991,0,0.0,211_490,1991,,,,,,,,,,,,,,0
3975,220,490,1991,0,0.0,220_490,1991,0.0,0.0,0.0,1.0,0.0,0.0187430791,0.677,8.707251409581914,5.290553001729244,46.0,21.16,97.336,2.142008,0
3976,305,345,1991,0,0.0,305_345,1991,0.0,0.0,0.0,1.0,0.0,0.0014742573,0.692,6.196036712836756,7.41403201221568,46.0,21.16,97.336,1.7637464,0
3977,310,345,1991,0,0.0,310_345,1991,1.0,0.0,1.0,1.0,0.0,0.0015992715,0.6789999999999999,5.763936397475948,6.544441705164398,39.0,15.21,59.319,1.9650144,0
3978,450,451,1991,0,0.0,450_451,1991,0.0,0.0,0.0,1.0,1.0,6.656174999999999e-05,0.001,5.893851718240982,0.5259734519215424,46.0,21.16,97.336,0.3531495,0
3979,500,517,1991,0,,500_517,1991,0.0,0.0,0.0,1.0,0.0,0.0007001069799999,0.001,5.934894195619588,1.6587803240868166,20.0,4.0,8.0,0.4532857999999999,0
3980,640,645,1991,0,0.0,640_645,1991,0.0,0.0,0.0,1.0,0.0,0.0053243304,0.438,7.141165942652124,7.157300264945131,1.0,0.01,0.001,2.2583067,0
3981,645,666,1991,0,0.0,645_666,1991,,,,,,,,,,,,,,0
3982,645,690,1991,0,0.0,645_690,1991,0.0,0.0,1.0,1.0,1.0,0.0049073261,0.0279999999999999,6.324358962381311,5.615277182330531,1.0,0.01,0.001,0.8279049999999999,0
3983,710,713,1991,0,0.0,710_713,1991,0.0,0.0,0.0,1.0,0.0,0.1095741631999999,0.171,7.451067453782427,7.85360092959515,3.0,0.09,0.027,,0
3984,731,732,1991,0,0.0,731_732,1991,0.0,0.0,0.0,1.0,0.0,0.0077336779999999,0.56,5.27709373009641,0.0,2.0,0.04,0.008,1.8754843,0
3985,750,770,1991,0,1.0,750_770,1991,0.0,0.0,0.0,1.0,0.0,0.050988561,0.346,6.531606225208026,4.516891300594423,1.0,0.01,0.001,0.1481483,0
3986,771,775,1991,0,1.0,771_775,1991,1.0,0.0,1.0,1.0,0.0,0.0016884374999999,0.387,6.60435024606512,0.8393714578657682,46.0,21.16,97.336,0.5228446,0
3987,130,135,1991,0,0.0,130_135,1991,0.0,0.0,0.0,1.0,1.0,0.0020510006999999,0.126,7.189092263874078,4.402325499118156,7.0,0.49,0.343,0.0051252999999999,0
3988,91,93,1991,0,0.0,91_93,1991,0.0,0.0,0.0,1.0,1.0,5.425047000000001e-05,0.1979999999999999,5.485626464853031,2.766319109226186,2.0,0.04,0.008,0.3554,0
3994,660,666,1977,0,,660_666,1977,0.0,0.0,0.0,1.0,0.0,0.00283126708,0.401,5.477717994914328,,2.0,0.04,0.008,2.222622895,1
4001,800,811,1994,0,1.0,800_811,1994,0.0,0.0,0.0,1.0,0.0,0.00587260476,0.039,6.2813317304651,5.6631108160571575,7.0,0.49,0.343,0.5811320999999999,0
4002,775,800,1995,0,0.0,775_800,1995,0.0,0.0,0.0,1.0,0.0,0.0021532074999999,0.3159999999999999,6.7067400797409285,3.485927608806732,3.0,0.09,0.027,0.7791404000000001,0
4003,775,800,1996,0,0.0,775_800,1996,0.0,0.0,1.0,1.0,0.0,0.0023755855,0.298,6.7067400797409285,3.718055707464828,1.0,0.01,0.001,1.120118,0
4004,811,816,1996,0,0.0,811_816,1996,0.0,0.0,0.0,1.0,0.0,0.0074719113,0.212,6.963852018334007,4.857285182617513,17.0,2.89,4.913,1.3047697,0
4005,750,771,1995,0,0.0,750_771,1995,0.0,0.0,0.0,1.0,0.0,0.0588918004999999,0.2249999999999999,7.263119364120769,6.21834604359243,8.0,0.64,0.512,0.8092085000000001,0
4006,750,771,1996,0,0.0,750_771,1996,0.0,0.0,0.0,1.0,0.0,0.0600547555,0.235,7.263119364120769,6.979055140653008,1.0,0.01,0.001,0.7560788,0
4007,750,770,1993,1,1.0,750_770,1993,0.0,0.0,0.0,1.0,0.0,0.051424463,0.363,6.531606225208026,5.293368139302997,2.0,0.04,0.008,0.1880777,0
4008,800,816,1995,0,1.0,800_816,1995,0.0,0.0,0.0,1.0,0.0,0.0012178607999999,0.262,6.8970986987936085,5.582796928934273,6.0,0.36,0.216,0.7934663999999999,0
4009,100,101,1995,0,0.0,100_101,1995,0.0,0.0,0.0,1.0,1.0,4.967250000000034e-05,0.1879999999999999,6.9364399128420455,7.347168055480369,1.0,0.01,0.001,0.2584921999999999,0
4010,91,92,1993,0,0.0,91_92,1993,1.0,1.0,1.0,1.0,1.0,0.00026848522,0.1109999999999999,5.389984555073861,4.12542326061602,4.0,0.16,0.064,0.09884506,0
4011,91,93,1995,0,0.0,91_93,1995,,,,0.0,1.0,0.00011754167,0.1449999999999999,5.485626464853031,3.538056622518886,4.0,0.16,0.064,0.0724683499999999,0
4012,91,93,1995,0,0.0,91_93,1995,,,,0.0,1.0,0.00011754167,0.1449999999999999,5.485626464853031,3.538056622518886,4.0,0.16,0.064,0.0724683499999999,0
4013,130,135,1995,0,1.0,130_135,1995,0.0,0.0,0.0,1.0,1.0,0.0017348951999999,0.414,7.189092263874078,5.448297361146302,4.0,0.16,0.064,0.2285455,0
4014,80,90,1993,0,0.0,80_90,1993,,,,0.0,1.0,0.000832470107,,5.85707564406933,2.003828577978872,48.0,23.04,110.592,0.39825019,0
4015,80,90,1995,0,0.0,80_90,1995,,,,0.0,1.0,0.00076950412,,5.85707564406933,2.302154990513233,2.0,0.04,0.008,0.3569198,0
4016,2,41,1993,0,0.0,2_41,1993,,,,0.0,1.0,0.15292137172,0.66,7.74478632987066,5.857818833663369,30.0,9.0,27.0,3.2462183,0
4016,41,42,1994,0,0.0,41_42,1994,,,,0.0,1.0,0.0003110713499999,0.1999999999999999,5.551407994230199,2.289581390141447,7.0,0.49,0.343,,0
4016,20,41,1993,0,0.0,20_41,1993,,,,,,,,,,,,,,0
4016,41,200,1993,0,0.0,41_200,1993,,,,0.0,0.0,0.02499140972,0.607,8.87941671348538,2.766384893225893,30.0,9.0,27.0,2.4687963,0
4016,41,220,1993,0,0.0,41_220,1993,,,,0.0,0.0,0.02145935472,0.668,8.903475480107629,3.279611536984468,48.0,23.04,110.592,2.2030383,0
4016,41,210,1993,0,0.0,41_210,1993,,,,,,,,,,,,,,0
4016,41,160,1993,0,0.0,41_160,1993,,,,,,,,,,,,,,0
4018,710,731,1993,0,1.0,710_731,1993,0.0,0.0,0.0,1.0,1.0,0.118944171,0.017,6.696663808692069,6.618154460246814,48.0,23.04,110.592,0.327045,0
4019,710,731,1995,0,0.0,710_731,1995,0.0,0.0,0.0,1.0,1.0,0.131891615,0.0179999999999999,6.696663808692069,6.503157099982317,2.0,0.04,0.008,0.2887460000000001,0
4020,710,713,1995,0,0.0,710_713,1995,0.0,0.0,0.0,1.0,0.0,0.132492963,0.222,7.451067453782427,9.700569762023704,1.0,0.01,0.001,,0
4021,2,731,1993,0,0.0,2_731,1993,0.0,0.0,0.0,1.0,0.0,0.140646161,0.783,9.309705953873744,0.4382549373827681,8.0,0.64,0.512,4.678729,0
4021,731,732,1993,0,0.0,731_732,1993,0.0,0.0,0.0,1.0,0.0,0.010270623,0.64,5.27709373009641,1.22377546103388,1.0,0.01,0.001,2.2726281,0
4022,731,732,1993,0,1.0,731_732,1993,0.0,0.0,0.0,1.0,0.0,0.010270623,0.64,5.27709373009641,1.22377546103388,1.0,0.01,0.001,2.2726281,0
4022,731,900,1994,0,1.0,731_900,1994,,,,,,,,,,,,,,0
4022,2,731,1993,0,1.0,2_731,1993,0.0,0.0,0.0,1.0,0.0,0.140646161,0.783,9.309705953873744,0.4382549373827681,8.0,0.64,0.512,4.678729,0
4022,731,740,1994,0,1.0,731_740,1994,0.0,0.0,0.0,1.0,0.0,0.043028398,0.755,7.159447413700763,6.191002321511901,12.0,1.44,1.728,3.204991,0
4022,20,731,1994,0,1.0,20_731,1994,,,,,,,,,,,,,,0
4023,710,713,1993,0,0.0,710_713,1993,0.0,0.0,0.0,1.0,0.0,0.121073811,0.218,7.451067453782427,8.793040002649263,2.0,0.04,0.008,,0
4024,713,840,1994,0,0.0,713_840,1994,0.0,0.0,1.0,1.0,0.0,0.0050350443999999,0.222,7.059359863114032,7.227923902468217,38.0,14.44,54.872,,0
4026,713,740,1996,0,0.0,713_740,1996,1.0,1.0,1.0,1.0,0.0,0.041606391,0.3329999999999999,7.649835470651261,10.67621297138194,51.0,26.01,132.651,,0
4027,710,840,1995,0,0.0,710_840,1995,0.0,0.0,0.0,1.0,0.0,0.1375095038,0.448,7.955004095361688,6.386332014736633,24.0,5.76,13.824,0.9796531,0
4028,710,840,1996,0,0.0,710_840,1996,0.0,0.0,0.0,1.0,0.0,0.1409776388999999,0.453,7.955004095361688,6.842793233504126,1.0,0.01,0.001,0.6373941999999999,0
4029,710,816,1993,0,0.0,710_816,1993,0.0,0.0,0.0,1.0,0.0,0.1221697117,0.0489999999999999,7.752550009151222,4.659279511635123,5.0,0.25,0.125,0.2142199999999998,0
4030,710,816,1994,0,0.0,710_816,1994,0.0,0.0,0.0,1.0,0.0,0.1283898388,0.048,7.752550009151222,5.342774346496564,1.0,0.01,0.001,0.0240549999999999,0
4031,20,230,1995,0,0.0,20_230,1995,,,,,,,,,,,,,,0
4032,211,490,1993,0,0.0,211_490,1993,,,,,,,,,,,,,,0
4035,710,713,1994,0,0.0,710_713,1994,0.0,0.0,0.0,1.0,0.0,0.126856218,0.218,7.451067453782427,9.57469344350596,1.0,0.01,0.001,,0
4038,352,640,1993,0,1.0,352_640,1993,0.0,0.0,0.0,1.0,0.0,0.01386481248,0.244,6.277207240178711,2.164088720946816,5.0,0.25,0.125,0.9016437,0
4039,352,640,1993,0,0.0,352_640,1993,0.0,0.0,0.0,1.0,0.0,0.01386481248,0.244,6.277207240178711,2.164088720946816,5.0,0.25,0.125,0.9016437,0
4040,350,640,1994,0,0.0,350_640,1994,1.0,1.0,1.0,1.0,1.0,0.0117958456,0.348,6.7067400797409285,5.557769664584415,5.0,0.25,0.125,0.3410057999999999,0
4041,339,350,1994,0,1.0,339_350,1994,,,,0.0,0.0,0.0028715102699999,0.463,6.22436038986487,4.612888661767935,45.0,20.25,91.125,0.1557429999999999,0
4042,365,740,1993,0,0.0,365_740,1993,0.0,0.0,0.0,1.0,0.0,0.0032262719999999,0.357,8.919854372191667,8.314606541685352,9.0,0.81,0.729,0.1056540000000001,0
4043,339,345,1993,0,1.0,339_345,1993,,,,0.0,0.0,0.00139097622,0.133,5.972791281842361,3.904208431022616,1.0,0.01,0.001,,0
4045,339,345,1995,0,0.0,339_345,1995,,,,0.0,0.0,0.00205582606,0.139,5.972791281842361,,1.0,0.01,0.001,,0
4046,343,345,1994,0,0.0,343_345,1994,,,,0.0,0.0,0.00228199201,0.027,5.780434826177284,,49.0,24.01,117.649,,0
4046,2,345,1994,0,0.0,2_345,1994,0.0,0.0,0.0,1.0,0.0,0.1431404309999999,0.579,8.934626395300256,,1.0,0.01,0.001,,0
4048,220,344,1993,0,0.0,220_344,1993,0.0,0.0,0.0,1.0,0.0,0.020641345,0.498,6.985179175946941,,48.0,23.04,110.592,0.783922,0
4050,365,369,1994,0,0.0,365_369,1994,,,,0.0,0.0,0.05064615,0.069,6.630023537383524,0.0,2.0,0.04,0.008,0.3909214,0
4051,359,365,1993,0,0.0,359_365,1993,0.0,0.0,0.0,1.0,0.0,0.05739354101,0.018,7.044381876513962,6.0647149856133735,1.0,0.01,0.001,0.1633919999999999,0
4052,365,710,1993,0,0.0,365_710,1993,0.0,0.0,0.0,1.0,0.0,0.073752955,0.379,8.664526399287714,8.553012974109844,7.0,0.49,0.343,2.732943,0
4054,700,704,1993,0,1.0,700_704,1993,,,,0.0,0.0,0.0017989437,0.106,6.620073206530356,,48.0,23.04,110.592,,0
4054,700,701,1993,0,1.0,700_701,1993,,,,0.0,0.0,0.0007450660099999,0.0569999999999999,6.946879833666187,,48.0,23.04,110.592,1.126289,0
4054,700,702,1993,0,1.0,700_702,1993,,,,0.0,0.0,0.0010177107499999,0.124,6.104569993213254,,48.0,23.04,110.592,1.3224231,0
4054,365,700,1993,0,1.0,365_700,1993,0.0,0.0,0.0,1.0,0.0,0.0565765418,0.387,8.121866515280997,5.702782007689317,8.0,0.64,0.512,2.1145797,0
4054,700,705,1993,0,1.0,700_705,1993,,,,,,,,,,,,,,0
4054,700,703,1993,0,1.0,700_703,1993,,,,,,,,,,,,,,0
4055,365,700,1994,0,0.0,365_700,1994,0.0,0.0,0.0,1.0,0.0,0.0655839104,0.384,8.121866515280997,5.093105821459837,1.0,0.01,0.001,2.269892,0
4058,339,343,1993,0,1.0,339_343,1993,,,,0.0,0.0,0.00035595128,0.1439999999999999,5.0401940963378005,,48.0,23.04,110.592,0.3141405,0
4060,713,816,1995,0,0.0,713_816,1995,,,,,,,,,,,,,,0
4061,710,740,1995,0,0.0,710_740,1995,0.0,0.0,0.0,1.0,0.0,0.088559494,0.737,7.646974647644465,10.894680856500129,37.0,13.69,50.653,2.512536,0
4062,710,740,1996,0,0.0,710_740,1996,0.0,0.0,0.0,1.0,0.0,0.0943309329999999,0.736,7.646974647644465,11.08107166799716,1.0,0.01,0.001,2.339224,0
4063,710,850,1996,0,0.0,710_850,1996,0.0,0.0,0.0,1.0,0.0,0.1307655419999999,0.091,8.560654898826773,8.174402302088437,51.0,26.01,132.651,0.19663,0
4064,710,713,1995,0,0.0,710_713,1995,0.0,0.0,0.0,1.0,0.0,0.132492963,0.222,7.451067453782427,9.700569762023704,1.0,0.01,0.001,,0
4064,2,710,1995,0,0.0,2_710,1995,0.0,0.0,0.0,1.0,0.0,0.00257735,0.766,9.31898847758312,10.921252951930006,1.0,0.01,0.001,4.633068,0
4065,710,732,1994,0,0.0,710_732,1994,0.0,0.0,0.0,1.0,0.0,0.113944184,0.629,6.860873293082006,9.136669547336483,7.0,0.49,0.343,2.1914052,0
4065,2,710,1994,0,0.0,2_710,1994,0.0,0.0,0.0,1.0,0.0,0.0085651499999999,0.765,9.31898847758312,10.695269811113326,22.0,4.84,10.648,4.643924999999999,0
4066,452,461,1993,0,0.0,452_461,1993,0.0,0.0,0.0,1.0,1.0,0.00065781275,0.156,5.134621273877247,4.664502679248216,11.0,1.21,1.331,0.0106565999999999,0
4067,436,483,1993,0,1.0,436_483,1993,0.0,0.0,0.0,1.0,0.0,0.0001286006599999,0.355,7.252762418053187,0.237627344934043,48.0,23.04,110.592,4.400000000015503e-06,0
4068,475,483,1995,0,0.0,475_483,1995,0.0,0.0,0.0,1.0,0.0,0.00624278814,0.016,6.795146334599483,2.5500155551005856,12.0,1.44,1.728,0.5059227000000001,0
4069,484,490,1993,0,0.0,484_490,1993,0.0,0.0,0.0,1.0,0.0,0.00253853682,0.299,2.163323025660538,2.0449254563894605,6.0,0.36,0.216,0.1006071,0
4071,490,540,1994,0,0.0,490_540,1994,0.0,0.0,0.0,1.0,0.0,0.0013568652,0.015,6.314453433391908,0.0,16.0,2.56,4.096,0.071372,0
4072,630,645,1993,0,0.0,630_645,1993,0.0,0.0,1.0,1.0,0.0,0.0047498564,0.08,6.544199573951183,0.0,1.0,0.01,0.001,0.3354809999999999,0
4073,630,651,1993,0,0.0,630_651,1993,,,,,,,,,,,,,,0
4075,910,940,1993,0,,910_940,1993,1.0,0.0,1.0,1.0,0.0,0.00020582638,0.005,7.245441064669012,1.4143948918623497,48.0,23.04,110.592,0.34187164,0
4076,910,940,1996,0,0.0,910_940,1996,0.0,0.0,0.0,1.0,0.0,0.000217406634,0.005,7.245441064669012,1.2153341392445005,3.0,0.09,0.027,0.9915039,0
4078,500,625,1994,0,,500_625,1994,0.0,0.0,0.0,1.0,0.0,0.0010380339,0.1989999999999999,7.43549701512444,0.1147264579674848,4.0,0.16,0.064,0.903353,0
4079,530,625,1994,0,,530_625,1994,0.0,0.0,0.0,1.0,0.0,0.000824987,0.107,6.899723107284872,0.0,6.0,0.36,0.216,1.5662406,0
4081,531,625,1994,0,0.0,531_625,1994,0.0,0.0,0.0,1.0,0.0,0.00173084984,0.0139999999999999,6.533061829540727,,49.0,24.01,117.649,1.7615652,0
4082,522,531,1995,0,0.0,522_531,1995,0.0,0.0,0.0,1.0,0.0,0.00037197567,0.138,6.426650256665227,,50.0,25.0,125.0,0.5179128,0
4083,500,501,1995,0,0.0,500_501,1995,,,,0.0,0.0,0.0003695281,0.044,6.22317132908268,5.448719887940228,6.0,0.36,0.216,0.5122230999999999,0
4084,500,501,1995,0,0.0,500_501,1995,,,,0.0,0.0,0.0003695281,0.044,6.22317132908268,5.448719887940228,6.0,0.36,0.216,0.5122230999999999,0
4085,437,475,1993,0,0.0,437_475,1993,,,,,,,,,,,,,,0
4086,355,705,1996,0,0.0,355_705,1996,,,,,,,,,,,,,,0
4088,710,713,1999,0,0.0,710_713,1999,0.0,0.0,0.0,1.0,0.0,0.146381293,0.547,7.451067453782427,9.931153058768988,3.0,0.09,0.027,,0
4088,2,710,1999,0,0.0,2_710,1999,0.0,0.0,0.0,1.0,0.0,0.0150477099999999,0.766,9.31898847758312,11.430711478442566,3.0,0.09,0.027,3.3494544,0
4089,710,731,1997,0,,710_731,1997,0.0,0.0,0.0,1.0,1.0,0.138646992,0.0179999999999999,6.696663808692069,6.424136129796319,2.0,0.04,0.008,0.8759649999999999,0
4090,339,350,1997,0,0.0,339_350,1997,0.0,0.0,0.0,1.0,0.0,0.00349725295,0.512,6.22436038986487,5.413571028255695,3.0,0.09,0.027,0.214946,0
4092,350,640,1995,0,1.0,350_640,1995,0.0,0.0,1.0,1.0,1.0,0.0114391364,0.346,6.7067400797409285,5.6327409704391815,1.0,0.01,0.001,0.7673152000000001,0
4094,352,640,1994,0,0.0,352_640,1994,0.0,0.0,0.0,1.0,0.0,0.01505478629,0.238,6.277207240178711,2.348198750737963,1.0,0.01,0.001,1.0500111,0
4095,350,640,2000,0,1.0,350_640,2000,1.0,1.0,1.0,1.0,1.0,0.0109114146,0.296,6.7067400797409285,6.481880850376686,1.0,0.01,0.001,0.4384454,0
4095,350,640,1999,0,1.0,350_640,1999,0.0,0.0,1.0,1.0,1.0,0.0124046384,0.313,6.7067400797409285,6.526429352300784,1.0,0.01,0.001,0.4554411,0
4095,352,640,1996,0,1.0,352_640,1996,0.0,0.0,0.0,1.0,0.0,0.01583563538,0.2289999999999999,6.277207240178711,2.6242440817815207,1.0,0.01,0.001,0.0938802,0
4095,350,640,1996,0,1.0,350_640,1996,0.0,0.0,1.0,1.0,1.0,0.012012549,0.3369999999999999,6.7067400797409285,6.021844177426512,1.0,0.01,0.001,0.7000224999999999,0
4096,365,372,1997,0,0.0,365_372,1997,0.0,0.0,0.0,1.0,1.0,0.05551650475,0.078,7.408166864399255,5.275607897478006,4.0,0.16,0.064,0.2243531,0
4097,339,343,1997,0,0.0,339_343,1997,0.0,0.0,0.0,1.0,0.0,0.000281677,0.0999999999999999,5.0401940963378005,3.2168044410331955,4.0,0.16,0.064,0.0296009999999999,0
4098,365,369,1996,0,0.0,365_369,1996,,,,0.0,1.0,0.044004574,0.082,6.630023537383524,9.561363373738628,2.0,0.04,0.008,0.1473184,0
4100,344,345,1995,0,0.0,344_345,1995,1.0,0.0,1.0,1.0,0.0,0.0013748869999999,0.098,5.910254491682439,,2.0,0.04,0.008,,0
4101,310,344,1995,0,0.0,310_344,1995,1.0,0.0,1.0,1.0,0.0,0.0008455379,0.4579999999999999,5.705114919889979,5.029941065954069,50.0,25.0,125.0,0.2937369999999999,0
4102,310,345,1995,0,0.0,310_345,1995,1.0,0.0,1.0,1.0,0.0,0.0005293490999999,0.556,5.763936397475948,,1.0,0.01,0.001,,0
4103,365,367,1994,0,0.0,365_367,1994,0.0,0.0,0.0,1.0,0.0,0.06667908107,0.323,6.736729681930034,5.927333649547298,49.0,24.01,117.649,0.201478,0
4104,365,710,1994,0,0.0,365_710,1994,0.0,0.0,0.0,1.0,0.0,0.07006019,0.375,8.664526399287714,8.898563961598715,1.0,0.01,0.001,2.759431,0
4105,365,368,1995,0,0.0,365_368,1995,0.0,0.0,0.0,1.0,0.0,0.06240484476,0.351,6.67405621372841,7.0902935622892045,50.0,25.0,125.0,0.0266059999999999,0
4106,290,365,1993,0,0.0,290_365,1993,0.0,0.0,0.0,1.0,0.0,0.0484118709,0.407,7.049254841255837,7.833243622844117,37.0,13.69,50.653,0.0530239999999999,0
4107,290,365,1997,0,0.0,290_365,1997,0.0,0.0,0.0,1.0,0.0,0.0468128899,0.415,7.049254841255837,8.144964948128383,4.0,0.16,0.064,0.8351704,0
4108,360,369,1997,0,0.0,360_369,1997,,,,0.0,0.0,0.0095242182,0.0959999999999999,6.616199044981755,5.610570056344193,52.0,27.04,140.608,0.7746311,0
4109,372,373,1996,0,0.0,372_373,1996,0.0,0.0,0.0,1.0,1.0,0.0008920725,0.147,6.108580693776662,4.213265024837189,51.0,26.01,132.651,0.5682471,0
4111,365,367,1998,0,0.0,365_367,1998,,,,0.0,0.0,0.0509091636999999,0.353,6.736729681930034,6.5949616268521964,4.0,0.16,0.064,0.7274442999999999,0
4113,630,645,1994,0,0.0,630_645,1994,1.0,0.0,1.0,1.0,0.0,0.0052457998,0.082,6.544199573951183,0.0,1.0,0.01,0.001,0.1989959999999999,0
4114,670,679,1994,0,1.0,670_679,1994,0.0,0.0,0.0,1.0,1.0,0.0083176361,0.302,6.976908137670454,5.404326246971994,49.0,24.01,117.649,0.4503907,0
4116,452,461,1994,0,0.0,452_461,1994,0.0,0.0,0.0,1.0,1.0,0.00069874508,0.1619999999999999,5.134621273877247,4.83695017567368,1.0,0.01,0.001,0.3028763,0
4117,565,571,1997,0,0.0,565_571,1997,0.0,0.0,0.0,1.0,0.0,4.719927e-05,0.0279999999999999,6.834861953461813,,52.0,27.04,140.608,0.4479151999999999,0
4118,510,516,1995,0,0.0,510_516,1995,,,,0.0,0.0,0.00147586878,0.2199999999999999,6.649632008771901,2.0878229072018395,22.0,4.84,10.648,0.4813037,0
4119,471,475,1994,0,1.0,471_475,1994,0.0,0.0,0.0,1.0,0.0,0.00591524928,0.0909999999999999,6.592633490771575,2.841509249443281,7.0,0.49,0.343,0.1796634,0
4121,531,679,1995,0,,531_679,1995,0.0,0.0,0.0,1.0,0.0,0.00083093995,0.197,6.339653587396416,1.2002105358612016,50.0,25.0,125.0,0.3615594,0
4122,490,517,1996,0,1.0,490_517,1996,,,,0.0,0.0,0.00245404164,0.063,7.414090837475263,1.6276981155112809,51.0,26.01,132.651,0.2851523,0
4123,510,516,1997,0,,510_516,1997,,,,0.0,0.0,0.00127861532,0.303,6.649632008771901,2.2182003615305685,2.0,0.04,0.008,0.5825458,0
4124,531,625,1996,0,,531_625,1996,0.0,0.0,0.0,1.0,0.0,0.00178280679,0.034,6.533061829540727,,2.0,0.04,0.008,1.1648119,0
4125,2,731,1999,0,0.0,2_731,1999,0.0,0.0,0.0,1.0,0.0,0.1325894213,0.785,9.309705953873744,1.7647308310867105,1.0,0.01,0.001,4.308121,0
4125,731,732,1999,0,0.0,731_732,1999,0.0,0.0,0.0,1.0,0.0,0.0134705862999999,0.7280000000000001,5.27709373009641,2.240709646722766,1.0,0.01,0.001,2.2039879,0
4126,732,740,1996,0,0.0,732_740,1996,1.0,1.0,1.0,1.0,0.0,0.027949357,0.1019999999999999,7.050729447933244,10.81853180788109,30.0,9.0,27.0,0.47616,0
4127,732,740,1999,0,0.0,732_740,1999,1.0,1.0,1.0,1.0,0.0,0.024905356,0.0259999999999999,7.050729447933244,10.274572753195418,3.0,0.09,0.027,0.162108,0
4128,710,840,1998,0,0.0,710_840,1998,0.0,0.0,0.0,1.0,0.0,0.1485541755,0.477,7.955004095361688,7.170725590535219,1.0,0.01,0.001,0.4294246,0
4130,530,625,1997,0,,530_625,1997,,,,0.0,0.0,0.0006786347,0.094,6.899723107284872,0.3527940299245552,1.0,0.01,0.001,1.5223966,0
4132,531,679,1997,0,0.0,531_679,1997,0.0,0.0,0.0,1.0,0.0,0.00075619237,0.148,6.339653587396416,0.7359405905630904,1.0,0.01,0.001,0.3894362,0
4133,350,640,1999,0,0.0,350_640,1999,0.0,0.0,1.0,1.0,1.0,0.0124046384,0.313,6.7067400797409285,6.526429352300784,1.0,0.01,0.001,0.4554411,0
4134,625,651,1995,0,1.0,625_651,1995,0.0,0.0,0.0,1.0,1.0,0.0065833173999999,0.129,7.388513371125732,3.545332328211839,1.0,0.01,0.001,1.1500936,0
4135,800,811,1997,0,1.0,800_811,1997,0.0,0.0,0.0,1.0,0.0,0.0062558041,0.1109999999999999,6.2813317304651,6.104065244281628,1.0,0.01,0.001,,0
4136,339,345,1997,0,0.0,339_345,1997,0.0,0.0,0.0,1.0,0.0,0.00190479215,0.072,5.972791281842361,,2.0,0.04,0.008,,0
4137,345,368,1998,0,1.0,345_368,1998,,,,,,,,,,,,,,0
4137,200,345,1998,0,1.0,200_345,1998,0.0,0.0,0.0,1.0,0.0,0.0217740376,0.516,7.433548329869914,,2.0,0.04,0.008,,0
4137,345,395,1998,0,1.0,345_395,1998,,,,,,,,,,,,,,0
4137,345,390,1998,0,1.0,345_390,1998,,,,,,,,,,,,,,0
4137,20,345,1998,0,1.0,20_345,1998,,,,,,,,,,,,,,0
4137,325,345,1998,0,1.0,325_345,1998,0.0,0.0,0.0,1.0,0.0,0.0172299456,0.5449999999999999,6.583547525180906,,2.0,0.04,0.008,,0
4137,316,345,1999,0,1.0,316_345,1999,,,,,,,,,,,,,,0
4137,345,365,1998,0,1.0,345_365,1998,,,,0.0,0.0,0.0489248995999999,0.158,7.446585099157725,,18.0,3.24,5.832,,0
4137,290,345,1998,0,1.0,290_345,1998,,,,,,,,,,,,,,0
4137,345,385,1998,0,1.0,345_385,1998,,,,,,,,,,,,,,0
4137,345,640,1998,0,1.0,345_640,1998,,,,,,,,,,,,,,0
4137,339,345,1998,0,1.0,339_345,1998,0.0,0.0,0.0,1.0,0.0,0.00201766546,0.092,5.972791281842361,,1.0,0.01,0.001,,0
4137,220,345,1998,0,1.0,220_345,1998,0.0,0.0,0.0,1.0,0.0,0.0197483906,0.575,7.276625556620746,,2.0,0.04,0.008,,0
4137,310,345,1999,0,1.0,310_345,1999,1.0,0.0,1.0,1.0,0.0,0.0001001592999999,0.5409999999999999,5.763936397475948,,3.0,0.09,0.027,,0
4137,343,345,1998,0,1.0,343_345,1998,1.0,0.0,1.0,1.0,0.0,0.0020274162,0.205,5.780434826177284,,4.0,0.16,0.064,,0
4137,210,345,1998,0,1.0,210_345,1998,,,,,,,,,,,,,,0
4137,230,345,1998,0,1.0,230_345,1998,,,,,,,,,,,,,,0
4137,2,345,1998,0,1.0,2_345,1998,0.0,0.0,0.0,1.0,0.0,0.1391843656,0.573,8.934626395300256,,2.0,0.04,0.008,,0
4137,212,345,1998,0,1.0,212_345,1998,,,,,,,,,,,,,,0
4137,345,350,1998,0,1.0,345_350,1998,,,,,,,,,,,,,,0
4137,211,345,1998,0,1.0,211_345,1998,,,,,,,,,,,,,,0
4137,255,345,1998,0,1.0,255_345,1998,0.0,0.0,0.0,1.0,0.0,0.0270241586,0.5960000000000001,6.908954559557619,,2.0,0.04,0.008,,0
4137,343,345,1999,0,1.0,343_345,1999,1.0,0.0,1.0,1.0,0.0,0.0017369322699999,0.2659999999999999,5.780434826177284,,1.0,0.01,0.001,,0
4137,235,345,1998,0,1.0,235_345,1998,,,,,,,,,,,,,,0
4138,775,800,1999,0,1.0,775_800,1999,0.0,0.0,0.0,1.0,0.0,0.0019781146999999,0.411,6.7067400797409285,0.0,3.0,0.09,0.027,0.831482,0
4140,91,93,1999,0,0.0,91_93,1999,,,,0.0,1.0,4.577724000000001e-05,0.0409999999999999,5.485626464853031,4.618086411254637,2.0,0.04,0.008,0.44865949,0
4141,91,93,2000,0,0.0,91_93,2000,,,,0.0,1.0,1.5025029999999988e-05,0.0299999999999999,5.485626464853031,4.808927023502111,1.0,0.01,0.001,0.1602635,0
4143,130,135,1995,0,0.0,130_135,1995,0.0,0.0,0.0,1.0,1.0,0.0017348951999999,0.414,7.189092263874078,5.448297361146302,4.0,0.16,0.064,0.2285455,0
4144,130,135,1997,0,0.0,130_135,1997,0.0,0.0,0.0,1.0,1.0,0.0017040014,0.3329999999999999,7.189092263874078,4.576388200046623,1.0,0.01,0.001,0.14975053,0
4145,93,100,1994,0,0.0,93_100,1994,0.0,0.0,0.0,1.0,1.0,0.00445858193,0.1319999999999999,7.364293657274302,1.929199849296416,14.0,1.96,2.744,0.65618668,0
4146,93,94,1995,0,0.0,93_94,1995,0.0,0.0,0.0,1.0,1.0,0.00011686614,0.204,5.834518296645255,4.521086754742413,8.0,0.64,0.512,0.01473793,0
4147,93,94,1998,0,0.0,93_94,1998,,,,0.0,1.0,0.00011181956,0.261,5.834518296645255,5.07103965636322,3.0,0.09,0.027,0.3200558999999999,0
4148,155,200,1996,0,0.0,155_200,1996,0.0,0.0,0.0,1.0,0.0,0.021001286,0.036,9.365076594625492,6.576042151813198,48.0,23.04,110.592,2.172432435,0
4149,52,101,1996,0,0.0,52_101,1996,,,,0.0,1.0,0.00453457291,0.028,6.375876246018314,4.85138982450707,51.0,26.01,132.651,0.1272163999999999,0
4150,80,90,1997,0,0.0,80_90,1997,1.0,1.0,1.0,1.0,1.0,0.000739784059,,5.85707564406933,2.1969912167764285,2.0,0.04,0.008,0.16753199,0
4151,80,90,2000,0,0.0,80_90,2000,1.0,1.0,1.0,1.0,1.0,0.000823771095,,5.85707564406933,2.396043513896103,3.0,0.09,0.027,0.39505781,0
4152,80,90,2000,0,0.0,80_90,2000,1.0,1.0,1.0,1.0,1.0,0.000823771095,,5.85707564406933,2.396043513896103,3.0,0.09,0.027,0.39505781,0
4154,52,101,1997,0,0.0,52_101,1997,,,,0.0,1.0,0.00471334457,0.03,6.375876246018314,5.671231321127206,1.0,0.01,0.001,0.0087077,0
4155,52,101,1999,0,0.0,52_101,1999,,,,0.0,1.0,0.00458001428,0.1109999999999999,6.375876246018314,5.539982960854356,2.0,0.04,0.008,0.1830555,0
4156,110,115,2000,0,0.0,110_115,2000,,,,0.0,1.0,6.756497999999997e-06,0.261,5.850476853807004,2.188873548805933,22.0,4.84,10.648,0.0455663999999999,0
4158,640,645,1995,0,0.0,640_645,1995,0.0,0.0,0.0,1.0,0.0,0.0090851492,0.441,7.141165942652124,5.050003368186252,4.0,0.16,0.064,,0
4159,630,700,1995,0,0.0,630_700,1995,1.0,0.0,1.0,1.0,0.0,0.0109252888,0.072,7.389316857061601,0.0,12.0,1.44,1.728,0.8148844000000001,0
4160,630,700,1998,0,,630_700,1998,,,,0.0,0.0,0.0113467788,0.158,7.389316857061601,0.0,3.0,0.09,0.027,0.5655979000000001,0
4161,630,700,1999,0,0.0,630_700,1999,,,,0.0,0.0,0.0089551954,0.161,7.389316857061601,0.0,1.0,0.01,0.001,0.6258964000000001,0
4162,560,570,1994,0,0.0,560_570,1994,0.0,0.0,0.0,1.0,0.0,0.00822946735,0.0769999999999999,6.907455233973135,,11.0,1.21,1.331,0.8777606,0
4164,483,620,1994,0,0.0,483_620,1994,0.0,0.0,0.0,1.0,0.0,0.0014394024499999,0.1009999999999999,7.748503163607648,0.0,7.0,0.49,0.343,,0
4165,471,475,1995,0,1.0,471_475,1995,0.0,0.0,0.0,1.0,0.0,0.0059457821499999,0.0979999999999999,6.592633490771575,2.553852009035152,1.0,0.01,0.001,0.9436981,0
4166,471,475,1996,0,1.0,471_475,1996,0.0,0.0,0.0,1.0,0.0,0.00612149004,0.0979999999999999,6.592633490771575,4.69839537552825,1.0,0.01,0.001,1.00348,0
4168,484,540,1995,0,1.0,484_540,1995,1.0,0.0,1.0,1.0,0.0,0.00113600014,0.295,6.323283115047848,2.2774262159693053,50.0,25.0,125.0,0.3454688999999999,0
4169,541,572,1994,0,0.0,541_572,1994,,,,0.0,0.0,0.000901797839,0.129,5.020585624949423,3.230804356207782,49.0,24.01,117.649,0.7116307199999999,0
4170,490,500,1996,0,0.0,490_500,1996,,,,0.0,0.0,0.0018714217,0.1339999999999999,7.594733470396553,0.0,9.0,0.81,0.729,0.8189165,0
4171,91,93,1997,0,0.0,91_93,1997,,,,0.0,1.0,7.944074000000004e-05,0.0749999999999999,5.485626464853031,4.0465539158682695,2.0,0.04,0.008,0.1376382599999999,0
4172,100,101,1997,0,0.0,100_101,1997,0.0,0.0,0.0,1.0,1.0,3.05618000000004e-05,0.1919999999999999,6.9364399128420455,7.602905951211647,2.0,0.04,0.008,0.5120039000000001,0
4173,365,640,1996,0,0.0,365_640,1996,0.0,0.0,0.0,1.0,0.0,0.043124367,0.086,7.49348427277479,7.872827070222371,3.0,0.09,0.027,0.0020042,0
4174,2,365,1997,0,0.0,2_365,1997,0.0,0.0,0.0,1.0,0.0,0.083549074,0.415,8.964861739409468,8.80113767276838,11.0,1.21,1.331,2.4074704,0
4175,371,373,1998,0,1.0,371_373,1998,0.0,0.0,0.0,1.0,1.0,0.00059252009,0.16,6.125995440065588,0.0608128422195104,1.0,0.01,0.001,0.47558413,0
4176,700,702,1997,0,0.0,700_702,1997,,,,0.0,0.0,0.0008077990199999,0.109,6.104569993213254,0.7159452679629333,3.0,0.09,0.027,1.085403,0
4176,700,704,1997,0,0.0,700_704,1997,,,,0.0,0.0,0.0015252526,0.09,6.620073206530356,,4.0,0.16,0.064,1.4452259,0
4176,700,703,1997,0,0.0,700_703,1997,,,,,,,,,,,,,,0
4176,365,700,1997,0,0.0,365_700,1997,,,,0.0,0.0,0.0547830239,0.383,8.121866515280997,3.462458945685868,2.0,0.04,0.008,1.3739403,0
4177,703,704,1999,0,0.0,703_704,1999,,,,0.0,1.0,0.00235612015,0.1279999999999999,6.171700597410915,5.109937495170118,54.0,29.16,157.464,,0
4179,702,704,1999,0,0.0,702_704,1999,,,,0.0,1.0,0.00232511243,0.0509999999999999,5.725870071120206,5.903916089552766,54.0,29.16,157.464,0.71831269,0
4180,710,740,1999,0,0.0,710_740,1999,0.0,0.0,0.0,1.0,0.0,0.109261189,0.735,7.646974647644465,11.088074734007446,3.0,0.09,0.027,1.4074293,0
4182,652,666,1994,0,1.0,652_666,1994,0.0,0.0,0.0,1.0,0.0,0.0004355265,0.628,5.392718041969521,,1.0,0.01,0.001,3.957578,0
4182,660,666,1993,0,1.0,660_666,1993,0.0,0.0,0.0,1.0,0.0,0.00322047288,0.445,5.477717994914328,,8.0,0.64,0.512,3.1315474,0
4182,652,666,1995,0,1.0,652_666,1995,0.0,0.0,0.0,1.0,0.0,5.3991599999999966e-05,0.627,5.392718041969521,,1.0,0.01,0.001,4.4381260000000005,0
4182,652,666,1996,0,1.0,652_666,1996,0.0,0.0,0.0,1.0,0.0,0.0002498617999999,0.628,5.392718041969521,,1.0,0.01,0.001,4.532716,0
4182,652,666,2000,0,1.0,652_666,2000,0.0,0.0,0.0,1.0,0.0,0.0002108672,0.618,5.392718041969521,,4.0,0.16,0.064,3.981488,0
4182,652,666,1993,0,1.0,652_666,1993,0.0,0.0,0.0,1.0,0.0,0.0011682595999999,0.618,5.392718041969521,,7.0,0.49,0.343,3.805217,0
4183,2,20,1997,0,0.0,2_20,1997,0.0,0.0,0.0,1.0,1.0,0.128350078,0.031,6.599189995613932,12.563172729084252,6.0,0.36,0.216,1.803662,0
4186,345,365,2000,0,0.0,345_365,2000,0.0,0.0,0.0,1.0,0.0,0.0494006213,0.039,7.446585099157725,,2.0,0.04,0.008,0.5381674999999999,0
4186,160,345,2000,0,0.0,160_345,2000,,,,,,,,,,,,,,0
4186,345,385,2000,0,0.0,345_385,2000,,,,,,,,,,,,,,0
4186,212,345,2000,0,0.0,212_345,2000,,,,,,,,,,,,,,0
4186,225,345,2000,0,0.0,225_345,2000,,,,,,,,,,,,,,0
4186,211,345,2000,0,0.0,211_345,2000,,,,,,,,,,,,,,0
4186,345,380,2000,0,0.0,345_380,2000,,,,,,,,,,,,,,0
4186,345,663,2000,0,0.0,345_663,2000,,,,,,,,,,,,,,0
4186,345,349,2000,0,0.0,345_349,2000,,,,,,,,,,,,,,0
4186,345,372,2000,0,0.0,345_372,2000,,,,,,,,,,,,,,0
4186,345,366,2000,0,0.0,345_366,2000,,,,,,,,,,,,,,0
4186,345,696,2000,0,0.0,345_696,2000,,,,,,,,,,,,,,0
4186,305,345,2000,0,0.0,305_345,2000,,,,,,,,,,,,,,0
4186,235,345,2000,0,0.0,235_345,2000,,,,,,,,,,,,,,0
4186,310,345,2000,0,0.0,310_345,2000,1.0,0.0,1.0,1.0,0.0,0.0002454689,0.475,5.763936397475948,,1.0,0.01,0.001,0.5065634999999999,0
4186,345,369,2000,0,0.0,345_369,2000,,,,,,,,,,,,,,0
4186,345,368,2000,0,0.0,345_368,2000,,,,,,,,,,,,,,0
4186,325,345,2000,0,0.0,325_345,2000,0.0,0.0,0.0,1.0,0.0,0.0150678783,0.476,6.583547525180906,,1.0,0.01,0.001,0.3703365,0
4186,345,373,2000,0,0.0,345_373,2000,,,,,,,,,,,,,,0
4186,200,345,2000,0,0.0,200_345,2000,0.0,0.0,0.0,1.0,0.0,0.0201064953,0.484,7.433548329869914,,1.0,0.01,0.001,0.9868305,0
4186,290,345,2000,0,0.0,290_345,2000,,,,,,,,,,,,,,0
4186,255,345,2000,0,0.0,255_345,2000,0.0,0.0,0.0,1.0,0.0,0.0241280613,0.535,6.908954559557619,,1.0,0.01,0.001,0.5187345000000001,0
4186,2,345,2000,0,0.0,2_345,2000,0.0,0.0,0.0,1.0,0.0,0.1406142162999999,0.503,8.934626395300256,,1.0,0.01,0.001,1.9148745,0
4186,345,355,2000,0,0.0,345_355,2000,1.0,0.0,1.0,1.0,0.0,0.0002187075,0.353,5.799698531486028,,29.0,8.41,24.389,0.3039575000000001,0
4186,345,600,2000,0,0.0,345_600,2000,,,,,,,,,,,,,,0
4186,205,345,2000,0,0.0,205_345,2000,,,,,,,,,,,,,,0
4186,210,345,2000,0,0.0,210_345,2000,,,,,,,,,,,,,,0
4186,345,640,2000,0,0.0,345_640,2000,,,,,,,,,,,,,,0
4186,220,345,2000,0,0.0,220_345,2000,0.0,0.0,0.0,1.0,0.0,0.0167593363,0.509,7.276625556620746,,1.0,0.01,0.001,0.7347254999999999,0
4186,317,345,2000,0,0.0,317_345,2000,,,,,,,,,,,,,,0
4186,230,345,2000,0,0.0,230_345,2000,,,,,,,,,,,,,,0
4186,345,350,2000,0,0.0,345_350,2000,,,,,,,,,,,,,,0
4186,316,345,2000,0,0.0,316_345,2000,,,,,,,,,,,,,,0
4186,345,395,2000,0,0.0,345_395,2000,,,,,,,,,,,,,,0
4186,20,345,2000,0,0.0,20_345,2000,,,,,,,,,,,,,,0
4186,345,390,2000,0,0.0,345_390,2000,,,,,,,,,,,,,,0
4186,345,375,2000,0,0.0,345_375,2000,,,,,,,,,,,,,,0
4186,345,360,2000,0,0.0,345_360,2000,0.0,0.0,0.0,1.0,0.0,0.0025301066,0.247,6.107913359751229,,7.0,0.49,0.343,0.3684015,0
4187,522,531,1998,0,0.0,522_531,1998,0.0,0.0,1.0,1.0,0.0,0.00086305908,0.123,6.426650256665227,,2.0,0.04,0.008,0.101634,0
4188,501,530,1999,0,1.0,501_530,1999,0.0,0.0,0.0,1.0,1.0,0.0031612522,0.118,7.062191632286556,2.976127907602732,54.0,29.16,157.464,0.1439177,0
4189,130,135,1998,0,0.0,130_135,1998,0.0,0.0,0.0,1.0,1.0,0.0016710157,0.347,7.189092263874078,5.070396044844288,1.0,0.01,0.001,0.0611864799999999,0
4190,640,652,1996,0,0.0,640_652,1996,0.0,0.0,0.0,1.0,0.0,0.0119385261,0.402,6.655955018418123,6.259468494012919,7.0,0.49,0.343,2.7115925,0
4190,2,652,1996,0,0.0,2_652,1996,0.0,0.0,0.0,1.0,0.0,0.1342707631,0.724,9.152467585385711,5.952639931497711,12.0,1.44,1.728,5.085535999999999,0
4191,630,640,1996,0,0.0,630_640,1996,0.0,0.0,0.0,1.0,0.0,0.0038989,0.373,7.435379021024008,6.835803738518929,8.0,0.64,0.512,2.6742295,0
4192,630,645,1996,0,0.0,630_645,1996,,,,0.0,0.0,0.0058816282999999,0.0279999999999999,6.544199573951183,0.0,2.0,0.04,0.008,,0
4193,350,640,1997,0,0.0,350_640,1997,0.0,0.0,1.0,1.0,1.0,0.0123859305,0.3379999999999999,6.7067400797409285,6.231335629904958,1.0,0.01,0.001,0.7407676,0
4196,2,40,1996,0,0.0,2_40,1996,0.0,0.0,0.0,1.0,0.0,0.1368164357,0.761,7.510211594257578,1.9987736521625168,6.0,0.36,0.216,5.174806,0
4197,20,365,2000,0,0.0,20_365,2000,0.0,0.0,0.0,1.0,0.0,0.040181583,0.4329999999999999,8.876237326603665,6.423347818837063,1.0,0.01,0.001,0.931711,0
4197,2,365,2000,0,0.0,2_365,2000,0.0,0.0,0.0,1.0,0.0,0.091213595,0.4639999999999999,8.964861739409468,9.04563155230062,1.0,0.01,0.001,2.453042,0
4200,531,679,1999,0,0.0,531_679,1999,0.0,0.0,0.0,1.0,0.0,0.0004585282,0.14,6.339653587396416,0.5749677413460522,2.0,0.04,0.008,0.0422354999999999,0
4201,365,700,1999,0,1.0,365_700,1999,,,,0.0,0.0,0.0473893314,0.388,8.121866515280997,3.1387411129624048,1.0,0.01,0.001,1.3800321,0
4201,700,704,2000,0,1.0,700_704,2000,,,,0.0,0.0,0.0011393846999999,0.084,6.620073206530356,,2.0,0.04,0.008,1.142109,0
4203,670,679,1997,0,,670_679,1997,0.0,0.0,0.0,1.0,1.0,0.0085044372,0.263,6.976908137670454,5.21547637232008,2.0,0.04,0.008,0.1486039,0
4205,630,645,1997,0,0.0,630_645,1997,,,,0.0,0.0,0.0068785582999999,0.072,6.544199573951183,0.0,1.0,0.01,0.001,,0
4206,640,645,1996,0,0.0,640_645,1996,,,,0.0,0.0,0.0097805283,0.401,7.141165942652124,4.63481150909654,1.0,0.01,0.001,,0
4208,640,645,1999,0,0.0,640_645,1999,,,,0.0,0.0,0.0102141416,0.4239999999999999,7.141165942652124,0.0,1.0,0.01,0.001,,0
4210,350,640,2000,0,0.0,350_640,2000,1.0,1.0,1.0,1.0,1.0,0.0109114146,0.296,6.7067400797409285,6.481880850376686,1.0,0.01,0.001,0.4384454,0
4212,365,372,1999,0,0.0,365_372,1999,,,,0.0,1.0,0.0510218944599999,0.083,7.408166864399255,5.177082687066922,2.0,0.04,0.008,0.4440031,0
4213,2,365,2000,0,0.0,2_365,2000,0.0,0.0,0.0,1.0,0.0,0.091213595,0.4639999999999999,8.964861739409468,9.04563155230062,1.0,0.01,0.001,2.453042,0
4214,368,411,2000,0,0.0,368_411,2000,,,,,,,,,,,,,,0
4215,645,690,1999,0,0.0,645_690,1999,,,,0.0,1.0,0.0042285054,0.1379999999999999,6.324358962381311,0.0,1.0,0.01,0.001,,0
4216,2,630,1997,0,0.0,2_630,1997,0.0,0.0,0.0,1.0,0.0,0.126760814,0.653,9.228091877551838,4.461299792473701,6.0,0.36,0.216,4.821157,0
4217,2,625,1998,0,0.0,2_625,1998,0.0,0.0,0.0,1.0,0.0,0.1390716339,0.72,9.262610189409864,4.008060211793692,53.0,28.09,148.877,4.245536,0
4218,2,731,2000,0,0.0,2_731,2000,0.0,0.0,0.0,1.0,0.0,0.132386756,0.784,9.309705953873744,1.589235225524744,1.0,0.01,0.001,4.104564,0
4218,731,732,2000,0,0.0,731_732,2000,0.0,0.0,0.0,1.0,0.0,0.013088562,0.746,5.27709373009641,2.734367509419584,1.0,0.01,0.001,2.0589942,0
4219,100,101,1994,0,0.0,100_101,1994,0.0,0.0,0.0,1.0,1.0,2.503720000000039e-05,0.1899999999999999,6.9364399128420455,7.303631762813421,6.0,0.36,0.216,0.0686792,0
4220,2,365,2000,0,0.0,2_365,2000,0.0,0.0,0.0,1.0,0.0,0.091213595,0.4639999999999999,8.964861739409468,9.04563155230062,1.0,0.01,0.001,2.453042,0
4221,365,640,2000,0,1.0,365_640,2000,0.0,0.0,0.0,1.0,0.0,0.036821736,0.1829999999999999,7.49348427277479,7.896203124178911,1.0,0.01,0.001,0.4636866,0
4221,371,640,2000,0,0.0,371_640,2000,0.0,0.0,0.0,1.0,0.0,0.01394676507,0.1699999999999999,6.900932053634012,3.744330740807827,7.0,0.49,0.343,0.4242909,0
4222,365,740,2000,0,0.0,365_740,2000,0.0,0.0,0.0,1.0,0.0,0.001593836,0.4349999999999999,8.919854372191667,8.348238159278573,4.0,0.16,0.064,0.5191866,0
4223,750,770,1999,0,1.0,750_770,1999,0.0,0.0,0.0,1.0,0.0,0.0549254999999999,0.3969999999999999,6.531606225208026,5.789450469155945,1.0,0.01,0.001,0.0055571,0
4224,345,640,1993,0,0.0,345_640,1993,,,,,,,,,,,,,,0
4225,731,740,1999,0,0.0,731_740,1999,0.0,0.0,0.0,1.0,0.0,0.0383759423,0.754,7.159447413700763,6.016649867566187,1.0,0.01,0.001,2.3660959,0
4226,731,740,1997,0,0.0,731_740,1997,0.0,0.0,0.0,1.0,0.0,0.04054339,0.753,7.159447413700763,6.29368323661285,1.0,0.01,0.001,2.8644827,0
4227,2,700,1998,0,1.0,2_700,1998,,,,0.0,0.0,0.1403178278,0.798,9.31847703058076,3.208421366964342,53.0,28.09,148.877,3.7083601,0
4228,700,702,1998,0,0.0,700_702,1998,,,,0.0,0.0,0.0008172728599999,0.123,6.104569993213254,0.9863427755734616,1.0,0.01,0.001,1.0911798,0
4228,365,700,1998,0,0.0,365_700,1998,,,,0.0,0.0,0.0500583618,0.383,8.121866515280997,3.394699650388381,1.0,0.01,0.001,1.3997718,0
4228,700,704,1998,0,0.0,700_704,1998,,,,0.0,0.0,0.0014034202,0.09,6.620073206530356,,1.0,0.01,0.001,1.6149137,0
4229,339,345,2000,0,0.0,339_345,2000,0.0,0.0,0.0,1.0,0.0,0.00150336247,0.038,5.972791281842361,,1.0,0.01,0.001,0.5801635,0
4230,344,345,1997,0,0.0,344_345,1997,1.0,0.0,1.0,1.0,0.0,0.0013565777,0.123,5.910254491682439,,2.0,0.04,0.008,,0
4231,344,346,1996,0,0.0,344_346,1996,0.0,0.0,0.0,1.0,1.0,0.00017353513,0.138,5.666426688112432,6.066764742209975,2.0,0.04,0.008,0.4849122000000001,0
4232,371,373,2000,0,0.0,371_373,2000,,,,0.0,1.0,0.00068946977,0.1709999999999999,6.125995440065588,0.0,1.0,0.01,0.001,0.21691852,0
4235,371,373,2001,0,0.0,371_373,2001,0.0,0.0,0.0,1.0,1.0,0.00073791436,0.173,6.125995440065588,0.0,1.0,0.01,0.001,0.26032021,0
4236,371,373,2001,0,0.0,371_373,2001,0.0,0.0,0.0,1.0,1.0,0.00073791436,0.173,6.125995440065588,0.0,1.0,0.01,0.001,0.26032021,0
4237,560,570,1994,0,0.0,560_570,1994,0.0,0.0,0.0,1.0,0.0,0.00822946735,0.0769999999999999,6.907455233973135,,11.0,1.21,1.331,0.8777606,0
4238,365,385,2001,0,0.0,365_385,2001,0.0,0.0,0.0,1.0,0.0,0.0518459332,0.518,7.405374075260846,6.8878697764519,2.0,0.04,0.008,1.0217694,0
4239,365,740,2001,0,0.0,365_740,2001,0.0,0.0,0.0,1.0,0.0,0.006451953,0.4639999999999999,8.919854372191667,8.542298635852985,1.0,0.01,0.001,0.5841729,0
4240,368,370,2001,0,0.0,368_370,2001,0.0,0.0,0.0,1.0,0.0,0.00202378961,0.569,5.155601064346442,5.127544466563916,56.0,31.36,175.616,1.2488305000000002,0
4242,365,372,2001,0,0.0,365_372,2001,0.0,0.0,0.0,1.0,1.0,0.05303338161,0.008,7.408166864399255,5.172554803977983,1.0,0.01,0.001,0.6874047000000001,0
4243,840,986,2000,0,0.0,840_986,2000,,,,0.0,0.0,0.00558062444315,,7.426549072397305,,55.0,30.25,166.375,1.8725721,0
4244,490,540,1997,0,0.0,490_540,1997,0.0,0.0,0.0,1.0,0.0,0.0014623572,0.0289999999999999,6.314453433391908,0.0,3.0,0.09,0.027,0.1545397,0
4245,484,490,1997,0,0.0,484_490,1997,,,,0.0,0.0,0.00263446715,0.1169999999999999,2.163323025660538,2.311354667622928,4.0,0.16,0.064,0.1558895,0
4246,484,540,1997,0,,484_540,1997,,,,0.0,0.0,0.0011721099499999,0.088,6.323283115047848,2.554816500720763,2.0,0.04,0.008,0.0013497999999999,0
4248,500,625,1998,0,0.0,500_625,1998,0.0,0.0,0.0,1.0,0.0,0.0012075904,0.154,7.43549701512444,0.2062048663772185,1.0,0.01,0.001,0.6275615999999999,0
4249,500,501,1997,0,0.0,500_501,1997,0.0,0.0,0.0,1.0,0.0,0.0004327416999999,0.031,6.22317132908268,5.824410851081104,2.0,0.04,0.008,0.3292159,0
4250,471,475,1998,0,,471_475,1998,0.0,0.0,0.0,1.0,0.0,0.00581299732,0.0699999999999999,6.592633490771575,4.662014683894922,1.0,0.01,0.001,0.8362424,0
4251,438,451,1997,0,0.0,438_451,1997,,,,0.0,1.0,0.0001722669099999,0.0299999999999999,4.869839484130799,0.2972770579990655,52.0,27.04,140.608,0.2867014,0
4251,451,452,1997,0,0.0,451_452,1997,,,,,,,,,,,,,,0
4251,451,475,1997,0,,451_475,1997,,,,,,,,,,,,,,0
4252,500,517,1999,0,,500_517,1999,0.0,0.0,0.0,1.0,0.0,0.00064569596,0.198,5.934894195619588,0.9977640956710064,8.0,0.64,0.512,0.3159876999999999,0
4253,500,517,2000,0,,500_517,2000,0.0,0.0,0.0,1.0,0.0,0.00041869873,0.19,5.934894195619588,1.0330968638488154,1.0,0.01,0.001,0.0730695,0
4254,2,450,1998,0,0.0,2_450,1998,,,,0.0,0.0,0.14133250557,0.523,8.925454386826402,3.9736823858148735,53.0,28.09,148.877,,0
4255,450,475,1998,0,0.0,450_475,1998,,,,,,,,,,,,,,0
4256,450,475,1999,0,0.0,450_475,1999,,,,,,,,,,,,,,0
4256,450,451,1999,0,0.0,450_451,1999,,,,0.0,1.0,4.100194e-05,0.1159999999999999,5.893851718240982,1.144263850033009,8.0,0.64,0.512,,0
4257,438,450,2000,0,1.0,438_450,2000,,,,0.0,1.0,0.00013002718,0.0739999999999999,6.17690623123818,0.2595439603768811,1.0,0.01,0.001,,0
4258,530,531,1998,1,1.0,530_531,1998,0.0,0.0,0.0,1.0,0.0,0.0029430905499999,0.123,6.554930058198152,,53.0,28.09,148.877,0.5109889000000001,0
4259,91,93,2001,0,0.0,91_93,2001,,,,0.0,1.0,8.42067000000001e-06,0.0329999999999999,5.485626464853031,3.9123660465828007,1.0,0.01,0.001,0.493753,0
4260,101,110,1999,0,0.0,101_110,1999,,,,0.0,1.0,0.005023799976,0.143,6.950431553262574,2.7631409194732206,17.0,2.89,4.913,0.0799182,0
4261,2,101,2000,0,0.0,2_101,2000,0.0,0.0,0.0,1.0,1.0,0.1379568491,0.294,8.106755741681516,9.753420191271506,55.0,30.25,166.375,3.1744504,0
4262,100,101,2000,0,0.0,100_101,2000,0.0,0.0,0.0,1.0,1.0,0.0006882254999999,0.0229999999999999,6.9364399128420455,7.383113795194631,3.0,0.09,0.027,0.2452878,0
4263,93,100,2001,0,0.0,93_100,2001,,,,0.0,1.0,0.00507764116,0.0459999999999999,7.364293657274302,2.151276259626582,7.0,0.49,0.343,0.5985989,0
4264,850,900,1999,0,0.0,850_900,1999,0.0,0.0,1.0,1.0,0.0,0.0073387161999999,0.3329999999999999,8.592671652592143,8.346009062576993,34.0,11.56,39.304,1.840653,0
4266,731,740,2001,0,1.0,731_740,2001,0.0,0.0,0.0,1.0,0.0,0.036080625,0.755,7.159447413700763,6.168114509104788,2.0,0.04,0.008,2.3746845,0
4269,645,692,1994,0,0.0,645_692,1994,0.0,0.0,0.0,1.0,1.0,0.00592075954,0.034,6.900025480920196,0.0,3.0,0.09,0.027,0.9868645,0
4269,2,645,1994,0,0.0,2_645,1994,0.0,0.0,0.0,1.0,0.0,0.1392778898,0.784,9.207386012149746,0.5068175842961625,1.0,0.01,0.001,4.673025,0
4269,200,645,1994,0,0.0,200_645,1994,0.0,0.0,0.0,1.0,0.0,0.0185210928,0.731,8.316642488754661,3.034318362298872,1.0,0.01,0.001,4.005098,0
4269,645,698,1994,0,0.0,645_698,1994,,,,,,,,,,,,,,0
4269,220,645,1994,0,0.0,220_645,1994,0.0,0.0,0.0,1.0,0.0,0.0165017638,0.792,8.258577890793775,0.979159234306434,1.0,0.01,0.001,3.74832,0
4269,645,696,1994,0,0.0,645_696,1994,,,,,,,,,,,,,,0
4269,645,690,1994,0,0.0,645_690,1994,0.0,0.0,0.0,1.0,1.0,0.0045800284,0.1989999999999999,6.324358962381311,0.0,1.0,0.01,0.001,1.2681929,0
4271,200,645,1996,0,0.0,200_645,1996,,,,0.0,0.0,0.0177550653,0.6679999999999999,8.316642488754661,2.301892773396129,2.0,0.04,0.008,,0
4271,645,690,1996,0,0.0,645_690,1996,,,,0.0,1.0,0.0043038196999999,0.1369999999999999,6.324358962381311,0.0,1.0,0.01,0.001,,0
4271,2,645,1996,0,0.0,2_645,1996,,,,0.0,0.0,0.1321127653,0.723,9.207386012149746,1.091923300517313,1.0,0.01,0.001,,0
4272,645,690,1996,0,0.0,645_690,1996,,,,0.0,1.0,0.0043038196999999,0.1369999999999999,6.324358962381311,0.0,1.0,0.01,0.001,,0
4273,290,645,2003,1,1.0,290_645,2003,,,,,,,,,,,,,,0
4273,645,663,1999,1,1.0,645_663,1999,,,,0.0,1.0,0.0046228058,0.076,6.69369534640097,6.210832539962889,29.0,8.41,24.389,,0
4273,645,690,2002,1,1.0,645_690,2002,,,,0.0,1.0,0.0048491396999999,0.131,6.324358962381311,0.0,1.0,0.01,0.001,,0
4273,645,651,1999,1,1.0,645_651,1999,,,,,,,,,,,,,,0
4273,220,645,1999,1,1.0,220_645,1999,,,,0.0,0.0,0.0147180846,0.727,8.258577890793775,6.927712796243031,5.0,0.25,0.125,,0
4273,645,666,2002,1,1.0,645_666,2002,,,,,,,,,,,,,,0
4273,645,694,2003,1,1.0,645_694,2003,,,,0.0,1.0,0.00565616671,0.143,7.032006241319994,0.1679637584767615,12.0,1.44,1.728,,0
4273,210,645,1999,1,1.0,210_645,1999,,,,,,,,,,,,,,0
4273,210,645,2003,1,1.0,210_645,2003,,,,,,,,,,,,,,0
4273,2,645,1997,1,1.0,2_645,1997,,,,0.0,0.0,0.1336393723,0.725,9.207386012149746,1.4060969639062662,1.0,0.01,0.001,,0
4273,645,696,2003,1,1.0,645_696,2003,,,,,,,,,,,,,,0
4273,645,692,2003,1,1.0,645_692,2003,,,,0.0,1.0,0.00615763642,0.0269999999999999,6.900025480920196,0.0700455051403698,9.0,0.81,0.729,,0
4273,645,670,2003,1,1.0,645_670,2003,,,,0.0,1.0,0.0034778083,0.166,6.896289800872859,0.0,2.0,0.04,0.008,,0
4273,640,645,1999,1,1.0,640_645,1999,,,,0.0,0.0,0.0102141416,0.4239999999999999,7.141165942652124,0.0,1.0,0.01,0.001,,0
4273,200,645,1997,1,1.0,200_645,1997,,,,0.0,0.0,0.0179227702999999,0.665,8.316642488754661,3.019132636915722,1.0,0.01,0.001,,0
4273,645,696,1999,1,1.0,645_696,1999,,,,,,,,,,,,,,0
4273,645,666,1998,1,1.0,645_666,1998,,,,,,,,,,,,,,0
4273,645,698,2003,1,1.0,645_698,2003,,,,,,,,,,,,,,0
4273,350,645,1999,1,1.0,350_645,1999,,,,,,,,,,,,,,0
4273,645,900,2003,1,1.0,645_900,2003,,,,,,,,,,,,,,0
4273,325,645,1999,1,1.0,325_645,1999,,,,,,,,,,,,,,0
4273,645,690,1997,1,1.0,645_690,1997,,,,0.0,1.0,0.0038179025999999,0.1399999999999999,6.324358962381311,0.0,1.0,0.01,0.001,,0
4273,255,645,1999,1,1.0,255_645,1999,,,,0.0,0.0,0.0215966296,0.753,8.089789175789319,5.171976346836152,8.0,0.64,0.512,,0
4273,645,670,2000,1,1.0,645_670,2000,,,,0.0,1.0,0.0050160612999999,0.128,6.896289800872859,0.0,7.0,0.49,0.343,,0
4274,645,690,1999,0,0.0,645_690,1999,,,,0.0,1.0,0.0042285054,0.1379999999999999,6.324358962381311,0.0,1.0,0.01,0.001,,0
4275,645,690,2000,0,0.0,645_690,2000,,,,0.0,1.0,0.0043488306,0.1369999999999999,6.324358962381311,0.0,1.0,0.01,0.001,,0
4277,750,770,2001,0,1.0,750_770,2001,0.0,0.0,0.0,1.0,0.0,0.0564812,0.532,6.531606225208026,5.4959060766595975,1.0,0.01,0.001,0.1357500999999999,0
4278,710,900,2001,0,0.0,710_900,2001,0.0,0.0,0.0,1.0,0.0,0.1585740396,0.783,9.106034855166868,9.503266221764516,30.0,9.0,27.0,1.6589399,0
4279,710,840,2001,0,0.0,710_840,2001,0.0,0.0,0.0,1.0,0.0,0.159859804,0.443,7.955004095361688,8.666107505378244,1.0,0.01,0.001,0.2012396999999999,0
4280,2,710,2001,0,1.0,2_710,2001,0.0,0.0,0.0,1.0,0.0,0.0240556399999999,0.726,9.31898847758312,11.960133551362873,1.0,0.01,0.001,3.2403999,0
4281,710,713,2001,0,0.0,710_713,2001,0.0,0.0,0.0,1.0,0.0,0.15504628,0.68,7.451067453782427,10.856304794532722,1.0,0.01,0.001,,0
4281,2,710,2001,0,0.0,2_710,2001,0.0,0.0,0.0,1.0,0.0,0.0240556399999999,0.726,9.31898847758312,11.960133551362873,1.0,0.01,0.001,3.2403999,0
4282,731,732,2001,0,1.0,731_732,2001,0.0,0.0,0.0,1.0,0.0,0.012298811,0.75,5.27709373009641,2.7508350679275555,1.0,0.01,0.001,2.2461437,0
4283,365,700,2001,0,1.0,365_700,2001,,,,0.0,0.0,0.0522968726,0.291,8.121866515280997,2.926170490267406,1.0,0.01,0.001,1.0666197,0
4283,20,700,2001,0,1.0,20_700,2001,,,,,,,,,,,,,,0
4283,700,704,2001,0,1.0,700_704,2001,,,,0.0,0.0,0.0017153003999999,0.073,6.620073206530356,,1.0,0.01,0.001,,0
4283,700,702,2001,0,1.0,700_702,2001,,,,0.0,0.0,0.00084036897,0.1609999999999999,6.104569993213254,1.3762440252663892,3.0,0.09,0.027,,0
4283,235,700,2001,0,1.0,235_700,2001,,,,,,,,,,,,,,0
4283,210,700,2001,0,1.0,210_700,2001,,,,,,,,,,,,,,0
4283,255,700,2001,0,1.0,255_700,2001,,,,0.0,0.0,0.0250621896,0.8160000000000001,8.471714538137206,3.1219595559930373,56.0,31.36,175.616,2.1029731,0
4283,700,900,2001,1,1.0,700_900,2001,,,,,,,,,,,,,,0
4283,200,700,2001,0,1.0,200_700,2001,,,,0.0,0.0,0.0201296616,0.773,8.649623978596727,2.2074984312077075,56.0,31.36,175.616,2.5634261,0
4283,230,700,2001,0,1.0,230_700,2001,,,,,,,,,,,,,,0
4283,700,770,2001,0,1.0,700_770,2001,,,,0.0,0.0,0.0120417596,0.12,5.914583502772024,5.159771077466903,12.0,1.44,1.728,0.1111122,0
4283,2,700,2001,0,1.0,2_700,2001,,,,0.0,0.0,0.1401966016,0.745,9.31847703058076,2.779440197188883,3.0,0.09,0.027,3.5262571,0
4283,640,700,2001,0,1.0,640_700,2001,,,,,,,,,,,,,,0
4283,350,700,2001,0,1.0,350_700,2001,,,,,,,,,,,,,,0
4283,220,700,2001,0,1.0,220_700,2001,,,,0.0,0.0,0.0168066166,0.79,8.627391983714313,2.016754611955065,56.0,31.36,175.616,2.4169861,0
4284,482,483,2001,0,0.0,482_483,2001,,,,0.0,1.0,0.0004052548699999,0.065,6.8509732648831525,1.2845673197255818,32.0,10.24,32.768,,0
4285,371,630,1994,0,1.0,371_630,1994,1.0,0.0,1.0,1.0,0.0,0.01089403037,0.4189999999999999,6.666065810380829,3.665976650734048,1.0,0.01,0.001,2.5539105,0
4286,625,651,1993,0,0.0,625_651,1993,0.0,0.0,0.0,1.0,1.0,0.0065149225,0.128,7.388513371125732,4.29405435525626,2.0,0.04,0.008,1.1513274,0
4287,625,651,1994,0,0.0,625_651,1994,0.0,0.0,0.0,1.0,1.0,0.0065120058,0.129,7.388513371125732,3.8266434018264217,1.0,0.01,0.001,1.1264107,0
4288,625,651,1996,0,0.0,625_651,1996,0.0,0.0,0.0,1.0,1.0,0.0066168003,0.0789999999999999,7.388513371125732,3.4226427438974705,1.0,0.01,0.001,0.8370104,0
4289,630,640,1999,0,0.0,630_640,1999,0.0,0.0,0.0,1.0,0.0,0.0033352539999999,0.3359999999999999,7.435379021024008,6.55933189707285,2.0,0.04,0.008,2.2574559,0
4290,630,640,2001,0,0.0,630_640,2001,0.0,0.0,0.0,1.0,0.0,0.0002203209999999,0.357,7.435379021024008,6.956350471764931,2.0,0.04,0.008,2.1587699,0
4291,640,652,1998,0,0.0,640_652,1998,0.0,0.0,0.0,1.0,0.0,0.0123909153,0.4,6.655955018418123,6.510387766671034,1.0,0.01,0.001,2.2176879,0
4292,630,645,1999,0,0.0,630_645,1999,,,,0.0,0.0,0.0068788876,0.088,6.544199573951183,0.0,1.0,0.01,0.001,,0
4293,670,694,1995,0,0.0,670_694,1995,0.0,0.0,0.0,1.0,1.0,0.0089003904299999,0.002,6.195629131824389,5.141955034486661,3.0,0.09,0.027,0.1294886,0
4295,20,345,2000,0,0.0,20_345,2000,,,,,,,,,,,,,,0
4295,200,345,2000,0,0.0,200_345,2000,0.0,0.0,0.0,1.0,0.0,0.0201064953,0.484,7.433548329869914,,1.0,0.01,0.001,0.9868305,0
4296,385,900,2001,0,0.0,385_900,2001,,,,,,,,,,,,,,0
4297,365,740,1996,0,0.0,365_740,1996,0.0,0.0,0.0,1.0,0.0,0.007029113,0.3769999999999999,8.919854372191667,8.615272080260413,1.0,0.01,0.001,0.2952272999999999,0
4298,2,345,2000,0,0.0,2_345,2000,0.0,0.0,0.0,1.0,0.0,0.1406142162999999,0.503,8.934626395300256,,1.0,0.01,0.001,1.9148745,0
4298,344,345,2000,0,0.0,344_345,2000,0.0,0.0,0.0,1.0,0.0,0.00110718879,0.396,5.910254491682439,,3.0,0.09,0.027,0.3313965000000001,0
4299,2,645,1993,0,0.0,2_645,1993,0.0,0.0,0.0,1.0,0.0,0.1472211674,0.785,9.207386012149746,0.3646431135879092,1.0,0.01,0.001,4.664346999999999,0
4300,438,451,2001,0,0.0,438_451,2001,0.0,0.0,1.0,1.0,1.0,0.00013925446,0.045,4.869839484130799,0.7670595978797813,3.0,0.09,0.027,0.0564851999999999,0
4301,450,451,2001,0,0.0,450_451,2001,,,,0.0,1.0,1.351846999999998e-05,0.111,5.893851718240982,1.281310857717345,2.0,0.04,0.008,,0
4302,438,450,1999,0,0.0,438_450,1999,,,,0.0,1.0,0.00023488594,0.0809999999999999,6.17690623123818,0.786939982455741,54.0,29.16,157.464,,0
4303,540,551,2001,0,1.0,540_551,2001,0.0,0.0,0.0,1.0,0.0,0.001268976,0.3339999999999999,7.490696892221057,0.348861048820628,25.0,6.25,15.625,0.2823241999999999,0
4304,500,625,1997,0,0.0,500_625,1997,0.0,0.0,0.0,1.0,0.0,0.0012126479,0.154,7.43549701512444,0.1891203343065675,1.0,0.01,0.001,0.7093324,0
4305,500,625,2001,0,0.0,500_625,2001,0.0,0.0,0.0,1.0,0.0,0.0013829963,0.098,7.43549701512444,1.859137408524804,2.0,0.04,0.008,0.7961156,0
4306,471,482,2001,0,0.0,471_482,2001,,,,0.0,1.0,0.00075219581,0.037,6.663771061796076,2.083815175882867,56.0,31.36,175.616,,0
4307,490,551,1994,0,0.0,490_551,1994,,,,0.0,0.0,0.00218592836,0.3119999999999999,7.538814267228661,2.521446207752281,4.0,0.16,0.064,0.3514585,0
4308,432,436,1993,0,1.0,432_436,1993,0.0,0.0,1.0,1.0,1.0,0.0001065218,0.0659999999999999,7.00315636374539,0.4319349112911112,48.0,23.04,110.592,0.1168213,0
4309,437,438,1996,0,0.0,437_438,1996,0.0,0.0,0.0,1.0,1.0,0.00060947071,0.138,7.05695084534399,4.41535415162315,29.0,8.41,24.389,0.3391219,0
4310,500,517,2001,0,0.0,500_517,2001,0.0,0.0,0.0,1.0,0.0,0.00049826824,0.156,5.934894195619588,0.7327501764031179,1.0,0.01,0.001,0.1269190999999999,0
4312,434,475,2000,0,0.0,434_475,2000,,,,0.0,1.0,0.00607874509,0.14,6.453467506176404,3.3656349342210232,55.0,30.25,166.375,0.0124339999999999,0
4313,750,771,2001,0,0.0,750_771,2001,1.0,0.0,1.0,1.0,0.0,0.063069774,0.2299999999999999,7.263119364120769,6.933713334464249,5.0,0.25,0.125,0.0381432999999999,0
4314,775,800,2001,0,1.0,775_800,2001,0.0,0.0,0.0,1.0,0.0,0.0053352023,0.454,6.7067400797409285,6.699384656130637,2.0,0.04,0.008,0.9903775,0
4315,640,652,1997,0,0.0,640_652,1997,0.0,0.0,0.0,1.0,0.0,0.0121870475,0.4,6.655955018418123,6.453788576064397,1.0,0.01,0.001,2.3167174,0
4317,373,630,2001,0,0.0,373_630,2001,0.0,0.0,0.0,1.0,0.0,0.0118685288,0.0079999999999999,6.289158829686488,4.406658391754058,56.0,31.36,175.616,1.47452629,0
4318,371,373,1995,0,,371_373,1995,0.0,0.0,0.0,1.0,1.0,0.00057167067,0.242,6.125995440065588,0.0,1.0,0.01,0.001,0.4076835,0
4319,371,373,1996,0,,371_373,1996,0.0,0.0,0.0,1.0,1.0,0.00057157888,0.184,6.125995440065588,0.0,1.0,0.01,0.001,0.3911334,0
4320,350,640,2000,0,0.0,350_640,2000,1.0,1.0,1.0,1.0,1.0,0.0109114146,0.296,6.7067400797409285,6.481880850376686,1.0,0.01,0.001,0.4384454,0
4321,365,385,1998,0,0.0,365_385,1998,,,,0.0,0.0,0.0494136471,0.426,7.405374075260846,6.974923620359182,11.0,1.21,1.331,0.7091523,0
4322,731,740,1999,0,0.0,731_740,1999,0.0,0.0,0.0,1.0,0.0,0.0383759423,0.754,7.159447413700763,6.016649867566187,1.0,0.01,0.001,2.3660959,0
4323,350,640,1997,0,0.0,350_640,1997,0.0,0.0,1.0,1.0,1.0,0.0123859305,0.3379999999999999,6.7067400797409285,6.231335629904958,1.0,0.01,0.001,0.7407676,0
4324,640,645,2000,0,0.0,640_645,2000,,,,0.0,0.0,0.0084749153,0.4409999999999999,7.141165942652124,0.0,1.0,0.01,0.001,,0
4325,640,645,2001,0,1.0,640_645,2001,,,,0.0,0.0,0.0071172509999999,0.4439999999999999,7.141165942652124,0.0,1.0,0.01,0.001,,0
4328,710,816,1998,0,0.0,710_816,1998,0.0,0.0,0.0,1.0,0.0,0.1455011175,0.051,7.752550009151222,6.636497558712238,4.0,0.16,0.064,0.8698728,0
4329,816,840,1998,0,0.0,816_840,1998,,,,,,,,,,,,,,0
4330,816,840,1999,0,0.0,816_840,1999,,,,,,,,,,,,,,0
4331,713,816,1994,0,0.0,713_816,1994,,,,,,,,,,,,,,0
4332,310,345,1994,0,0.0,310_345,1994,1.0,0.0,1.0,1.0,0.0,0.0003853469999999,0.554,5.763936397475948,,3.0,0.09,0.027,,0
4333,345,346,1994,0,0.0,345_346,1994,0.0,0.0,0.0,1.0,0.0,0.00161089415,0.1009999999999999,5.29931686688112,,1.0,0.01,0.001,,0
4334,200,365,1999,0,0.0,200_365,1999,,,,0.0,0.0,0.0283323729999999,0.3739999999999999,7.824685806143631,8.197990152136448,14.0,1.96,2.744,1.3261824999999998,0
4335,365,385,1999,0,0.0,365_385,1999,,,,0.0,0.0,0.0496744463999999,0.421,7.405374075260846,6.635624666615576,1.0,0.01,0.001,0.7257554999999999,0
4337,630,640,1997,0,0.0,630_640,1997,0.0,0.0,0.0,1.0,0.0,0.003658716,0.327,7.435379021024008,6.999861513448951,1.0,0.01,0.001,2.4741804,0
4338,365,373,1999,0,0.0,365_373,1999,,,,0.0,1.0,0.0501718342999999,0.222,7.566414529083409,5.88650475670462,6.0,0.36,0.216,0.2041102,0
4339,517,565,1998,1,,517_565,1998,,,,,,,,,,,,,,0
4339,500,565,1998,1,,500_565,1998,,,,,,,,,,,,,,0
4339,490,517,1998,1,,490_517,1998,0.0,0.0,0.0,1.0,0.0,0.00260730925,0.043,7.414090837475263,1.8363295349457232,1.0,0.01,0.001,0.515188742,0
4339,490,500,1998,1,,490_500,1998,0.0,0.0,0.0,1.0,0.0,0.0019496917,0.156,7.594733470396553,0.0,2.0,0.04,0.008,0.2793883,0
4339,483,517,1998,1,,483_517,1998,,,,,,,,,,,,,,0
4339,483,500,1998,1,,483_500,1998,,,,,,,,,,,,,,0
4339,517,552,1998,1,,517_552,1998,,,,,,,,,,,,,,0
4339,500,552,1998,1,,500_552,1998,,,,,,,,,,,,,,0
4339,517,540,1998,1,,517_540,1998,,,,,,,,,,,,,,0
4339,500,540,1998,1,,500_540,1998,,,,,,,,,,,,,,0
4340,344,345,1993,0,1.0,344_345,1993,1.0,0.0,1.0,1.0,0.0,0.0006839472,0.089,5.910254491682439,,1.0,0.01,0.001,,0
4341,344,346,1993,0,1.0,344_346,1993,,,,0.0,1.0,0.0004167725599999,0.128,5.666426688112432,,1.0,0.01,0.001,1.16730099,0
4342,2,365,1999,0,0.0,2_365,1999,,,,0.0,0.0,0.091031299,0.407,8.964861739409468,9.216431980397902,2.0,0.04,0.008,2.2742075,0
4342,20,365,1999,0,0.0,20_365,1999,,,,0.0,0.0,0.039984344,0.3749999999999999,8.876237326603665,6.618341080599333,19.0,3.61,6.859,0.8017675000000001,0
4342,210,365,1999,0,0.0,210_365,1999,,,,0.0,0.0,0.0456865906,0.4049999999999999,7.672711362288515,7.776214968582368,19.0,3.61,6.859,0.8948284999999999,0
4342,235,365,1999,0,0.0,235_365,1999,,,,0.0,0.0,0.0494350069999999,0.407,8.270678653778788,5.308213091949958,54.0,29.16,157.464,0.7099755,0
4342,365,385,1999,0,0.0,365_385,1999,,,,0.0,0.0,0.0496744463999999,0.421,7.405374075260846,6.635624666615576,1.0,0.01,0.001,0.7257554999999999,0
4342,365,390,1999,0,0.0,365_390,1999,,,,0.0,0.0,0.0499587991,0.445,7.353658307863677,6.735302631904958,54.0,29.16,157.464,0.8281705,0
4342,220,365,1999,0,0.0,220_365,1999,,,,0.0,0.0,0.0305949389999999,0.412,7.8191942601252675,8.38038243899294,38.0,14.44,54.872,1.1540615,0
4342,255,365,1999,0,0.0,255_365,1999,,,,0.0,0.0,0.023716394,0.438,7.38374097990542,9.531798458224095,54.0,29.16,157.464,1.0158985,0
4342,211,365,1999,0,0.0,211_365,1999,,,,0.0,0.0,0.0467091637,0.422,7.720727852610431,7.454869185912859,39.0,15.21,59.319,0.8321135000000001,0
4342,365,640,1999,0,0.0,365_640,1999,,,,0.0,0.0,0.035098882,0.1089999999999999,7.49348427277479,7.889041677486938,3.0,0.09,0.027,0.2515273999999999,0
4342,200,365,1999,0,0.0,200_365,1999,,,,0.0,0.0,0.0283323729999999,0.3739999999999999,7.824685806143631,8.197990152136448,14.0,1.96,2.744,1.3261824999999998,0
4342,230,365,1999,0,0.0,230_365,1999,,,,0.0,0.0,0.041361139,0.433,8.143691758513466,7.306643406089289,54.0,29.16,157.464,0.7124864999999999,0
4342,325,365,1999,0,0.0,325_365,1999,,,,0.0,0.0,0.032680322,0.3819999999999999,7.774015077250727,8.613996038456508,17.0,2.89,4.913,0.7130135000000001,0
4343,345,369,2000,0,0.0,345_369,2000,,,,,,,,,,,,,,0
4343,200,345,2000,0,0.0,200_345,2000,0.0,0.0,0.0,1.0,0.0,0.0201064953,0.484,7.433548329869914,,1.0,0.01,0.001,0.9868305,0
4343,345,355,2000,0,0.0,345_355,2000,1.0,0.0,1.0,1.0,0.0,0.0002187075,0.353,5.799698531486028,,29.0,8.41,24.389,0.3039575000000001,0
4343,325,345,2000,0,0.0,325_345,2000,0.0,0.0,0.0,1.0,0.0,0.0150678783,0.476,6.583547525180906,,1.0,0.01,0.001,0.3703365,0
4343,211,345,2000,0,0.0,211_345,2000,,,,,,,,,,,,,,0
4343,345,349,2000,0,0.0,345_349,2000,,,,,,,,,,,,,,0
4343,317,345,2000,0,0.0,317_345,2000,,,,,,,,,,,,,,0
4343,255,345,2000,0,0.0,255_345,2000,0.0,0.0,0.0,1.0,0.0,0.0241280613,0.535,6.908954559557619,,1.0,0.01,0.001,0.5187345000000001,0
4343,345,385,2000,0,0.0,345_385,2000,,,,,,,,,,,,,,0
4343,345,366,2000,0,0.0,345_366,2000,,,,,,,,,,,,,,0
4343,345,696,2000,0,0.0,345_696,2000,,,,,,,,,,,,,,0
4343,345,368,2000,0,0.0,345_368,2000,,,,,,,,,,,,,,0
4343,220,345,2000,0,0.0,220_345,2000,0.0,0.0,0.0,1.0,0.0,0.0167593363,0.509,7.276625556620746,,1.0,0.01,0.001,0.7347254999999999,0
4343,160,345,2000,0,0.0,160_345,2000,,,,,,,,,,,,,,0
4343,345,373,2000,0,0.0,345_373,2000,,,,,,,,,,,,,,0
4343,210,345,2000,0,0.0,210_345,2000,,,,,,,,,,,,,,0
4343,345,350,2000,0,0.0,345_350,2000,,,,,,,,,,,,,,0
4343,235,345,2000,0,0.0,235_345,2000,,,,,,,,,,,,,,0
4343,345,372,2000,0,0.0,345_372,2000,,,,,,,,,,,,,,0
4343,305,345,2000,0,0.0,305_345,2000,,,,,,,,,,,,,,0
4343,225,345,2000,0,0.0,225_345,2000,,,,,,,,,,,,,,0
4343,310,345,2000,0,0.0,310_345,2000,1.0,0.0,1.0,1.0,0.0,0.0002454689,0.475,5.763936397475948,,1.0,0.01,0.001,0.5065634999999999,0
4343,345,390,2000,0,0.0,345_390,2000,,,,,,,,,,,,,,0
4343,2,345,2000,0,0.0,2_345,2000,0.0,0.0,0.0,1.0,0.0,0.1406142162999999,0.503,8.934626395300256,,1.0,0.01,0.001,1.9148745,0
4343,345,375,2000,0,0.0,345_375,2000,,,,,,,,,,,,,,0
4343,316,345,2000,0,0.0,316_345,2000,,,,,,,,,,,,,,0
4343,20,345,2000,0,0.0,20_345,2000,,,,,,,,,,,,,,0
4343,345,365,2000,0,0.0,345_365,2000,0.0,0.0,0.0,1.0,0.0,0.0494006213,0.039,7.446585099157725,,2.0,0.04,0.008,0.5381674999999999,0
4343,345,395,2000,0,0.0,345_395,2000,,,,,,,,,,,,,,0
4343,205,345,2000,0,0.0,205_345,2000,,,,,,,,,,,,,,0
4343,230,345,2000,0,0.0,230_345,2000,,,,,,,,,,,,,,0
4343,345,380,2000,0,0.0,345_380,2000,,,,,,,,,,,,,,0
4343,290,345,2000,0,0.0,290_345,2000,,,,,,,,,,,,,,0
4343,212,345,2000,0,0.0,212_345,2000,,,,,,,,,,,,,,0
4343,345,600,2000,0,0.0,345_600,2000,,,,,,,,,,,,,,0
4343,345,663,2000,0,0.0,345_663,2000,,,,,,,,,,,,,,0
4343,345,640,2000,0,0.0,345_640,2000,,,,,,,,,,,,,,0
4344,365,640,1999,0,0.0,365_640,1999,,,,0.0,0.0,0.035098882,0.1089999999999999,7.49348427277479,7.889041677486938,3.0,0.09,0.027,0.2515273999999999,0
4345,520,530,2002,0,,520_530,2002,0.0,0.0,0.0,1.0,0.0,0.00391872207,0.0759999999999999,6.972137537911405,0.0,15.0,2.25,3.375,0.7072086,0
4346,501,530,2002,0,0.0,501_530,2002,0.0,0.0,0.0,1.0,1.0,0.0029036725,0.177,7.062191632286556,2.829292077695256,3.0,0.09,0.027,0.213569,0
4347,490,517,2002,0,,490_517,2002,0.0,0.0,0.0,1.0,1.0,0.00323177603,0.048,7.414090837475263,2.204679145096887,1.0,0.01,0.001,0.8707547999999998,0
4348,450,451,2002,0,0.0,450_451,2002,,,,0.0,1.0,5.671840000000012e-06,0.0869999999999999,5.893851718240982,1.3537450068820118,1.0,0.01,0.001,,0
4349,531,625,2002,0,,531_625,2002,0.0,0.0,1.0,1.0,0.0,0.000889588,0.0889999999999999,6.533061829540727,0.0,3.0,0.09,0.027,0.928109,0
4350,500,501,2002,0,1.0,500_501,2002,0.0,0.0,0.0,1.0,0.0,0.0002176739999999,0.1569999999999999,6.22317132908268,5.673960486784357,5.0,0.25,0.125,0.1971008999999999,0
4351,420,433,2002,0,0.0,420_433,2002,,,,0.0,1.0,0.000546193151,0.429,5.085742766583061,3.4197704625261536,28.0,7.84,21.952,0.4252228,0
4352,230,600,2002,0,0.0,230_600,2002,0.0,0.0,0.0,1.0,0.0,0.0069139702,0.65,6.63974510632782,7.660179208680246,23.0,5.29,12.167,2.213167,0
4353,510,516,2002,0,0.0,510_516,2002,0.0,0.0,0.0,1.0,0.0,0.00112521295,0.238,6.649632008771901,2.516911648588138,5.0,0.25,0.125,0.0286795,0
4354,200,552,2002,0,0.0,200_552,2002,0.0,0.0,0.0,1.0,0.0,0.0181472246,0.589,9.02217778955722,5.231646600457699,36.0,12.96,46.656,2.7455571,0
4355,530,531,2002,0,0.0,530_531,2002,1.0,0.0,1.0,1.0,0.0,0.002945884,0.1579999999999999,6.554930058198152,,2.0,0.04,0.008,0.3283166,0
4356,500,517,2003,0,0.0,500_517,2003,0.0,0.0,0.0,1.0,0.0,0.0007139459499999,0.114,5.934894195619588,2.805032557796725,2.0,0.04,0.008,0.4849938,0
4356,490,517,2002,0,0.0,490_517,2002,0.0,0.0,0.0,1.0,1.0,0.00323177603,0.048,7.414090837475263,2.204679145096887,1.0,0.01,0.001,0.8707547999999998,0
4357,490,540,2002,0,0.0,490_540,2002,0.0,0.0,0.0,1.0,1.0,0.0022775189,0.004,6.314453433391908,0.0,5.0,0.25,0.125,0.5321027999999999,0
4358,437,450,2002,0,0.0,437_450,2002,,,,0.0,1.0,0.00080848811,0.1029999999999999,6.629891515467694,3.612589406811087,12.0,1.44,1.728,,0
4359,490,620,2002,0,0.0,490_620,2002,,,,,,,,,,,,,,0
4360,365,625,2003,0,0.0,365_625,2003,0.0,0.0,0.0,1.0,0.0,0.0472390882999999,0.166,8.410142359088882,3.241801335589918,58.0,33.64,195.112,1.2399918,0
4361,432,615,2003,0,0.0,432_615,2003,0.0,0.0,0.0,1.0,0.0,0.00316581036,0.293,7.971983140788416,0.0049424244733803,58.0,33.64,195.112,0.3006953,0
4362,530,531,2003,0,1.0,530_531,2003,1.0,0.0,1.0,1.0,0.0,0.0019892273,0.175,6.554930058198152,,1.0,0.01,0.001,0.2817342,0
4363,501,530,2003,0,0.0,501_530,2003,0.0,0.0,0.0,1.0,1.0,0.0021863146999999,0.268,7.062191632286556,2.922485707206812,1.0,0.01,0.001,0.2968056,0
4364,432,435,2003,0,0.0,432_435,2003,0.0,0.0,0.0,1.0,0.0,0.00023889122,0.311,6.954734280176131,0.5753247253766226,41.0,16.81,68.921,0.5122163000000001,0
4365,516,517,2004,0,0.0,516_517,2004,0.0,0.0,0.0,1.0,1.0,8.697033e-05,0.0099999999999999,5.182906515036709,1.4078387794405118,31.0,9.61,29.791,0.4651112,0
4366,490,516,2004,0,0.0,490_516,2004,0.0,0.0,0.0,1.0,1.0,0.0029250772,0.0209999999999999,7.354554250583279,1.0040469247528865,59.0,34.81,205.379,0.6027014,0
4366,490,517,2004,0,0.0,490_517,2004,0.0,0.0,0.0,1.0,1.0,0.00283810687,0.011,7.414090837475263,2.4916617824178693,1.0,0.01,0.001,0.1375902,0
4367,483,625,2004,0,1.0,483_625,2004,0.0,0.0,0.0,1.0,0.0,0.0018202252999999,0.099,7.563667772931857,0.2613712254135333,38.0,14.44,54.872,0.065798,0
4367,220,625,2004,0,0.0,220_625,2004,0.0,0.0,0.0,1.0,0.0,0.0173121404,0.6950000000000001,8.435332164935916,5.014433139808433,59.0,34.81,205.379,2.504692,0
4368,490,551,2004,0,0.0,490_551,2004,0.0,0.0,0.0,1.0,0.0,0.0028706276599999,0.297,7.538814267228661,3.979029796629352,10.0,1.0,1.0,0.0704244,0
4369,501,530,2004,0,0.0,501_530,2004,0.0,0.0,0.0,1.0,1.0,0.002269816,0.269,7.062191632286556,3.0731106350072888,1.0,0.01,0.001,0.3221872,0
4370,531,625,2004,0,0.0,531_625,2004,0.0,0.0,1.0,1.0,0.0,0.0005729882999999,0.1119999999999999,6.533061829540727,0.0,2.0,0.04,0.008,0.501335,0
4371,220,437,2004,0,1.0,220_437,2004,0.0,0.0,0.0,1.0,0.0,0.0185581466,0.428,8.492142014549378,7.517675458215876,59.0,34.81,205.379,1.6837384,0
4371,2,437,2004,0,0.0,2_437,2004,0.0,0.0,0.0,1.0,0.0,0.1502656896,0.416,9.00794263047263,6.444440843113844,59.0,34.81,205.379,3.0762574,0
4372,500,517,2004,0,1.0,500_517,2004,0.0,0.0,0.0,1.0,0.0,0.00067944597,0.067,5.934894195619588,3.195366472948725,1.0,0.01,0.001,0.3570881,0
4373,501,520,2005,0,0.0,501_520,2005,,,,0.0,0.0,0.00114823012,0.3389999999999999,6.926086235666861,3.863682190286316,16.0,2.56,4.096,0.2586427,0
4374,501,530,2005,0,0.0,501_530,2005,0.0,0.0,0.0,1.0,1.0,0.0023520864,0.254,7.062191632286556,3.144201717105337,1.0,0.01,0.001,0.1139581,0
4375,530,531,2005,0,0.0,530_531,2005,1.0,0.0,1.0,1.0,0.0,0.0021922605,0.189,6.554930058198152,,2.0,0.04,0.008,0.2264999999999999,0
4376,520,530,2005,0,0.0,520_530,2005,,,,0.0,0.0,0.00350031652,0.0849999999999999,6.972137537911405,0.0,3.0,0.09,0.027,0.3726008,0
4377,490,540,2005,0,0.0,490_540,2005,0.0,0.0,0.0,1.0,1.0,0.0015350031,0.0289999999999999,6.314453433391908,0.0,3.0,0.09,0.027,0.0594763999999999,0
4378,452,461,2005,0,0.0,452_461,2005,,,,0.0,1.0,0.00075286692,0.4049999999999999,5.134621273877247,4.406692454222396,11.0,1.21,1.331,0.1903669,0
4379,531,679,2005,0,0.0,531_679,2005,1.0,0.0,1.0,1.0,0.0,0.0003193815999999,0.214,6.339653587396416,1.7377489954216856,6.0,0.36,0.216,0.5088231,0
4380,471,475,2005,0,1.0,471_475,2005,0.0,0.0,0.0,1.0,0.0,0.0069112246999999,0.0969999999999999,6.592633490771575,5.420611810481521,7.0,0.49,0.343,0.45842921,0
4381,490,500,2005,0,0.0,490_500,2005,0.0,0.0,0.0,1.0,0.0,0.0021404206,0.0969999999999999,7.594733470396553,3.5575797693758235,4.0,0.16,0.064,0.37527696,0
4382,220,437,2005,0,0.0,220_437,2005,0.0,0.0,0.0,1.0,0.0,0.0182431352,0.44,8.492142014549378,7.6805864567328594,1.0,0.01,0.001,1.9127261,0
4383,530,531,2005,0,0.0,530_531,2005,1.0,0.0,1.0,1.0,0.0,0.0021922605,0.189,6.554930058198152,,2.0,0.04,0.008,0.2264999999999999,0
4384,483,625,2005,0,0.0,483_625,2005,0.0,0.0,0.0,1.0,0.0,0.00194197431,0.076,7.563667772931857,0.0,1.0,0.01,0.001,0.0881789999999997,0
4385,501,530,2006,0,1.0,501_530,2006,,,,0.0,1.0,0.0023749137,0.269,7.062191632286556,3.3820698444413835,1.0,0.01,0.001,0.0463357,0
4386,490,500,2006,0,1.0,490_500,2006,0.0,0.0,0.0,1.0,1.0,0.0021709366,0.067,7.594733470396553,4.255209408645081,1.0,0.01,0.001,1.11993362,0
4387,520,530,2006,0,0.0,520_530,2006,,,,0.0,0.0,0.00352944278,0.069,6.972137537911405,0.0,1.0,0.01,0.001,0.1823013,0
4388,516,517,2006,0,0.0,516_517,2006,,,,0.0,1.0,7.931346999999998e-05,0.2209999999999999,5.182906515036709,1.5860051369156334,2.0,0.04,0.008,0.4786887999999999,0
4389,530,531,2006,0,0.0,530_531,2006,0.0,0.0,1.0,1.0,0.0,0.0018502858,0.174,6.554930058198152,,1.0,0.01,0.001,0.2000136,0
4390,483,625,2006,0,1.0,483_625,2006,0.0,0.0,0.0,1.0,0.0,0.00225797788,0.078,7.563667772931857,0.0,1.0,0.01,0.001,1.1199152,0
4391,501,520,2006,0,0.0,501_520,2006,,,,0.0,0.0,0.00115452908,0.338,6.926086235666861,3.9943485024773095,1.0,0.01,0.001,0.228637,0
4392,490,500,2007,0,1.0,490_500,2007,0.0,0.0,0.0,1.0,1.0,0.0020351501,0.0319999999999999,7.594733470396553,3.920510444995265,1.0,0.01,0.001,0.1568998999999999,0
4393,490,516,2007,0,0.0,490_516,2007,0.0,0.0,0.0,1.0,1.0,0.00289833629,0.0579999999999999,7.354554250583279,1.003713011098564,3.0,0.09,0.027,0.37801414,0
4394,530,531,2007,0,0.0,530_531,2007,0.0,0.0,0.0,1.0,0.0,0.0016101373,0.177,6.554930058198152,,1.0,0.01,0.001,0.0647792,0
4395,483,625,2007,0,0.0,483_625,2007,1.0,0.0,1.0,1.0,0.0,0.0023702515,0.076,7.563667772931857,0.0,1.0,0.01,0.001,0.9861601,0
4396,520,530,2008,0,1.0,520_530,2008,,,,0.0,0.0,0.00308374924,0.072,6.972137537911405,0.0,1.0,0.01,0.001,0.8419652,0
4397,2,520,2008,0,0.0,2_520,2008,,,,0.0,0.0,0.14683850904,0.728,9.440642241288703,3.1730412466483537,63.0,39.69,250.047,4.032797,0
4398,522,531,2008,0,1.0,522_531,2008,0.0,0.0,0.0,1.0,0.0,0.00208794302,0.175,6.426650256665227,,10.0,1.0,1.0,0.1952383999999999,0
4399,530,625,2008,0,0.0,530_625,2008,1.0,0.0,1.0,1.0,0.0,0.0008433848,0.0429999999999999,6.899723107284872,3.788022302578771,11.0,1.21,1.331,1.0448262,0
4400,501,520,2008,0,0.0,501_520,2008,,,,0.0,0.0,0.00111175314,0.243,6.926086235666861,4.918991166104536,2.0,0.04,0.008,0.7690587,0
4401,520,530,2008,0,0.0,520_530,2008,,,,0.0,0.0,0.00308374924,0.072,6.972137537911405,0.0,1.0,0.01,0.001,0.8419652,0
4402,490,540,2009,0,0.0,490_540,2009,0.0,0.0,0.0,1.0,1.0,0.0022283315,0.151,6.314453433391908,0.0,4.0,0.16,0.064,0.1758081999999999,0
4403,483,625,2009,0,1.0,483_625,2009,0.0,0.0,0.0,1.0,0.0,0.00193850398,0.076,7.563667772931857,0.0,1.0,0.01,0.001,0.9873285,0
4404,501,520,2009,0,0.0,501_520,2009,,,,0.0,0.0,0.0013005202299999,0.244,6.926086235666861,5.404532776679428,1.0,0.01,0.001,0.8332158000000001,0
4405,530,531,2010,0,1.0,530_531,2010,,,,0.0,0.0,0.0015773149,0.161,6.554930058198152,,3.0,0.09,0.027,0.1834428999999999,0
4406,500,517,2010,0,0.0,500_517,2010,0.0,0.0,0.0,1.0,1.0,0.00083628383,0.1,5.934894195619588,5.000930958983655,6.0,0.36,0.216,0.4251372999999999,0
4407,531,679,2010,0,0.0,531_679,2010,0.0,0.0,0.0,1.0,0.0,0.0004495146,0.2179999999999999,6.339653587396416,2.0586092229333257,5.0,0.25,0.125,0.2739421999999999,0
4408,500,501,2010,0,1.0,500_501,2010,0.0,0.0,1.0,1.0,1.0,0.0003147752,0.1099999999999999,6.22317132908268,6.5406830125900886,8.0,0.64,0.512,0.2111737999999999,0
4409,373,630,2002,0,0.0,373_630,2002,0.0,0.0,0.0,1.0,0.0,0.0115175288,0.0089999999999999,6.289158829686488,4.341645454439065,1.0,0.01,0.001,1.30172354,0
4410,352,640,2002,0,0.0,352_640,2002,0.0,0.0,0.0,1.0,0.0,0.01415683181,0.174,6.277207240178711,1.9251163195376209,1.0,0.01,0.001,0.1463562,0
4410,350,640,2002,0,0.0,350_640,2002,1.0,1.0,1.0,1.0,1.0,0.0102707119,0.251,6.7067400797409285,6.632728864782178,1.0,0.01,0.001,0.2774214,0
4411,365,373,2002,0,0.0,365_373,2002,0.0,0.0,0.0,1.0,1.0,0.0480820048,0.1129999999999999,7.566414529083409,5.423197557710254,3.0,0.09,0.027,0.30788996,0
4412,339,343,2002,0,0.0,339_343,2002,,,,0.0,0.0,7.425824999999998e-05,0.045,5.0401940963378005,2.866793689248657,5.0,0.25,0.125,0.1557535,0
4413,344,349,2002,0,0.0,344_349,2002,0.0,0.0,0.0,1.0,0.0,0.00055328414,0.0769999999999999,4.769836807543325,7.016346869092376,57.0,32.49,185.193,0.1806312999999999,0
4414,371,373,2002,0,,371_373,2002,0.0,0.0,0.0,1.0,1.0,0.00076785629,0.164,6.125995440065588,0.0,1.0,0.01,0.001,0.30250466,0
4415,350,640,2002,0,0.0,350_640,2002,1.0,1.0,1.0,1.0,1.0,0.0102707119,0.251,6.7067400797409285,6.632728864782178,1.0,0.01,0.001,0.2774214,0
4416,365,372,2003,0,0.0,365_372,2003,0.0,0.0,0.0,1.0,1.0,0.04918510525,0.0449999999999999,7.408166864399255,5.252416088027279,1.0,0.01,0.001,0.5778490000000001,0
4417,365,390,2003,0,0.0,365_390,2003,0.0,0.0,0.0,1.0,0.0,0.0483287753999999,0.569,7.353658307863677,6.822201442899861,4.0,0.16,0.064,0.8447228,0
4418,373,630,2003,0,0.0,373_630,2003,0.0,0.0,0.0,1.0,0.0,0.0118391866999999,0.0059999999999999,6.289158829686488,4.384803026927529,1.0,0.01,0.001,1.1437398900000002,0
4419,359,369,2003,0,0.0,359_369,2003,,,,0.0,1.0,0.01417336856,0.1139999999999999,5.9974466187855295,5.563836993772214,58.0,33.64,195.112,0.3189560999999999,0
4420,365,372,2003,0,0.0,365_372,2003,0.0,0.0,0.0,1.0,1.0,0.04918510525,0.0449999999999999,7.408166864399255,5.252416088027279,1.0,0.01,0.001,0.5778490000000001,0
4421,702,704,2004,0,0.0,702_704,2004,,,,0.0,1.0,0.0023887451,0.086,5.725870071120206,5.335179483090153,5.0,0.25,0.125,0.2198486,0
4422,365,372,2004,0,0.0,365_372,2004,0.0,0.0,0.0,1.0,1.0,0.04719076549,0.227,7.408166864399255,5.501680325523295,1.0,0.01,0.001,0.6818630999999999,0
4423,350,640,2004,0,0.0,350_640,2004,1.0,1.0,1.0,1.0,1.0,0.0106071,0.2319999999999999,6.7067400797409285,7.181058950884914,1.0,0.01,0.001,0.3461053,0
4424,365,372,2005,0,0.0,365_372,2005,0.0,0.0,0.0,1.0,1.0,0.04034044293,0.227,7.408166864399255,5.902071672967431,1.0,0.01,0.001,0.93630364,0
4425,365,369,2005,0,0.0,365_369,2005,,,,0.0,1.0,0.028912705,0.128,6.630023537383524,9.810611722297088,9.0,0.81,0.729,0.5393792399999999,0
4426,702,703,2005,0,0.0,702_703,2005,,,,0.0,1.0,1.513699999999775e-07,0.091,6.533498097998166,3.043150735465129,60.0,36.0,216.0,0.0938541999999999,0
4427,702,704,2005,0,0.0,702_704,2005,,,,0.0,1.0,0.00196037599,0.068,5.725870071120206,5.490135314546482,1.0,0.01,0.001,0.0384919,0
4428,703,704,2005,0,0.0,703_704,2005,1.0,0.0,1.0,1.0,1.0,0.00196052736,0.159,6.171700597410915,4.234697880424737,6.0,0.36,0.216,0.1323461,0
4429,365,385,2005,0,0.0,365_385,2005,0.0,0.0,0.0,1.0,0.0,0.0389257114,0.575,7.405374075260846,7.381465467940403,4.0,0.16,0.064,0.8432949399999999,0
4430,703,704,2005,0,0.0,703_704,2005,1.0,0.0,1.0,1.0,1.0,0.00196052736,0.159,6.171700597410915,4.234697880424737,6.0,0.36,0.216,0.1323461,0
4431,350,640,2006,0,0.0,350_640,2006,0.0,0.0,1.0,1.0,1.0,0.0111852738,0.247,6.7067400797409285,7.559984470831199,1.0,0.01,0.001,0.4584486000000001,0
4432,703,704,2006,0,0.0,703_704,2006,1.0,0.0,1.0,1.0,1.0,0.00194783586,0.171,6.171700597410915,4.380962819022613,1.0,0.01,0.001,0.16032,0
4433,702,704,2006,0,0.0,702_704,2006,,,,0.0,1.0,0.00194412538,0.066,5.725870071120206,5.42517025754396,1.0,0.01,0.001,0.162953,0
4434,371,640,2006,0,0.0,371_640,2006,0.0,0.0,0.0,1.0,0.0,0.0145456315,0.305,6.900932053634012,4.224196065267255,6.0,0.36,0.216,0.4867260799999999,0
4435,350,640,2007,0,0.0,350_640,2007,0.0,0.0,1.0,1.0,1.0,0.0113888545,0.279,6.7067400797409285,7.907149629159527,1.0,0.01,0.001,0.4855294999999999,0
4436,365,372,2007,0,1.0,365_372,2007,,,,0.0,1.0,0.04065285937,0.223,7.408166864399255,6.442663884929404,1.0,0.01,0.001,0.76837804,0
4437,365,375,2007,0,0.0,365_375,2007,,,,0.0,0.0,0.0392098694,0.565,6.795034408918018,9.520878860044904,53.0,28.09,148.877,1.00134174,0
4438,365,369,2008,0,0.0,365_369,2008,,,,0.0,1.0,0.0310562326,0.306,6.630023537383524,10.31442950199746,3.0,0.09,0.027,1.1867042,0
4439,355,640,2008,0,0.0,355_640,2008,0.0,0.0,0.0,1.0,0.0,0.0138425364,0.1569999999999999,6.750165358407366,8.293171079280466,22.0,4.84,10.648,0.5193175,0
4440,365,385,2008,0,0.0,365_385,2008,0.0,0.0,0.0,1.0,0.0,0.0392277197,0.5960000000000001,7.405374075260846,7.98848101950142,3.0,0.09,0.027,0.9680732,0
4441,359,369,2009,0,0.0,359_369,2009,,,,0.0,1.0,0.00860172209,0.1469999999999999,5.9974466187855295,6.917263829096246,5.0,0.25,0.125,0.0155745999999999,0
4442,703,704,2010,0,0.0,703_704,2010,,,,0.0,1.0,0.00202426072,0.22,6.171700597410915,5.898292943917684,4.0,0.16,0.064,0.2005389,0
4443,350,640,2010,0,0.0,350_640,2010,0.0,0.0,1.0,1.0,1.0,0.0119218888,0.376,6.7067400797409285,7.994300080869937,3.0,0.09,0.027,0.7932136,0
4444,710,713,2002,0,0.0,710_713,2002,0.0,0.0,0.0,1.0,0.0,0.1442644187,0.685,7.451067453782427,10.8386257301756,1.0,0.01,0.001,,0
4445,710,740,2002,0,0.0,710_740,2002,0.0,0.0,0.0,1.0,0.0,0.1049902369999999,0.736,7.646974647644465,11.73531897507384,3.0,0.09,0.027,1.3086394,0
4446,710,816,2002,0,0.0,710_816,2002,1.0,0.0,1.0,1.0,0.0,0.1455573356999999,0.046,7.752550009151222,8.139454061321905,4.0,0.16,0.064,0.8871065000000001,0
4447,710,732,2002,0,0.0,710_732,2002,0.0,0.0,0.0,1.0,0.0,0.129392543,0.731,6.860873293082006,10.762166798536937,8.0,0.64,0.512,1.321202,0
4448,710,840,2002,0,0.0,710_840,2002,0.0,0.0,0.0,1.0,0.0,0.1481969986,0.429,7.955004095361688,8.738401976276323,1.0,0.01,0.001,0.0689258999999999,0
4449,731,740,2002,0,0.0,731_740,2002,0.0,0.0,0.0,1.0,0.0,0.036206868,0.755,7.159447413700763,6.056777643184916,1.0,0.01,0.001,2.3414179,0
4450,2,710,2002,0,0.0,2_710,2002,0.0,0.0,0.0,1.0,0.0,7.260000000000599e-05,0.727,9.31898847758312,11.986384056454476,1.0,0.01,0.001,3.2720355,0
4451,2,731,2002,0,0.0,2_731,2002,0.0,0.0,0.0,1.0,0.0,0.1411245049999999,0.746,9.309705953873744,1.571736066018521,2.0,0.04,0.008,4.304814,0
4451,230,731,2002,0,0.0,230_731,2002,,,,,,,,,,,,,,0
4452,850,910,2003,0,0.0,850_910,2003,,,,0.0,0.0,0.01463275553,0.125,8.402163860831472,4.608099471439169,13.0,1.69,2.197,1.0274317,0
4453,840,850,2003,0,0.0,840_850,2003,0.0,0.0,0.0,1.0,0.0,0.0096314431,0.137,7.934477646621922,6.77934399051041,58.0,33.64,195.112,0.3636336,0
4454,713,740,2003,0,0.0,713_740,2003,1.0,1.0,1.0,1.0,0.0,0.0388193106,0.0539999999999999,7.649835470651261,10.593280865163376,7.0,0.49,0.343,,0
4455,2,731,2003,0,0.0,2_731,2003,0.0,0.0,0.0,1.0,0.0,0.139404279,0.777,9.309705953873744,1.735189135376345,1.0,0.01,0.001,4.168166,0
4456,731,740,2003,0,0.0,731_740,2003,0.0,0.0,0.0,1.0,0.0,0.03460115,0.755,7.159447413700763,5.931473616654258,1.0,0.01,0.001,2.0214826,0
4457,710,740,2003,0,0.0,710_740,2003,0.0,0.0,0.0,1.0,0.0,0.1133645989999999,0.735,7.646974647644465,11.852024391675725,1.0,0.01,0.001,1.7011665,0
4458,710,750,2003,0,0.0,710_750,2003,1.0,0.0,1.0,1.0,0.0,0.087111156,0.633,8.236552933753503,9.024089622002965,16.0,2.56,4.096,0.8153467999999999,0
4459,230,732,2003,0,0.0,230_732,2003,,,,,,,,,,,,,,0
4460,2,850,2003,0,0.0,2_850,2003,0.0,0.0,1.0,1.0,0.0,0.136935167,0.1939999999999999,9.702655732983075,9.475046891222032,58.0,33.64,195.112,3.7859567,0
4461,713,840,2003,0,0.0,713_840,2003,1.0,1.0,1.0,1.0,0.0,0.0029441704999999,0.255,7.059359863114032,8.359359738497295,9.0,0.81,0.729,,0
4462,710,713,2003,0,0.0,710_713,2003,0.0,0.0,0.0,1.0,0.0,0.1521839096,0.681,7.451067453782427,11.070051234985955,1.0,0.01,0.001,,0
4463,710,731,2003,0,0.0,710_731,2003,1.0,0.0,1.0,1.0,1.0,0.1479657489999999,0.0199999999999999,6.696663808692069,6.72426744234817,6.0,0.36,0.216,0.3203161,0
4464,710,816,2003,0,0.0,710_816,2003,1.0,0.0,1.0,1.0,0.0,0.1523237971,0.043,7.752550009151222,8.378072102650531,1.0,0.01,0.001,0.5869730999999999,0
4465,2,731,2004,0,0.0,2_731,2004,0.0,0.0,0.0,1.0,0.0,0.138920916,0.777,9.309705953873744,1.9600947699627629,1.0,0.01,0.001,4.237628,0
4466,710,731,2004,0,0.0,710_731,2004,1.0,0.0,1.0,1.0,1.0,0.155521016,0.0169999999999999,6.696663808692069,7.009821945871275,1.0,0.01,0.001,0.5755161999999999,0
4467,710,740,2004,0,0.0,710_740,2004,0.0,0.0,0.0,1.0,0.0,0.123057731,0.736,7.646974647644465,12.094506973202082,1.0,0.01,0.001,1.6163226000000002,0
4468,732,740,2005,0,0.0,732_740,2005,1.0,1.0,1.0,1.0,0.0,0.0198230699999999,0.007,7.050729447933244,11.130316684512746,6.0,0.36,0.216,0.1738411999999999,0
4469,710,713,2005,0,0.0,710_713,2005,0.0,0.0,0.0,1.0,0.0,0.1641719051,0.677,7.451067453782427,11.55804585613305,1.0,0.01,0.001,,0
4470,713,740,2005,0,0.0,713_740,2005,1.0,1.0,1.0,1.0,0.0,0.0354875890999999,0.0699999999999999,7.649835470651261,10.979846376057006,2.0,0.04,0.008,,0
4471,344,850,2005,0,0.0,344_850,2005,,,,,,,,,,,,,,0
4472,710,740,2005,0,0.0,710_740,2005,0.0,0.0,0.0,1.0,0.0,0.128684316,0.747,7.646974647644465,12.31703867589337,1.0,0.01,0.001,1.4616359,0
4473,731,732,2005,0,0.0,731_732,2005,0.0,0.0,0.0,1.0,0.0,0.010750176,0.749,5.27709373009641,0.0,1.0,0.01,0.001,1.8829462,0
4474,710,760,2005,0,0.0,710_760,2005,0.0,0.0,0.0,1.0,0.0,0.171908552073,0.005,7.944740360079302,2.404581235490045,60.0,36.0,216.0,0.2404903,0
4475,365,740,2006,0,0.0,365_740,2006,0.0,0.0,0.0,1.0,0.0,0.000369292,0.5269999999999999,8.919854372191667,9.3933103018642,5.0,0.25,0.125,1.080235,0
4476,732,740,2006,0,0.0,732_740,2006,1.0,1.0,1.0,1.0,0.0,0.01825334,0.015,7.050729447933244,11.19550417320272,1.0,0.01,0.001,0.1790070999999999,0
4477,365,740,2006,0,0.0,365_740,2006,0.0,0.0,0.0,1.0,0.0,0.000369292,0.5269999999999999,8.919854372191667,9.3933103018642,5.0,0.25,0.125,1.080235,0
4478,710,713,2007,0,0.0,710_713,2007,0.0,0.0,0.0,1.0,0.0,0.1781356198,0.68,7.451067453782427,11.847621124412337,2.0,0.04,0.008,,0
4478,710,740,2007,0,0.0,710_740,2007,0.0,0.0,0.0,1.0,0.0,0.145823497,0.754,7.646974647644465,12.509025363403165,2.0,0.04,0.008,1.2365511,0
4479,731,732,2007,0,0.0,731_732,2007,0.0,0.0,0.0,1.0,0.0,0.010298805,0.749,5.27709373009641,0.0,2.0,0.04,0.008,1.801774,0
4480,365,740,2008,0,0.0,365_740,2008,0.0,0.0,0.0,1.0,0.0,0.001555618,0.544,8.919854372191667,10.055246717827927,2.0,0.04,0.008,0.7375953000000001,0
4481,731,732,2008,0,0.0,731_732,2008,0.0,0.0,0.0,1.0,0.0,0.009968539,0.674,5.27709373009641,0.0,1.0,0.01,0.001,2.001059,0
4482,713,740,2008,0,0.0,713_740,2008,1.0,1.0,1.0,1.0,0.0,0.0318586172,0.0529999999999999,7.649835470651261,11.077471317181663,3.0,0.09,0.027,,0
4483,2,731,2010,0,0.0,2_731,2010,0.0,0.0,0.0,1.0,0.0,0.135469739,0.8140000000000001,9.309705953873744,1.0052169410685563,6.0,0.36,0.216,4.615953,0
4483,731,732,2009,0,1.0,731_732,2009,0.0,0.0,0.0,1.0,0.0,0.009705444,0.674,5.27709373009641,0.0,1.0,0.01,0.001,2.2449138,0
4484,365,740,2009,0,0.0,365_740,2009,0.0,0.0,0.0,1.0,0.0,0.0032564289999999,0.5449999999999999,8.919854372191667,10.371953625347556,1.0,0.01,0.001,0.64920744,0
4485,365,710,2009,0,0.0,365_710,2009,0.0,0.0,0.0,1.0,0.0,0.168647277,0.215,8.664526399287714,10.98768458890787,15.0,2.25,3.375,0.58269256,0
4486,2,710,2009,0,0.0,2_710,2009,0.0,0.0,0.0,1.0,0.0,0.0620758,0.806,9.31898847758312,13.050978132186373,7.0,0.49,0.343,3.1719959,0
4487,710,750,2009,0,0.0,710_750,2009,1.0,0.0,1.0,1.0,0.0,0.127275268,0.5890000000000001,8.236552933753503,11.060104374761696,2.0,0.04,0.008,0.1461304,0
4488,710,816,2010,0,0.0,710_816,2010,1.0,0.0,1.0,1.0,0.0,0.2009354933,0.0549999999999999,7.752550009151222,10.057180870646604,7.0,0.49,0.343,0.4362981000000001,0
4489,710,740,2010,0,0.0,710_740,2010,0.0,0.0,0.0,1.0,0.0,0.172320049,0.758,7.646974647644465,12.561977483013036,3.0,0.09,0.027,1.5111042,0
4490,710,731,2010,0,0.0,710_731,2010,1.0,0.0,1.0,1.0,1.0,0.197137309,0.008,6.696663808692069,7.972898715450092,6.0,0.36,0.216,1.2383341,0
4491,710,740,2010,0,0.0,710_740,2010,0.0,0.0,0.0,1.0,0.0,0.172320049,0.758,7.646974647644465,12.561977483013036,3.0,0.09,0.027,1.5111042,0
4492,713,740,2010,0,0.0,713_740,2010,1.0,1.0,1.0,1.0,0.0,0.0299884391999999,0.0539999999999999,7.649835470651261,10.910937040786676,2.0,0.04,0.008,,0
4493,710,732,2010,0,0.0,710_732,2010,0.0,0.0,0.0,1.0,0.0,0.186766351,0.668,6.860873293082006,12.053065802938274,8.0,0.64,0.512,1.4639183999999998,0
4494,160,365,2002,0,0.0,160_365,2002,0.0,0.0,0.0,1.0,0.0,0.0436801653,0.472,9.508814005506162,5.34784092838231,25.0,6.25,15.625,0.0752674999999999,0
4495,100,101,2003,0,0.0,100_101,2003,0.0,0.0,0.0,1.0,1.0,0.0010109850999999,0.048,6.9364399128420455,7.513153174001255,3.0,0.09,0.027,0.2132016999999999,0
4496,135,140,2003,0,0.0,135_140,2003,0.0,0.0,0.0,1.0,1.0,0.0216565424,0.0629999999999999,8.060350574848302,6.42078350964315,58.0,33.64,195.112,0.08686276,0
4497,41,42,2004,0,0.0,41_42,2004,,,,0.0,1.0,0.00010026927,0.41,5.551407994230199,3.728627263904298,10.0,1.0,1.0,0.38603601,0
4498,100,130,2005,0,0.0,100_130,2005,0.0,0.0,0.0,1.0,1.0,0.0046957329,0.1559999999999999,6.59468702013994,7.3231527639869185,60.0,36.0,216.0,0.2701570000000001,0
4499,100,130,2006,0,0.0,100_130,2006,0.0,0.0,0.0,1.0,1.0,0.0048284484,0.122,6.59468702013994,7.562682649318304,1.0,0.01,0.001,0.0509546999999999,0
4500,100,101,2006,0,0.0,100_101,2006,0.0,0.0,0.0,1.0,1.0,0.0014895046999999,0.1209999999999999,6.9364399128420455,8.195470081699044,3.0,0.09,0.027,0.9792818,0
4501,100,130,2007,0,0.0,100_130,2007,0.0,0.0,0.0,1.0,1.0,0.0048879713,0.088,6.59468702013994,7.707910991474789,1.0,0.01,0.001,0.1717362,0
4502,100,130,2008,0,0.0,100_130,2008,0.0,0.0,0.0,1.0,1.0,0.0054414626,0.049,6.59468702013994,7.699929767711398,1.0,0.01,0.001,0.2788826,0
4503,100,101,2008,0,0.0,100_101,2008,0.0,0.0,0.0,1.0,1.0,0.0020413812999999,0.1529999999999999,6.9364399128420455,8.855902039242531,2.0,0.04,0.008,1.1198529,0
4504,100,130,2009,0,0.0,100_130,2009,0.0,0.0,0.0,1.0,1.0,0.0054099293,0.026,6.59468702013994,7.860584244761625,1.0,0.01,0.001,0.5490062,0
4505,100,101,2009,0,0.0,100_101,2009,0.0,0.0,0.0,1.0,1.0,0.0021198102999999,0.1559999999999999,6.9364399128420455,8.988697831081984,1.0,0.01,0.001,1.2324368,0
4506,2,101,2010,0,0.0,2_101,2010,0.0,0.0,0.0,1.0,1.0,0.143190993,0.481,8.106755741681516,10.568391470652468,10.0,1.0,1.0,3.815086,0
4507,100,101,2010,0,0.0,100_101,2010,0.0,0.0,0.0,1.0,1.0,0.0027771070999999,0.205,6.9364399128420455,8.504663258649135,1.0,0.01,0.001,1.1783739,0
4508,93,94,2010,0,0.0,93_94,2010,,,,0.0,1.0,9.313128999999997e-05,0.474,5.834518296645255,6.005621364811633,12.0,1.44,1.728,0.8376059000000001,0
4509,666,670,2002,0,0.0,666_670,2002,1.0,1.0,1.0,1.0,0.0,0.0062517072,0.746,7.225044696186576,,21.0,4.41,9.261,3.365736,0
4510,630,645,2002,0,0.0,630_645,2002,,,,0.0,0.0,0.0063212795,0.085,6.544199573951183,3.2112230166873683,3.0,0.09,0.027,,0
4511,652,666,2003,0,1.0,652_666,2003,0.0,0.0,0.0,1.0,0.0,0.0002212733999999,0.61,5.392718041969521,,2.0,0.04,0.008,3.5419650000000003,0
4512,2,630,2003,0,0.0,2_630,2003,0.0,0.0,0.0,1.0,0.0,0.138506986,0.628,9.228091877551838,5.398192339087606,6.0,0.36,0.216,4.132191000000001,0
4512,200,630,2003,0,0.0,200_630,2003,0.0,0.0,0.0,1.0,0.0,0.005876186,0.625,8.38920071634096,6.614010840802661,17.0,2.89,4.913,2.959772,0
4513,645,666,2003,0,0.0,645_666,2003,,,,,,,,,,,,,,0
4514,630,645,2003,0,1.0,630_645,2003,,,,0.0,0.0,0.0066275102999999,0.048,6.544199573951183,2.7722110884451143,1.0,0.01,0.001,,0
4515,225,666,2003,0,0.0,225_666,2003,,,,,,,,,,,,,,0
4516,2,640,2003,0,0.0,2_640,2003,0.0,0.0,0.0,1.0,1.0,0.137241551,0.2089999999999999,9.074142570498188,8.833660077337127,58.0,33.64,195.112,2.2844136,0
4517,652,666,2003,0,0.0,652_666,2003,0.0,0.0,0.0,1.0,0.0,0.0002212733999999,0.61,5.392718041969521,,2.0,0.04,0.008,3.5419650000000003,0
4518,2,652,2004,0,0.0,2_652,2004,0.0,0.0,0.0,1.0,0.0,0.1471680655,0.713,9.152467585385711,6.2501875556267406,8.0,0.64,0.512,3.6301101,0
4519,2,630,2004,0,1.0,2_630,2004,0.0,0.0,0.0,1.0,0.0,0.138441296,0.655,9.228091877551838,5.4638318050256105,1.0,0.01,0.001,4.124767,0
4520,640,652,2004,0,0.0,640_652,2004,0.0,0.0,0.0,1.0,0.0,0.0102555555,0.508,6.655955018418123,6.764092519804187,6.0,0.36,0.216,1.3693459,0
4521,630,696,2004,0,0.0,630_696,2004,0.0,0.0,0.0,1.0,0.0,0.0108180565,0.188,7.155474362862388,8.165278328864167,12.0,1.44,1.728,0.2132590000000001,0
4522,630,694,2004,0,0.0,630_694,2004,0.0,0.0,0.0,1.0,0.0,0.01201193391,0.1659999999999999,7.055916629962658,3.7379007344311166,17.0,2.89,4.913,0.2052439999999999,0
4523,630,645,2004,0,0.0,630_645,2004,,,,0.0,0.0,0.0074045113,0.003,6.544199573951183,3.090905125747493,1.0,0.01,0.001,0.0232489999999998,0
4524,2,630,2004,0,0.0,2_630,2004,0.0,0.0,0.0,1.0,0.0,0.138441296,0.655,9.228091877551838,5.4638318050256105,1.0,0.01,0.001,4.124767,0
4525,630,640,2004,0,1.0,630_640,2004,0.0,0.0,0.0,1.0,0.0,0.0015287859999999,0.45,7.435379021024008,7.752198884141332,3.0,0.09,0.027,1.8640028,0
4526,651,666,2004,0,0.0,651_666,2004,1.0,1.0,1.0,1.0,0.0,0.0062448751,0.551,6.0553778728516345,3.3984211982954027,15.0,2.25,3.375,3.774799,0
4527,2,652,2005,0,0.0,2_652,2005,0.0,0.0,0.0,1.0,0.0,0.1520370277,0.708,9.152467585385711,6.2570065073480805,1.0,0.01,0.001,4.027794,0
4527,645,652,2005,0,0.0,645_652,2005,0.0,0.0,0.0,1.0,1.0,0.0002897377,0.089,6.622869293832357,7.919923775008687,14.0,1.96,2.744,0.7434615000000001,0
4528,640,645,2005,0,0.0,640_645,2005,0.0,0.0,0.0,1.0,0.0,0.010114541,0.406,7.141165942652124,7.810085535310158,2.0,0.04,0.008,1.0662984,0
4529,630,645,2005,0,1.0,630_645,2005,0.0,0.0,0.0,1.0,0.0,0.0083224099999999,0.06,6.544199573951183,3.332204510175204,1.0,0.01,0.001,1.1021325000000002,0
4530,670,679,2005,0,0.0,670_679,2005,0.0,0.0,0.0,1.0,1.0,0.0096133198,0.262,6.976908137670454,6.195184087841657,7.0,0.49,0.343,0.1349731999999999,0
4531,651,666,2006,0,1.0,651_666,2006,1.0,1.0,1.0,1.0,0.0,0.0063486556,0.552,6.0553778728516345,4.168074958341057,2.0,0.04,0.008,3.971778,0
4532,652,666,2006,0,0.0,652_666,2006,0.0,0.0,0.0,1.0,0.0,0.0002368534999999,0.616,5.392718041969521,,3.0,0.09,0.027,3.831434,0
4533,660,666,2006,0,1.0,660_666,2006,1.0,1.0,1.0,1.0,0.0,0.00313655174,0.323,5.477717994914328,,1.0,0.01,0.001,3.1046428,0
4534,630,645,2006,0,0.0,630_645,2006,0.0,0.0,0.0,1.0,0.0,0.0090522146,0.224,6.544199573951183,3.4656222400903656,1.0,0.01,0.001,0.8107656999999999,0
4535,2,630,2007,0,0.0,2_630,2007,0.0,0.0,0.0,1.0,0.0,0.135931407,0.724,9.228091877551838,5.619147870901982,2.0,0.04,0.008,4.271052,0
4536,630,645,2007,0,0.0,630_645,2007,0.0,0.0,0.0,1.0,0.0,0.0089213671999999,0.253,6.544199573951183,3.583316834701189,1.0,0.01,0.001,0.8724831000000001,0
4537,640,645,2007,0,1.0,640_645,2007,0.0,0.0,1.0,1.0,0.0,0.0104501782,0.19,7.141165942652124,8.0787179032082,2.0,0.04,0.008,1.1913534,0
4538,2,630,2007,0,0.0,2_630,2007,0.0,0.0,0.0,1.0,0.0,0.135931407,0.724,9.228091877551838,5.619147870901982,2.0,0.04,0.008,4.271052,0
4539,652,666,2007,0,0.0,652_666,2007,0.0,0.0,0.0,1.0,0.0,0.0003960654,0.613,5.392718041969521,,1.0,0.01,0.001,3.837114,0
4540,2,652,2008,0,0.0,2_652,2008,0.0,0.0,0.0,1.0,0.0,0.1432706607,0.756,9.152467585385711,6.249878731810994,3.0,0.09,0.027,4.412314,0
4541,2,630,2008,0,0.0,2_630,2008,0.0,0.0,0.0,1.0,0.0,0.133662951,0.733,9.228091877551838,5.807785849815323,1.0,0.01,0.001,4.578256,0
4542,220,666,2009,0,0.0,220_666,2009,0.0,0.0,0.0,1.0,0.0,0.0125274498,0.129,8.11162807830774,8.059944194914749,64.0,40.96,262.144,0.9705290000000002,0
4543,2,630,2009,0,0.0,2_630,2009,0.0,0.0,0.0,1.0,0.0,0.132037048,0.742,9.228091877551838,6.3902097437684375,1.0,0.01,0.001,4.200872,0
4543,630,645,2009,0,0.0,630_645,2009,0.0,0.0,0.0,1.0,0.0,0.0062753437999999,0.267,6.544199573951183,4.378978631728799,1.0,0.01,0.001,0.7849182000000001,0
4544,651,666,2009,0,0.0,651_666,2009,1.0,1.0,1.0,1.0,0.0,0.0061539438,0.545,6.0553778728516345,5.279398070000353,3.0,0.09,0.027,3.715121,0
4545,660,666,2009,0,1.0,660_666,2009,0.0,0.0,0.0,1.0,0.0,0.0031218995299999,0.289,5.477717994914328,,1.0,0.01,0.001,3.1619174,0
4546,630,645,2009,0,0.0,630_645,2009,0.0,0.0,0.0,1.0,0.0,0.0062753437999999,0.267,6.544199573951183,4.378978631728799,1.0,0.01,0.001,0.7849182000000001,0
4547,630,645,2010,0,1.0,630_645,2010,0.0,0.0,0.0,1.0,0.0,0.0061723624999999,0.27,6.544199573951183,4.104180299050879,1.0,0.01,0.001,1.2117363,0
4548,630,666,2010,0,0.0,630_666,2010,,,,,,,,,,,,,,0
4549,20,390,2004,0,0.0,20_390,2004,,,,,,,,,,,,,,0
4550,20,235,2005,0,0.0,20_235,2005,,,,,,,,,,,,,,0
4551,20,390,2005,0,0.0,20_390,2005,,,,,,,,,,,,,,0
4552,700,770,2002,0,1.0,700_770,2002,,,,0.0,0.0,0.0120434484,0.0249999999999999,5.914583502772024,5.215282599626251,1.0,0.01,0.001,0.3436967,0
4552,2,770,2002,0,1.0,2_770,2002,0.0,0.0,0.0,1.0,1.0,0.139851025,0.586,9.3391820349893,8.003164376239278,57.0,32.49,185.193,3.0740392,0
4553,775,800,2002,0,0.0,775_800,2002,0.0,0.0,0.0,1.0,0.0,0.0005981578,0.451,6.7067400797409285,7.0904859187569045,1.0,0.01,0.001,0.9005123000000002,0
4554,750,771,2002,0,0.0,750_771,2002,1.0,0.0,1.0,1.0,0.0,0.0657274754,0.269,7.263119364120769,7.1353649224434585,1.0,0.01,0.001,0.7621953,0
4555,750,771,2002,0,1.0,750_771,2002,1.0,0.0,1.0,1.0,0.0,0.0657274754,0.269,7.263119364120769,7.1353649224434585,1.0,0.01,0.001,0.7621953,0
4556,820,830,2003,0,0.0,820_830,2003,0.0,0.0,0.0,1.0,0.0,0.0017371902,0.091,5.760477818332746,10.333986093197725,11.0,1.21,1.331,0.838584,0
4557,775,800,2003,0,1.0,775_800,2003,0.0,0.0,0.0,1.0,0.0,0.0004609287999999,0.441,6.7067400797409285,7.147710243270173,1.0,0.01,0.001,1.2225433,0
4558,775,800,2003,0,0.0,775_800,2003,0.0,0.0,0.0,1.0,0.0,0.0004609287999999,0.441,6.7067400797409285,7.147710243270173,1.0,0.01,0.001,1.2225433,0
4559,800,820,2004,0,0.0,800_820,2004,0.0,0.0,0.0,1.0,0.0,0.0030092494,0.221,7.076991596227436,9.032407180207958,59.0,34.81,205.379,0.7136119000000001,0
4560,800,850,2004,0,0.0,800_850,2004,0.0,0.0,0.0,1.0,0.0,0.0073806578,0.1589999999999999,7.751303260209608,8.152833020196361,59.0,34.81,205.379,0.9705715,0
4561,750,770,2004,0,0.0,750_770,2004,0.0,0.0,0.0,1.0,0.0,0.05980143,0.375,6.531606225208026,5.64132697363619,1.0,0.01,0.001,0.2454838,0
4562,775,800,2004,0,0.0,775_800,2004,0.0,0.0,0.0,1.0,0.0,0.0010343934,0.434,6.7067400797409285,7.239925130747445,1.0,0.01,0.001,1.2018905,0
4563,750,790,2004,0,0.0,750_790,2004,0.0,0.0,0.0,1.0,0.0,0.0722688134,0.507,6.68748260275961,7.088133699108252,35.0,12.25,42.875,0.3165783999999999,0
4564,775,800,2004,0,1.0,775_800,2004,0.0,0.0,0.0,1.0,0.0,0.0010343934,0.434,6.7067400797409285,7.239925130747445,1.0,0.01,0.001,1.2018905,0
4565,750,775,2004,0,0.0,750_775,2004,0.0,0.0,0.0,1.0,0.0,0.0670671262,0.635,7.676195443577513,6.186967574507736,47.0,22.09,103.823,0.9129591,0
4566,750,770,2005,0,0.0,750_770,2005,0.0,0.0,0.0,1.0,0.0,0.061787932,0.365,6.531606225208026,6.295865139263903,1.0,0.01,0.001,0.3826992,0
4567,820,850,2005,0,0.0,820_850,2005,0.0,0.0,0.0,1.0,0.0,0.0095623852,0.3889999999999999,7.080110671464242,8.678746285645254,40.0,16.0,64.0,0.0479629999999999,0
4568,2,770,2005,0,0.0,2_770,2005,0.0,0.0,0.0,1.0,1.0,0.142230398,0.498,9.3391820349893,8.479943101708507,1.0,0.01,0.001,3.515035,0
4569,800,811,2005,0,0.0,800_811,2005,,,,0.0,0.0,0.0061479614,0.187,6.2813317304651,5.5603065606854445,7.0,0.49,0.343,0.3954228,0
4570,800,820,2005,0,0.0,800_820,2005,0.0,0.0,0.0,1.0,0.0,0.0031326772,0.196,7.076991596227436,9.335930100400256,1.0,0.01,0.001,0.8228107,0
4571,2,770,2005,0,0.0,2_770,2005,0.0,0.0,0.0,1.0,1.0,0.142230398,0.498,9.3391820349893,8.479943101708507,1.0,0.01,0.001,3.515035,0
4572,800,820,2006,0,0.0,800_820,2006,0.0,0.0,0.0,1.0,0.0,0.0030317957999999,0.0849999999999999,7.076991596227436,9.556600125631345,1.0,0.01,0.001,0.507713,0
4573,700,770,2006,0,0.0,700_770,2006,0.0,0.0,0.0,1.0,0.0,0.0129042385,0.009,5.914583502772024,7.111320417862136,1.0,0.01,0.001,0.2875704999999999,0
4574,775,800,2006,0,0.0,775_800,2006,0.0,0.0,0.0,1.0,0.0,0.0013069277,0.131,6.7067400797409285,7.849159256919219,1.0,0.01,0.001,0.9082871,0
4575,2,770,2006,0,0.0,2_770,2006,0.0,0.0,0.0,1.0,1.0,0.140058619,0.507,9.3391820349893,8.522307928817636,1.0,0.01,0.001,3.4822248,0
4576,700,770,2006,0,1.0,700_770,2006,0.0,0.0,0.0,1.0,0.0,0.0129042385,0.009,5.914583502772024,7.111320417862136,1.0,0.01,0.001,0.2875704999999999,0
4577,2,770,2007,0,1.0,2_770,2007,0.0,0.0,0.0,1.0,1.0,0.135444936,0.546,9.3391820349893,8.724833197444276,1.0,0.01,0.001,3.3593598,0
4578,630,700,2007,0,1.0,630_700,2007,0.0,0.0,0.0,1.0,0.0,0.0123469802,0.191,7.389316857061601,2.0866016096051303,8.0,0.64,0.512,0.9457347,0
4579,775,800,2007,0,1.0,775_800,2007,0.0,0.0,0.0,1.0,0.0,0.0016163018999999,0.0849999999999999,6.7067400797409285,8.067208322970899,1.0,0.01,0.001,0.9228106,0
4580,710,750,2007,0,0.0,710_750,2007,1.0,0.0,1.0,1.0,0.0,0.108731929,0.626,8.236552933753503,10.417686998557889,4.0,0.16,0.064,0.1468104,0
4581,2,770,2008,0,0.0,2_770,2008,0.0,0.0,0.0,1.0,1.0,0.133398701,0.484,9.3391820349893,8.71114847983072,1.0,0.01,0.001,3.5022231,0
4582,750,771,2008,0,0.0,750_771,2008,0.0,0.0,0.0,1.0,0.0,0.0705511727,0.511,7.263119364120769,7.971585559520995,1.0,0.01,0.001,0.164385,0
4583,630,700,2008,0,0.0,630_700,2008,0.0,0.0,0.0,1.0,0.0,0.0123896487,0.2009999999999999,7.389316857061601,2.321504320403499,1.0,0.01,0.001,1.1675319,0
4584,700,770,2008,0,1.0,700_770,2008,0.0,0.0,0.0,1.0,0.0,0.0126538987,0.0479999999999999,5.914583502772024,7.538768724587014,1.0,0.01,0.001,0.091499,0
4585,750,770,2008,0,,750_770,2008,0.0,0.0,0.0,1.0,0.0,0.063783205,0.305,6.531606225208026,7.728745303007108,3.0,0.09,0.027,0.1056527,0
4586,820,850,2008,0,0.0,820_850,2008,0.0,0.0,0.0,1.0,0.0,0.0096636787,0.3789999999999999,7.080110671464242,9.445112844522116,3.0,0.09,0.027,0.1404086,0
4587,750,780,2008,0,0.0,750_780,2008,0.0,0.0,0.0,1.0,0.0,0.0757858319,0.353,7.797085829273509,8.071573209962995,19.0,3.61,6.859,0.3445595999999999,0
4588,800,811,2008,0,,800_811,2008,0.0,0.0,0.0,1.0,0.0,0.0062179183999999,0.086,6.2813317304651,6.332841450448715,3.0,0.09,0.027,0.402121,0
4589,850,910,2008,0,0.0,850_910,2008,,,,0.0,0.0,0.01420552847,0.2289999999999999,8.402163860831472,4.522769964895634,5.0,0.25,0.125,0.9203749,0
4590,750,771,2008,0,1.0,750_771,2008,0.0,0.0,0.0,1.0,0.0,0.0705511727,0.511,7.263119364120769,7.971585559520995,1.0,0.01,0.001,0.164385,0
4591,771,775,2008,0,0.0,771_775,2008,0.0,0.0,0.0,1.0,0.0,0.0008034781,0.1139999999999999,6.60435024606512,3.611333420903305,17.0,2.89,4.913,0.5114706,0
4592,750,771,2008,0,0.0,750_771,2008,0.0,0.0,0.0,1.0,0.0,0.0705511727,0.511,7.263119364120769,7.971585559520995,1.0,0.01,0.001,0.164385,0
4593,750,771,2009,0,1.0,750_771,2009,0.0,0.0,0.0,1.0,0.0,0.0732958179,0.265,7.263119364120769,8.241352255177393,1.0,0.01,0.001,0.3532569999999999,0
4594,630,700,2009,0,1.0,630_700,2009,0.0,0.0,0.0,1.0,0.0,0.0123533767,0.2029999999999999,7.389316857061601,2.587197634251452,1.0,0.01,0.001,0.9286888,0
4595,775,800,2009,0,0.0,775_800,2009,0.0,0.0,0.0,1.0,0.0,0.0012516985,0.3209999999999999,6.7067400797409285,8.479631875102154,2.0,0.04,0.008,0.8438574999999999,0
4596,771,775,2009,0,0.0,771_775,2009,0.0,0.0,0.0,1.0,0.0,0.0009133597,0.3209999999999999,6.60435024606512,4.482105505720342,1.0,0.01,0.001,0.5108295,0
4597,630,770,2009,0,0.0,630_770,2009,1.0,0.0,1.0,1.0,0.0,9.943400000000067e-05,0.293,7.594582530797263,6.859172507805291,22.0,4.84,10.648,1.0890977,0
4598,2,770,2010,0,,2_770,2010,0.0,0.0,0.0,1.0,1.0,0.133491456,0.434,9.3391820349893,8.549270915595871,1.0,0.01,0.001,3.3576917,0
4599,630,700,2010,0,0.0,630_700,2010,0.0,0.0,0.0,1.0,0.0,0.0119437182,0.2029999999999999,7.389316857061601,2.4122884647860032,1.0,0.01,0.001,1.1759944,0
4601,2,365,2014,0,0.0,2_365,2014,0.0,0.0,0.0,1.0,0.0,0.090216342,0.637,8.964861739409468,10.70214071317344,1.0,0.01,0.001,2.59749737,0
4602,2,630,2011,0,0.0,2_630,2011,0.0,0.0,0.0,1.0,0.0,0.1280198759999999,0.751,9.228091877551838,5.612397876331339,2.0,0.04,0.008,4.112623,0
4603,2,630,2012,0,0.0,2_630,2012,0.0,0.0,0.0,1.0,0.0,0.123384592,0.738,9.228091877551838,5.538318034928669,1.0,0.01,0.001,4.493008,0
4604,2,700,2014,0,0.0,2_700,2014,0.0,0.0,0.0,1.0,0.0,0.1263932952999999,0.551,9.31847703058076,7.37359399701373,13.0,1.69,2.197,3.5482629,0
4605,2,710,2013,0,0.0,2_710,2013,0.0,0.0,0.0,1.0,0.0,0.09561313,0.8190000000000001,9.31898847758312,13.314530474082522,2.0,0.04,0.008,3.1947801,0
4606,2,710,2014,0,0.0,2_710,2014,0.0,0.0,0.0,1.0,0.0,0.09927252,0.8170000000000001,9.31898847758312,13.372313208379028,1.0,0.01,0.001,3.5104708,0
4607,51,91,2011,0,0.0,51_91,2011,0.0,0.0,0.0,1.0,1.0,0.00032873539,0.348,7.086403430409783,3.067456431679405,66.0,43.56,287.496,0.3326848799999999,0
4608,95,130,2013,0,0.0,95_130,2013,,,,,,,,,,,,,,0
4609,95,731,2013,0,0.0,95_731,2013,,,,,,,,,,,,,,0
4610,100,365,2013,0,0.0,100_365,2013,0.0,0.0,0.0,1.0,0.0,0.0323495158,0.393,9.297416746853404,6.349147732600335,68.0,46.24,314.432,0.09517097,0
4611,101,110,2013,0,0.0,101_110,2013,0.0,0.0,0.0,1.0,1.0,0.0044547632899999,0.2809999999999999,6.950431553262574,3.143070055348763,14.0,1.96,2.744,0.7707603000000001,0
4612,160,200,2012,0,0.0,160_200,2012,1.0,1.0,1.0,1.0,0.0,0.0096073792,0.1049999999999999,9.31739944426959,7.413667893659478,29.0,8.41,24.389,1.6756186,0
4613,160,452,2012,0,0.0,160_452,2012,,,,,,,,,,,,,,0
4614,200,230,2012,0,0.0,200_230,2012,0.0,0.0,0.0,1.0,1.0,0.0071707874,0.021,7.142511145624513,10.467103927441457,26.0,6.76,17.576,0.6318,0
4615,200,230,2013,0,0.0,200_230,2013,0.0,0.0,0.0,1.0,1.0,0.0071159994,0.011,7.142511145624513,10.37014029256824,1.0,0.01,0.001,0.7352987000000001,0
4616,200,230,2014,0,0.0,200_230,2014,0.0,0.0,0.0,1.0,1.0,0.0070404279,0.01,7.142511145624513,10.40852103418681,1.0,0.01,0.001,0.7942979000000001,0
4617,220,437,2011,0,,220_437,2011,,,,0.0,0.0,0.0134431963,0.46,8.492142014549378,7.419750838106786,6.0,0.36,0.216,1.40670697,0
4618,220,437,2011,0,0.0,220_437,2011,,,,0.0,0.0,0.0134431963,0.46,8.492142014549378,7.419750838106786,6.0,0.36,0.216,1.40670697,0
4619,325,750,2012,0,0.0,325_750,2012,,,,,,,,,,,,,,0
4620,345,347,2011,0,0.0,345_347,2011,,,,0.0,0.0,0.0009147509449999,0.1029999999999999,5.509793112994564,,66.0,43.56,287.496,,0
4621,345,347,2013,0,0.0,345_347,2013,,,,0.0,0.0,0.00074361572,0.017,5.509793112994564,,2.0,0.04,0.008,,0
4622,404,433,2014,0,0.0,404_433,2014,,,,0.0,1.0,0.0005977197899999,0.287,5.923720895021463,4.503790558293029,22.0,4.84,10.648,0.1992994999999999,0
4622,365,433,2014,0,0.0,365_433,2014,0.0,0.0,0.0,1.0,0.0,0.03845616625,0.4619999999999999,8.781755039427216,4.355171889796682,69.0,47.61,328.509,0.7542314299999999,0
4624,800,811,2014,0,0.0,800_811,2014,0.0,0.0,0.0,1.0,0.0,0.0074089399999999,0.1309999999999999,6.2813317304651,7.279157512057879,3.0,0.09,0.027,0.3417075,0
4625,350,640,2011,0,0.0,350_640,2011,0.0,0.0,1.0,1.0,1.0,0.0117508449,0.379,6.7067400797409285,8.03166546043623,1.0,0.01,0.001,0.3210525000000001,0
4626,350,640,2012,0,0.0,350_640,2012,0.0,0.0,0.0,1.0,1.0,0.0122396232999999,0.389,6.7067400797409285,8.334662268706769,1.0,0.01,0.001,0.4654553999999999,0
4627,350,640,2012,0,0.0,350_640,2012,0.0,0.0,0.0,1.0,1.0,0.0122396232999999,0.389,6.7067400797409285,8.334662268706769,1.0,0.01,0.001,0.4654553999999999,0
4628,640,666,2011,0,0.0,640_666,2011,0.0,0.0,0.0,1.0,0.0,0.0110070008,0.2299999999999999,6.83722551279161,8.058371198022778,35.0,12.25,42.875,1.8260521,0
4628,352,640,2011,0,0.0,352_640,2011,0.0,0.0,0.0,1.0,0.0,0.01491697315,0.3229999999999999,6.277207240178711,3.0399455033303138,9.0,0.81,0.729,0.1381846000000001,0
4629,365,372,2011,0,0.0,365_372,2011,1.0,0.0,1.0,1.0,1.0,0.03939881138,0.201,7.408166864399255,5.985613487997913,1.0,0.01,0.001,1.0365671,0
4630,365,372,2012,0,0.0,365_372,2012,1.0,0.0,1.0,1.0,1.0,0.0391873840499999,0.241,7.408166864399255,6.168180358529762,1.0,0.01,0.001,0.7301302,0
4631,365,372,2013,0,0.0,365_372,2013,0.0,0.0,1.0,1.0,1.0,0.03859891975,0.347,7.408166864399255,6.350465314221868,1.0,0.01,0.001,0.83287473,0
4632,640,645,2011,0,0.0,640_645,2011,0.0,0.0,0.0,1.0,0.0,0.0093605841,0.109,7.141165942652124,8.98664405541541,2.0,0.04,0.008,1.1226438,0
4633,640,645,2014,0,0.0,640_645,2014,0.0,0.0,0.0,1.0,0.0,0.0080653486,0.0229999999999999,7.141165942652124,9.494803268436565,1.0,0.01,0.001,1.4126427,0
4634,365,368,2014,0,0.0,365_368,2014,0.0,0.0,0.0,1.0,0.0,0.03880646662,0.565,6.67405621372841,9.29558827829836,2.0,0.04,0.008,1.00757937,0
4636,700,770,2011,0,,700_770,2011,0.0,0.0,0.0,1.0,0.0,0.0118229353,0.12,5.914583502772024,7.62514989988726,2.0,0.04,0.008,0.118589,0
4636,2,770,2011,0,,2_770,2011,0.0,0.0,0.0,1.0,1.0,0.128629671,0.43,9.3391820349893,8.668790900900458,1.0,0.01,0.001,3.2955779,0
4637,640,652,2014,0,0.0,640_652,2014,0.0,0.0,0.0,1.0,0.0,0.0116312789,0.289,6.655955018418123,7.100711750729931,1.0,0.01,0.001,2.1666129,0
4637,365,640,2013,0,0.0,365_640,2013,0.0,0.0,0.0,1.0,0.0,0.024208129,0.1929999999999999,7.49348427277479,10.418949551683935,13.0,1.69,2.197,0.46503293,0
4639,365,705,2013,0,0.0,365_705,2013,0.0,0.0,0.0,1.0,1.0,0.0359972848999999,0.047,7.728635826051634,10.149177375674045,68.0,46.24,314.432,0.49467207,0
4640,365,710,2012,0,0.0,365_710,2012,0.0,0.0,0.0,1.0,0.0,0.180694064,0.184,8.664526399287714,11.361538916409852,3.0,0.09,0.027,0.9581806,0
4642,373,630,2011,0,1.0,373_630,2011,0.0,0.0,0.0,1.0,0.0,0.0134463834,0.064,6.289158829686488,5.509544599721908,8.0,0.64,0.512,1.1067493,0
4643,437,438,2013,0,0.0,437_438,2013,,,,0.0,1.0,0.00069341293,0.143,7.05695084534399,4.599886089709034,17.0,2.89,4.913,0.3177898999999999,0
4644,471,482,2011,0,0.0,471_482,2011,1.0,1.0,1.0,1.0,1.0,0.00101038654,0.002,6.663771061796076,3.758667236242359,10.0,1.0,1.0,0.3037016,0
4645,484,540,2013,0,0.0,484_540,2013,0.0,0.0,0.0,1.0,1.0,0.00249304732,0.0409999999999999,6.323283115047848,3.314552155812833,16.0,2.56,4.096,0.0727733,0
4646,490,500,2013,0,0.0,490_500,2013,0.0,0.0,0.0,1.0,1.0,0.0031005375,0.007,7.594733470396553,5.200334844215011,6.0,0.36,0.216,0.3971845999999999,0
4647,490,517,2012,0,1.0,490_517,2012,0.0,0.0,0.0,1.0,1.0,0.0041213988,0.101,7.414090837475263,4.436831980831366,8.0,0.64,0.512,0.4799868,0
4648,490,517,2013,0,0.0,490_517,2013,0.0,0.0,0.0,1.0,1.0,0.00407771614,0.098,7.414090837475263,4.478029551753052,1.0,0.01,0.001,0.0972241999999999,0
4649,490,517,2013,0,0.0,490_517,2013,0.0,0.0,0.0,1.0,1.0,0.00407771614,0.098,7.414090837475263,4.478029551753052,1.0,0.01,0.001,0.0972241999999999,0
4650,490,517,2014,0,1.0,490_517,2014,0.0,0.0,0.0,1.0,1.0,0.00414854426,0.092,7.414090837475263,4.529192707395703,1.0,0.01,0.001,0.4366062999999999,0
4651,490,626,2013,0,0.0,490_626,2013,1.0,0.0,1.0,1.0,0.0,0.0026343083,0.15,7.638390903953074,,68.0,46.24,314.432,0.9371697,0
4652,501,520,2011,0,0.0,501_520,2011,,,,0.0,0.0,0.0011700816,0.238,6.926086235666861,5.17120237330632,2.0,0.04,0.008,0.0629162999999999,0
4653,501,520,2013,0,1.0,501_520,2013,,,,0.0,0.0,0.0011485884,0.362,6.926086235666861,5.465612633662839,2.0,0.04,0.008,0.1698062999999999,0
4654,520,530,2011,0,0.0,520_530,2011,,,,0.0,0.0,0.0031427217,0.033,6.972137537911405,0.0,1.0,0.01,0.001,0.3593384999999999,0
4655,530,531,2012,0,,530_531,2012,0.0,0.0,0.0,1.0,0.0,0.0015917536999999,0.158,6.554930058198152,,2.0,0.04,0.008,0.2537814,0
4656,625,626,2011,0,,625_626,2011,0.0,0.0,0.0,1.0,0.0,0.00216192887,0.0179999999999999,7.086152478883935,,66.0,43.56,287.496,1.17335828,0
4657,625,626,2014,0,0.0,625_626,2014,0.0,0.0,0.0,1.0,0.0,0.0021713118,0.0479999999999999,7.086152478883935,,1.0,0.01,0.001,1.7401471,0
4658,625,666,2011,0,0.0,625_666,2011,,,,,,,,,,,,,,0
4659,625,666,2011,0,0.0,625_666,2011,,,,,,,,,,,,,,0
4660,625,666,2012,0,0.0,625_666,2012,,,,,,,,,,,,,,0
4661,630,640,2012,0,0.0,630_640,2012,0.0,0.0,0.0,1.0,0.0,0.000342822,0.35,7.435379021024008,9.705715103098564,8.0,0.64,0.512,2.3268305,0
4662,630,640,2014,0,0.0,630_640,2014,0.0,0.0,0.0,1.0,0.0,4.002200000000067e-05,0.243,7.435379021024008,9.61553737748139,2.0,0.04,0.008,2.1905939,0
4663,630,645,2011,0,,630_645,2011,0.0,0.0,0.0,1.0,0.0,0.0091148051,0.268,6.544199573951183,3.7588718725540167,1.0,0.01,0.001,1.0224441,0
4664,630,670,2012,0,0.0,630_670,2012,0.0,0.0,0.0,1.0,0.0,0.00186311,0.139,7.174111564719166,7.200659044633788,24.0,5.76,13.824,0.724043,0
4665,630,700,2011,0,0.0,630_700,2011,0.0,0.0,0.0,1.0,0.0,0.0124327303,0.2009999999999999,7.389316857061601,2.631888840136646,1.0,0.01,0.001,0.9356341,0
4666,630,700,2012,0,0.0,630_700,2012,0.0,0.0,0.0,1.0,0.0,0.0128096082,0.1919999999999999,7.389316857061601,2.762222679990604,1.0,0.01,0.001,1.0961138,0
4667,630,700,2013,0,1.0,630_700,2013,0.0,0.0,0.0,1.0,0.0,0.0117109234,0.1709999999999999,7.389316857061601,2.8647814911459344,1.0,0.01,0.001,0.7167443000000001,0
4668,630,770,2014,0,0.0,630_770,2014,1.0,0.0,1.0,1.0,0.0,0.000164627,0.286,7.594582530797263,7.752974967178892,1.0,0.01,0.001,0.7342285999999999,0
4668,630,700,2014,0,0.0,630_700,2014,0.0,0.0,0.0,1.0,0.0,0.0116998513,0.1669999999999999,7.389316857061601,2.971674952872974,1.0,0.01,0.001,0.8318420999999999,0
4669,630,700,2014,0,0.0,630_700,2014,0.0,0.0,0.0,1.0,0.0,0.0116998513,0.1669999999999999,7.389316857061601,2.971674952872974,1.0,0.01,0.001,0.8318420999999999,0
4670,630,750,2013,0,0.0,630_750,2013,,,,,,,,,,,,,,0
4671,630,770,2012,0,0.0,630_770,2012,1.0,0.0,1.0,1.0,0.0,0.000971691,0.308,7.594582530797263,7.627902116175715,3.0,0.09,0.027,0.9828278,0
4672,630,770,2013,0,1.0,630_770,2013,1.0,0.0,1.0,1.0,0.0,0.000288571,0.296,7.594582530797263,7.721958222867149,1.0,0.01,0.001,0.946738,0
4673,640,666,2012,0,0.0,640_666,2012,0.0,0.0,0.0,1.0,0.0,0.0109569032,0.243,6.83722551279161,8.349653183256825,1.0,0.01,0.001,1.9582845,0
4674,651,666,2011,0,1.0,651_666,2011,0.0,0.0,1.0,1.0,0.0,0.0060684818,0.548,6.0553778728516345,6.072032732078752,2.0,0.04,0.008,3.361936,0
4675,651,666,2014,0,1.0,651_666,2014,0.0,0.0,1.0,1.0,0.0,0.0053984779,0.596,6.0553778728516345,4.950409167869905,3.0,0.09,0.027,3.957056,0
4676,200,365,2011,0,0.0,200_365,2011,0.0,0.0,0.0,1.0,0.0,0.024630517,0.5660000000000001,7.824685806143631,9.437784741498762,12.0,1.44,1.728,1.7119169,0
4676,365,390,2011,0,0.0,365_390,2011,0.0,0.0,0.0,1.0,0.0,0.0387567424,0.6220000000000001,7.353658307863677,7.856575038384824,8.0,0.64,0.512,1.2213439,0
4676,2,365,2011,0,0.0,2_365,2011,0.0,0.0,0.0,1.0,0.0,0.1030107189999999,0.597,8.964861739409468,10.501699930328972,11.0,1.21,1.331,2.6789029,0
4676,365,375,2011,0,0.0,365_375,2011,0.0,0.0,0.0,1.0,0.0,0.0382004014,0.585,6.795034408918018,9.704616952596108,3.0,0.09,0.027,1.1188217,0
4676,365,385,2011,0,0.0,365_385,2011,0.0,0.0,0.0,1.0,0.0,0.0381649609,0.6020000000000001,7.405374075260846,8.13454941443557,3.0,0.09,0.027,1.0362718,0
4676,365,385,2012,0,0.0,365_385,2012,0.0,0.0,0.0,1.0,0.0,0.0379433332,0.623,7.405374075260846,8.23783496609364,1.0,0.01,0.001,0.8003702,0
4676,211,365,2012,0,0.0,211_365,2012,0.0,0.0,0.0,1.0,0.0,0.036714429,0.622,7.720727852610431,9.651139547441542,13.0,1.69,2.197,0.9246716,0
4676,365,368,2012,0,0.0,365_368,2012,0.0,0.0,0.0,1.0,0.0,0.03923982129,0.5609999999999999,6.67405621372841,9.32867303433791,17.0,2.89,4.913,0.9495836,0
4676,20,365,2011,0,0.0,20_365,2011,0.0,0.0,0.0,1.0,0.0,0.0304760931,0.512,8.876237326603665,7.998156045193177,11.0,1.21,1.331,2.0669709,0
4677,365,385,2011,0,0.0,365_385,2011,0.0,0.0,0.0,1.0,0.0,0.0381649609,0.6020000000000001,7.405374075260846,8.13454941443557,3.0,0.09,0.027,1.0362718,0
4678,365,640,2014,0,0.0,365_640,2014,0.0,0.0,0.0,1.0,0.0,0.024517124,0.1619999999999999,7.49348427277479,10.383997917219228,1.0,0.01,0.001,0.40798627,0
4678,365,366,2014,0,0.0,365_366,2014,0.0,0.0,0.0,1.0,0.0,0.03900512799,0.624,6.7665372770666,7.384727756797422,1.0,0.01,0.001,0.99644137,0
4678,200,365,2013,0,0.0,200_365,2013,0.0,0.0,0.0,1.0,0.0,0.0243262349999999,0.588,7.824685806143631,10.020358172067487,2.0,0.04,0.008,1.69261343,0
4678,20,365,2014,0,0.0,20_365,2014,0.0,0.0,0.0,1.0,0.0,0.0304718986,0.5499999999999999,8.876237326603665,7.909193047710016,3.0,0.09,0.027,1.83942037,0
4678,365,368,2014,0,0.0,365_368,2014,0.0,0.0,0.0,1.0,0.0,0.03880646662,0.565,6.67405621372841,9.29558827829836,2.0,0.04,0.008,1.00757937,0
4678,365,375,2014,0,0.0,365_375,2014,0.0,0.0,0.0,1.0,0.0,0.0376681363999999,0.627,6.795034408918018,9.865759828320009,1.0,0.01,0.001,0.92426377,0
4678,220,365,2014,0,0.0,220_365,2014,0.0,0.0,0.0,1.0,0.0,0.0252628499999999,0.625,7.8191942601252675,10.172529739195753,15.0,2.25,3.375,1.35566537,0
4678,255,365,2012,0,0.0,255_365,2012,0.0,0.0,0.0,1.0,0.0,0.0218092859999999,0.621,7.38374097990542,11.3148225998081,13.0,1.69,2.197,0.8772549,0
4678,255,365,2014,0,0.0,255_365,2014,0.0,0.0,0.0,1.0,0.0,0.022204006,0.621,7.38374097990542,11.396946090488644,2.0,0.04,0.008,1.19090537,0
4678,365,366,2013,0,0.0,365_366,2013,0.0,0.0,0.0,1.0,0.0,0.03884137579,0.607,6.7665372770666,7.316010956493819,21.0,4.41,9.261,1.05436443,0
4678,235,365,2014,0,0.0,235_365,2014,0.0,0.0,0.0,1.0,0.0,0.0375455616,0.622,8.270678653778788,7.583118915524701,15.0,2.25,3.375,0.89284607,0
4678,200,365,2014,0,0.0,200_365,2014,0.0,0.0,0.0,1.0,0.0,0.024315281,0.597,7.824685806143631,9.809607988912305,1.0,0.01,0.001,1.63288937,0
4678,365,375,2013,0,0.0,365_375,2013,0.0,0.0,0.0,1.0,0.0,0.0374935584999999,0.615,6.795034408918018,9.823017245121518,2.0,0.04,0.008,1.05186443,0
4678,365,385,2012,0,0.0,365_385,2012,0.0,0.0,0.0,1.0,0.0,0.0379433332,0.623,7.405374075260846,8.23783496609364,1.0,0.01,0.001,0.8003702,0
4678,290,365,2014,0,0.0,290_365,2014,0.0,0.0,0.0,1.0,0.0,0.0337238047,0.618,7.049254841255837,10.272828537437064,17.0,2.89,4.913,0.95453537,0
4678,365,380,2014,0,0.0,365_380,2014,0.0,0.0,0.0,1.0,0.0,0.0371117392,0.651,7.113630588729827,9.32382779468374,22.0,4.84,10.648,0.75971087,0
4678,365,390,2012,0,0.0,365_390,2012,0.0,0.0,0.0,1.0,0.0,0.0385590798,0.643,7.353658307863677,8.149819678478266,1.0,0.01,0.001,0.8962073,0
4678,210,365,2014,0,0.0,210_365,2014,0.0,0.0,0.0,1.0,0.0,0.0351914232999999,0.615,7.672711362288515,10.694426921077266,15.0,2.25,3.375,0.99795937,0
4678,365,385,2014,0,0.0,365_385,2014,0.0,0.0,0.0,1.0,0.0,0.0375256911,0.636,7.405374075260846,8.102025111359168,1.0,0.01,0.001,0.91375057,0
4679,365,740,2011,0,0.0,365_740,2011,0.0,0.0,0.0,1.0,0.0,0.003779158,0.5529999999999999,8.919854372191667,10.182177933118526,2.0,0.04,0.008,0.8656904000000001,0
4679,365,732,2011,0,0.0,365_732,2011,0.0,0.0,0.0,1.0,0.0,0.016560586,0.463,8.795748743589717,9.751632618799386,28.0,7.84,21.952,0.8874797000000001,0
4680,710,732,2014,0,0.0,710_732,2014,0.0,0.0,0.0,1.0,0.0,0.205380235,0.621,6.860873293082006,12.572905304757027,1.0,0.01,0.001,1.638199,0
4680,710,740,2014,0,0.0,710_740,2014,0.0,0.0,0.0,1.0,0.0,0.195127536,0.731,7.646974647644465,12.853738059383463,1.0,0.01,0.001,1.7558234,0
4680,2,710,2014,0,0.0,2_710,2014,0.0,0.0,0.0,1.0,0.0,0.09927252,0.8170000000000001,9.31898847758312,13.372313208379028,1.0,0.01,0.001,3.5104708,0
4680,365,732,2014,0,0.0,365_732,2014,0.0,0.0,0.0,1.0,0.0,0.015891373,0.4409999999999999,8.795748743589717,9.989754052173492,1.0,0.01,0.001,0.72522557,0
4680,365,740,2013,0,0.0,365_740,2013,0.0,0.0,0.0,1.0,0.0,0.0035903899999999,0.5389999999999999,8.919854372191667,10.503121180889403,1.0,0.01,0.001,0.73533413,0
4680,365,732,2013,0,0.0,365_732,2013,0.0,0.0,0.0,1.0,0.0,0.01631661,0.4399999999999999,8.795748743589717,10.012860388062254,1.0,0.01,0.001,0.71907823,0
4680,2,365,2014,0,0.0,2_365,2014,0.0,0.0,0.0,1.0,0.0,0.090216342,0.637,8.964861739409468,10.70214071317344,1.0,0.01,0.001,2.59749737,0
4681,365,369,2013,0,0.0,365_369,2013,,,,0.0,1.0,0.0311664696999999,0.183,6.630023537383524,10.722491863126509,5.0,0.25,0.125,0.8567078300000001,0
4682,365,369,2014,0,0.0,365_369,2014,,,,0.0,1.0,0.0320763262,0.1529999999999999,6.630023537383524,10.571985880798206,1.0,0.01,0.001,0.97894537,0
4683,365,369,2014,0,0.0,365_369,2014,,,,0.0,1.0,0.0320763262,0.1529999999999999,6.630023537383524,10.571985880798206,1.0,0.01,0.001,0.97894537,0
4684,700,701,2014,0,0.0,700_701,2014,0.0,0.0,0.0,1.0,0.0,0.00213544975,0.207,6.946879833666187,5.922265931242822,21.0,4.41,9.261,0.0783315,0
4685,368,620,2011,0,0.0,368_620,2011,,,,,,,,,,,,,,0
4685,317,620,2011,0,0.0,317_620,2011,,,,,,,,,,,,,,0
4685,620,694,2011,0,0.0,620_694,2011,,,,,,,,,,,,,,0
4685,390,620,2011,0,0.0,390_620,2011,,,,,,,,,,,,,,0
4685,349,620,2011,0,0.0,349_620,2011,,,,,,,,,,,,,,0
4685,212,620,2011,0,0.0,212_620,2011,,,,,,,,,,,,,,0
4685,380,620,2011,0,0.0,380_620,2011,,,,,,,,,,,,,,0
4685,255,620,2011,0,0.0,255_620,2011,0.0,0.0,0.0,1.0,0.0,0.0173530658,0.7250000000000001,7.689828668736484,8.601121809918274,66.0,43.56,287.496,1.5766549,0
4685,360,620,2011,0,0.0,360_620,2011,,,,,,,,,,,,,,0
4685,316,620,2011,0,0.0,316_620,2011,,,,,,,,,,,,,,0
4685,325,620,2011,0,0.0,325_620,2011,0.0,0.0,0.0,1.0,0.0,0.0122720018,0.687,6.9136379421402925,9.6912475904512,33.0,10.89,35.937,1.5721343,0
4685,341,620,2011,0,0.0,341_620,2011,,,,,,,,,,,,,,0
4685,20,620,2011,0,0.0,20_620,2011,,,,,,,,,,,,,,0
4685,235,620,2011,0,0.0,235_620,2011,,,,,,,,,,,,,,0
4685,210,620,2011,0,0.0,210_620,2011,,,,,,,,,,,,,,0
4685,339,620,2011,0,0.0,339_620,2011,,,,,,,,,,,,,,0
4685,344,620,2011,0,0.0,344_620,2011,,,,,,,,,,,,,,0
4685,310,620,2011,0,0.0,310_620,2011,,,,,,,,,,,,,,0
4685,290,620,2011,0,0.0,290_620,2011,,,,,,,,,,,,,,0
4685,620,663,2011,0,0.0,620_663,2011,,,,,,,,,,,,,,0
4685,230,620,2011,0,0.0,230_620,2011,,,,,,,,,,,,,,0
4685,2,620,2011,0,0.0,2_620,2011,0.0,0.0,0.0,1.0,0.0,0.1414947838,0.7210000000000001,8.963160242833732,7.979212140653959,22.0,4.84,10.648,3.0908502,0
4685,366,620,2011,0,0.0,366_620,2011,,,,,,,,,,,,,,0
4685,385,620,2011,0,0.0,385_620,2011,,,,,,,,,,,,,,0
4685,350,620,2011,0,0.0,350_620,2011,0.0,0.0,0.0,1.0,0.0,0.0019698419,0.726,7.013195791440134,7.039859190740471,66.0,43.56,287.496,1.4443676,0
4685,620,696,2011,0,0.0,620_696,2011,,,,,,,,,,,,,,0
4685,395,620,2011,0,0.0,395_620,2011,,,,,,,,,,,,,,0
4685,211,620,2011,0,0.0,211_620,2011,,,,,,,,,,,,,,0
4685,355,620,2011,0,0.0,355_620,2011,,,,,,,,,,,,,,0
4685,200,620,2011,0,0.0,200_620,2011,0.0,0.0,0.0,1.0,0.0,0.0138535478,0.69,7.75658054372176,7.811835444393997,66.0,43.56,287.496,2.1238642,0
4685,367,620,2011,0,0.0,367_620,2011,,,,,,,,,,,,,,0
4685,620,640,2011,0,0.0,620_640,2011,0.0,0.0,0.0,1.0,0.0,0.0137206868,0.347,7.561225642389184,7.844734245886153,66.0,43.56,287.496,1.1233151,0
4685,220,620,2011,0,0.0,220_620,2011,0.0,0.0,0.0,1.0,0.0,0.0133076268,0.712,7.59749666640725,8.227062951312726,24.0,5.76,13.824,1.9090502,0
4686,616,620,2011,0,0.0,616_620,2011,0.0,0.0,0.0,1.0,1.0,0.0004155137599999,0.153,6.251711186373694,6.994534904119381,26.0,6.76,17.576,0.0620307999999999,0
4687,652,666,2011,0,,652_666,2011,0.0,0.0,0.0,1.0,0.0,0.0008562248999999,0.608,5.392718041969521,,4.0,0.16,0.064,4.0249500000000005,0
4688,652,663,2012,0,,652_663,2012,0.0,0.0,1.0,1.0,0.0,0.0034504963,0.102,5.176149732573829,6.492276273750512,21.0,4.41,9.261,1.2334673,0
4689,652,660,2011,0,1.0,652_660,2011,0.0,0.0,0.0,1.0,0.0,0.00398168092,0.3349999999999999,4.487512142519859,6.368505300412371,42.0,17.64,74.088,0.644312,0
4690,652,663,2013,0,0.0,652_663,2013,0.0,0.0,1.0,1.0,0.0,0.0016906583,0.119,5.176149732573829,6.182343447672204,1.0,0.01,0.001,1.1376126,0
4691,365,670,2013,0,0.0,365_670,2013,0.0,0.0,0.0,1.0,0.0,0.025173937,0.258,8.170100759632849,7.292039173981216,68.0,46.24,314.432,0.89057937,0
4691,365,640,2013,0,0.0,365_640,2013,0.0,0.0,0.0,1.0,0.0,0.024208129,0.1929999999999999,7.49348427277479,10.418949551683935,13.0,1.69,2.197,0.46503293,0
4691,2,365,2013,0,0.0,2_365,2013,0.0,0.0,0.0,1.0,0.0,0.09361491,0.629,8.964861739409468,10.728592694777094,2.0,0.04,0.008,2.69194243,0
4691,200,365,2013,0,0.0,200_365,2013,0.0,0.0,0.0,1.0,0.0,0.0243262349999999,0.588,7.824685806143631,10.020358172067487,2.0,0.04,0.008,1.69261343,0
4691,2,365,2014,0,0.0,2_365,2014,0.0,0.0,0.0,1.0,0.0,0.090216342,0.637,8.964861739409468,10.70214071317344,1.0,0.01,0.001,2.59749737,0
4691,365,666,2013,0,0.0,365_666,2013,0.0,0.0,0.0,1.0,0.0,0.0349221225,0.4579999999999999,7.891592503508168,7.65216969609013,39.0,15.21,59.319,2.53974343,0
4691,365,645,2013,0,0.0,365_645,2013,0.0,0.0,0.0,1.0,0.0,0.0325927954,0.1379999999999999,7.842946270356773,5.753643176706531,20.0,4.0,8.0,0.87373407,0
4691,652,670,2013,0,0.0,652_670,2013,,,,,,,,,,,,,,0
4691,640,652,2011,0,,640_652,2011,0.0,0.0,0.0,1.0,0.0,0.0101507759,0.378,6.655955018418123,7.898305554379636,7.0,0.49,0.343,2.1988979,0
4691,2,652,2012,0,0.0,2_652,2012,0.0,0.0,0.0,1.0,0.0,0.1340844719,0.752,9.152467585385711,6.526890125513193,4.0,0.16,0.064,4.529516,0
4691,200,652,2013,0,0.0,200_652,2013,0.0,0.0,0.0,1.0,0.0,0.0115358882,0.728,8.171966748299813,4.042492164196816,37.0,13.69,50.653,3.452773,0
4691,2,652,2014,0,0.0,2_652,2014,0.0,0.0,0.0,1.0,0.0,0.1263647449,0.764,9.152467585385711,3.79683661806068,1.0,0.01,0.001,4.356124,0
4691,652,666,2013,0,0.0,652_666,2013,0.0,0.0,0.0,1.0,0.0,0.0009400007,0.598,5.392718041969521,,1.0,0.01,0.001,4.2999030000000005,0
4691,645,652,2012,0,0.0,645_652,2012,0.0,0.0,0.0,1.0,0.0,0.0013457979,0.266,6.622869293832357,9.076965881327617,7.0,0.49,0.343,1.1267951,0
4691,2,652,2013,0,0.0,2_652,2013,0.0,0.0,0.0,1.0,0.0,0.1294770331999999,0.769,9.152467585385711,3.762594515159626,1.0,0.01,0.001,4.452102,0
4692,490,500,2013,0,0.0,490_500,2013,0.0,0.0,0.0,1.0,1.0,0.0031005375,0.007,7.594733470396553,5.200334844215011,6.0,0.36,0.216,0.3971845999999999,0
4693,702,703,2013,0,1.0,702_703,2013,,,,0.0,1.0,4.532098e-05,0.241,6.533498097998166,3.323717129759442,8.0,0.64,0.512,0.0770637999999999,0
4694,710,740,2013,0,0.0,710_740,2013,0.0,0.0,0.0,1.0,0.0,0.19281843,0.729,7.646974647644465,12.920334704752833,1.0,0.01,0.001,1.2381718,0
4694,2,710,2013,0,0.0,2_710,2013,0.0,0.0,0.0,1.0,0.0,0.09561313,0.8190000000000001,9.31898847758312,13.314530474082522,2.0,0.04,0.008,3.1947801,0
4694,710,732,2013,0,0.0,710_732,2013,0.0,0.0,0.0,1.0,0.0,0.20554465,0.63,6.860873293082006,12.504188112833988,3.0,0.09,0.027,1.2219159,0
4695,710,713,2014,0,0.0,710_713,2014,0.0,0.0,0.0,1.0,0.0,0.2211955416,0.7220000000000001,7.451067453782427,12.392976479305364,3.0,0.09,0.027,,0
4696,710,732,2014,0,0.0,710_732,2014,0.0,0.0,0.0,1.0,0.0,0.205380235,0.621,6.860873293082006,12.572905304757027,1.0,0.01,0.001,1.638199,0
4698,2,710,2011,0,0.0,2_710,2011,0.0,0.0,0.0,1.0,0.0,0.07135928,0.802,9.31898847758312,13.148403920152916,2.0,0.04,0.008,3.2599944,0
4698,710,713,2011,0,0.0,710_713,2011,0.0,0.0,0.0,1.0,0.0,0.2072918537,0.7040000000000001,7.451067453782427,12.118537149395916,4.0,0.16,0.064,,0
4699,710,816,2011,0,0.0,710_816,2011,1.0,0.0,1.0,1.0,0.0,0.2057004604,0.0549999999999999,7.752550009151222,10.30383907519005,1.0,0.01,0.001,0.4629405999999999,0
4700,710,816,2012,0,0.0,710_816,2012,0.0,0.0,1.0,1.0,0.0,0.2115039156,0.0549999999999999,7.752550009151222,10.57711041806744,1.0,0.01,0.001,0.2871767999999999,0
4701,710,816,2013,0,0.0,710_816,2013,0.0,0.0,1.0,1.0,0.0,0.2193613117,0.061,7.752550009151222,10.834716472029848,1.0,0.01,0.001,0.6000349,0
4702,710,816,2014,0,0.0,710_816,2014,0.0,0.0,1.0,1.0,0.0,0.2196387894,0.0629999999999999,7.752550009151222,11.00244254913983,1.0,0.01,0.001,0.2719031999999999,0
4703,710,840,2011,0,0.0,710_840,2011,0.0,0.0,0.0,1.0,0.0,0.2086332846,0.43,7.955004095361688,10.240774599965976,9.0,0.81,0.729,0.413822,0
4704,710,840,2014,0,0.0,710_840,2014,0.0,0.0,0.0,1.0,0.0,0.2227300683,0.437,7.955004095361688,10.431775744264442,2.0,0.04,0.008,0.3545779,0
4705,713,740,2012,0,0.0,713_740,2012,1.0,1.0,1.0,1.0,0.0,0.0284988848,0.0489999999999999,7.649835470651261,11.212155410649247,2.0,0.04,0.008,,0
4706,731,732,2014,0,0.0,731_732,2014,0.0,0.0,0.0,1.0,0.0,0.0101401159999999,0.62,5.27709373009641,0.0,1.0,0.01,0.001,2.8972472,0
4706,2,731,2014,0,0.0,2_731,2014,0.0,0.0,0.0,1.0,0.0,0.116247831,0.8160000000000001,9.309705953873744,2.1246538725539525,4.0,0.16,0.064,4.769519,0
4707,713,840,2013,0,0.0,713_840,2013,1.0,1.0,1.0,1.0,0.0,0.0015296125999999,0.282,7.059359863114032,8.886320458366203,10.0,1.0,1.0,,0
4708,702,704,2011,0,1.0,702_704,2011,1.0,0.0,1.0,1.0,1.0,0.00200246918,0.062,5.725870071120206,4.410222530424828,5.0,0.25,0.125,0.2078875,0
4709,702,704,2012,0,0.0,702_704,2012,1.0,0.0,1.0,1.0,1.0,0.00227696291,0.06,5.725870071120206,4.522248308312949,1.0,0.01,0.001,0.1526049,0
4710,750,771,2011,0,0.0,750_771,2011,0.0,0.0,0.0,1.0,0.0,0.0728224909,0.255,7.263119364120769,8.347577444860741,1.0,0.01,0.001,0.5051825,0
4711,750,771,2012,0,0.0,750_771,2012,0.0,0.0,0.0,1.0,0.0,0.0732907124,0.25,7.263119364120769,8.60416391257943,1.0,0.01,0.001,0.1942536999999999,0
4712,750,771,2013,0,0.0,750_771,2013,0.0,0.0,0.0,1.0,0.0,0.074031413,0.274,7.263119364120769,8.57580798311182,1.0,0.01,0.001,0.3920626,0
4713,771,775,2011,0,0.0,771_775,2011,0.0,0.0,0.0,1.0,0.0,0.0017775661,0.1929999999999999,6.60435024606512,4.651943842180771,2.0,0.04,0.008,0.2828250000000001,0
4714,771,775,2014,0,1.0,771_775,2014,0.0,0.0,0.0,1.0,0.0,0.0020768708,0.0789999999999999,6.60435024606512,4.55919087367062,3.0,0.09,0.027,0.0694671000000001,0
4715,775,800,2011,0,0.0,775_800,2011,0.0,0.0,0.0,1.0,0.0,0.0020236704,0.239,6.7067400797409285,8.542949355308536,2.0,0.04,0.008,0.8888469000000001,0
4716,775,800,2013,0,0.0,775_800,2013,0.0,0.0,0.0,1.0,0.0,0.0036277882999999,0.091,6.7067400797409285,8.870535721024936,2.0,0.04,0.008,0.825444,0
4717,820,850,2014,0,0.0,820_850,2014,0.0,0.0,0.0,1.0,0.0,0.0107978554999999,0.335,7.080110671464242,10.007960534452378,6.0,0.36,0.216,0.3107893999999999,0
4718,703,704,2012,0,1.0,703_704,2012,,,,0.0,1.0,0.0023208114699999,0.305,6.171700597410915,6.249823358138801,2.0,0.04,0.008,0.1058852999999999,0
4719,710,750,2013,0,0.0,710_750,2013,0.0,0.0,1.0,1.0,0.0,0.146767613,0.5640000000000001,8.236552933753503,11.400190077227414,4.0,0.16,0.064,0.0834496999999999,0
4720,710,750,2014,0,0.0,710_750,2014,0.0,0.0,1.0,1.0,0.0,0.145061445,0.533,8.236552933753503,11.381829139447582,1.0,0.01,0.001,0.0288017999999999,0
4721,731,732,2012,0,0.0,731_732,2012,0.0,0.0,0.0,1.0,0.0,0.0099329,0.667,5.27709373009641,0.0,1.0,0.01,0.001,2.7570456,0
4721,731,740,2012,0,0.0,731_740,2012,0.0,0.0,0.0,1.0,0.0,0.022278093,0.762,7.159447413700763,0.0,9.0,0.81,0.729,2.6573842,0
4722,732,740,2011,0,0.0,732_740,2011,1.0,1.0,1.0,1.0,0.0,0.0127814279999999,0.0899999999999999,7.050729447933244,11.439773291280208,5.0,0.25,0.125,0.0217893,0
4723,732,740,2012,0,0.0,732_740,2012,1.0,1.0,1.0,1.0,0.0,0.0123451929999999,0.0949999999999999,7.050729447933244,11.590717919645574,1.0,0.01,0.001,0.0996614,0
4724,731,740,2013,0,0.0,731_740,2013,0.0,0.0,0.0,1.0,0.0,0.022251038,0.729,7.159447413700763,0.0,1.0,0.01,0.001,2.8544817,0
4724,731,732,2013,0,0.0,731_732,2013,0.0,0.0,0.0,1.0,0.0,0.0095248179999999,0.63,5.27709373009641,0.0,1.0,0.01,0.001,2.8382258,0
4725,731,732,2014,0,0.0,731_732,2014,0.0,0.0,0.0,1.0,0.0,0.0101401159999999,0.62,5.27709373009641,0.0,1.0,0.01,0.001,2.8972472,0
4726,2,770,2014,0,0.0,2_770,2014,0.0,0.0,0.0,1.0,1.0,0.1148580709999999,0.432,9.3391820349893,8.648272329721424,1.0,0.01,0.001,3.6458764,0
