rec_cc,yr,tiv_all,tiv_local,licensed_share
2,1950,312.8,290.0,0.9271099744245523
2,1951,595.3,550.0,0.9239039139929448
2,1952,775.3,520.0,0.6707081129885206
2,1953,1215.3,1170.0,0.9627252530239447
2,1954,1796.05,1769.5,0.9852175607583308
2,1955,1792.3,1769.5,0.9872789153601518
2,1956,1970.8,1940.0,0.9843718286990055
2,1957,1210.8,1180.0,0.9745622728774365
2,1958,590.8,560.0,0.9478672985781992
2,1959,545.8,500.0,0.9160864785635765
2,1960,180.8,120.0,0.663716814159292
2,1961,197.8,5.0,0.025278058645096056
2,1962,235.70000000000002,62.0,0.26304624522698344
2,1963,283.25,75.0,0.264783759929391
2,1964,358.3,147.0,0.41027072285794025
2,1965,170.13,75.0,0.44083935813789454
2,1966,88.6,50.0,0.5643340857787811
2,1967,88.25,74.0,0.8385269121813032
2,1968,62.0,62.0,1.0
2,1969,50.0,50.0,1.0
2,1970,37.5,22.4,0.5973333333333333
2,1971,577.5,429.59999999999997,0.7438961038961038
2,1972,768.85,701.25,0.912076477856539
2,1973,655.65,649.65,0.9908487760237932
2,1974,586.3,580.8,0.9906191369606003
2,1975,387.62,382.62,0.9871007687941799
2,1976,498.78,498.78,1.0
2,1977,384.36,328.0,0.853366635445936
2,1978,368.96,316.0,0.8564614050303556
2,1979,252.5,236.4,0.9362376237623763
2,1980,379.9,227.0,0.5975256646485918
2,1981,530.6800000000001,247.0,0.46544056681992907
2,1982,248.0,173.0,0.6975806451612904
2,1983,463.44000000000005,242.6,0.5234766097013637
2,1984,381.25,197.75,0.5186885245901639
2,1985,654.94,224.5,0.34277949125110696
2,1986,423.94,350.7,0.8272397037316601
2,1987,1997.9499999999998,337.27,0.16880802822893468
2,1988,1787.5199999999998,297.36999999999995,0.16635897780164696
2,1989,1782.8999999999999,320.5,0.17976330697178755
2,1990,363.28,227.7,0.6267892534683991
2,1991,514.85,294.85,0.5726910750704088
2,1992,538.9,397.1,0.7368714047133049
2,1993,947.85,597.98,0.6308804135675476
2,1994,951.49,562.84,0.5915353813492522
2,1995,809.3199999999999,613.4,0.757920229328325
2,1996,560.8199999999999,516.78,0.9214721300952178
2,1997,610.2,368.47999999999996,0.6038675843985577
2,1998,261.56,217.76,0.8325432023245144
2,1999,219.96,169.26,0.7695035460992907
2,2000,333.45,219.3,0.6576698155645525
2,2001,505.35,317.8,0.6288710794498862
2,2002,508.9,382.8,0.7522106504224799
2,2003,629.62,411.5,0.6535688192878244
2,2004,595.88,424.1,0.7117204806336846
2,2005,582.03,430.88,0.7403054825352645
2,2006,706.12,563.52,0.7980513227213505
2,2007,841.87,717.7199999999999,0.8525306757575396
2,2008,935.96,848.46,0.9065130988503782
2,2009,939.25,852.85,0.9080117114719191
2,2010,969.24,770.79,0.7952519499814287
2,2011,936.51,698.16,0.745491238748118
2,2012,1128.5,747.6,0.6624723083739478
2,2013,766.62,573.7,0.7483498995591037
2,2014,568.1,436.7,0.768702693187819
2,2015,481.85,420.35,0.8723669191657155
2,2016,447.2,348.0,0.778175313059034
2,2017,504.3,347.4,0.6888756692444973
2,2018,379.4,263.9,0.6955719557195572
2,2019,881.8,557.4,0.6321161261056929
2,2020,806.1,294.7,0.36558739610470165
2,2021,922.27,273.55,0.29660511563858744
2,2022,846.28,445.5,0.5264215153377133
2,2023,890.94,480.4,0.53920578265652
2,2024,1052.69,501.34999999999997,0.4762560677882377
2,2025,745.2,431.7,0.5793075684380031
20,1950,263.56,158.4,0.6010016694490818
20,1951,293.94,178.4,0.6069265836565285
20,1952,1025.3400000000001,822.4,0.8020754091325802
20,1953,1888.7,1211.4,0.6413935511198179
20,1954,1247.51,775.95,0.6219990220519275
20,1955,1400.07,787.25,0.5622933139057333
20,1956,750.85,477.5,0.6359459279483252
20,1957,731.01,150.0,0.2051955513604465
20,1958,242.0,143.0,0.5909090909090909
20,1959,316.5,170.0,0.5371248025276462
20,1960,171.0,40.0,0.23391812865497075
20,1961,1576.1299999999999,448.0,0.28424051315564075
20,1962,1220.34,775.3,0.6353147483488208
20,1963,1011.8399999999999,864.8,0.8546805819101835
20,1964,742.4,426.9,0.5750269396551724
20,1965,563.0,197.5,0.35079928952042627
20,1966,305.5,161.5,0.5286415711947627
20,1967,236.9,7.5,0.031658927817644573
20,1968,336.13,108.0,0.321304257281409
20,1969,516.4,428.0,0.8288148721920992
20,1970,623.0,420.0,0.6741573033707865
20,1971,457.4,18.5,0.04044599912549191
20,1972,375.61,166.5,0.4432789329357578
20,1973,77.78999999999999,0.0,0.0
20,1974,228.5,0.0,0.0
20,1975,195.49,0.0,0.0
20,1976,53.25,0.0,0.0
20,1977,90.0,0.0,0.0
20,1978,129.7,0.0,0.0
20,1979,192.78,39.0,0.20230314347961406
20,1980,442.0,37.5,0.08484162895927602
20,1981,453.48,37.5,0.08269383434771103
20,1982,277.21,33.3,0.12012553659680386
20,1983,648.69,0.0,0.0
20,1984,653.53,0.0,0.0
20,1985,848.33,0.0,0.0
20,1986,848.75,0.0,0.0
20,1987,786.88,21.6,0.02745018300122001
20,1988,711.75,31.6,0.044397611520899195
20,1989,36.75,7.5,0.20408163265306123
20,1990,157.1,67.85,0.4318905155951623
20,1991,766.85,164.0,0.21386190258851143
20,1992,407.0,173.0,0.4250614250614251
20,1993,196.22,45.2,0.23035368463969016
20,1994,472.86,93.0,0.19667554878822485
20,1995,404.90000000000003,168.0,0.4149172635218572
20,1996,419.3,189.06,0.45089434772239445
20,1997,353.08,171.06,0.48447943808768557
20,1998,111.0,32.69,0.2945045045045045
20,1999,142.89000000000001,0.0,0.0
20,2000,529.15,0.0,0.0
20,2001,519.92,0.0,0.0
20,2002,418.3,0.6,0.0014343772412144394
20,2003,140.23000000000002,13.0,0.09270484204521143
20,2004,340.5,27.0,0.07929515418502203
20,2005,106.0,23.0,0.2169811320754717
20,2006,97.21,29.95,0.3080958749099887
20,2007,477.5,57.2,0.11979057591623037
20,2008,423.47999999999996,51.2,0.1209029942382167
20,2009,103.8,29.0,0.279383429672447
20,2010,220.6,201.6,0.9138712601994561
20,2011,355.78,328.0,0.9219180392377313
20,2012,207.16,168.0,0.8109673682178027
20,2013,201.5,0.0,0.0
20,2014,315.54,10.0,0.03169170311212524
20,2015,407.74,151.5,0.3715603080394369
20,2016,245.84,111.0,0.4515131793036121
20,2017,353.88,259.0,0.7318865152028936
20,2018,185.46,145.5,0.7845357489485603
20,2019,187.22000000000003,115.0,0.6142506142506141
20,2020,248.1,54.0,0.21765417170495768
20,2021,356.55,39.0,0.10938157341186369
20,2022,214.05,40.8,0.19060967063770146
20,2023,72.84,18.6,0.2553542009884679
20,2024,197.7,24.0,0.12139605462822459
20,2025,82.6,24.0,0.2905569007263923
31,1978,10.5,0.0,0.0
31,1986,33.0,0.0,0.0
31,1990,1.9,0.0,0.0
31,1991,3.0,0.0,0.0
31,2000,33.0,0.0,0.0
31,2005,2.85,0.0,0.0
31,2009,1.35,0.0,0.0
31,2014,30.0,0.0,0.0
31,2015,15.8,0.0,0.0
31,2016,19.8,0.0,0.0
31,2017,11.9,0.0,0.0
40,1951,8.36,0.0,0.0
40,1952,11.92,0.0,0.0
40,1953,12.76,0.0,0.0
40,1954,20.0,0.0,0.0
40,1955,3.2,0.0,0.0
40,1956,34.58,0.0,0.0
40,1957,10.950000000000001,0.0,0.0
40,1958,22.92,0.0,0.0
40,1959,10.2,0.0,0.0
40,1960,152.82,0.0,0.0
40,1961,524.2,0.0,0.0
40,1962,1337.01,0.0,0.0
40,1963,287.55,0.0,0.0
40,1964,251.95000000000002,0.0,0.0
40,1965,135.25,0.0,0.0
40,1966,232.2,0.0,0.0
40,1967,162.5,0.0,0.0
40,1968,155.0,0.0,0.0
40,1969,155.48,0.0,0.0
40,1970,155.0,0.0,0.0
40,1971,162.2,0.0,0.0
40,1972,451.61,0.0,0.0
40,1973,419.78,0.0,0.0
40,1974,407.51,0.0,0.0
40,1975,200.2,0.0,0.0
40,1976,316.1,0.0,0.0
40,1977,608.5,0.0,0.0
40,1978,502.95,0.0,0.0
40,1979,409.75,0.0,0.0
40,1980,348.5,0.0,0.0
40,1981,960.3,0.0,0.0
40,1982,960.15,0.0,0.0
40,1983,777.7,0.0,0.0
40,1984,426.3,0.0,0.0
40,1985,352.02,0.0,0.0
40,1986,280.8,0.0,0.0
40,1987,74.8,0.0,0.0
40,1988,166.8,0.0,0.0
40,1989,93.64,0.0,0.0
40,1990,169.32999999999998,0.0,0.0
40,1991,159.32999999999998,0.0,0.0
40,2004,8.26,0.0,0.0
41,1950,4.08,0.0,0.0
41,1952,3.3600000000000003,0.0,0.0
41,1956,4.02,0.0,0.0
41,1957,1.0,0.0,0.0
41,1960,5.72,0.0,0.0
41,1964,0.95,0.0,0.0
41,1969,7.8,0.0,0.0
41,1973,4.78,0.0,0.0
41,1974,4.54,0.0,0.0
41,1975,0.7,0.0,0.0
41,1976,0.95,0.0,0.0
41,1977,0.15,0.0,0.0
41,1978,8.62,0.0,0.0
41,1981,2.75,0.0,0.0
41,1982,3.62,0.0,0.0
41,1983,3.3400000000000003,0.0,0.0
41,1985,9.6,0.0,0.0
41,2025,0.98,0.0,0.0
42,1950,2.38,0.0,0.0
42,1951,11.180000000000001,0.0,0.0
42,1952,43.400000000000006,0.0,0.0
42,1953,21.0,0.0,0.0
42,1954,2.48,0.0,0.0
42,1955,6.0,0.0,0.0
42,1956,6.52,0.0,0.0
42,1957,0.96,0.0,0.0
42,1958,17.0,0.0,0.0
42,1959,13.96,0.0,0.0
42,1960,9.2,0.0,0.0
42,1961,15.33,0.0,0.0
42,1962,0.3,0.0,0.0
42,1963,7.0,0.0,0.0
42,1964,4.95,0.0,0.0
42,1965,10.0,0.0,0.0
42,1966,9.0,0.0,0.0
42,1967,1.0,0.0,0.0
42,1968,0.75,0.0,0.0
42,1969,0.12,0.0,0.0
42,1970,0.86,0.0,0.0
42,1971,1.68,0.0,0.0
42,1972,6.8,0.0,0.0
42,1973,0.24,0.0,0.0
42,1975,2.0,0.0,0.0
42,1976,12.0,0.0,0.0
42,1980,8.559999999999999,0.0,0.0
42,1981,5.24,0.0,0.0
42,1982,35.56,0.0,0.0
42,1984,25.2,0.0,0.0
42,1985,1.94,0.0,0.0
42,1988,2.59,0.0,0.0
42,1996,4.0,0.0,0.0
42,1998,6.29,0.0,0.0
42,1999,1.12,0.0,0.0
42,2000,12.52,0.0,0.0
42,2001,4.64,0.0,0.0
42,2002,0.38,0.0,0.0
42,2003,8.969999999999999,0.0,0.0
42,2004,35.99,0.0,0.0
42,2005,2.24,0.0,0.0
42,2009,10.0,0.0,0.0
42,2010,51.0,0.0,0.0
42,2011,12.0,0.0,0.0
42,2015,0.5,0.0,0.0
42,2016,0.25,0.0,0.0
42,2020,4.25,0.0,0.0
42,2022,5.22,0.0,0.0
42,2023,9.16,0.28,0.030567685589519653
42,2024,9.78,0.0,0.0
42,2025,12.81,0.56,0.04371584699453552
51,1962,0.72,0.0,0.0
51,1963,0.96,0.0,0.0
51,1964,0.24,0.0,0.0
51,1967,2.5,0.0,0.0
51,1971,0.7,0.0,0.0
51,1973,12.5,0.0,0.0
51,1974,7.499999999999999,0.0,0.0
51,1975,4.25,0.0,0.0
51,1976,0.7,0.0,0.0
51,1977,3.1,0.0,0.0
51,1978,3.5,0.0,0.0
51,1981,0.48,0.0,0.0
51,1985,5.0,0.0,0.0
51,1986,2.9,0.0,0.0
51,1989,4.19,0.0,0.0
51,1998,10.0,0.0,0.0
51,1999,10.2,0.0,0.0
51,2005,10.0,0.0,0.0
51,2006,10.15,0.0,0.0
51,2007,14.05,0.0,0.0
51,2008,2.0,0.0,0.0
51,2010,0.7,0.0,0.0
51,2013,0.7,0.0,0.0
51,2015,2.2800000000000002,0.0,0.0
51,2016,22.28,0.0,0.0
51,2018,18.700000000000003,0.0,0.0
51,2019,2.8,0.0,0.0
51,2020,10.0,0.0,0.0
51,2021,28.880000000000003,0.0,0.0
51,2023,10.0,0.0,0.0
51,2024,10.0,0.0,0.0
52,1965,10.5,0.0,0.0
52,1966,0.35,0.0,0.0
52,1972,10.5,0.0,0.0
52,1973,1.6,0.0,0.0
52,1980,21.95,0.0,0.0
52,1981,6.0,0.0,0.0
52,1987,0.35,0.0,0.0
52,2000,10.74,0.0,0.0
52,2001,0.5,0.0,0.0
52,2002,1.5,0.0,0.0
52,2007,5.92,0.0,0.0
52,2010,24.0,0.0,0.0
52,2011,12.0,0.0,0.0
52,2012,12.0,0.0,0.0
52,2015,46.0,0.0,0.0
52,2016,30.0,0.0,0.0
52,2021,32.0,0.0,0.0
53,1981,9.3,0.0,0.0
53,1984,0.95,0.0,0.0
53,2007,10.0,0.0,0.0
53,2008,10.0,0.0,0.0
53,2009,10.0,0.0,0.0
55,1982,1.2,0.0,0.0
57,1987,3.9,0.0,0.0
58,2022,0.24,0.0,0.0
60,1985,5.5,0.0,0.0
70,1951,6.640000000000001,0.0,0.0
70,1953,12.2,0.0,0.0
70,1958,16.0,0.0,0.0
70,1959,2.26,0.0,0.0
70,1960,20.16,4.32,0.2142857142857143
70,1961,30.0,0.0,0.0
70,1962,108.56,0.0,0.0
70,1963,59.599999999999994,0.0,0.0
70,1964,37.64,0.0,0.0
70,1965,11.75,0.0,0.0
70,1966,21.5,0.0,0.0
70,1967,14.81,0.0,0.0
70,1970,82.21,0.0,0.0
70,1971,47.8,0.0,0.0
70,1972,15.299999999999999,0.0,0.0
70,1973,158.39000000000001,0.0,0.0
70,1974,60.75,39.6,0.6518518518518519
70,1975,103.78,79.2,0.7631528232800154
70,1976,68.65,33.0,0.48069919883466855
70,1977,39.099999999999994,0.0,0.0
70,1978,73.89999999999999,13.2,0.1786197564276049
70,1979,67.66,26.4,0.39018622524386637
70,1980,75.06,6.6,0.08792965627498
70,1981,114.8,0.0,0.0
70,1982,342.68,6.6,0.019259950974670245
70,1983,115.5,0.0,0.0
70,1985,7.7,0.0,0.0
70,1986,137.27999999999997,0.0,0.0
70,1987,154.36,0.0,0.0
70,1988,103.28,0.0,0.0
70,1989,63.46,0.0,0.0
70,1990,32.42,0.0,0.0
70,1991,39.61,0.0,0.0
70,1992,19.1,0.0,0.0
70,1993,159.74,0.0,0.0
70,1994,136.27,0.0,0.0
70,1995,55.410000000000004,0.0,0.0
70,1996,91.87,0.0,0.0
70,1997,495.02,0.0,0.0
70,1998,19.38,0.0,0.0
70,1999,136.4,0.0,0.0
70,2000,215.37,0.32,0.0014858151088823885
70,2001,148.67,0.0,0.0
70,2002,96.77000000000001,0.0,0.0
70,2003,19.7,0.0,0.0
70,2004,320.58,0.0,0.0
70,2005,40.4,0.0,0.0
70,2006,78.14,0.0,0.0
70,2008,23.0,0.0,0.0
70,2009,59.0,0.0,0.0
70,2010,109.09,0.84,0.007700064167201393
70,2011,224.56,34.16,0.15211970074812967
70,2012,260.45,22.8,0.08754079477826839
70,2013,52.3,2.8,0.05353728489483747
70,2014,88.97,23.22,0.2609868494998314
70,2015,323.64,20.0,0.061797058460017304
70,2016,327.77000000000004,20.0,0.061018397046709576
70,2017,214.5,30.0,0.13986013986013987
70,2018,16.2,0.0,0.0
70,2020,277.42,245.5,0.8849398024655756
70,2021,2.5,0.0,0.0
70,2023,4.2,0.0,0.0
70,2024,46.44,0.0,0.0
70,2025,8.8,0.0,0.0
80,1984,0.48,0.0,0.0
80,1996,0.33999999999999997,0.0,0.0
80,2000,0.6,0.0,0.0
80,2016,2.1,0.0,0.0
80,2023,1.0,0.0,0.0
90,1951,6.0,0.0,0.0
90,1954,2.4,0.0,0.0
90,1955,8.48,0.0,0.0
90,1956,6.1,0.0,0.0
90,1959,5.32,0.0,0.0
90,1960,16.0,0.0,0.0
90,1962,0.8999999999999999,0.0,0.0
90,1963,6.88,0.0,0.0
90,1964,8.219999999999999,0.0,0.0
90,1965,4.96,0.0,0.0
90,1967,1.3,0.0,0.0
90,1968,15.94,0.0,0.0
90,1969,1.12,0.0,0.0
90,1971,45.28,0.0,0.0
90,1972,1.0,0.0,0.0
90,1973,0.4,0.0,0.0
90,1974,14.75,0.0,0.0
90,1975,46.849999999999994,0.0,0.0
90,1976,15.37,0.0,0.0
90,1977,0.6,0.0,0.0
90,1978,0.6,0.0,0.0
90,1979,4.8,0.0,0.0
90,1980,7.8,0.0,0.0
90,1981,49.2,0.0,0.0
90,1982,15.8,0.0,0.0
90,1983,1.1,0.0,0.0
90,1984,6.8,0.0,0.0
90,1985,25.2,0.0,0.0
90,1986,1.6,0.0,0.0
90,1989,3.6,0.0,0.0
90,1993,12.75,0.0,0.0
90,1994,4.25,0.0,0.0
90,1995,4.25,0.0,0.0
90,1996,2.1,0.0,0.0
90,1998,0.92,0.0,0.0
90,2008,0.4,0.0,0.0
90,2012,2.1,0.0,0.0
90,2015,33.0,0.0,0.0
90,2018,4.28,0.0,0.0
90,2019,13.5,0.0,0.0
90,2022,10.0,0.0,0.0
90,2023,5.55,0.0,0.0
91,1951,1.44,0.0,0.0
91,1952,1.7000000000000002,0.0,0.0
91,1954,1.4,0.0,0.0
91,1956,8.64,0.0,0.0
91,1957,0.8,0.0,0.0
91,1958,12.2,0.0,0.0
91,1959,0.54,0.0,0.0
91,1962,13.74,0.0,0.0
91,1965,0.54,0.0,0.0
91,1966,5.72,0.0,0.0
91,1969,20.0,0.0,0.0
91,1973,2.25,0.0,0.0
91,1975,31.44,0.0,0.0
91,1976,30.43,0.0,0.0
91,1977,34.48,0.0,0.0
91,1978,32.72,0.0,0.0
91,1979,8.5,0.0,0.0
91,1980,13.16,0.0,0.0
91,1981,31.18,0.0,0.0
91,1982,33.59,0.0,0.0
91,1983,36.96,0.0,0.0
91,1984,23.42,0.0,0.0
91,1985,33.559999999999995,0.0,0.0
91,1986,75.33,0.0,0.0
91,1987,12.6,0.0,0.0
91,1988,44.2,0.0,0.0
91,1989,16.8,0.0,0.0
91,2008,0.4,0.0,0.0
91,2011,0.2,0.0,0.0
91,2012,0.2,0.0,0.0
91,2013,20.0,0.0,0.0
91,2014,13.0,0.0,0.0
91,2015,6.19,0.0,0.0
91,2017,10.0,0.0,0.0
91,2018,1.0,0.0,0.0
91,2019,22.5,0.0,0.0
91,2020,0.48,0.0,0.0
91,2021,4.25,0.0,0.0
91,2024,6.5,0.0,0.0
92,1950,0.4,0.0,0.0
92,1954,0.57,0.0,0.0
92,1955,1.44,0.0,0.0
92,1957,16.5,0.0,0.0
92,1963,0.18,0.0,0.0
92,1965,0.54,0.0,0.0
92,1966,0.72,0.0,0.0
92,1967,0.18,0.0,0.0
92,1968,12.04,0.0,0.0
92,1969,7.0,0.0,0.0
92,1970,12.8,0.0,0.0
92,1971,1.2999999999999998,0.0,0.0
92,1973,0.95,0.0,0.0
92,1974,29.17,0.0,0.0
92,1975,46.24,0.0,0.0
92,1976,18.880000000000003,0.0,0.0
92,1977,10.399999999999999,0.0,0.0
92,1978,3.43,0.0,0.0
92,1979,11.04,0.0,0.0
92,1980,12.510000000000002,0.0,0.0
92,1981,4.9,0.0,0.0
92,1982,32.35,0.0,0.0
92,1983,20.61,0.0,0.0
92,1984,65.02000000000001,0.0,0.0
92,1985,42.01,3.3,0.07855272554153774
92,1986,4.5,3.3,0.7333333333333333
92,1991,20.630000000000003,0.0,0.0
92,1992,4.25,0.0,0.0
92,1993,1.8,0.0,0.0
92,1995,4.25,0.0,0.0
92,1996,4.25,0.0,0.0
92,1998,2.42,0.0,0.0
92,2002,19.0,0.0,0.0
92,2003,10.0,0.0,0.0
92,2008,3.3,0.0,0.0
92,2009,2.34,0.0,0.0
92,2010,1.56,0.0,0.0
92,2011,1.56,0.0,0.0
92,2012,3.5300000000000002,0.0,0.0
92,2013,1.43,0.0,0.0
92,2014,21.43,0.0,0.0
92,2017,0.7,0.0,0.0
92,2018,1.12,0.0,0.0
92,2019,2.16,0.0,0.0
92,2020,4.08,0.0,0.0
92,2021,4.25,0.0,0.0
92,2022,7.2,0.0,0.0
92,2023,4.3,0.0,0.0
92,2024,0.2,0.0,0.0
92,2025,2.96,0.0,0.0
93,1953,3.0,0.0,0.0
93,1954,14.64,0.0,0.0
93,1955,26.5,0.0,0.0
93,1956,1.12,0.0,0.0
93,1957,2.4,0.0,0.0
93,1958,6.0,0.0,0.0
93,1960,2.16,0.0,0.0
93,1961,8.0,0.0,0.0
93,1962,6.0,0.0,0.0
93,1963,6.4399999999999995,0.0,0.0
93,1964,2.18,0.0,0.0
93,1965,0.2,0.0,0.0
93,1966,1.8,0.0,0.0
93,1971,4.9,0.0,0.0
93,1972,4.87,0.0,0.0
93,1973,10.01,0.0,0.0
93,1976,7.66,0.0,0.0
93,1977,19.0,0.0,0.0
93,1978,13.1,0.0,0.0
93,1981,33.83,0.0,0.0
93,1982,69.13,0.0,0.0
93,1983,50.13,0.0,0.0
93,1984,167.43,0.0,0.0
93,1985,89.5,0.0,0.0
93,1986,90.78,0.0,0.0
93,1987,156.64,0.0,0.0
93,1988,62.5,0.0,0.0
93,1989,13.6,0.0,0.0
93,1990,106.5,0.0,0.0
93,2007,14.0,0.0,0.0
93,2009,14.5,0.0,0.0
93,2014,12.600000000000001,0.0,0.0
93,2015,14.489999999999998,0.0,0.0
93,2016,85.8,0.0,0.0
93,2017,6.8,0.0,0.0
93,2019,13.2,0.0,0.0
94,1955,3.2,0.0,0.0
94,1956,0.16,0.0,0.0
94,1963,0.54,0.0,0.0
94,1966,0.4,0.0,0.0
94,1973,1.4,0.0,0.0
94,1975,2.76,0.0,0.0
94,1978,5.5,0.0,0.0
94,1979,1.68,0.0,0.0
94,1980,0.44,0.0,0.0
94,1984,0.15,0.0,0.0
94,1985,1.4,0.0,0.0
94,1986,1.17,0.0,0.0
94,1989,1.56,0.0,0.0
94,1993,2.9,0.0,0.0
94,2018,0.18,0.0,0.0
94,2019,7.5,0.0,0.0
95,1964,0.18,0.0,0.0
95,1968,0.18,0.0,0.0
95,1969,2.8200000000000003,0.0,0.0
95,1970,15.0,0.0,0.0
95,1971,18.34,0.0,0.0
95,1972,1.92,0.0,0.0
95,1973,16.36,0.0,0.0
95,1975,27.0,0.0,0.0
95,1976,5.88,0.0,0.0
95,1977,4.4,0.0,0.0
95,1978,4.75,0.0,0.0
95,1980,2.5,0.0,0.0
95,1981,3.8,0.0,0.0
95,1982,12.6,0.0,0.0
95,1983,7.95,0.0,0.0
95,1984,0.25,0.0,0.0
95,1985,7.4,0.0,0.0
95,1988,22.52,0.0,0.0
95,1989,1.68,0.0,0.0
100,1950,3.36,0.0,0.0
100,1951,7.52,0.0,0.0
100,1952,15.3,0.0,0.0
100,1953,11.5,0.0,0.0
100,1954,35.5,0.0,0.0
100,1955,3.42,0.0,0.0
100,1956,42.6,0.0,0.0
100,1957,15.42,0.0,0.0
100,1958,292.0,0.0,0.0
100,1959,1.44,0.0,0.0
100,1960,5.279999999999999,0.0,0.0
100,1961,65.53999999999999,0.0,0.0
100,1962,5.88,0.0,0.0
100,1963,31.669999999999998,0.0,0.0
100,1964,9.32,0.0,0.0
100,1965,18.0,0.0,0.0
100,1966,32.18,0.0,0.0
100,1967,15.0,0.0,0.0
100,1968,31.65,0.0,0.0
100,1969,120.76,0.0,0.0
100,1970,7.62,0.0,0.0
100,1971,39.85,0.0,0.0
100,1972,171.2,0.0,0.0
100,1973,162.85,0.0,0.0
100,1974,5.0,0.0,0.0
100,1975,291.0,0.0,0.0
100,1976,9.68,0.0,0.0
100,1977,7.56,0.0,0.0
100,1978,12.0,0.0,0.0
100,1979,36.0,0.0,0.0
100,1980,12.25,0.0,0.0
100,1981,28.02,0.0,0.0
100,1982,18.48,0.0,0.0
100,1983,300.25,0.0,0.0
100,1984,660.13,0.0,0.0
100,1985,7.4,0.0,0.0
100,1986,6.300000000000001,0.0,0.0
100,1987,3.6,0.0,0.0
100,1988,36.65,0.0,0.0
100,1989,217.81,0.0,0.0
100,1990,12.5,0.0,0.0
100,1991,71.53,0.0,0.0
100,1992,36.09,0.0,0.0
100,1993,68.43,0.0,0.0
100,1994,42.1,0.0,0.0
100,1995,35.15,0.0,0.0
100,1996,49.38,0.0,0.0
100,1997,193.14,0.0,0.0
100,1998,160.35999999999999,0.0,0.0
100,1999,43.57,0.0,0.0
100,2000,67.85,0.0,0.0
100,2001,268.18,0.0,0.0
100,2002,173.22,0.0,0.0
100,2003,145.28,0.0,0.0
100,2004,18.2,0.0,0.0
100,2005,18.310000000000002,0.0,0.0
100,2006,53.75,0.0,0.0
100,2007,236.55,0.0,0.0
100,2008,109.95,0.0,0.0
100,2009,262.57,0.0,0.0
100,2010,258.75,0.15,0.0005797101449275362
100,2011,145.33,0.75,0.005160668822679419
100,2012,200.22,36.75,0.18354809709319747
100,2013,172.75,1.2,0.006946454413892908
100,2014,169.84,36.9,0.21726330664154497
100,2015,192.89999999999998,0.0,0.0
100,2016,18.0,0.0,0.0
100,2017,91.4,36.0,0.3938730853391685
100,2018,15.899999999999999,0.0,0.0
100,2019,21.85,0.0,0.0
100,2020,79.9,0.0,0.0
100,2021,45.05,0.0,0.0
100,2022,49.86,0.0,0.0
100,2023,3.02,0.0,0.0
100,2024,12.44,0.0,0.0
100,2025,21.619999999999997,0.0,0.0
101,1950,59.0,0.0,0.0
101,1952,24.509999999999998,0.0,0.0
101,1953,194.68,0.0,0.0
101,1954,134.51,0.0,0.0
101,1955,64.3,0.0,0.0
101,1956,399.70000000000005,0.0,0.0
101,1957,274.5,0.0,0.0
101,1958,119.58,0.0,0.0
101,1959,8.5,0.0,0.0
101,1960,63.650000000000006,0.0,0.0
101,1961,32.1,0.0,0.0
101,1962,32.36,0.0,0.0
101,1963,34.06,0.0,0.0
101,1964,5.640000000000001,0.0,0.0
101,1966,69.1,0.0,0.0
101,1967,204.65,0.0,0.0
101,1968,20.45,0.0,0.0
101,1969,7.88,0.0,0.0
101,1970,15.16,0.0,0.0
101,1971,130.10000000000002,0.0,0.0
101,1972,164.64000000000001,0.0,0.0
101,1973,395.41999999999996,0.0,0.0
101,1974,252.35,0.0,0.0
101,1975,230.17000000000002,0.0,0.0
101,1976,170.26,0.0,0.0
101,1977,216.32,0.0,0.0
101,1978,59.0,0.0,0.0
101,1979,13.8,0.0,0.0
101,1980,361.13,0.0,0.0
101,1981,907.9399999999999,0.0,0.0
101,1982,698.19,0.0,0.0
101,1983,241.5,0.0,0.0
101,1984,234.25,0.0,0.0
101,1985,517.0,0.0,0.0
101,1986,91.56,0.0,0.0
101,1987,73.2,0.0,0.0
101,1988,105.15,0.0,0.0
101,1989,120.47,0.0,0.0
101,1990,188.52000000000004,0.0,0.0
101,1991,318.31,0.0,0.0
101,1992,72.19,0.0,0.0
101,1993,37.39,0.0,0.0
101,1994,0.9,0.0,0.0
101,1995,5.0,0.0,0.0
101,1996,36.59,0.0,0.0
101,1997,38.85,0.0,0.0
101,1998,8.08,0.0,0.0
101,1999,85.0,0.0,0.0
101,2000,107.58,0.0,0.0
101,2001,105.69,0.0,0.0
101,2002,44.01,0.0,0.0
101,2003,15.0,0.0,0.0
101,2004,9.18,0.0,0.0
101,2005,20.6,0.0,0.0
101,2006,380.0,0.0,0.0
101,2007,769.75,0.0,0.0
101,2008,740.75,0.0,0.0
101,2009,365.5,30.5,0.08344733242134063
101,2010,210.8,30.5,0.14468690702087286
101,2011,600.15,30.5,0.05082062817628926
101,2012,692.4,0.0,0.0
101,2013,1006.0,0.0,0.0
101,2014,186.13,0.0,0.0
101,2015,137.54999999999998,0.0,0.0
101,2016,95.1,0.0,0.0
101,2018,14.0,0.0,0.0
101,2020,79.0,30.5,0.3860759493670886
101,2023,97.5,0.0,0.0
110,1968,0.48,0.0,0.0
110,1971,1.6,0.0,0.0
110,1974,2.5,0.0,0.0
110,1975,0.25,0.0,0.0
110,1976,16.1,0.0,0.0
110,1977,5.25,0.0,0.0
110,1978,0.6,0.0,0.0
110,1979,5.0,0.0,0.0
110,1980,4.2,0.0,0.0
110,1981,14.0,0.0,0.0
110,1983,2.65,0.0,0.0
110,1984,6.5,0.0,0.0
110,1985,23.0,0.0,0.0
110,2001,7.0,0.0,0.0
110,2002,2.5,0.0,0.0
110,2004,0.2,0.2,1.0
110,2008,0.28,0.0,0.0
110,2018,0.48,0.0,0.0
110,2019,2.0,0.0,0.0
110,2021,5.0,0.0,0.0
110,2023,5.0,0.0,0.0
110,2024,9.0,0.0,0.0
110,2025,5.3999999999999995,0.0,0.0
115,1975,0.44,0.0,0.0
115,1976,5.0,0.0,0.0
115,1977,10.0,0.0,0.0
115,1982,2.4,0.0,0.0
115,1984,8.440000000000001,0.0,0.0
115,1986,4.8,0.0,0.0
115,1987,1.04,0.0,0.0
115,1999,22.8,0.0,0.0
115,2000,2.0,0.0,0.0
115,2012,0.16,0.0,0.0
115,2013,6.5,0.0,0.0
115,2015,2.85,0.0,0.0
115,2024,12.0,0.0,0.0
130,1953,10.24,0.0,0.0
130,1954,14.4,0.0,0.0
130,1955,124.33,0.0,0.0
130,1956,6.0,0.0,0.0
130,1958,12.8,0.0,0.0
130,1960,65.5,0.0,0.0
130,1963,3.0,0.0,0.0
130,1964,3.0,0.0,0.0
130,1965,28.519999999999996,0.0,0.0
130,1966,8.75,0.0,0.0
130,1967,21.369999999999997,0.0,0.0
130,1968,5.1,0.0,0.0
130,1969,0.7,0.0,0.0
130,1970,4.7,0.0,0.0
130,1971,85.1,0.0,0.0
130,1972,41.05,0.0,0.0
130,1973,15.4,0.0,0.0
130,1974,22.07,0.0,0.0
130,1975,42.25,0.0,0.0
130,1976,225.70999999999998,0.0,0.0
130,1977,581.64,0.0,0.0
130,1978,224.16,0.0,0.0
130,1979,109.84,2.79,0.025400582665695556
130,1980,288.86,2.79,0.009658658173509659
130,1981,121.78,2.88,0.02364920348168829
130,1982,291.12,2.79,0.009583676834295136
130,1983,359.91,0.0,0.0
130,1984,321.57,0.0,0.0
130,1985,22.5,0.0,0.0
130,1986,29.76,0.0,0.0
130,1987,25.85,0.0,0.0
130,1988,25.6,0.0,0.0
130,1989,20.0,0.0,0.0
130,1990,3.36,0.0,0.0
130,1991,136.0,0.0,0.0
130,1992,4.0,0.0,0.0
130,1993,18.4,0.0,0.0
130,1994,12.899999999999999,0.0,0.0
130,1995,39.11,0.0,0.0
130,1996,29.200000000000003,0.0,0.0
130,1997,102.75,0.0,0.0
130,1998,31.09,0.0,0.0
130,1999,26.970000000000002,0.0,0.0
130,2000,9.4,0.0,0.0
130,2001,40.55,0.0,0.0
130,2002,1.4200000000000002,0.0,0.0
130,2005,38.6,0.0,0.0
130,2006,47.38,0.0,0.0
130,2007,2.0,0.0,0.0
130,2008,102.0,0.0,0.0
130,2009,76.86,0.0,0.0
130,2010,90.11,0.0,0.0
130,2011,70.1,0.0,0.0
130,2012,88.81,4.25,0.047854971287017226
130,2013,12.06,8.5,0.7048092868988391
130,2014,56.41,4.25,0.07534125155114342
130,2015,27.3,0.0,0.0
130,2016,26.0,0.0,0.0
130,2017,20.0,20.0,1.0
130,2018,5.35,0.0,0.0
130,2019,1.8,0.0,0.0
130,2020,19.7,0.0,0.0
130,2021,15.5,0.0,0.0
130,2022,8.8,0.0,0.0
130,2023,7.28,0.0,0.0
130,2024,18.55,0.0,0.0
130,2025,30.05,0.0,0.0
135,1950,1.52,0.0,0.0
135,1951,24.0,0.0,0.0
135,1952,84.74,0.0,0.0
135,1953,16.8,0.0,0.0
135,1954,110.62,0.0,0.0
135,1955,34.6,0.0,0.0
135,1956,175.04,0.0,0.0
135,1957,117.35000000000001,0.0,0.0
135,1958,29.94,0.0,0.0
135,1959,175.14,0.0,0.0
135,1960,190.74,0.0,0.0
135,1961,95.72,0.0,0.0
135,1962,14.32,0.0,0.0
135,1963,23.96,0.0,0.0
135,1964,17.8,0.0,0.0
135,1965,52.28,0.0,0.0
135,1966,64.7,0.0,0.0
135,1967,13.94,0.0,0.0
135,1968,187.81,0.0,0.0
135,1969,96.36,0.0,0.0
135,1970,35.1,0.0,0.0
135,1971,156.5,0.0,0.0
135,1972,198.09,9.0,0.045433893684688774
135,1973,476.14,0.0,0.0
135,1974,561.3,0.0,0.0
135,1975,554.5,0.0,0.0
135,1976,373.40999999999997,0.0,0.0
135,1977,932.95,0.0,0.0
135,1978,748.3,0.0,0.0
135,1979,641.1700000000001,482.0,0.7517507057410671
135,1980,675.65,0.0,0.0
135,1981,856.76,0.0,0.0
135,1982,270.5,0.0,0.0
135,1983,319.68,0.0,0.0
135,1984,360.8,241.0,0.667960088691796
135,1985,214.88,0.0,0.0
135,1986,249.82,0.0,0.0
135,1987,610.54,241.0,0.3947325318570446
135,1988,241.28,0.0,0.0
135,1989,11.1,0.0,0.0
135,1990,104.25,0.0,0.0
135,1991,108.15,0.0,0.0
135,1992,129.87,0.0,0.0
135,1993,43.07,0.0,0.0
135,1994,175.0,0.0,0.0
135,1995,46.769999999999996,0.0,0.0
135,1996,107.96,0.0,0.0
135,1997,372.51,0.0,0.0
135,1998,51.839999999999996,0.0,0.0
135,1999,94.65,0.0,0.0
135,2000,18.0,0.0,0.0
135,2001,9.22,0.0,0.0
135,2002,16.07,0.0,0.0
135,2003,21.7,0.0,0.0
135,2004,46.5,0.0,0.0
135,2005,368.0,0.0,0.0
135,2006,193.29999999999998,0.0,0.0
135,2007,171.6,0.0,0.0
135,2009,43.0,0.1,0.002325581395348837
135,2010,46.0,0.0,0.0
135,2011,71.02,0.0,0.0
135,2012,5.0,0.0,0.0
135,2013,14.8,0.0,0.0
135,2014,153.1,65.6,0.42847811887655124
135,2015,210.96,105.65,0.5008058399696625
135,2016,167.78,33.15,0.19758016450113242
135,2017,28.0,7.6,0.2714285714285714
135,2018,103.25,84.85,0.8217917675544794
135,2019,0.33,0.33,1.0
135,2020,27.63,0.33,0.01194353963083605
135,2021,61.92,0.22,0.0035529715762273903
135,2022,37.96,0.22,0.005795574288724973
135,2023,22.4,0.0,0.0
135,2024,1.11,0.11,0.09909909909909909
135,2025,90.02999999999999,84.85,0.942463623236699
140,1951,615.2,356.0,0.5786736020806241
140,1953,132.6,0.0,0.0
140,1954,111.96,0.0,0.0
140,1955,378.56,0.0,0.0
140,1956,55.400000000000006,3.6,0.06498194945848375
140,1957,134.26,4.08,0.03038879785490839
140,1958,119.78,4.08,0.034062447821005176
140,1959,129.73000000000002,4.44,0.03422492869806521
140,1960,235.95,4.2,0.017800381436745075
140,1961,211.75,0.0,0.0
140,1962,61.84,0.0,0.0
140,1963,127.48,0.0,0.0
140,1964,25.4,0.0,0.0
140,1965,149.39000000000001,0.0,0.0
140,1966,57.2,0.0,0.0
140,1967,217.92000000000002,0.0,0.0
140,1968,235.57999999999998,0.0,0.0
140,1969,107.9,0.0,0.0
140,1970,216.71999999999997,3.9,0.01799557032115172
140,1971,171.41,31.25,0.1823114170701826
140,1972,519.85,49.35,0.09493123016254688
140,1973,598.3100000000001,51.7,0.0864100549882168
140,1974,256.12,51.7,0.20185850382633141
140,1975,538.46,51.7,0.09601456004160011
140,1976,550.74,277.55,0.503958310636598
140,1977,524.6,287.2,0.5474647350362181
140,1978,831.9200000000001,550.05,0.661181363592653
140,1979,375.36,279.35,0.7442188832054561
140,1980,315.9,261.32,0.8272238050015828
140,1981,61.400000000000006,19.84,0.32312703583061886
140,1982,71.97,32.15,0.4467139085730165
140,1983,87.69999999999999,15.7,0.1790193842645382
140,1984,123.4,23.45,0.19003241491085898
140,1985,81.96,9.08,0.11078574914592484
140,1986,138.68,36.17999999999999,0.26088837611768095
140,1987,233.56,33.379999999999995,0.14291830792943996
140,1988,124.60000000000001,3.48,0.027929373996789724
140,1989,742.38,232.23000000000002,0.31281823324981817
140,1990,139.95,66.95,0.47838513754912476
140,1991,160.5,26.25,0.16355140186915887
140,1992,97.95,35.25,0.3598774885145482
140,1993,65.6,32.85,0.5007621951219513
140,1994,311.03000000000003,203.2,0.6533131852232903
140,1995,266.55,10.0,0.03751641343087601
140,1996,547.4000000000001,180.0,0.3288271830471318
140,1997,475.72,20.6,0.04330278314975196
140,1998,200.3,10.0,0.04992511233150274
140,1999,307.8,188.6,0.6127355425601039
140,2000,86.46,10.6,0.1226000462641684
140,2001,573.25,0.0,0.0
140,2002,220.5,0.0,0.0
140,2003,110.05,0.0,0.0
140,2004,85.25,0.0,0.0
140,2005,222.97,170.0,0.762434408216352
140,2006,178.1,0.0,0.0
140,2007,187.73,0.0,0.0
140,2008,177.88,0.0,0.0
140,2009,135.32,19.0,0.14040792196275495
140,2010,256.06,36.05,0.14078731547293602
140,2011,231.10999999999999,1.05,0.004543291073514777
140,2012,317.12,10.8,0.034056508577194756
140,2013,216.51,40.8,0.1884439517805182
140,2014,201.2,78.4,0.389662027833002
140,2015,201.5,53.6,0.26600496277915636
140,2016,111.2,59.5,0.5350719424460432
140,2017,95.5,56.6,0.5926701570680628
140,2018,258.4,56.2,0.21749226006191955
140,2019,125.3,53.7,0.4285714285714286
140,2020,134.4,77.0,0.5729166666666666
140,2021,240.3,181.60000000000002,0.7557220141489805
140,2022,468.71999999999997,379.52,0.809694487113842
140,2023,193.0,123.0,0.6373056994818653
140,2024,449.64000000000004,380.92,0.8471666221866382
140,2025,461.57,397.82,0.8618844378967437
145,1951,6.0,0.0,0.0
145,1954,1.5,0.0,0.0
145,1958,25.87,0.0,0.0
145,1959,3.2,0.0,0.0
145,1960,6.4,0.0,0.0
145,1961,4.2,0.0,0.0
145,1962,2.0,0.0,0.0
145,1963,4.0,0.0,0.0
145,1964,2.1,0.0,0.0
145,1965,1.68,0.0,0.0
145,1966,1.18,0.0,0.0
145,1967,14.4,0.0,0.0
145,1968,16.580000000000002,0.0,0.0
145,1969,1.23,0.0,0.0
145,1970,2.35,0.0,0.0
145,1971,0.9299999999999999,0.0,0.0
145,1972,12.35,0.0,0.0
145,1973,15.55,0.0,0.0
145,1974,22.71,0.0,0.0
145,1975,17.2,0.0,0.0
145,1976,16.3,0.0,0.0
145,1977,0.75,0.0,0.0
145,1978,10.75,0.0,0.0
145,1979,52.68,0.0,0.0
145,1980,39.84,0.0,0.0
145,1981,28.16,0.0,0.0
145,1982,1.6600000000000001,0.0,0.0
145,1985,18.29,0.0,0.0
145,1986,15.44,0.0,0.0
145,1988,56.019999999999996,0.0,0.0
145,1989,66.03999999999999,0.0,0.0
145,1991,10.54,0.0,0.0
145,1992,25.38,0.0,0.0
145,1993,15.99,0.0,0.0
145,1994,9.2,0.0,0.0
145,1995,1.5,0.0,0.0
145,1999,9.2,0.0,0.0
145,2000,19.24,0.0,0.0
145,2003,5.0,0.0,0.0
145,2004,0.61,0.0,0.0
145,2005,0.58,0.0,0.0
145,2006,8.78,0.0,0.0
145,2007,1.52,0.0,0.0
145,2008,2.9,0.0,0.0
145,2009,5.640000000000001,0.0,0.0
145,2010,1.35,0.0,0.0
145,2011,25.1,0.0,0.0
145,2012,11.690000000000001,0.0,0.0
145,2013,0.54,0.54,1.0
145,2014,46.2,0.0,0.0
145,2016,27.3,0.0,0.0
145,2017,7.25,0.0,0.0
145,2018,1.5,0.0,0.0
145,2019,34.0,0.0,0.0
145,2020,26.0,0.0,0.0
145,2024,0.1,0.0,0.0
150,1950,5.0,0.0,0.0
150,1952,1.2,0.0,0.0
150,1953,0.6,0.0,0.0
150,1955,0.48,0.0,0.0
150,1960,9.16,0.0,0.0
150,1962,11.36,0.0,0.0
150,1963,0.36,0.0,0.0
150,1964,8.36,0.0,0.0
150,1965,1.27,0.0,0.0
150,1966,1.4100000000000001,0.0,0.0
150,1967,5.24,0.0,0.0
150,1968,9.0,0.0,0.0
150,1970,0.32,0.0,0.0
150,1971,1.15,0.0,0.0
150,1972,12.030000000000001,0.0,0.0
150,1973,0.38,0.0,0.0
150,1974,0.61,0.0,0.0
150,1975,19.6,0.0,0.0
150,1976,3.0,0.0,0.0
150,1978,9.25,0.0,0.0
150,1979,1.0,0.0,0.0
150,1980,17.96,0.0,0.0
150,1981,4.75,0.0,0.0
150,1982,3.02,0.0,0.0
150,1983,0.48,0.0,0.0
150,1984,3.08,0.0,0.0
150,1985,35.66,0.0,0.0
150,1986,5.54,0.0,0.0
150,1988,13.5,0.0,0.0
150,1990,6.0,0.0,0.0
150,1991,2.8,0.0,0.0
150,1992,0.84,0.0,0.0
150,1996,2.1,0.0,0.0
150,2001,6.29,0.0,0.0
150,2004,3.8,0.0,0.0
150,2005,0.58,0.0,0.0
150,2010,2.7,0.0,0.0
150,2011,8.2,0.0,0.0
150,2012,7.1,0.0,0.0
150,2013,0.1,0.0,0.0
150,2019,2.1,0.0,0.0
150,2021,5.140000000000001,0.0,0.0
150,2025,24.19,0.0,0.0
155,1950,1.3,0.0,0.0
155,1951,246.84,0.0,0.0
155,1952,31.83,0.0,0.0
155,1953,10.22,0.0,0.0
155,1954,42.05,0.0,0.0
155,1955,5.0,0.0,0.0
155,1956,66.46000000000001,0.0,0.0
155,1957,32.480000000000004,0.0,0.0
155,1958,50.400000000000006,0.0,0.0
155,1959,19.5,0.0,0.0
155,1960,308.4,0.0,0.0
155,1961,38.260000000000005,0.0,0.0
155,1962,19.48,0.0,0.0
155,1963,122.62,0.0,0.0
155,1964,38.42,0.0,0.0
155,1965,48.66,0.0,0.0
155,1966,74.0,0.0,0.0
155,1967,149.8,0.0,0.0
155,1968,62.31,14.3,0.22949767292569412
155,1969,13.42,0.0,0.0
155,1970,77.0,0.0,0.0
155,1971,185.18,11.5,0.06210173884868776
155,1972,50.699999999999996,0.0,0.0
155,1973,278.17,0.0,0.0
155,1974,272.15,0.0,0.0
155,1975,195.58,0.0,0.0
155,1976,386.63,0.0,0.0
155,1977,71.57,0.0,0.0
155,1978,192.07,0.0,0.0
155,1979,147.35,0.0,0.0
155,1980,150.4,0.0,0.0
155,1981,146.58,3.1799999999999997,0.021694637740483007
155,1982,338.53,21.7,0.06410067054618498
155,1983,135.25,39.6,0.29279112754158965
155,1984,512.65,6.0,0.01170389154393836
155,1985,27.9,7.4,0.26523297491039427
155,1986,173.19,35.04,0.20232115018188118
155,1987,155.13,19.0,0.12247792174305422
155,1988,83.55,54.0,0.6463195691202873
155,1989,133.1,19.0,0.14274981217129978
155,1990,131.56,16.66,0.1266342353298875
155,1991,101.7,14.7,0.14454277286135692
155,1992,178.61,4.9,0.02743407423996417
155,1993,83.89,6.8,0.08105852902610561
155,1994,81.15,7.7,0.09488601355514478
155,1995,330.03000000000003,8.3,0.025149228857982608
155,1996,162.87,8.3,0.050960889052618655
155,1997,280.34,11.7,0.04173503602768067
155,1998,79.77,1.5,0.018804061677322303
155,1999,206.16,1.5,0.007275902211874272
155,2000,229.89000000000001,0.6,0.0026099438862064463
155,2001,59.9,0.0,0.0
155,2002,74.88,0.0,0.0
155,2003,187.8,0.0,0.0
155,2004,63.8,0.0,0.0
155,2005,446.38,0.0,0.0
155,2006,1097.22,0.0,0.0
155,2007,659.04,0.0,0.0
155,2008,394.56,36.0,0.09124087591240876
155,2009,328.89,36.0,0.10945908966523762
155,2010,473.84,0.0,0.0
155,2011,325.90000000000003,0.0,0.0
155,2012,60.7,0.0,0.0
155,2013,54.58,1.68,0.030780505679736166
155,2014,135.25,36.0,0.266173752310536
155,2015,134.7,0.0,0.0
155,2016,69.85000000000001,0.0,0.0
155,2017,44.449999999999996,40.0,0.8998875140607425
155,2018,73.5,0.0,0.0
155,2019,15.88,0.0,0.0
155,2020,304.46999999999997,0.0,0.0
155,2021,66.45,0.0,0.0
155,2022,207.2,0.0,0.0
155,2023,9.2,0.0,0.0
155,2024,13.5,0.0,0.0
155,2025,14.48,0.0,0.0
160,1950,84.83999999999999,0.0,0.0
160,1951,444.68,0.0,0.0
160,1952,37.79,0.0,0.0
160,1953,3.72,0.0,0.0
160,1954,4.5,0.0,0.0
160,1955,0.3,0.0,0.0
160,1956,39.2,0.0,0.0
160,1957,13.15,1.9,0.1444866920152091
160,1958,68.66,1.9,0.02767258957180309
160,1959,160.8,16.3,0.1013681592039801
160,1960,110.84,16.3,0.14705882352941177
160,1961,204.81,16.3,0.07958595771690835
160,1962,47.34,16.3,0.34431770173215037
160,1963,28.8,16.3,0.5659722222222222
160,1964,18.86,16.3,0.8642629904559915
160,1965,7.08,1.9,0.2683615819209039
160,1966,92.84,0.0,0.0
160,1967,142.89,0.0,0.0
160,1968,429.55,0.0,0.0
160,1969,230.12,36.9,0.16035112115418043
160,1970,256.97999999999996,36.9,0.1435909409292552
160,1971,363.21,32.7,0.09003056083257621
160,1972,402.31,32.7,0.08128060450896075
160,1973,247.92,19.5,0.07865440464666022
160,1974,450.12,233.82,0.5194614769394827
160,1975,267.68,14.9,0.055663478780633595
160,1976,499.15999999999997,320.15,0.6413775142238961
160,1977,204.15,14.9,0.07298554984080333
160,1978,434.34000000000003,14.9,0.03430492241101441
160,1979,450.71000000000004,23.65,0.05247276519269596
160,1980,445.4,32.0,0.07184553210597217
160,1981,833.47,366.59,0.43983586691782545
160,1982,406.22999999999996,78.5,0.19324028259852793
160,1983,1308.76,80.0,0.06112656254775513
160,1984,724.25,80.0,0.11045909561615465
160,1985,484.7,195.5,0.4033422735712812
160,1986,219.0,158.0,0.7214611872146118
160,1987,216.75,123.0,0.5674740484429066
160,1988,71.35,0.0,0.0
160,1989,6.1,0.0,0.0
160,1990,159.45,123.0,0.7714016933207902
160,1992,26.689999999999998,0.0,0.0
160,1994,208.98000000000002,161.0,0.7704086515456023
160,1995,42.91,7.0,0.1631321370309951
160,1996,21.0,0.0,0.0
160,1997,104.92,17.5,0.16679374761723217
160,1998,171.07,24.5,0.14321622727538436
160,1999,275.76,0.0,0.0
160,2000,208.14,123.0,0.590948400115307
160,2001,5.54,0.0,0.0
160,2002,14.71,0.0,0.0
160,2003,11.21,0.0,0.0
160,2004,161.0,123.0,0.7639751552795031
160,2005,3.1,3.1,1.0
160,2006,9.3,9.3,1.0
160,2007,24.02,12.100000000000001,0.5037468776019984
160,2008,20.92,6.2,0.29636711281070743
160,2009,14.92,0.0,0.0
160,2010,10.9,3.1,0.28440366972477066
160,2011,15.9,0.0,0.0
160,2012,4.5,0.0,0.0
160,2013,8.4,0.0,0.0
160,2014,5.5,3.1,0.5636363636363636
160,2015,17.6,3.1,0.17613636363636362
160,2016,16.830000000000002,3.1,0.184194890077243
160,2017,46.74,6.2,0.1326486949080017
160,2018,19.2,0.0,0.0
160,2019,51.300000000000004,3.1,0.06042884990253411
160,2020,7.0,3.1,0.4428571428571429
160,2021,77.44,3.1,0.040030991735537196
160,2022,49.5,3.1,0.06262626262626263
160,2023,21.52,0.0,0.0
160,2024,44.92,0.0,0.0
160,2025,107.9,0.0,0.0
165,1950,68.36,0.0,0.0
165,1951,3.36,0.0,0.0
165,1952,38.82,0.0,0.0
165,1953,2.88,0.0,0.0
165,1954,1.12,0.0,0.0
165,1955,1.8,0.0,0.0
165,1956,22.119999999999997,0.0,0.0
165,1957,11.6,0.0,0.0
165,1958,9.24,0.0,0.0
165,1960,16.92,0.0,0.0
165,1961,0.48,0.0,0.0
165,1962,100.0,0.0,0.0
165,1963,0.36,0.0,0.0
165,1964,2.48,0.0,0.0
165,1965,8.1,0.0,0.0
165,1966,6.22,0.0,0.0
165,1968,9.85,0.0,0.0
165,1969,11.7,0.0,0.0
165,1970,9.52,0.0,0.0
165,1971,15.57,0.0,0.0
165,1972,24.259999999999998,0.0,0.0
165,1973,5.61,0.0,0.0
165,1974,5.04,0.0,0.0
165,1975,12.65,0.0,0.0
165,1976,53.25,0.0,0.0
165,1977,1.52,0.0,0.0
165,1978,7.85,0.0,0.0
165,1979,8.639999999999999,0.0,0.0
165,1980,21.95,0.0,0.0
165,1981,100.44,0.0,0.0
165,1982,15.2,0.0,0.0
165,1983,17.439999999999998,0.0,0.0
165,1985,11.8,0.0,0.0
165,1988,16.0,0.0,0.0
165,1989,41.0,0.0,0.0
165,1990,39.12,0.0,0.0
165,1991,63.489999999999995,0.0,0.0
165,1992,25.3,0.0,0.0
165,1993,18.4,0.0,0.0
165,1994,10.54,0.0,0.0
165,1995,11.88,0.0,0.0
165,1996,4.32,0.0,0.0
165,1997,18.9,0.0,0.0
165,1998,27.48,0.0,0.0
165,1999,8.67,0.0,0.0
165,2000,4.16,0.0,0.0
165,2002,12.8,0.0,0.0
165,2005,19.98,0.0,0.0
165,2006,7.58,0.0,0.0
165,2007,2.88,0.0,0.0
165,2008,77.7,0.0,0.0
165,2009,29.339999999999996,0.0,0.0
165,2010,20.0,0.0,0.0
165,2014,9.25,0.0,0.0
165,2015,12.8,0.0,0.0
165,2018,9.780000000000001,0.0,0.0
165,2020,24.68,0.0,0.0
165,2021,3.48,0.0,0.0
165,2022,10.25,0.0,0.0
165,2024,12.77,0.0,0.0
165,2025,1.0,0.0,0.0
200,1950,101.1,7.5,0.0741839762611276
200,1951,246.3,7.5,0.03045066991473812
200,1952,535.4399999999999,13.5,0.025212909009412823
200,1953,1609.57,69.75,0.04333455519175929
200,1954,536.97,123.75,0.2304598022235879
200,1955,321.72,105.0,0.3263707571801566
200,1956,141.0,75.75,0.5372340425531915
200,1957,92.65,45.0,0.48569886670264434
200,1958,553.85,44.25,0.07989527850501038
200,1959,542.9,30.0,0.05525879535826119
200,1960,26.0,12.0,0.46153846153846156
200,1961,34.0,15.0,0.4411764705882353
200,1962,37.68,15.0,0.3980891719745223
200,1963,159.18,140.0,0.8795074758135444
200,1964,133.18,112.0,0.8409671121790058
200,1965,165.5,92.0,0.5558912386706949
200,1966,242.0,102.0,0.4214876033057851
200,1967,1443.5,161.0,0.11153446484239696
200,1968,2348.0,937.0,0.39906303236797275
200,1969,2701.25,1921.25,0.7112447940768163
200,1970,70.0,70.0,1.0
200,1971,175.6,110.2,0.6275626423690205
200,1972,222.2,110.2,0.495949594959496
200,1973,238.55,108.55,0.45504087193460485
200,1974,319.0,184.05,0.5769592476489028
200,1975,337.1,209.2,0.6205873628003559
200,1976,251.45,234.45,0.9323921256711075
200,1977,262.23,236.1,0.9003546504976546
200,1978,191.0,168.0,0.8795811518324608
200,1979,231.79999999999998,197.0,0.8498705780845557
200,1980,556.6,455.09999999999997,0.8176428314768235
200,1981,812.2,455.95,0.5613765082491997
200,1982,765.6500000000001,370.7,0.484163782407105
200,1983,292.20000000000005,212.4,0.7268993839835728
200,1984,681.65,207.4,0.304261717890413
200,1985,355.2,225.5,0.6348536036036037
200,1986,272.55,127.2,0.4667033571821684
200,1987,207.39,88.3,0.42576787694681517
200,1988,285.4,149.9,0.5252277505255782
200,1989,208.6,102.6,0.49185043144774687
200,1990,130.14000000000001,104.6,0.8037498078991854
200,1991,952.6500000000001,125.65,0.13189523959481445
200,1992,1147.3899999999999,111.19999999999999,0.09691560846791414
200,1993,796.25,87.25,0.10957613814756671
200,1994,421.05,61.45,0.14594466215413845
200,1995,496.2,39.45,0.07950423216444982
200,1996,568.45,29.45,0.05180754683789251
200,1997,512.5,0.0,0.0
200,1998,769.8,0.0,0.0
200,1999,131.93,0.0,0.0
200,2000,937.1999999999999,114.9,0.12259923175416135
200,2001,1286.8,262.8,0.20422754118744174
200,2002,720.9499999999999,599.9,0.832096539288439
200,2003,769.99,607.7,0.7892310289744023
200,2004,211.99,69.9,0.3297325345535167
200,2005,30.83,26.5,0.859552384041518
200,2006,374.99,267.2,0.7125523347289261
200,2007,816.59,478.15,0.5855447654269584
200,2008,575.49,110.67,0.19230568732732106
200,2009,380.71999999999997,88.12,0.23145618827484768
200,2010,460.74,111.34,0.24165472934843946
200,2011,346.93,106.37,0.3066036376214222
200,2012,566.27,216.92000000000002,0.3830681477033924
200,2013,509.40999999999997,109.06,0.21409081093814414
200,2014,216.5,149.0,0.6882217090069284
200,2015,424.0,184.0,0.4339622641509434
200,2016,288.45,154.0,0.5338880221875542
200,2017,1002.2,674.0,0.6725204549990021
200,2018,462.53,390.52,0.8443128013318055
200,2019,402.32,255.68,0.6355140186915889
200,2020,634.55,214.2,0.33756205184776616
200,2021,885.75,360.0,0.40643522438611346
200,2022,858.76,575.04,0.6696166565745959
200,2023,468.76,336.14000000000004,0.7170833688881305
200,2024,486.14,256.41,0.5274406549553627
200,2025,608.63,475.3,0.7809342293347354
205,1950,2.06,0.0,0.0
205,1953,17.75,0.0,0.0
205,1956,8.440000000000001,0.0,0.0
205,1958,1.44,0.0,0.0
205,1960,1.44,0.0,0.0
205,1963,1.9,0.0,0.0
205,1964,12.149999999999999,0.0,0.0
205,1971,14.1,0.0,0.0
205,1972,26.75,15.0,0.5607476635514018
205,1973,8.45,0.0,0.0
205,1974,5.8500000000000005,0.0,0.0
205,1975,8.86,0.0,0.0
205,1977,5.25,0.0,0.0
205,1978,27.85,25.0,0.8976660682226212
205,1979,26.49,25.0,0.9437523593808985
205,1980,43.95,25.0,0.5688282138794084
205,1981,12.27,0.0,0.0
205,1982,3.32,0.0,0.0
205,1984,11.15,0.0,0.0
205,1985,1.66,0.0,0.0
205,1986,37.95,0.0,0.0
205,1988,24.0,0.0,0.0
205,1991,10.6,0.0,0.0
205,1994,41.0,0.0,0.0
205,1998,2.94,0.0,0.0
205,1999,35.0,0.0,0.0
205,2000,0.02,0.0,0.0
205,2001,43.75,0.0,0.0
205,2002,21.25,0.0,0.0
205,2004,26.75,0.0,0.0
205,2005,4.5,0.0,0.0
205,2006,13.08,0.0,0.0
205,2007,25.77,0.0,0.0
205,2008,38.3,0.0,0.0
205,2010,4.05,0.0,0.0
205,2014,40.0,0.0,0.0
205,2015,42.5,0.0,0.0
205,2016,42.5,0.0,0.0
205,2017,2.25,0.0,0.0
205,2018,5.15,0.0,0.0
205,2019,34.85,0.0,0.0
205,2020,8.9,0.0,0.0
205,2022,1.0,0.0,0.0
205,2023,63.2,0.0,0.0
205,2025,14.0,0.0,0.0
210,1950,157.81,75.0,0.4752550535454027
210,1951,453.88,123.0,0.2709967392262272
210,1952,422.66,123.0,0.2910140538494298
210,1953,972.21,219.0,0.22525997469682474
210,1954,784.14,147.5,0.18810416507256358
210,1955,722.04,274.5,0.3801728436097723
210,1956,1109.99,394.0,0.3549581527761511
210,1957,716.73,256.0,0.35717773778131234
210,1958,454.68,190.0,0.4178763086126506
210,1959,145.85,36.0,0.24682893383613302
210,1960,254.91,0.0,0.0
210,1961,227.47,0.0,0.0
210,1962,294.27,22.4,0.0761205695449757
210,1963,766.94,481.6,0.62795003520484
210,1964,1013.71,551.4,0.5439425476714247
210,1965,815.45,550.9,0.6755779017720277
210,1966,203.75,91.05000000000001,0.44687116564417184
210,1967,750.95,651.55,0.867634329848858
210,1968,288.1,131.15,0.4552238805970149
210,1969,569.45,446.7,0.784441127403635
210,1970,699.4000000000001,630.0,0.9007720903631683
210,1971,697.95,630.0,0.9026434558349451
210,1972,649.8,495.0,0.7617728531855956
210,1973,21.0,0.0,0.0
210,1974,39.760000000000005,0.0,0.0
210,1975,108.04,5.55,0.05136986301369863
210,1976,285.01,5.7,0.019999298270236134
210,1977,605.75,393.0,0.6487825010317788
210,1978,716.51,437.4,0.6104590305787777
210,1979,792.3,469.0,0.5919474946358703
210,1980,645.02,402.40000000000003,0.6238566246007876
210,1981,754.52,511.8,0.6783120394422945
210,1982,1240.95,886.1500000000001,0.7140900116845965
210,1983,1331.4,847.5999999999999,0.636623103500075
210,1984,1172.9,853.0999999999999,0.727342484440276
210,1985,891.6500000000001,792.21,0.8884764201200022
210,1986,791.69,563.04,0.7111874597380287
210,1987,614.33,488.2,0.7946868946657333
210,1988,393.21,275.5,0.7006434220899774
210,1989,705.2,600.6,0.8516732841747022
210,1990,273.41,206.5,0.7552759591821805
210,1991,321.52000000000004,219.7,0.6833167454590693
210,1992,236.60000000000002,157.75,0.6667371090448013
210,1993,140.03,12.280000000000001,0.08769549382275227
210,1994,204.8,19.2,0.09374999999999999
210,1995,83.94,18.2,0.21682153919466285
210,1996,202.7,16.0,0.07893438579181056
210,1997,125.55,16.0,0.12743926722421348
210,1998,268.5,20.0,0.074487895716946
210,1999,277.6,35.2,0.12680115273775217
210,2000,122.7,16.0,0.13039934800325997
210,2001,163.5,16.0,0.09785932721712538
210,2002,247.07000000000002,17.0,0.06880641113854373
210,2003,128.44,14.120000000000001,0.10993459981314234
210,2004,130.25,18.0,0.1381957773512476
210,2005,86.45,18.0,0.20821283979178715
210,2006,304.0,54.75,0.18009868421052633
210,2007,220.60000000000002,122.8,0.556663644605621
210,2008,147.04,129.3,0.8793525571273124
210,2009,262.16,142.8,0.5447055233445224
210,2010,171.2,136.3,0.7961448598130842
210,2011,114.55,107.55,0.9388913138367525
210,2012,189.75,90.0,0.4743083003952569
210,2013,487.61,178.20000000000002,0.3654559996718689
210,2014,8.25,8.25,1.0
210,2015,50.5,37.5,0.7425742574257426
210,2016,68.94,24.5,0.3553814911517261
210,2017,33.01,2.45,0.07421993335352925
210,2018,139.32,0.9,0.006459948320413437
210,2019,494.45,440.0,0.8898776418242492
210,2020,575.48,275.0,0.47786195871272674
210,2021,511.76,385.0,0.7523057683289042
210,2022,725.16,605.0,0.8342986375420597
210,2023,374.34000000000003,228.8,0.6112090612811882
210,2024,333.02,174.0,0.5224911416731728
210,2025,824.1,490.0,0.5945880354325931
211,1950,229.06,30.0,0.13097005151488691
211,1951,461.34,120.0,0.26011184809468074
211,1952,972.0,120.0,0.12345679012345678
211,1953,1098.25,285.0,0.2595037559754154
211,1954,604.02,271.0,0.4486606403761465
211,1955,344.86,111.2,0.32244968972916543
211,1956,673.02,332.0,0.4932988618466019
211,1957,669.96,336.0,0.5015224789539674
211,1958,886.65,312.0,0.3518863136525123
211,1959,178.5,0.0,0.0
211,1960,92.09,0.0,0.0
211,1961,132.12,0.0,0.0
211,1962,188.41,0.0,0.0
211,1963,575.13,413.0,0.7180985168570584
211,1964,651.55,495.9,0.7611081267746144
211,1965,521.13,417.5,0.8011436685663846
211,1966,115.75,25.5,0.2203023758099352
211,1967,39.2,25.2,0.6428571428571428
211,1968,220.22,203.1,0.922259558623195
211,1969,239.53,201.6,0.8416482277794013
211,1970,514.08,477.3,0.928454715219421
211,1971,499.46000000000004,484.35,0.9697473271132823
211,1972,491.75,303.75,0.617691916624301
211,1973,562.4300000000001,374.43,0.6657361805024624
211,1974,113.16,86.75999999999999,0.7667020148462353
211,1975,130.05,129.93,0.9990772779700114
211,1976,183.76999999999998,79.3,0.43151765794199276
211,1977,186.69,43.3,0.2319352938025604
211,1978,408.75,68.75,0.16819571865443425
211,1979,779.45,632.45,0.8114054782218231
211,1980,565.3,395.3,0.6992747213868743
211,1981,514.5,413.0,0.8027210884353742
211,1982,433.1,346.6,0.8002770722696837
211,1983,580.05,545.05,0.9396603741056805
211,1984,575.06,575.06,1.0
211,1985,286.89,275.89,0.961657778242532
211,1986,90.75,90.75,1.0
211,1987,90.75,90.75,1.0
211,1988,406.75,406.75,1.0
211,1989,203.29999999999998,192.1,0.9449090014756518
211,1990,313.70000000000005,290.15000000000003,0.924928275422378
211,1991,125.3,113.3,0.9042298483639266
211,1992,48.05,31.650000000000002,0.6586888657648284
211,1993,73.05,48.0,0.6570841889117044
211,1994,46.65,21.6,0.46302250803858525
211,1995,15.66,10.26,0.6551724137931034
211,1996,3.0,0.0,0.0
211,1997,49.6,0.0,0.0
211,1998,54.76,0.6,0.01095690284879474
211,1999,58.3,10.5,0.18010291595197256
211,2000,36.3,5.1,0.14049586776859505
211,2001,29.8,0.0,0.0
211,2002,48.21,1.8,0.037336652146857496
211,2003,20.81,0.0,0.0
211,2004,15.0,0.0,0.0
211,2005,3.35,0.35,0.1044776119402985
211,2006,15.25,12.25,0.8032786885245902
211,2007,170.5,14.0,0.08211143695014662
211,2008,191.18,22.4,0.11716706768490427
211,2009,86.8,26.200000000000003,0.30184331797235026
211,2010,39.97,31.2,0.7805854390793094
211,2011,26.7,22.4,0.8389513108614232
211,2012,33.22,14.0,0.42143287176399763
211,2013,48.3,14.0,0.2898550724637681
211,2014,98.9,12.75,0.12891809908998988
211,2015,51.85,10.15,0.19575699132111862
211,2016,3.9000000000000004,0.0,0.0
211,2017,7.24,0.0,0.0
211,2018,1.26,0.0,0.0
211,2019,8.5,0.0,0.0
211,2020,89.92,73.0,0.8118327402135231
211,2021,255.0,219.0,0.8588235294117647
211,2022,170.0,146.0,0.8588235294117647
211,2023,11.88,11.88,1.0
211,2024,508.26,96.76,0.1903750049187424
211,2025,429.96999999999997,131.32,0.3054166569760681
212,1952,0.02,0.0,0.0
212,1953,0.05,0.0,0.0
212,1974,0.72,0.0,0.0
212,1982,0.6,0.0,0.0
212,1996,3.12,0.0,0.0
212,1999,1.17,0.0,0.0
212,2003,1.0,0.0,0.0
212,2009,8.4,0.0,0.0
212,2010,8.4,0.0,0.0
212,2019,3.25,0.0,0.0
212,2020,88.25,0.0,0.0
212,2023,1.2,0.0,0.0
212,2024,2.7,0.0,0.0
212,2025,11.2,0.0,0.0
220,1950,180.2,0.0,0.0
220,1951,967.06,450.0,0.4653279010609476
220,1952,1149.9099999999999,528.75,0.45981859449869994
220,1953,1719.8200000000002,608.25,0.3536707329836843
220,1954,1769.68,286.5,0.1618936756927806
220,1955,1646.8799999999999,292.14,0.1773899737685806
220,1956,1520.71,240.1,0.1578867765714699
220,1957,743.39,151.4,0.20366160427232005
220,1958,1133.34,151.4,0.1335874494855913
220,1959,815.39,138.38,0.16971020002698095
220,1960,525.66,258.53,0.4918198074801202
220,1961,321.06,225.64999999999998,0.7028281318133681
220,1962,122.21000000000001,78.63,0.6434007037067342
220,1963,161.9,7.5,0.04632489190858555
220,1964,1300.4,7.5,0.005767456167333128
220,1965,378.1,13.5,0.035704839989420784
220,1966,106.27,46.5,0.4375646937047144
220,1967,98.17,66.5,0.6773963532647448
220,1968,122.95,76.0,0.618137454249695
220,1969,64.49000000000001,40.0,0.6202512017367032
220,1970,43.5,40.0,0.9195402298850575
220,1971,56.5,40.0,0.7079646017699115
220,1972,32.5,20.0,0.6153846153846154
220,1973,51.0,0.0,0.0
220,1974,46.0,0.0,0.0
220,1975,44.5,0.0,0.0
220,1976,185.5,0.0,0.0
220,1977,194.0,8.5,0.04381443298969072
220,1978,230.5,42.5,0.1843817787418655
220,1979,106.5,42.5,0.39906103286384975
220,1980,70.0,68.0,0.9714285714285714
220,1981,106.0,88.0,0.8301886792452831
220,1982,142.0,88.0,0.6197183098591549
220,1983,107.5,62.5,0.5813953488372093
220,1984,73.25,20.0,0.27303754266211605
220,1985,20.0,20.0,1.0
220,1986,100.0,16.0,0.16
220,1987,84.0,0.0,0.0
220,1988,133.8,2.2,0.016442451420029897
220,1989,107.4,12.0,0.11173184357541899
220,1990,77.15,46.4,0.6014257939079715
220,1991,962.85,53.0,0.05504491873085112
220,1992,438.85,53.0,0.12077019482738977
220,1993,102.03,33.2,0.32539449181613256
220,1994,83.8,28.8,0.3436754176610979
220,1995,99.4,4.4,0.04426559356136821
220,1996,64.0,0.0,0.0
220,1997,223.4,0.0,0.0
220,1998,171.25,73.65,0.43007299270072996
220,1999,104.65,73.65,0.7037744863831821
220,2000,98.4,0.0,0.0
220,2001,61.0,0.0,0.0
220,2002,38.26,0.0,0.0
220,2003,54.59,0.0,0.0
220,2004,92.65,73.65,0.7949271451699946
220,2005,2.0,0.0,0.0
220,2006,68.4,0.0,0.0
220,2007,75.22,0.0,0.0
220,2008,2.15,0.0,0.0
220,2009,72.0,0.0,0.0
220,2010,103.25,16.0,0.1549636803874092
220,2011,41.25,16.0,0.3878787878787879
220,2012,85.62,16.0,0.18687222611539359
220,2013,103.91,20.16,0.1940140506207295
220,2014,17.439999999999998,13.44,0.7706422018348624
220,2015,35.75,0.0,0.0
220,2016,37.949999999999996,0.0,0.0
220,2017,84.19,0.0,0.0
220,2018,201.49,0.0,0.0
220,2019,104.05,0.0,0.0
220,2020,224.6,0.0,0.0
220,2021,105.05,0.0,0.0
220,2022,129.55,0.0,0.0
220,2023,113.5,0.0,0.0
220,2024,182.79999999999998,145.2,0.7943107221006565
220,2025,235.75,145.2,0.6159066808059385
225,1950,147.0,132.0,0.8979591836734694
225,1951,144.0,129.0,0.8958333333333334
225,1952,302.9,281.0,0.9276989105315286
225,1953,156.8,152.3,0.9713010204081632
225,1954,130.25,128.0,0.982725527831094
225,1955,218.0,128.0,0.5871559633027523
225,1956,301.49,128.0,0.4245580284586553
225,1957,210.5,128.0,0.6080760095011877
225,1958,229.35999999999999,128.0,0.5580746424834322
225,1959,289.49,0.0,0.0
225,1960,218.25,9.0,0.041237113402061855
225,1961,36.6,0.0,0.0
225,1962,4.2,0.0,0.0
225,1963,52.2,31.5,0.603448275862069
225,1964,263.47,31.5,0.11955820397009145
225,1965,227.72,0.0,0.0
225,1966,373.4,115.5,0.3093197643277986
225,1967,176.55,115.5,0.6542056074766355
225,1968,199.1,115.5,0.580110497237569
225,1969,165.97,105.0,0.6326444538169549
225,1970,142.2,73.5,0.5168776371308017
225,1971,153.3,60.0,0.3913894324853229
225,1972,192.05,75.2,0.39156469669356936
225,1973,122.9,35.15,0.2860048820179007
225,1974,64.4,6.65,0.10326086956521739
225,1975,136.25,0.0,0.0
225,1976,141.75,0.0,0.0
225,1977,3.85,0.0,0.0
225,1978,216.54999999999998,199.5,0.9212652966982222
225,1979,226.15,199.5,0.882157859827548
225,1980,272.15000000000003,199.5,0.7330516259415762
225,1981,288.70000000000005,167.5,0.5801870453758226
225,1982,175.25,70.0,0.39942938659058486
225,1983,441.85,279.0,0.631436007694919
225,1984,404.0,301.5,0.7462871287128713
225,1985,341.4,249.0,0.7293497363796134
225,1986,108.0,85.5,0.7916666666666666
225,1987,151.3,125.8,0.8314606741573033
225,1988,178.75,138.5,0.7748251748251749
225,1989,317.8,305.0,0.9597230962869729
225,1990,433.40000000000003,431.6,0.9958467928011075
225,1991,468.65000000000003,338.6,0.7225008001707031
225,1992,381.3,302.0,0.7920272751114608
225,1993,97.75,84.0,0.8593350383631714
225,1994,113.6,93.0,0.818661971830986
225,1995,93.0,93.0,1.0
225,1996,187.0,187.0,1.0
225,1997,375.1,349.5,0.9317515329245534
225,1998,428.4,388.4,0.9066293183940243
225,1999,499.4,499.4,1.0
225,2000,14.9,1.4,0.09395973154362415
225,2001,60.0,46.5,0.775
225,2002,57.9,57.9,1.0
225,2003,117.0,104.0,0.8888888888888888
225,2004,202.8,170.8,0.8422090729783037
225,2005,168.05,168.05,1.0
225,2006,83.0,70.0,0.8433734939759037
225,2007,108.32,105.0,0.9693500738552437
225,2008,14.79,11.25,0.7606490872210954
225,2009,36.05,34.25,0.9500693481276006
225,2010,37.56,12.5,0.332800851970181
225,2011,23.7,12.5,0.5274261603375527
225,2012,1.7,0.0,0.0
225,2014,4.75,0.0,0.0
225,2015,9.5,0.0,0.0
225,2016,69.5,0.0,0.0
225,2022,15.0,0.0,0.0
225,2023,33.0,0.0,0.0
230,1950,0.6,0.0,0.0
230,1951,11.0,0.0,0.0
230,1952,11.0,0.0,0.0
230,1953,95.1,37.5,0.39432176656151424
230,1954,137.82,12.7,0.09214918008997243
230,1955,227.98000000000002,0.0,0.0
230,1956,283.5,0.0,0.0
230,1957,281.69,27.5,0.0976250488125244
230,1958,198.84,2.5,0.012572922953128143
230,1959,328.84,0.0,0.0
230,1960,213.72,1.8,0.008422234699606963
230,1961,103.05,3.96,0.03842794759825328
230,1962,55.3,0.24,0.00433996383363472
230,1963,15.18,0.0,0.0
230,1964,50.63,0.0,0.0
230,1965,381.84999999999997,0.0,0.0
230,1966,306.71000000000004,42.0,0.13693717192135893
230,1967,303.06,0.0,0.0
230,1968,132.51999999999998,88.0,0.6640507093268941
230,1969,181.26,128.0,0.7061679355621759
230,1970,233.9,128.0,0.5472424112868747
230,1971,636.97,308.0,0.4835392561659105
230,1972,792.74,268.0,0.33806796679869816
230,1973,894.85,385.0,0.430239704978488
230,1974,556.88,329.0,0.5907915529377963
230,1975,1161.3,733.0,0.6311891845345734
230,1976,830.83,366.0,0.44052333208959715
230,1977,312.39,181.0,0.5794039501904671
230,1978,431.57,61.5,0.142502954329541
230,1979,649.6,61.5,0.09467364532019704
230,1980,688.75,60.0,0.08711433756805807
230,1981,635.61,69.0,0.10855713409165998
230,1982,512.33,76.5,0.1493178224972186
230,1983,613.9,476.5,0.7761850464244991
230,1984,80.65,0.0,0.0
230,1985,327.28,200.0,0.6110975311659741
230,1986,1081.35,945.3,0.8741850464696906
230,1987,1082.3,794.3,0.7339000277187471
230,1988,1953.68,1503.3899999999999,0.7695170140452888
230,1989,835.1600000000001,559.61,0.6700632214186503
230,1990,691.04,636.06,0.9204387589719842
230,1991,108.78,0.0,0.0
230,1992,207.43,0.0,0.0
230,1993,298.75,0.0,0.0
230,1994,837.7199999999999,585.0,0.6983240223463688
230,1995,355.15,10.0,0.02815711671124877
230,1996,394.85,117.9,0.29859440293782447
230,1997,191.71,89.0,0.46424286683010796
230,1998,81.75,48.85,0.5975535168195719
230,1999,356.8,116.75,0.3272141255605381
230,2000,315.07,128.5,0.4078458755197258
230,2001,139.8,53.25,0.38090128755364805
230,2002,266.23,48.0,0.18029523344476578
230,2003,238.87,42.25,0.1768744505379495
230,2004,287.87,109.25,0.3795115850904922
230,2005,357.8,237.0,0.6623812185578535
230,2006,312.22,168.25,0.5388828390237652
230,2007,342.99,238.25,0.6946266655004519
230,2008,347.08,218.0,0.6280972686412355
230,2009,227.82,169.7,0.7448863137564744
230,2010,271.55,224.3,0.8259988952310808
230,2011,165.7,139.0,0.8388654194327098
230,2012,218.97,128.0,0.5845549618669225
230,2013,154.6,128.5,0.83117723156533
230,2014,108.75,101.9,0.9370114942528737
230,2015,152.4,98.0,0.6430446194225722
230,2016,104.24,91.5,0.8777820414428243
230,2017,82.24,66.5,0.8086089494163424
230,2018,148.79,122.5,0.8233080180119632
230,2019,34.8,24.0,0.6896551724137931
230,2020,69.6,47.1,0.6767241379310346
230,2021,133.57,49.0,0.36684884330313694
230,2022,197.58,46.78,0.23676485474238282
230,2023,158.78,12.66,0.0797329638493513
230,2024,158.89000000000001,27.09,0.17049531122159983
230,2025,236.87,74.50000000000001,0.31451851226411115
235,1950,8.96,0.0,0.0
235,1951,21.06,0.0,0.0
235,1952,119.67999999999999,0.0,0.0
235,1953,285.53,0.0,0.0
235,1954,373.27,15.0,0.04018538859270769
235,1955,164.64,54.2,0.3292031098153548
235,1956,90.16,39.56,0.4387755102040817
235,1957,153.24,46.56,0.30383711824588877
235,1958,109.18,16.68,0.15277523355925993
235,1959,62.11,1.56,0.02511672838512317
235,1960,34.71,1.56,0.0449438202247191
235,1961,156.58,1.68,0.01072933963469153
235,1962,27.76,3.5,0.1260806916426513
235,1963,41.18,3.5,0.08499271491015056
235,1964,45.54,1.68,0.03689064558629776
235,1965,38.96,0.0,0.0
235,1966,243.9,60.0,0.24600246002460024
235,1967,285.65,60.0,0.2100472606336426
235,1968,370.61,60.0,0.1618952537708103
235,1969,338.9,14.0,0.041310120979640014
235,1970,371.46,14.0,0.03768911861304044
235,1971,266.65000000000003,0.0,0.0
235,1972,17.15,0.0,0.0
235,1973,17.15,0.0,0.0
235,1974,117.86000000000001,0.0,0.0
235,1975,327.08000000000004,0.0,0.0
235,1976,64.19,0.0,0.0
235,1977,93.92,0.0,0.0
235,1978,129.61,0.0,0.0
235,1979,6.640000000000001,0.0,0.0
235,1980,36.0,0.0,0.0
235,1981,56.7,0.0,0.0
235,1982,191.86,0.0,0.0
235,1983,11.6,0.0,0.0
235,1984,108.96,0.0,0.0
235,1985,154.48,14.0,0.09062661833247022
235,1986,3.0,0.0,0.0
235,1987,8.5,0.0,0.0
235,1988,90.18,0.0,0.0
235,1989,148.76000000000002,0.9,0.00605001344447432
235,1990,74.32,4.5,0.06054897739504844
235,1991,1011.89,0.0,0.0
235,1992,19.46,0.0,0.0
235,1993,349.6,0.0,0.0
235,1994,453.1,0.0,0.0
235,1995,20.08,0.0,0.0
235,1996,9.06,0.0,0.0
235,1997,2.0,0.0,0.0
235,1998,16.15,0.0,0.0
235,1999,2.95,0.0,0.0
235,2000,2.2,0.0,0.0
235,2001,17.5,0.0,0.0
235,2003,28.5,28.5,1.0
235,2004,69.5,57.0,0.8201438848920863
235,2005,158.1,28.5,0.18026565464895636
235,2006,220.16,28.5,0.1294513081395349
235,2007,59.8,59.4,0.9933110367892977
235,2008,144.75,94.8,0.6549222797927461
235,2009,371.39,103.5,0.27868278628934545
235,2010,890.96,106.0,0.11897279339139803
235,2011,169.65,106.0,0.6248157972295904
235,2012,41.5,28.5,0.6867469879518072
235,2013,11.0,0.0,0.0
235,2014,2.8,2.4,0.8571428571428572
235,2015,1.3,0.0,0.0
235,2016,20.5,11.8,0.575609756097561
235,2017,8.0,0.0,0.0
235,2018,19.0,0.0,0.0
235,2019,44.0,28.5,0.6477272727272727
235,2020,45.19,28.5,0.630670502323523
235,2021,5.96,0.0,0.0
235,2023,66.5,54.0,0.8120300751879699
235,2024,61.0,54.0,0.8852459016393442
235,2025,89.8,54.0,0.6013363028953229
255,1990,757.0,216.75,0.28632760898282694
255,1991,749.8,237.55,0.3168178180848227
255,1992,715.65,205.05,0.2865227415636135
255,1993,529.15,59.75,0.11291694226589814
255,1994,416.9,96.25,0.23087071240105542
255,1995,222.1,96.25,0.4333633498424133
255,1996,243.75,96.25,0.39487179487179486
255,1997,60.0,48.0,0.8
255,1998,617.8000000000001,48.0,0.07769504694075752
255,1999,128.5,24.0,0.1867704280155642
255,2000,113.0,24.0,0.21238938053097345
255,2001,133.15,24.0,0.18024784078107398
255,2002,70.75,20.5,0.28975265017667845
255,2003,69.8,44.9,0.6432664756446992
255,2004,245.1,130.6,0.532843737250102
255,2005,206.45,84.2,0.4078469363041899
255,2006,412.90000000000003,56.4,0.13659481714700894
255,2007,46.4,46.4,1.0
255,2008,276.55,235.45000000000002,0.8513831133610559
255,2009,328.8,292.8,0.8905109489051095
255,2010,300.79,263.79,0.8769905914425347
255,2011,79.3,61.300000000000004,0.7730138713745272
255,2012,140.2,60.95,0.43473609129814555
255,2013,102.8,71.80000000000001,0.6984435797665371
255,2014,77.3,74.3,0.9611901681759379
255,2015,118.85,79.85,0.671855279764409
255,2016,54.53,40.53,0.7432605905006419
255,2017,43.2,0.0,0.0
255,2018,13.5,1.5,0.1111111111111111
255,2019,38.0,1.5,0.039473684210526314
255,2020,105.15,28.75,0.2734189253447456
255,2021,235.16,37.91,0.16120938935193058
255,2022,269.49,63.17,0.23440572934060633
255,2023,203.47,55.56999999999999,0.2731115152110876
255,2024,239.82,33.82,0.1410224334917855
255,2025,1632.31,38.86,0.023806752393846758
260,1955,16.48,0.0,0.0
260,1956,1559.8999999999999,0.0,0.0
260,1957,2230.46,96.37,0.043206334119419314
260,1958,2773.58,351.95,0.12689376185291212
260,1959,1482.1,341.0,0.2300789420416976
260,1960,2036.22,731.9,0.35944053196609405
260,1961,2092.82,936.3000000000001,0.44738677956059286
260,1962,2501.23,1814.02,0.7252511764212007
260,1963,3311.7400000000002,2711.2,0.8186633008629903
260,1964,3827.92,2709.0,0.7076950406487074
260,1965,3515.48,2621.2,0.7456165303173392
260,1966,3386.51,2525.88,0.7458652122686777
260,1967,1384.7,822.5,0.5939914782985484
260,1968,1248.5,659.0,0.5278334000800962
260,1969,1233.1000000000001,426.0,0.34547076473927496
260,1970,1257.16,540.0,0.42953959718731105
260,1971,2240.2999999999997,410.7,0.1833236620095523
260,1972,795.95,626.0,0.7864815629122431
260,1973,1721.1999999999998,1525.4,0.886242156634906
260,1974,2140.75,1919.4,0.8966016582973257
260,1975,1831.05,1718.6,0.9385871494497693
260,1976,1357.0,675.0,0.4974207811348563
260,1977,1011.6,0.0,0.0
260,1978,661.0,30.0,0.0453857791225416
260,1979,64.5,46.0,0.7131782945736435
260,1980,150.4,128.4,0.8537234042553191
260,1981,261.0,218.0,0.8352490421455939
260,1982,453.0,231.5,0.5110375275938189
260,1983,434.0,187.1,0.4311059907834101
260,1984,412.45,183.5,0.4449024124136259
260,1985,129.95,60.0,0.461716044632551
260,1986,321.7,170.0,0.5284426484302145
260,1987,340.4,186.2,0.5470035252643949
260,1988,446.64,201.84,0.45190757657173564
260,1989,700.66,102.66,0.14651899637484658
265,1950,26.04,0.0,0.0
265,1952,181.16,0.0,0.0
265,1953,102.38,0.0,0.0
265,1954,10.2,0.0,0.0
265,1955,9.6,0.0,0.0
265,1956,643.44,12.0,0.01864975755315181
265,1957,1096.07,0.0,0.0
265,1958,944.5699999999999,56.0,0.05928623606508782
265,1959,593.35,12.5,0.02106682396561894
265,1960,402.25,12.5,0.031075201988812928
265,1961,204.82,20.5,0.10008788204276926
265,1962,763.9399999999999,12.5,0.016362541560855565
265,1963,766.56,0.0,0.0
265,1964,991.49,0.0,0.0
265,1965,923.87,0.0,0.0
265,1966,1341.3,0.0,0.0
265,1967,1190.75,0.0,0.0
265,1968,1257.8,0.0,0.0
265,1969,835.32,0.0,0.0
265,1970,833.3900000000001,0.0,0.0
265,1971,574.37,0.0,0.0
265,1972,991.52,0.0,0.0
265,1973,1059.17,0.0,0.0
265,1974,937.12,0.0,0.0
265,1975,564.01,0.0,0.0
265,1976,1319.56,0.0,0.0
265,1977,1096.46,0.0,0.0
265,1978,1141.31,0.0,0.0
265,1979,969.36,0.0,0.0
265,1980,894.11,16.0,0.017894889890505642
265,1981,853.03,16.0,0.018756667409118084
265,1982,1059.5800000000002,24.0,0.02265048415409879
265,1983,952.0,24.0,0.025210084033613446
265,1984,1174.15,24.0,0.020440318528297065
265,1985,1329.79,24.0,0.018047962460238084
265,1986,696.74,24.0,0.03444613485661796
265,1987,393.43,24.0,0.0610019571461251
265,1988,623.5899999999999,24.0,0.038486826280087885
265,1989,645.0899999999999,24.0,0.0372041110542715
265,1990,398.1,3.87,0.009721175584024114
290,1950,194.75,11.25,0.057766367137355584
290,1951,590.14,419.2,0.7103399193411732
290,1952,804.2,419.2,0.5212633673215618
290,1953,1037.2,921.2,0.8881604319321249
290,1954,1980.4,1729.0,0.873055948293274
290,1955,1060.3,481.7,0.4543053852683203
290,1956,710.35,407.25,0.573308932216513
290,1957,1105.03,467.25,0.4228391989357755
290,1958,1093.25,630.25,0.5764921106791676
290,1959,1030.75,912.25,0.8850351685665777
290,1960,888.75,809.75,0.9111111111111111
290,1961,864.45,503.0,0.5818728671409567
290,1962,684.75,198.0,0.2891566265060241
290,1963,1020.4,141.0,0.1381811054488436
290,1964,1572.2,153.5,0.09763388881821651
290,1965,1162.4,157.2,0.135237439779766
290,1966,1004.0999999999999,214.2,0.21332536599940247
290,1967,781.4,342.2,0.4379319170719222
290,1968,926.9499999999999,412.7,0.44522358271751444
290,1969,991.95,322.6,0.3252180049397651
290,1970,859.4,208.6,0.24272748429136606
290,1971,1008.65,199.7,0.19798740891290337
290,1972,957.8,250.4,0.2614324493631238
290,1973,1109.6,253.2,0.22819033886085077
290,1974,1060.0,183.0,0.17264150943396225
290,1975,886.8,181.6,0.20478123590437528
290,1976,1101.5,195.2,0.17721289151157513
290,1977,1023.3,176.6,0.17257891136519105
290,1978,1185.87,145.7,0.12286338300150944
290,1979,1187.26,139.4,0.11741320351060426
290,1980,1118.67,126.6,0.11317010378395773
290,1981,804.3,135.7,0.16871813999751337
290,1982,709.45,204.6,0.28839241666079357
290,1983,535.6,193.6,0.3614637789395071
290,1984,465.8,191.4,0.4109059682267067
290,1985,924.9,177.0,0.1913720402205644
290,1986,1389.45,284.0,0.20439742344092987
290,1987,1035.75,280.0,0.2703355056722182
290,1988,902.55,269.0,0.29804442967148637
290,1989,500.89,157.44,0.3143205094931023
290,1990,225.92000000000002,101.12,0.4475920679886685
290,1991,76.32,48.019999999999996,0.6291928721174004
290,1992,99.82,90.22,0.9038268883991185
290,1993,4.42,0.22,0.0497737556561086
290,1994,73.92,58.12,0.7862554112554112
290,1995,249.54000000000002,184.18,0.7380780636370922
290,1996,100.86,0.22,0.002181241324608368
290,1999,22.5,22.5,1.0
290,2000,145.7,22.5,0.15442690459849007
290,2001,30.8,23.0,0.7467532467532467
290,2002,253.4,8.0,0.03157063930544594
290,2003,347.06,29.0,0.08355903878291938
290,2004,223.14999999999998,50.050000000000004,0.22428859511539329
290,2005,104.74,88.3,0.8430399083444721
290,2006,441.54,348.5,0.7892829641708565
290,2007,968.88,849.0,0.8762695070596977
290,2008,632.6,526.9,0.8329117926019601
290,2009,192.54,92.5,0.4804196530591046
290,2010,174.43,96.9,0.5555237057845555
290,2011,140.94,81.25,0.5764864481339578
290,2012,226.64000000000001,107.5,0.47432050829509353
290,2013,146.29,95.85,0.6552054139038895
290,2014,275.0,87.05,0.3165454545454545
290,2015,127.03999999999999,24.2,0.1904911838790932
290,2016,44.94,30.9,0.6875834445927904
290,2017,125.54,28.259999999999998,0.22510753544686948
290,2018,50.32,31.919999999999998,0.6343402225755167
290,2019,213.07999999999998,130.86,0.6141355359489394
290,2020,152.7,34.6,0.22658808120497712
290,2021,68.06,35.0,0.5142521304731119
290,2022,414.41999999999996,174.07999999999998,0.42005694705853963
290,2023,1391.1399999999999,546.64,0.3929439165001366
290,2024,1542.08,908.22,0.588957771321851
290,2025,2169.41,1146.75,0.5285999419196925
305,1953,1.9,0.0,0.0
305,1955,15.66,0.0,0.0
305,1956,108.39,0.0,0.0
305,1957,148.6,0.0,0.0
305,1958,10.72,0.0,0.0
305,1959,23.65,0.0,0.0
305,1960,15.76,0.0,0.0
305,1961,27.299999999999997,0.0,0.0
305,1962,56.099999999999994,0.0,0.0
305,1963,201.0,0.0,0.0
305,1964,73.74,0.0,0.0
305,1965,78.0,0.0,0.0
305,1966,60.5,0.0,0.0
305,1967,47.9,0.0,0.0
305,1968,0.9,0.0,0.0
305,1969,11.5,0.0,0.0
305,1970,98.8,0.0,0.0
305,1971,122.6,0.0,0.0
305,1972,93.4,0.0,0.0
305,1973,37.65,0.0,0.0
305,1974,31.65,0.0,0.0
305,1975,12.3,0.0,0.0
305,1976,11.7,0.0,0.0
305,1978,7.5,0.0,0.0
305,1979,72.3,0.0,0.0
305,1980,177.1,0.0,0.0
305,1981,73.25,0.0,0.0
305,1982,97.25,0.0,0.0
305,1983,144.9,0.0,0.0
305,1984,12.8,0.0,0.0
305,1985,27.6,0.0,0.0
305,1986,18.76,0.0,0.0
305,1987,7.3999999999999995,0.0,0.0
305,1988,116.62,0.0,0.0
305,1989,84.1,0.0,0.0
305,1990,5.0,0.0,0.0
305,1991,6.0,0.0,0.0
305,1992,5.0,0.0,0.0
305,1993,8.48,0.0,0.0
305,1994,52.27,0.0,0.0
305,1995,30.23,0.0,0.0
305,1996,9.0,0.0,0.0
305,1997,190.36,33.32,0.175036772431183
305,1998,246.51,38.08,0.1544764918258894
305,1999,48.32,33.32,0.6895695364238411
305,2000,25.0,0.0,0.0
305,2001,15.22,0.0,0.0
305,2002,81.05,0.0,0.0
305,2003,41.26,0.0,0.0
305,2004,55.730000000000004,0.0,0.0
305,2005,25.650000000000002,0.0,0.0
305,2006,5.25,0.0,0.0
305,2007,268.5,0.0,0.0
305,2008,190.0,0.0,0.0
305,2009,285.75,0.75,0.0026246719160104987
305,2010,5.25,5.25,1.0
305,2011,6.0,6.0,1.0
305,2012,6.0,6.0,1.0
305,2013,4.5,4.5,1.0
305,2014,2.1,0.0,0.0
305,2015,0.98,0.0,0.0
305,2016,12.5,0.0,0.0
305,2017,9.6,0.0,0.0
305,2018,5.6,0.0,0.0
305,2019,17.520000000000003,0.0,0.0
305,2020,14.1,0.0,0.0
305,2021,33.7,0.0,0.0
305,2022,5.28,0.0,0.0
305,2023,17.12,0.0,0.0
305,2024,13.44,0.0,0.0
305,2025,29.16,0.0,0.0
310,1950,56.1,0.0,0.0
310,1951,52.3,0.0,0.0
310,1952,12.5,0.0,0.0
310,1953,832.0,0.0,0.0
310,1954,728.8,0.0,0.0
310,1955,221.91,0.95,0.004281014825830292
310,1956,0.95,0.95,1.0
310,1957,58.879999999999995,0.0,0.0
310,1958,259.0,0.0,0.0
310,1959,335.75,0.0,0.0
310,1960,603.9,0.0,0.0
310,1961,579.96,0.0,0.0
310,1962,294.57,0.0,0.0
310,1963,375.81,0.0,0.0
310,1964,746.8100000000001,0.0,0.0
310,1965,666.61,0.0,0.0
310,1966,150.0,0.0,0.0
310,1967,286.7,0.0,0.0
310,1968,270.7,0.0,0.0
310,1969,448.5,0.0,0.0
310,1970,24.3,0.0,0.0
310,1971,239.20000000000002,0.0,0.0
310,1972,123.3,0.0,0.0
310,1973,394.45,0.0,0.0
310,1974,553.5799999999999,0.0,0.0
310,1975,495.0,0.0,0.0
310,1976,378.45000000000005,0.0,0.0
310,1977,393.5,0.0,0.0
310,1978,660.0,0.0,0.0
310,1979,485.4,0.0,0.0
310,1980,387.5,0.0,0.0
310,1981,147.4,0.0,0.0
310,1982,183.0,0.0,0.0
310,1983,176.1,0.0,0.0
310,1984,306.8,0.0,0.0
310,1985,229.3,0.0,0.0
310,1986,79.9,0.0,0.0
310,1987,77.42,0.0,0.0
310,1988,41.95,0.0,0.0
310,1989,67.75,0.0,0.0
310,1990,14.5,0.0,0.0
310,1991,22.4,0.0,0.0
310,1993,927.98,0.0,0.0
310,1994,2.4,0.0,0.0
310,1995,0.72,0.0,0.0
310,1996,155.65,0.0,0.0
310,1997,98.5,0.0,0.0
310,1998,88.35000000000001,0.0,0.0
310,1999,152.10000000000002,0.0,0.0
310,2000,13.5,0.0,0.0
310,2001,13.5,0.0,0.0
310,2004,72.0,0.0,0.0
310,2005,12.5,0.0,0.0
310,2006,252.5,0.0,0.0
310,2007,195.5,0.0,0.0
310,2008,5.0,0.0,0.0
310,2009,4.05,0.0,0.0
310,2010,18.19,0.0,0.0
310,2011,8.43,0.0,0.0
310,2013,1.54,0.0,0.0
310,2014,7.2,0.0,0.0
310,2016,14.100000000000001,0.0,0.0
310,2017,5.42,0.0,0.0
310,2018,26.74,0.0,0.0
310,2019,15.7,0.0,0.0
310,2020,55.4,0.0,0.0
310,2021,19.7,0.0,0.0
310,2022,40.349999999999994,15.6,0.38661710037174724
310,2023,245.75,27.0,0.10986775178026449
310,2024,580.6,40.199999999999996,0.06923871856699965
310,2025,401.85,120.80000000000001,0.30060968022894113
315,1950,90.0,90.0,1.0
315,1951,254.75,249.75,0.9803729146221786
315,1952,715.4,695.4,0.9720436119653341
315,1953,1614.5,1569.5,0.9721275936822545
315,1954,1009.5,1009.5,1.0
315,1955,1062.3,990.5,0.9324108067400922
315,1956,573.3,501.5,0.8747601604744463
315,1957,202.78,190.0,0.9369760331393628
315,1958,562.0,305.0,0.5427046263345195
315,1959,840.0,583.0,0.694047619047619
315,1960,534.0,523.5,0.9803370786516854
315,1961,662.9,632.5,0.9541408960627547
315,1962,542.9,457.0,0.8417756492908455
315,1963,584.5,528.0,0.9033361847733106
315,1964,572.8,323.0,0.5638966480446927
315,1965,691.65,323.0,0.4669992048001157
315,1966,690.15,323.0,0.46801419981163517
315,1967,753.65,448.0,0.5944403901015061
315,1968,868.4,573.0,0.6598341777982497
315,1969,846.4,573.0,0.6769848771266541
315,1970,743.4,458.0,0.6160882432068873
315,1971,1100.0,371.0,0.3372727272727273
315,1972,955.7,259.0,0.27100554567332846
315,1973,1057.8,278.5,0.2632822839856306
315,1974,1087.1,87.5,0.08048937540244688
315,1975,836.5,116.0,0.13867304243873282
315,1976,213.3,132.5,0.6211908110642288
315,1977,299.7,240.6,0.8028028028028028
315,1978,559.5,267.4,0.47792672028596955
315,1979,498.1,262.0,0.5259987954226059
315,1980,469.90000000000003,277.5,0.5905511811023622
315,1981,825.5,305.0,0.36947304663840097
315,1982,899.4000000000001,368.6,0.4098287747387147
315,1983,807.7,397.4,0.49201436176798313
315,1984,921.36,396.5,0.43034210297820613
315,1985,1164.11,351.5,0.30194741046808293
315,1986,815.0100000000001,304.3,0.37336965190611154
315,1987,668.91,302.5,0.452228251932248
315,1988,593.2099999999999,268.1,0.451947876805853
315,1989,875.06,150.5,0.1719882065229813
315,1990,279.95,49.199999999999996,0.17574566886944096
315,1991,57.4,27.2,0.4738675958188153
316,1995,1.2,1.2,1.0
316,1996,34.9,1.6,0.04584527220630373
316,1997,8.6,1.2,0.13953488372093023
316,1999,0.32,0.0,0.0
316,2000,12.48,0.0,0.0
316,2001,57.0,0.0,0.0
316,2002,42.4,0.0,0.0
316,2003,93.78,0.0,0.0
316,2004,5.6,0.0,0.0
316,2005,600.2,0.0,0.0
316,2006,46.44,0.0,0.0
316,2007,10.4,0.0,0.0
316,2008,24.6,0.0,0.0
316,2009,26.2,10.35,0.3950381679389313
316,2010,50.2,18.8,0.3745019920318725
316,2011,112.05000000000001,20.1,0.179384203480589
316,2012,44.2,14.25,0.32239819004524883
316,2013,18.15,3.25,0.1790633608815427
316,2016,6.9,0.0,0.0
316,2018,7.1,0.0,0.0
316,2019,1.4,1.2,0.8571428571428572
316,2020,7.6,4.8,0.631578947368421
316,2021,31.9,1.5,0.047021943573667714
316,2022,69.35,67.75,0.9769286229271811
316,2023,148.10000000000002,51.12,0.3451721809588115
316,2024,57.7,8.37,0.14506065857885614
316,2025,19.2,0.0,0.0
317,1993,146.3,0.0,0.0
317,1994,28.5,0.0,0.0
317,1995,207.56,0.0,0.0
317,1996,28.5,0.0,0.0
317,2000,0.6,0.0,0.0
317,2002,29.0,0.0,0.0
317,2004,1.04,0.0,0.0
317,2005,4.17,0.0,0.0
317,2007,0.36,0.0,0.0
317,2008,0.15,0.0,0.0
317,2009,9.5,0.0,0.0
317,2010,8.6,0.0,0.0
317,2012,1.5,0.0,0.0
317,2013,5.2,0.0,0.0
317,2017,46.7,0.0,0.0
317,2018,33.5,0.0,0.0
317,2019,14.5,0.0,0.0
317,2020,24.75,0.0,0.0
317,2021,0.96,0.0,0.0
317,2022,2.64,0.0,0.0
317,2023,29.6,0.0,0.0
317,2024,180.72,0.0,0.0
317,2025,445.46,16.9,0.03793831095945764
325,1950,195.76,15.0,0.07662443808745403
325,1951,277.65999999999997,30.0,0.1080458114240438
325,1952,937.08,120.0,0.12805736970162632
325,1953,1314.6000000000001,181.2,0.13783660429027839
325,1954,307.83000000000004,86.0,0.27937497969658576
325,1955,578.13,174.79999999999998,0.3023541418020168
325,1956,941.23,248.4,0.263909990119312
325,1957,739.46,186.4,0.2520758391258486
325,1958,398.4,12.0,0.030120481927710847
325,1959,423.9,9.6,0.02264685067232838
325,1960,408.55,79.6,0.1948353934646922
325,1961,427.2,148.7,0.34808052434456926
325,1962,885.96,515.0,0.5812903517088808
325,1963,1219.4799999999998,675.1,0.5535966149506348
325,1964,1141.05,611.85,0.5362166425660576
325,1965,736.35,471.9,0.6408637196985129
325,1966,412.34999999999997,119.7,0.29028737722808295
325,1967,106.95,80.7,0.7545582047685835
325,1968,195.7,129.7,0.662749105774144
325,1969,611.48,307.7,0.5032053378687774
325,1970,685.47,495.25,0.7224969728799218
325,1971,1103.89,1073.89,0.9728233791410376
325,1972,1765.69,1110.74,0.6290685227871257
325,1973,1023.2900000000001,895.44,0.8750598559548124
325,1974,1121.04,960.29,0.8566063655177335
325,1975,1015.54,956.29,0.9416566555724049
325,1976,710.54,644.54,0.907112900047851
325,1977,517.04,429.03999999999996,0.8298004022899582
325,1978,681.63,430.2,0.6311341930372782
325,1979,590.75,347.5,0.5882352941176471
325,1980,467.55,277.8,0.5941610522938723
325,1981,128.70000000000002,95.7,0.7435897435897435
325,1982,240.92000000000002,148.92,0.6181304997509546
325,1983,302.53,128.89999999999998,0.4260734472614286
325,1984,272.86,192.60000000000002,0.7058564831781866
325,1985,205.3,131.8,0.6419873356064296
325,1986,198.4,103.4,0.5211693548387097
325,1987,183.10000000000002,93.1,0.5084653194975423
325,1988,179.2,78.2,0.4363839285714286
325,1989,196.04000000000002,61.8,0.31524178739032843
325,1990,155.45,85.9,0.5525892569958186
325,1991,210.1,121.89999999999999,0.5801999048072346
325,1992,191.79999999999998,119.89999999999999,0.6251303441084463
325,1993,204.65,91.69999999999999,0.44808209137551913
325,1994,179.55,36.3,0.20217209690893898
325,1995,321.96000000000004,78.3,0.24319791278419675
325,1996,264.98,120.92,0.45633632726998263
325,1997,473.96,247.0,0.5211410245590345
325,1998,55.5,32.0,0.5765765765765766
325,1999,24.68,7.18,0.2909238249594814
325,2000,277.64,0.0,0.0
325,2001,233.97,14.25,0.060905244262084886
325,2002,240.48000000000002,37.8,0.15718562874251496
325,2003,617.0300000000001,28.5,0.04618900215548676
325,2004,489.58000000000004,26.9,0.05494505494505494
325,2005,136.32,67.85,0.49772593896713613
325,2006,383.75,352.0,0.9172638436482085
325,2007,467.28999999999996,378.04,0.8090051145969314
325,2008,159.26,113.96000000000001,0.7155594625141279
325,2009,94.3,59.3,0.6288441145281017
325,2010,97.5,67.5,0.6923076923076923
325,2011,285.5,232.5,0.8143607705779334
325,2012,189.0,82.5,0.4365079365079365
325,2013,71.02,23.02,0.3241340467473951
325,2014,127.0,72.0,0.5669291338582677
325,2015,237.1,165.5,0.6980177140447069
325,2016,733.95,607.75,0.8280536821309353
325,2017,709.15,614.65,0.8667418740745964
325,2018,275.0,186.0,0.6763636363636364
325,2019,178.1,146.9,0.8248175182481753
325,2020,201.35000000000002,196.1,0.9739259995033522
325,2021,210.75,195.5,0.9276393831553974
325,2022,237.4,205.6,0.8660488626790227
325,2023,425.0,408.0,0.96
325,2024,494.2,452.0,0.914609469850263
325,2025,566.34,519.0,0.9164106367199915
338,1972,0.39,0.0,0.0
338,1973,0.28,0.0,0.0
338,1978,7.68,0.0,0.0
338,1980,1.14,0.0,0.0
338,1992,12.74,0.0,0.0
338,1995,0.24,0.0,0.0
338,1996,0.76,0.0,0.0
338,1997,6.0,0.0,0.0
338,1998,0.4,0.0,0.0
338,2000,0.38,0.0,0.0
338,2001,0.1,0.0,0.0
338,2002,4.2,0.0,0.0
338,2004,4.2,0.0,0.0
338,2005,17.5,0.0,0.0
338,2011,7.5,0.0,0.0
338,2012,7.5,0.0,0.0
338,2014,12.0,0.0,0.0
338,2015,10.0,0.0,0.0
338,2016,6.0,0.0,0.0
338,2017,7.5,0.0,0.0
338,2023,45.0,0.0,0.0
339,1950,19.6,0.0,0.0
339,1951,9.58,0.0,0.0
339,1952,20.5,0.0,0.0
339,1953,35.15,0.0,0.0
339,1954,36.95,0.0,0.0
339,1955,97.61,0.0,0.0
339,1956,74.28999999999999,0.0,0.0
339,1957,53.6,0.0,0.0
339,1958,59.32,0.0,0.0
339,1959,140.9,0.0,0.0
339,1960,69.2,0.0,0.0
339,1961,74.28999999999999,0.0,0.0
339,1962,42.0,0.0,0.0
339,1963,11.75,0.0,0.0
339,1964,7.95,0.0,0.0
339,1965,139.8,0.0,0.0
339,1966,74.0,0.0,0.0
339,1967,163.06,0.0,0.0
339,1968,265.03999999999996,0.0,0.0
339,1969,297.28999999999996,0.0,0.0
339,1970,249.54,0.0,0.0
339,1971,331.75,0.0,0.0
339,1972,134.37,0.0,0.0
339,1973,106.3,0.0,0.0
339,1974,136.6,0.0,0.0
339,1975,52.65,0.0,0.0
339,1976,4.95,0.0,0.0
339,1977,6.6,0.0,0.0
339,1978,4.95,0.0,0.0
339,1995,25.5,0.0,0.0
339,2003,1.96,0.0,0.0
339,2005,7.34,0.0,0.0
339,2007,4.75,0.0,0.0
339,2012,14.5,0.0,0.0
339,2013,7.25,0.0,0.0
339,2014,7.25,0.0,0.0
339,2015,6.74,0.0,0.0
339,2017,0.62,0.0,0.0
339,2018,0.88,0.0,0.0
339,2019,4.74,0.0,0.0
339,2020,12.3,0.0,0.0
339,2021,1.04,0.0,0.0
339,2023,0.78,0.0,0.0
339,2024,38.35,0.0,0.0
339,2025,22.75,0.0,0.0
341,2015,1.28,0.0,0.0
341,2016,0.15,0.0,0.0
341,2018,15.0,0.0,0.0
341,2020,4.5,0.0,0.0
341,2021,0.9,0.0,0.0
341,2022,1.8,0.0,0.0
341,2024,5.58,0.0,0.0
341,2025,1.42,0.0,0.0
343,1994,29.0,0.0,0.0
343,1995,0.4,0.0,0.0
343,1998,11.4,0.0,0.0
343,1999,80.77,0.0,0.0
343,2000,16.5,0.0,0.0
343,2001,117.96,0.0,0.0
343,2006,0.13,0.0,0.0
343,2009,6.0,0.0,0.0
343,2012,0.15,0.0,0.0
343,2013,1.12,0.0,0.0
343,2016,0.15,0.0,0.0
343,2022,1.08,0.0,0.0
343,2023,4.68,0.0,0.0
343,2024,1.08,0.0,0.0
343,2025,8.82,0.0,0.0
344,1991,1.0,0.0,0.0
344,1992,29.0,0.0,0.0
344,1993,29.0,0.0,0.0
344,1995,0.72,0.0,0.0
344,1996,2.7,0.0,0.0
344,1997,45.25,0.0,0.0
344,2001,57.0,0.0,0.0
344,2002,2.0,0.0,0.0
344,2003,24.0,0.0,0.0
344,2004,8.0,0.0,0.0
344,2007,20.2,0.0,0.0
344,2008,103.1,0.8,0.0077594568380213395
344,2009,4.0,4.0,1.0
344,2010,10.0,10.0,1.0
344,2011,18.0,18.0,1.0
344,2012,17.6,17.6,1.0
344,2014,26.64,0.0,0.0
344,2015,10.8,0.0,0.0
344,2016,19.97,0.0,0.0
344,2017,13.3,0.0,0.0
344,2018,2.5,0.0,0.0
344,2019,4.8,0.0,0.0
344,2022,29.0,0.0,0.0
344,2023,88.9,0.0,0.0
344,2024,90.25,0.0,0.0
344,2025,141.32,0.0,0.0
345,1951,184.85999999999999,42.0,0.2271989613761766
345,1952,479.84000000000003,70.0,0.14588196065355116
345,1953,514.18,70.0,0.13613909525846982
345,1954,523.88,70.0,0.13361838588989844
345,1955,333.77,70.0,0.20972525990951854
345,1956,351.79999999999995,70.0,0.1989766913018761
345,1957,228.7,70.0,0.3060778312199388
345,1958,112.0,70.0,0.625
345,1959,278.98,70.0,0.2509140440174923
345,1960,204.86,86.3,0.4212633017670604
345,1961,117.84,3.6,0.03054989816700611
345,1962,346.21,2.4,0.006932208775020941
345,1963,374.41,8.8,0.023503645735957906
345,1964,312.96,14.8,0.04729038854805726
345,1965,417.85,45.3,0.10841210960871124
345,1966,476.34999999999997,63.4,0.13309541303663275
345,1967,565.15,77.5,0.13713173493762718
345,1968,640.25,77.5,0.1210464662241312
345,1969,435.3,116.75,0.26820583505628304
345,1970,361.95,118.0,0.3260118800939356
345,1971,348.75,95.5,0.2738351254480287
345,1972,375.55,89.8,0.23911596325389428
345,1973,256.85,74.6,0.2904418921549542
345,1974,290.25,77.8,0.26804478897502154
345,1975,745.71,100.5,0.1347708894878706
345,1976,642.3199999999999,102.1,0.15895503798729607
345,1977,711.15,43.5,0.06116852984602405
345,1978,595.9399999999999,43.5,0.07299392556297614
345,1979,935.02,43.5,0.046523069025261495
345,1980,782.51,43.5,0.055590343893368775
345,1981,602.5200000000001,80.5,0.13360552346810062
345,1982,774.4300000000001,172.0,0.22209883398112157
345,1983,835.75,184.2,0.22040083757104395
345,1984,322.75,189.25,0.5863671572424477
345,1985,362.4,271.65,0.7495860927152318
345,1986,342.9,280.65,0.8184601924759405
345,1987,361.4,263.15,0.7281405644714997
345,1988,674.6999999999999,267.4,0.3963242922780495
345,1989,325.04999999999995,239.9,0.7380403014920782
345,1990,306.34999999999997,157.9,0.5154235351721888
345,1991,139.42000000000002,65.9,0.47267250035862857
345,1992,3.5,3.5,1.0
345,1993,1.5,1.5,1.0
345,1994,1.5,1.5,1.0
345,1995,7.83,1.5,0.19157088122605365
345,1996,0.9,0.9,1.0
345,1997,13.5,0.9,0.06666666666666667
345,1998,6.7,0.9,0.13432835820895522
345,1999,0.9,0.9,1.0
345,2000,0.9,0.9,1.0
345,2001,26.54,0.0,0.0
345,2010,16.04,0.0,0.0
345,2012,0.44,0.0,0.0
345,2016,23.3,0.0,0.0
345,2017,65.26,0.0,0.0
345,2018,3.73,0.0,0.0
345,2019,83.74,0.0,0.0
345,2020,147.26999999999998,0.0,0.0
345,2021,117.37,0.0,0.0
345,2022,163.81,0.0,0.0
345,2023,370.35,0.0,0.0
345,2024,155.35,0.0,0.0
345,2025,145.6,0.0,0.0
346,1993,6.0,0.0,0.0
346,1994,6.0,0.0,0.0
346,1996,57.58,0.0,0.0
346,1997,78.4,0.0,0.0
346,1998,2.33,0.0,0.0
346,1999,24.72,0.0,0.0
346,2017,0.47,0.0,0.0
346,2019,0.47,0.0,0.0
346,2020,0.31,0.0,0.0
346,2021,12.4,0.0,0.0
346,2025,1.4,0.0,0.0
347,2014,1.4,0.0,0.0
347,2018,1.17,0.0,0.0
347,2020,3.25,0.0,0.0
347,2021,8.8,0.0,0.0
347,2022,1.1,0.0,0.0
347,2023,13.85,0.0,0.0
347,2025,8.0,0.0,0.0
349,1992,10.0,0.0,0.0
349,1993,22.0,0.0,0.0
349,1994,11.4,0.0,0.0
349,1995,19.76,0.0,0.0
349,1996,29.75,10.0,0.33613445378151263
349,1997,8.0,8.0,1.0
349,1998,3.85,0.0,0.0
349,1999,19.8,1.8,0.09090909090909091
349,2000,1.8,1.8,1.0
349,2001,40.93,2.4,0.058636696799413635
349,2002,2.4,2.4,1.0
349,2003,17.18,2.4,0.13969732246798602
349,2004,16.9,2.4,0.14201183431952663
349,2005,3.0,3.0,1.0
349,2006,3.0,3.0,1.0
349,2007,2.4,2.4,1.0
349,2009,9.7,5.2,0.5360824742268042
349,2010,39.6,5.6,0.1414141414141414
349,2011,27.2,1.2,0.04411764705882353
349,2014,0.98,0.0,0.0
349,2021,6.84,0.0,0.0
349,2023,25.66,0.0,0.0
349,2024,19.0,0.0,0.0
350,1950,97.10000000000001,0.0,0.0
350,1951,500.02,0.0,0.0
350,1952,306.0,0.0,0.0
350,1953,84.4,0.0,0.0
350,1954,151.89999999999998,0.0,0.0
350,1955,202.54,0.0,0.0
350,1956,88.12,0.0,0.0
350,1957,347.7,0.0,0.0
350,1958,409.93,0.0,0.0
350,1959,289.76,0.0,0.0
350,1960,260.84,0.0,0.0
350,1961,148.08,4.0,0.02701242571582928
350,1962,339.67,4.0,0.011776135661082815
350,1963,105.83,4.0,0.037796466030426155
350,1964,638.58,4.0,0.006263898023740173
350,1965,496.53,4.0,0.008055908001530623
350,1966,211.85,4.0,0.018881283927307056
350,1967,373.24,4.0,0.010716964955524596
350,1968,107.21000000000001,4.0,0.037309952429810646
350,1969,292.36,4.0,0.013681762210972772
350,1970,305.02000000000004,4.0,0.01311389417087404
350,1971,581.36,0.0,0.0
350,1972,689.1,0.0,0.0
350,1973,245.70000000000002,0.0,0.0
350,1974,427.71,0.0,0.0
350,1975,912.4599999999999,0.0,0.0
350,1976,1288.33,0.0,0.0
350,1977,980.25,0.0,0.0
350,1978,1281.18,0.0,0.0
350,1979,733.8,0.0,0.0
350,1980,659.55,171.0,0.25926768251080284
350,1981,951.32,171.0,0.17975024176933102
350,1982,461.83000000000004,6.0,0.012991793517095033
350,1983,402.58000000000004,12.0,0.02980774007650653
350,1984,366.09000000000003,12.0,0.03277882487912808
350,1985,188.8,0.0,0.0
350,1986,201.96,0.0,0.0
350,1987,35.95,0.0,0.0
350,1988,561.36,6.0,0.010688328345446772
350,1989,1247.86,12.0,0.009616463385315662
350,1990,906.6899999999999,62.0,0.06838059314649991
350,1991,487.24,20.1,0.04125277070848042
350,1992,2145.62,264.65,0.12334430141404348
350,1993,891.88,17.5,0.019621473740862
350,1994,1226.51,29.1,0.023725856291428527
350,1995,874.0899999999999,12.0,0.013728563420242769
350,1996,379.95,256.25,0.674430846163969
350,1997,806.8000000000001,12.0,0.014873574615765987
350,1998,1716.67,498.1,0.2901547763984924
350,1999,836.9300000000001,8.0,0.00955874445891532
350,2000,730.98,10.0,0.013680264849927494
350,2001,792.95,28.0,0.03531117977173844
350,2002,401.95,34.0,0.08458763527801966
350,2003,2164.4900000000002,174.0,0.08038845178309902
350,2004,1097.69,26.3,0.023959405660978966
350,2005,405.84000000000003,100.12,0.24669820618963137
350,2006,718.74,243.6,0.33892645462893395
350,2007,1665.06,1048.0,0.6294067481051734
350,2008,482.35,284.0,0.5887840779516949
350,2009,1216.3,275.0,0.2260955356408781
350,2010,629.67,328.0,0.5209077770895867
350,2011,69.55,21.0,0.301941049604601
350,2012,18.5,7.0,0.3783783783783784
350,2013,27.5,21.0,0.7636363636363637
350,2014,204.0,28.0,0.13725490196078433
350,2015,728.48,603.0,0.8277509334504722
350,2016,301.6,275.0,0.9118037135278514
350,2017,51.2,21.0,0.41015625
350,2018,39.379999999999995,0.0,0.0
350,2019,93.2,0.0,0.0
350,2020,91.65,53.0,0.5782869612656847
350,2021,230.84,0.0,0.0
350,2022,441.37,60.0,0.1359403674921268
350,2023,404.06,7.0,0.017324159778250754
350,2024,631.2199999999999,7.0,0.011089635943094327
350,2025,573.85,21.0,0.0365949289884116
352,1964,18.2,0.0,0.0
352,1965,7.6,0.0,0.0
352,1973,9.200000000000001,0.0,0.0
352,1982,5.3,0.0,0.0
352,1983,18.7,0.0,0.0
352,1984,24.07,0.0,0.0
352,1985,34.019999999999996,0.0,0.0
352,1986,40.62,0.0,0.0
352,1987,33.05,0.0,0.0
352,1988,122.89999999999999,0.0,0.0
352,1989,27.849999999999998,0.0,0.0
352,1990,81.75,0.0,0.0
352,1991,93.9,0.0,0.0
352,1992,26.4,0.0,0.0
352,1993,9.6,0.0,0.0
352,1994,36.6,0.0,0.0
352,1995,34.0,0.0,0.0
352,1996,171.1,0.0,0.0
352,1997,98.14,0.0,0.0
352,1998,7.2,0.0,0.0
352,1999,112.5,0.0,0.0
352,2000,3.84,0.0,0.0
352,2001,179.76000000000002,0.0,0.0
352,2002,65.6,0.0,0.0
352,2003,6.48,0.0,0.0
352,2004,16.4,0.0,0.0
352,2005,18.0,0.0,0.0
352,2006,21.75,0.0,0.0
352,2007,16.3,0.0,0.0
352,2010,43.74,0.0,0.0
352,2011,41.12,0.0,0.0
352,2012,6.0,0.0,0.0
352,2017,29.52,0.0,0.0
352,2019,19.599999999999998,0.0,0.0
352,2020,31.0,0.0,0.0
352,2021,11.8,0.0,0.0
352,2023,8.1,0.0,0.0
352,2024,119.9,0.0,0.0
352,2025,28.259999999999998,0.0,0.0
355,1950,165.75,0.0,0.0
355,1951,87.56,0.0,0.0
355,1952,116.56,0.0,0.0
355,1953,364.25,0.0,0.0
355,1954,688.8,0.0,0.0
355,1955,538.56,0.0,0.0
355,1956,431.0,0.0,0.0
355,1957,304.0,0.0,0.0
355,1958,354.0,0.0,0.0
355,1959,165.0,0.0,0.0
355,1960,481.65,0.0,0.0
355,1961,521.65,0.0,0.0
355,1962,492.75,0.0,0.0
355,1963,552.75,0.0,0.0
355,1964,326.2,0.0,0.0
355,1965,372.4,0.0,0.0
355,1966,218.0,0.0,0.0
355,1967,329.4,0.0,0.0
355,1968,256.4,0.0,0.0
355,1969,532.8,0.0,0.0
355,1970,770.5,0.0,0.0
355,1971,406.55,0.0,0.0
355,1972,460.2,15.0,0.03259452411994785
355,1973,273.95,23.75,0.08669465230881548
355,1974,301.65,23.75,0.0787336316923587
355,1975,389.9,61.6,0.15798922800718135
355,1976,368.15,71.6,0.1944859432296618
355,1977,492.29999999999995,83.8,0.17022140970952673
355,1978,875.5999999999999,71.6,0.081772498857926
355,1979,322.55,35.0,0.10851030847930553
355,1980,580.0,35.0,0.0603448275862069
355,1981,983.65,35.0,0.03558176180552026
355,1982,610.05,35.0,0.05737234652897304
355,1983,753.83,35.0,0.04642956634785031
355,1984,945.2,60.0,0.06347862886161659
355,1985,619.0500000000001,88.0,0.14215329941038687
355,1986,932.15,84.25,0.09038244917663467
355,1987,449.35,80.0,0.17803493935684878
355,1988,253.1,80.25,0.31706835242986964
355,1989,314.45,48.5,0.15423755764032437
355,1990,754.93,28.5,0.037751844541878056
355,1991,338.65,13.5,0.03986416654362912
355,1992,42.08,8.0,0.19011406844106465
355,1993,0.5,0.5,1.0
355,1994,0.5,0.5,1.0
355,1995,0.5,0.5,1.0
355,1996,122.1,0.5,0.004095004095004095
355,1999,7.2,0.0,0.0
355,2003,1.85,0.0,0.0
355,2004,13.5,0.0,0.0
355,2005,132.0,0.0,0.0
355,2006,21.75,0.0,0.0
355,2007,48.0,0.0,0.0
355,2008,116.58,0.0,0.0
355,2009,119.3,0.0,0.0
355,2010,7.67,0.0,0.0
355,2011,29.0,0.0,0.0
355,2012,5.0,0.0,0.0
355,2015,4.0,0.0,0.0
355,2019,2.0,0.0,0.0
355,2020,44.0,0.0,0.0
355,2021,1.12,0.72,0.6428571428571428
355,2022,3.2,1.44,0.44999999999999996
355,2025,540.3,182.25,0.33731260410882846
359,1992,7.619999999999999,0.0,0.0
359,1994,3.0,0.0,0.0
359,1995,11.0,0.0,0.0
359,2023,12.66,0.0,0.0
359,2024,3.52,0.0,0.0
359,2025,4.68,0.0,0.0
360,1950,7.32,0.0,0.0
360,1951,76.28,0.0,0.0
360,1952,426.8,0.0,0.0
360,1953,872.6,5.0,0.005730002292000917
360,1954,625.85,5.0,0.007989134776703682
360,1955,464.0,0.0,0.0
360,1956,450.06,0.0,0.0
360,1957,188.96,0.0,0.0
360,1958,108.96000000000001,0.0,0.0
360,1959,99.96000000000001,0.0,0.0
360,1960,115.6,0.0,0.0
360,1961,30.0,0.0,0.0
360,1962,178.9,0.0,0.0
360,1963,229.71,0.0,0.0
360,1964,420.58,0.0,0.0
360,1965,520.38,0.0,0.0
360,1966,400.63,0.0,0.0
360,1967,441.61,0.0,0.0
360,1968,590.55,0.0,0.0
360,1969,398.8,0.0,0.0
360,1970,560.8,0.0,0.0
360,1971,470.5,18.75,0.039851222104144525
360,1972,497.35,47.35,0.09520458429677289
360,1973,538.0,94.7,0.17602230483271375
360,1974,673.0,93.6,0.1390787518573551
360,1975,636.5000000000001,105.6,0.16590730557737624
360,1976,293.95000000000005,106.8,0.3633270964449736
360,1977,347.95000000000005,171.3,0.49231211380945533
360,1978,328.75,246.15,0.7487452471482889
360,1979,612.36,248.21999999999997,0.40534979423868306
360,1980,516.47,244.21999999999997,0.47286386430964034
360,1981,469.62,235.82,0.5021506750138409
360,1982,444.46999999999997,153.82,0.3460751006817108
360,1983,284.12,160.82,0.5660284386878783
360,1984,243.0,140.9,0.579835390946502
360,1985,330.02,166.27,0.5038179504272469
360,1986,455.02,166.92,0.36684101797723173
360,1987,213.97,164.12,0.7670234144973594
360,1988,236.57,178.67000000000002,0.755252145242423
360,1989,296.25,155.1,0.5235443037974683
360,1990,598.7,128.0,0.21379655921162516
360,1991,65.3,57.05,0.8736600306278713
360,1992,187.13,18.23,0.09741890664244109
360,1993,14.4,13.4,0.9305555555555556
360,1994,28.999999999999996,8.35,0.28793103448275864
360,1995,2.4,1.4,0.5833333333333334
360,1996,39.199999999999996,1.2,0.030612244897959186
360,1997,60.9,1.0,0.016420361247947456
360,1998,170.0,1.0,0.0058823529411764705
360,1999,141.8,1.0,0.007052186177715091
360,2000,21.0,1.0,0.047619047619047616
360,2001,24.3,0.0,0.0
360,2002,20.6,0.8,0.038834951456310676
360,2003,17.1,6.3,0.3684210526315789
360,2004,283.45,5.5,0.019403774916210974
360,2005,430.93,16.8,0.03898545007309772
360,2006,63.82,17.2,0.2695079912253212
360,2007,100.94,28.0,0.27739251040221913
360,2008,79.82,22.0,0.27562014532698575
360,2009,59.32,45.2,0.7619689817936616
360,2010,107.4,36.0,0.33519553072625696
360,2011,79.56,36.0,0.45248868778280543
360,2012,21.45,0.0,0.0
360,2013,20.08,0.0,0.0
360,2014,0.4,0.0,0.0
360,2015,22.17,0.0,0.0
360,2016,176.89,0.0,0.0
360,2017,88.49,0.0,0.0
360,2018,35.5,0.0,0.0
360,2019,13.2,0.0,0.0
360,2020,167.66,25.380000000000003,0.15137778838124777
360,2021,104.74000000000001,31.82,0.30379988543059
360,2022,186.02,16.66,0.08956026233738307
360,2023,364.0,17.52,0.04813186813186813
360,2024,320.27,26.79,0.08364817185499734
360,2025,420.61,60.09,0.14286393571241768
365,1950,36.0,0.0,0.0
365,1953,7.5,0.0,0.0
365,1954,70.0,0.0,0.0
365,1955,945.0,0.0,0.0
365,1956,1537.5,0.0,0.0
365,1957,1500.0,0.0,0.0
365,1958,1500.0,0.0,0.0
365,1959,975.0,0.0,0.0
365,1960,692.26,0.0,0.0
365,1961,175.26,0.0,0.0
365,1962,174.26,0.0,0.0
365,1963,236.84,0.0,0.0
365,1964,462.9,0.0,0.0
365,1965,484.9,0.0,0.0
365,1966,584.6600000000001,0.0,0.0
365,1967,577.49,0.0,0.0
365,1968,542.9200000000001,0.0,0.0
365,1969,577.72,0.0,0.0
365,1970,523.47,0.0,0.0
365,1971,524.62,0.0,0.0
365,1972,794.62,0.0,0.0
365,1973,582.9,0.0,0.0
365,1974,957.4,0.0,0.0
365,1975,770.9,0.0,0.0
365,1976,800.2,0.0,0.0
365,1977,875.5,0.0,0.0
365,1978,803.1,0.0,0.0
365,1979,841.7,0.0,0.0
365,1980,766.9,0.0,0.0
365,1981,803.9,0.0,0.0
365,1982,670.5,0.0,0.0
365,1983,725.2,0.0,0.0
365,1984,914.1,0.0,0.0
365,1985,1004.4,0.0,0.0
365,1986,1422.2,0.0,0.0
365,1987,1499.5,0.0,0.0
365,1988,1654.2,0.0,0.0
365,1989,1206.3,0.0,0.0
365,1990,655.4000000000001,0.0,0.0
365,1991,131.5,0.0,0.0
365,1992,40.0,0.0,0.0
365,1999,368.0,0.0,0.0
365,2000,1146.68,0.0,0.0
365,2001,1.68,0.0,0.0
365,2007,90.0,0.0,0.0
365,2009,7.9,7.2,0.9113924050632911
365,2010,24.7,24.0,0.9716599190283401
365,2011,10.4,0.0,0.0
365,2012,121.35,83.55,0.688504326328801
365,2013,185.4,141.70000000000002,0.7642934196332255
365,2014,206.79999999999998,181.2,0.8762088974854932
365,2015,109.35,70.75,0.6470050297210791
365,2016,127.1,111.5,0.8772619984264359
365,2017,93.6,78.0,0.8333333333333334
365,2018,61.6,52.0,0.8441558441558441
365,2019,4.8,0.0,0.0
365,2020,0.5,0.5,1.0
365,2021,6.05,1.25,0.2066115702479339
365,2022,39.05,25.25,0.646606914212548
365,2023,94.7,80.0,0.8447729672650475
365,2024,315.3,80.0,0.2537266095781795
365,2025,128.9,80.0,0.6206361520558572
366,1992,2.0,0.0,0.0
366,1993,2.65,0.0,0.0
366,1994,14.98,0.0,0.0
366,1995,17.2,0.0,0.0
366,1996,1.0,0.0,0.0
366,1997,12.88,0.0,0.0
366,1998,3.5,0.0,0.0
366,1999,1.1,0.0,0.0
366,2000,26.8,0.0,0.0
366,2002,1.6,0.0,0.0
366,2003,13.6,0.0,0.0
366,2004,11.22,0.0,0.0
366,2005,26.32,0.0,0.0
366,2006,4.2,0.0,0.0
366,2007,18.48,0.0,0.0
366,2008,28.2,0.0,0.0
366,2009,42.480000000000004,0.0,0.0
366,2010,12.9,0.0,0.0
366,2011,0.72,0.0,0.0
366,2012,2.28,0.0,0.0
366,2013,18.04,0.0,0.0
366,2014,1.68,0.0,0.0
366,2015,18.16,0.0,0.0
366,2016,32.160000000000004,0.0,0.0
366,2017,35.86,0.0,0.0
366,2018,18.7,0.0,0.0
366,2019,19.64,0.0,0.0
366,2020,24.84,0.0,0.0
366,2021,19.65,0.0,0.0
366,2022,15.0,0.0,0.0
366,2023,22.840000000000003,0.0,0.0
366,2024,113.22999999999999,0.0,0.0
366,2025,194.53,0.0,0.0
367,1992,0.12,0.0,0.0
367,1993,8.25,0.0,0.0
367,1994,12.0,0.0,0.0
367,1995,15.719999999999999,0.0,0.0
367,1996,0.44,0.0,0.0
367,1997,0.44,0.0,0.0
367,1998,0.16,0.0,0.0
367,1999,4.4,0.0,0.0
367,2001,13.9,0.0,0.0
367,2002,0.6,0.0,0.0
367,2003,25.4,0.0,0.0
367,2004,12.79,0.0,0.0
367,2005,4.79,0.0,0.0
367,2006,8.82,0.0,0.0
367,2007,51.44,0.0,0.0
367,2008,45.8,0.0,0.0
367,2009,11.0,0.0,0.0
367,2010,15.799999999999999,0.0,0.0
367,2011,26.6,4.6,0.17293233082706766
367,2012,9.2,9.2,1.0
367,2013,4.6,4.6,1.0
367,2014,4.6,4.6,1.0
367,2015,2.63,0.0,0.0
367,2016,27.82,0.0,0.0
367,2017,29.64,0.0,0.0
367,2018,20.76,0.0,0.0
367,2019,30.66,0.0,0.0
367,2020,9.969999999999999,0.0,0.0
367,2021,15.240000000000002,2.1,0.13779527559055116
367,2022,33.96,10.85,0.3194935217903416
367,2023,47.37,12.6,0.26599113362887905
367,2024,19.21,15.4,0.801665799062988
368,1992,69.9,0.0,0.0
368,1993,9.85,0.0,0.0
368,1995,5.46,0.0,0.0
368,1996,14.600000000000001,0.0,0.0
368,1998,15.36,0.0,0.0
368,1999,9.4,0.0,0.0
368,2000,5.9,0.0,0.0
368,2001,15.600000000000001,0.0,0.0
368,2002,13.830000000000002,0.0,0.0
368,2003,1.11,0.0,0.0
368,2004,46.72,0.0,0.0
368,2005,10.799999999999999,0.0,0.0
368,2006,53.3,0.0,0.0
368,2007,4.32,0.0,0.0
368,2008,27.0,0.0,0.0
368,2009,27.0,0.0,0.0
368,2010,8.0,0.0,0.0
368,2013,72.6,0.0,0.0
368,2014,9.64,0.0,0.0
368,2015,13.81,0.0,0.0
368,2016,34.3,0.0,0.0
368,2017,7.44,0.0,0.0
368,2018,7.540000000000001,0.0,0.0
368,2019,37.78,0.0,0.0
368,2020,118.71,0.0,0.0
368,2021,108.81,0.0,0.0
368,2022,75.24000000000001,0.0,0.0
368,2023,96.6,0.0,0.0
368,2024,77.33,0.0,0.0
368,2025,29.05,0.0,0.0
369,2014,1.28,0.0,0.0
369,2015,22.48,0.0,0.0
369,2016,4.8,0.0,0.0
369,2017,3.6,0.0,0.0
369,2018,66.86000000000001,0.0,0.0
369,2019,30.9,0.0,0.0
369,2020,18.12,0.3,0.016556291390728475
369,2021,43.980000000000004,3.3,0.07503410641200545
369,2022,2967.04,144.0,0.048533218291630716
369,2023,4284.92,52.0,0.012135582461282823
369,2024,5340.68,58.5,0.010953661331515836
369,2025,2263.9,0.0,0.0
370,1998,41.3,0.0,0.0
370,1999,41.3,0.0,0.0
370,2005,5.94,0.0,0.0
370,2006,139.76,0.0,0.0
370,2009,3.42,0.0,0.0
370,2011,75.0,0.0,0.0
370,2012,75.0,0.0,0.0
370,2013,75.0,0.0,0.0
370,2014,66.0,0.0,0.0
370,2015,98.47999999999999,0.0,0.0
370,2016,120.3,3.0,0.02493765586034913
370,2017,158.2,0.0,0.0
370,2018,141.91,0.0,0.0
370,2019,332.96,0.0,0.0
370,2020,13.0,0.0,0.0
370,2021,68.6,66.5,0.9693877551020409
370,2022,214.7,75.0,0.34932463903120636
370,2023,178.0,27.55,0.1547752808988764
370,2024,398.8,84.5,0.21188565697091274
370,2025,465.9,75.4,0.16183730414251987
371,1993,1.75,0.0,0.0
371,1994,181.34,0.0,0.0
371,1995,47.089999999999996,0.0,0.0
371,1996,68.05,0.0,0.0
371,1999,2.4,0.0,0.0
371,2004,117.6,0.0,0.0
371,2007,1.4,0.0,0.0
371,2009,45.8,0.0,0.0
371,2010,51.64,0.0,0.0
371,2011,5.1,0.0,0.0
371,2013,52.4,0.0,0.0
371,2016,112.4,0.0,0.0
371,2017,21.8,0.0,0.0
371,2019,248.3,0.0,0.0
371,2021,32.0,0.0,0.0
371,2022,29.0,0.0,0.0
371,2023,7.4399999999999995,0.0,0.0
371,2024,31.8,0.0,0.0
371,2025,21.0,0.0,0.0
372,1993,4.28,0.0,0.0
372,1997,4.0,0.0,0.0
372,1998,27.599999999999998,0.0,0.0
372,1999,23.3,0.0,0.0
372,2000,6.0,0.0,0.0
372,2001,84.99000000000001,0.0,0.0
372,2003,0.8,0.0,0.0
372,2004,38.0,0.0,0.0
372,2005,94.96000000000001,0.0,0.0
372,2006,97.04,0.0,0.0
372,2007,161.32999999999998,0.0,0.0
372,2008,131.64,0.0,0.0
372,2009,38.39,0.0,0.0
372,2011,1.68,0.0,0.0
372,2012,9.2,0.0,0.0
372,2013,5.2,0.0,0.0
372,2014,1.4,0.0,0.0
372,2017,7.36,0.0,0.0
372,2018,40.949999999999996,0.0,0.0
372,2019,6.15,0.0,0.0
372,2022,2.46,0.0,0.0
372,2023,0.1,0.1,1.0
372,2024,14.700000000000001,0.9,0.061224489795918366
373,1993,50.0,0.0,0.0
373,1994,25.0,0.0,0.0
373,2000,3.4,0.0,0.0
373,2002,88.9,0.0,0.0
373,2004,4.0,0.0,0.0
373,2005,63.36,0.0,0.0
373,2006,167.57,0.0,0.0
373,2007,212.67000000000002,0.0,0.0
373,2008,33.63,0.0,0.0
373,2009,147.16,3.5,0.023783636857841805
373,2010,163.09,7.7,0.047213195168311975
373,2011,568.69,6.5,0.011429777207265821
373,2012,397.23,21.8,0.05488004430682476
373,2013,398.3,4.2,0.01054481546572935
373,2014,642.15,19.6,0.030522463598847624
373,2015,351.15,87.95,0.250462765200057
373,2016,286.59999999999997,60.5,0.2110956036287509
373,2017,290.36,118.0,0.4063920650227304
373,2018,370.59999999999997,118.0,0.3184025903939558
373,2019,44.0,3.0,0.06818181818181818
373,2020,50.55,3.0,0.05934718100890208
373,2022,9.05,0.0,0.0
373,2023,3.0,0.0,0.0
373,2024,75.0,0.0,0.0
373,2025,463.0,0.0,0.0
375,1952,18.0,0.0,0.0
375,1955,11.25,0.0,0.0
375,1956,14.77,0.0,0.0
375,1957,2.5,0.0,0.0
375,1958,25.34,0.0,0.0
375,1959,41.1,18.0,0.437956204379562
375,1960,60.379999999999995,1.0,0.016561775422325276
375,1961,51.54,10.0,0.19402405898331393
375,1962,48.28,10.0,0.2071251035625518
375,1963,251.8,10.0,0.03971405877680699
375,1964,103.11,10.0,0.0969838037047813
375,1965,81.25,10.0,0.12307692307692308
375,1966,41.81,10.0,0.2391772303276728
375,1967,75.75,1.0,0.013201320132013201
375,1968,22.7,0.0,0.0
375,1969,20.75,0.0,0.0
375,1970,14.75,0.0,0.0
375,1971,4.25,0.0,0.0
375,1972,26.32,0.0,0.0
375,1973,13.120000000000001,0.0,0.0
375,1974,171.54,55.5,0.32353969919552295
375,1975,128.85,55.5,0.4307334109429569
375,1976,74.12,0.0,0.0
375,1977,12.0,0.0,0.0
375,1978,104.5,0.0,0.0
375,1979,46.5,0.0,0.0
375,1980,327.94000000000005,17.0,0.05183875099103494
375,1981,117.75,76.5,0.6496815286624203
375,1982,131.9,85.0,0.6444275966641395
375,1983,112.4,85.0,0.7562277580071174
375,1984,126.9,85.0,0.6698187549251379
375,1985,202.55,86.25,0.4258207849913601
375,1986,97.9,6.5,0.06639427987742594
375,1987,66.0,0.0,0.0
375,1988,141.1,0.0,0.0
375,1989,86.05,0.0,0.0
375,1990,88.45,0.0,0.0
375,1991,64.66,0.0,0.0
375,1992,442.45,0.0,0.0
375,1993,405.8,0.0,0.0
375,1994,234.46,0.0,0.0
375,1995,195.2,150.0,0.7684426229508197
375,1996,551.65,337.5,0.6118009607541014
375,1997,397.04999999999995,375.0,0.9444654325651682
375,1998,559.69,487.5,0.8710178849005699
375,1999,767.64,675.0,0.8793184305143036
375,2000,472.0,375.0,0.7944915254237288
375,2001,6.6000000000000005,0.0,0.0
375,2002,15.2,0.0,0.0
375,2003,241.6,11.2,0.046357615894039736
375,2004,67.3,52.8,0.7845468053491828
375,2005,92.55,22.4,0.24203133441383035
375,2006,131.70000000000002,43.199999999999996,0.3280182232346241
375,2007,148.71,33.6,0.22594311075247125
375,2008,134.16,35.0,0.2608825283243888
375,2009,36.5,7.0,0.1917808219178082
375,2010,40.8,14.0,0.3431372549019608
375,2011,59.82,28.0,0.4680708793045804
375,2012,86.89999999999999,78.5,0.9033371691599541
375,2013,253.65,138.5,0.5460279913266312
375,2014,182.39000000000001,67.0,0.3673447009156203
375,2015,267.55,67.0,0.2504204821528686
375,2016,121.89999999999999,57.5,0.4716981132075472
375,2017,46.92,0.0,0.0
375,2018,81.84,25.0,0.30547409579667645
375,2019,85.69999999999999,0.0,0.0
375,2020,95.7,0.0,0.0
375,2021,20.3,0.0,0.0
375,2022,12.3,0.0,0.0
375,2023,37.3,0.0,0.0
375,2024,104.85,0.0,0.0
375,2025,51.1,0.0,0.0
380,1950,241.57999999999998,213.75,0.8848000662306483
380,1951,298.24,225.0,0.754425965665236
380,1952,329.5,249.0,0.7556904400606981
380,1953,410.0,229.5,0.5597560975609757
380,1954,288.75,232.5,0.8051948051948052
380,1955,399.78,158.75,0.39709340137075394
380,1956,540.9300000000001,193.25,0.3572550977021056
380,1957,252.75,140.0,0.5539070227497527
380,1958,163.94,142.5,0.8692204465048189
380,1959,253.0,176.25,0.6966403162055336
380,1960,227.3,113.75,0.5004399472063352
380,1961,164.82,48.1,0.2918335153500789
380,1962,177.0,70.6,0.3988700564971751
380,1963,335.05,143.1,0.42710043277122817
380,1964,400.0,158.0,0.395
380,1965,323.9,102.6,0.31676443346711947
380,1966,298.75,240.25,0.80418410041841
380,1967,318.45,236.7,0.7432878002826189
380,1968,189.15,160.7,0.8495902722706845
380,1969,171.64999999999998,99.5,0.5796679289251384
380,1970,137.05,73.5,0.5363006202116015
380,1971,160.3,70.25,0.4382407985028072
380,1972,195.6,120.95,0.6183537832310839
380,1973,231.14,196.0,0.8479709267110842
380,1974,255.5,229.5,0.898238747553816
380,1975,291.5,245.0,0.8404802744425386
380,1976,213.5,202.5,0.9484777517564403
380,1977,113.5,62.5,0.5506607929515418
380,1978,228.75,62.5,0.273224043715847
380,1979,232.5,50.0,0.21505376344086022
380,1980,291.4,87.8,0.3013040494166095
380,1981,494.6,90.6,0.18317832591993527
380,1982,153.25,92.4,0.6029363784665579
380,1983,106.2,94.2,0.8870056497175142
380,1984,108.45,96.0,0.8852005532503457
380,1985,83.75,43.0,0.5134328358208955
380,1986,118.5,55.5,0.46835443037974683
380,1987,125.17,55.5,0.4433969801070544
380,1988,151.53,48.0,0.3167689566422491
380,1989,127.32000000000001,20.0,0.15708451146716934
380,1990,94.07,24.5,0.2604443499521633
380,1991,54.9,16.0,0.29143897996357016
380,1992,59.9,0.0,0.0
380,1993,46.33,2.2,0.04748543060651846
380,1994,306.65999999999997,11.0,0.035870345007500165
380,1995,105.59,13.2,0.12501183824225778
380,1996,98.49,56.3,0.5716316377297187
380,1997,196.34,186.0,0.9473362534379138
380,1998,294.49,181.6,0.6166593093144079
380,1999,223.68,172.6,0.7716380543633762
380,2000,196.42000000000002,149.6,0.7616332349047957
380,2001,165.41,123.0,0.7436067952360801
380,2002,74.12,39.9,0.5383162439287641
380,2003,65.6,26.4,0.4024390243902439
380,2004,46.9,26.4,0.5628997867803838
380,2005,78.2,26.4,0.3375959079283887
380,2006,120.7,26.4,0.21872410936205466
380,2007,51.0,22.0,0.43137254901960786
380,2008,51.7,0.0,0.0
380,2009,14.5,0.0,0.0
380,2011,185.3,28.0,0.15110631408526712
380,2012,201.75,0.0,0.0
380,2013,57.5,25.0,0.43478260869565216
380,2014,48.2,48.2,1.0
380,2015,23.5,21.5,0.9148936170212766
380,2016,69.56,50.5,0.7259919493962047
380,2017,31.5,21.5,0.6825396825396826
380,2018,7.0,7.0,1.0
380,2019,7.0,7.0,1.0
380,2020,3.0,0.0,0.0
380,2021,110.0,0.0,0.0
380,2022,317.5,0.0,0.0
380,2023,97.6,7.0,0.07172131147540985
380,2024,56.2,0.0,0.0
380,2025,146.0,18.75,0.1284246575342466
385,1950,109.5,0.0,0.0
385,1951,123.34,0.0,0.0
385,1952,425.57,0.0,0.0
385,1953,420.82,10.0,0.023763129128843687
385,1954,19.44,0.0,0.0
385,1955,170.32,60.0,0.35227806481916396
385,1956,280.57,0.0,0.0
385,1957,144.3,0.0,0.0
385,1958,149.02,0.0,0.0
385,1959,118.55,0.0,0.0
385,1960,153.22,0.0,0.0
385,1961,92.91999999999999,0.0,0.0
385,1962,59.6,0.0,0.0
385,1963,227.20000000000002,15.0,0.06602112676056338
385,1964,260.14,20.0,0.07688167909587146
385,1965,368.39,25.0,0.06786286272700127
385,1966,759.44,25.0,0.032918992942167914
385,1967,684.56,25.0,0.036519808344045813
385,1968,289.0,25.0,0.08650519031141868
385,1969,537.88,15.0,0.027887261099129916
385,1970,154.46,0.0,0.0
385,1971,81.9,0.0,0.0
385,1972,67.5,0.0,0.0
385,1973,62.61,3.75,0.059894585529468136
385,1974,54.839999999999996,0.0,0.0
385,1975,49.44,7.5,0.1516990291262136
385,1976,35.07,7.5,0.21385799828913601
385,1977,27.36,7.5,0.2741228070175439
385,1978,24.0,3.75,0.15625
385,1979,46.74,0.0,0.0
385,1980,253.65,0.0,0.0
385,1981,435.14,0.0,0.0
385,1982,457.0,6.6,0.014442013129102843
385,1983,441.16999999999996,11.0,0.02493369902758574
385,1984,336.6,11.0,0.0326797385620915
385,1985,122.0,11.0,0.09016393442622951
385,1986,141.42000000000002,40.42,0.28581530193749116
385,1987,192.24,57.5,0.29910528506034123
385,1988,307.58,107.5,0.3495025684374797
385,1989,599.63,200.0,0.3335390157263646
385,1990,435.4,293.5,0.6740927882406983
385,1991,321.4,272.0,0.8462974486621033
385,1992,252.69,172.0,0.6806759270252087
385,1993,180.19,40.0,0.22198790165935955
385,1994,92.75,40.0,0.431266846361186
385,1995,66.37,2.0,0.0301340967304505
385,1996,150.85999999999999,26.4,0.17499668566883203
385,1997,164.15,25.0,0.15229972586049345
385,1998,157.84,97.0,0.61454637607704
385,1999,151.3,124.0,0.8195637805684071
385,2000,233.6,117.6,0.5034246575342466
385,2001,98.9,46.4,0.46916076845298277
385,2002,94.51,0.0,0.0
385,2003,9.0,0.0,0.0
385,2004,5.7,0.0,0.0
385,2005,13.77,10.0,0.7262164124909223
385,2006,558.89,467.39,0.8362826316448675
385,2007,597.64,477.39,0.7987919148651362
385,2008,601.55,459.5,0.7638600282603275
385,2009,569.35,451.5,0.7930095723193115
385,2010,150.48,0.0,0.0
385,2011,607.09,466.5,0.7684198389036222
385,2012,146.78,21.0,0.1430712631148658
385,2013,51.14,21.0,0.41063746578021115
385,2014,15.95,7.45,0.46708463949843265
385,2015,143.48,133.6,0.9311402286032897
385,2016,142.38,130.5,0.9165613147914033
385,2017,352.65,343.5,0.9740535942152276
385,2018,520.25,350.5,0.6737145603075444
385,2019,389.05,360.0,0.9253309343272073
385,2020,458.75,345.0,0.7520435967302452
385,2021,503.0,367.0,0.7296222664015904
385,2022,699.5,165.0,0.23588277340957828
385,2023,200.45,165.0,0.8231479171863308
385,2024,378.85,337.2,0.8900620298271082
385,2025,407.15,352.2,0.8650374554832372
390,1950,44.459999999999994,0.0,0.0
390,1951,132.38,0.0,0.0
390,1952,397.33000000000004,0.0,0.0
390,1953,616.43,0.0,0.0
390,1954,286.22,0.0,0.0
390,1955,174.82999999999998,0.0,0.0
390,1956,234.42,0.0,0.0
390,1957,125.16,0.0,0.0
390,1958,111.47,0.0,0.0
390,1959,202.5,0.0,0.0
390,1960,142.4,0.0,0.0
390,1961,335.08,0.0,0.0
390,1962,61.27,7.5,0.1224090093030847
390,1963,137.32,29.0,0.21118555199533937
390,1964,490.52,34.0,0.06931419717850444
390,1965,454.5,62.5,0.13751375137513752
390,1966,65.9,55.0,0.834597875569044
390,1967,71.85,55.0,0.7654836464857342
390,1968,76.74,25.0,0.3257753453218661
390,1969,19.2,15.0,0.78125
390,1970,211.95999999999998,80.0,0.37742970371768264
390,1971,384.0,0.0,0.0
390,1972,155.86,0.0,0.0
390,1974,38.5,0.0,0.0
390,1975,89.0,0.0,0.0
390,1976,389.5,87.0,0.2233632862644416
390,1977,390.94,217.5,0.5563513582646954
390,1978,359.87,138.0,0.3834718092644566
390,1979,54.85,0.0,0.0
390,1980,480.25,334.15,0.6957834461218115
390,1981,476.75,334.15,0.7008914525432616
390,1982,470.45,334.15,0.7102773939844829
390,1983,230.96,206.5,0.8940942154485625
390,1984,69.62,0.0,0.0
390,1985,87.82,0.0,0.0
390,1986,15.5,0.0,0.0
390,1987,99.1,82.6,0.8335015136226034
390,1988,98.02,82.6,0.8426851662925934
390,1989,186.9,82.6,0.44194756554307113
390,1990,130.95,0.0,0.0
390,1991,155.89999999999998,0.0,0.0
390,1992,71.8,0.0,0.0
390,1993,50.81,0.0,0.0
390,1994,88.38,0.0,0.0
390,1995,134.06,0.0,0.0
390,1996,74.75,0.0,0.0
390,1997,76.54,0.0,0.0
390,1998,119.9,5.94,0.04954128440366973
390,1999,73.64,6.640000000000001,0.09016838674633353
390,2000,50.120000000000005,13.120000000000001,0.26177174780526735
390,2001,148.0,6.12,0.04135135135135135
390,2002,38.6,5.94,0.1538860103626943
390,2003,47.95,5.94,0.12387904066736184
390,2004,231.54000000000002,12.0,0.05182689816014511
390,2005,117.09,57.2,0.4885131095738321
390,2006,85.56,79.0,0.9233286582515193
390,2007,133.49,24.95,0.18690538617124877
390,2008,97.8,88.3,0.9028629856850716
390,2009,134.4,134.4,1.0
390,2010,21.5,16.5,0.7674418604651163
390,2011,5.6,0.0,0.0
390,2012,103.2,8.0,0.07751937984496124
390,2013,34.0,8.0,0.23529411764705882
390,2014,176.0,8.0,0.045454545454545456
390,2015,42.04,8.0,0.19029495718363465
390,2016,103.4,3.2,0.030947775628626693
390,2017,53.34,0.0,0.0
390,2018,53.97,0.0,0.0
390,2019,55.35,3.6,0.06504065040650406
390,2020,63.42,0.0,0.0
390,2021,263.89,220.0,0.8336807002917883
390,2022,213.77,110.0,0.5145717359779202
390,2023,280.09,220.0,0.785461815844907
390,2024,440.43,385.0,0.8741457212269828
390,2025,278.31,220.0,0.7904854299162803
395,1960,20.0,0.0,0.0
395,1968,26.5,0.0,0.0
395,1975,26.5,0.0,0.0
395,2011,50.0,0.0,0.0
402,1976,1.5,0.0,0.0
402,1979,18.0,0.0,0.0
402,1982,25.5,0.0,0.0
402,1992,7.0,0.0,0.0
402,1998,8.65,0.0,0.0
402,2000,0.88,0.0,0.0
402,2009,1.52,0.0,0.0
402,2012,10.0,0.0,0.0
402,2019,3.04,0.0,0.0
404,1974,21.06,0.0,0.0
404,1975,12.0,0.0,0.0
404,1976,10.4,0.0,0.0
404,1978,14.27,0.0,0.0
404,1979,24.27,0.0,0.0
404,1980,2.03,0.0,0.0
404,1981,0.5,0.0,0.0
404,1984,11.32,0.0,0.0
404,1986,35.0,0.0,0.0
404,1988,20.0,0.0,0.0
404,1990,21.5,0.0,0.0
404,1991,6.0,0.0,0.0
404,1993,4.72,0.0,0.0
411,1978,4.8,0.0,0.0
411,1980,1.12,0.0,0.0
411,1982,4.56,0.0,0.0
411,1999,3.0,0.0,0.0
411,2001,6.8,0.0,0.0
411,2004,7.2,0.0,0.0
411,2005,10.5,0.0,0.0
411,2006,7.25,0.0,0.0
411,2007,27.6,0.0,0.0
411,2008,29.5,0.0,0.0
411,2009,67.69999999999999,0.0,0.0
411,2011,56.2,0.0,0.0
411,2012,60.0,0.0,0.0
411,2013,1.8,0.0,0.0
411,2014,91.95,0.0,0.0
411,2018,19.95,0.0,0.0
411,2021,0.25,0.0,0.0
411,2024,12.0,0.0,0.0
420,1981,3.1,0.0,0.0
420,1989,11.88,0.0,0.0
420,2004,4.6,0.0,0.0
420,2009,16.0,0.0,0.0
420,2022,1.4,0.0,0.0
420,2023,0.12,0.0,0.0
420,2025,1.02,0.0,0.0
432,1961,3.0199999999999996,0.0,0.0
432,1962,9.96,0.0,0.0
432,1963,4.16,0.0,0.0
432,1966,1.44,0.0,0.0
432,1967,12.44,0.0,0.0
432,1969,2.0,0.0,0.0
432,1971,15.0,0.0,0.0
432,1975,10.72,0.0,0.0
432,1976,88.5,0.0,0.0
432,1981,91.17999999999999,0.0,0.0
432,1982,3.88,0.0,0.0
432,1983,14.5,0.0,0.0
432,1984,13.120000000000001,0.0,0.0
432,1985,0.18,0.0,0.0
432,1988,1.9,0.0,0.0
432,1990,1.25,0.0,0.0
432,1994,0.42,0.0,0.0
432,1997,8.5,0.0,0.0
432,1998,4.25,0.0,0.0
432,2000,6.74,0.0,0.0
432,2002,0.9,0.0,0.0
432,2003,3.4,0.0,0.0
432,2005,12.84,0.0,0.0
432,2007,7.8,0.0,0.0
432,2008,3.21,0.0,0.0
432,2009,10.44,0.0,0.0
432,2011,0.19,0.0,0.0
432,2012,8.57,0.0,0.0
432,2013,7.42,0.0,0.0
432,2014,0.54,0.0,0.0
432,2016,22.02,0.0,0.0
432,2017,32.19,0.0,0.0
432,2018,26.62,0.0,0.0
432,2019,19.17,0.0,0.0
432,2020,48.74,0.0,0.0
432,2021,38.45,0.0,0.0
432,2022,62.02,0.0,0.0
432,2023,43.55,0.0,0.0
432,2024,24.6,0.0,0.0
432,2025,64.36,0.0,0.0
433,1960,0.3,0.0,0.0
433,1961,8.09,0.0,0.0
433,1963,0.14,0.0,0.0
433,1964,4.1,0.0,0.0
433,1965,0.15,0.0,0.0
433,1966,2.4,0.0,0.0
433,1968,1.0,0.0,0.0
433,1969,37.8,0.0,0.0
433,1971,12.35,0.0,0.0
433,1973,0.8,0.0,0.0
433,1974,16.6,0.0,0.0
433,1976,14.6,0.0,0.0
433,1977,40.72,0.0,0.0
433,1978,19.56,0.0,0.0
433,1979,28.799999999999997,0.0,0.0
433,1982,7.0,0.0,0.0
433,1983,37.8,0.0,0.0
433,1984,3.63,0.0,0.0
433,1986,14.0,0.0,0.0
433,1987,18.0,0.0,0.0
433,1994,1.08,0.0,0.0
433,1995,5.9799999999999995,0.0,0.0
433,2005,14.66,0.0,0.0
433,2006,14.4,0.0,0.0
433,2007,12.120000000000001,0.0,0.0
433,2008,5.61,0.0,0.0
433,2009,5.68,0.0,0.0
433,2010,3.84,0.0,0.0
433,2011,16.48,0.0,0.0
433,2014,8.84,0.0,0.0
433,2015,24.41,0.0,0.0
433,2016,40.07,0.0,0.0
433,2017,47.75,0.0,0.0
433,2018,14.51,0.0,0.0
433,2019,40.42,0.0,0.0
433,2020,22.31,0.0,0.0
433,2021,20.740000000000002,0.0,0.0
433,2022,27.5,0.0,0.0
433,2023,171.52,0.0,0.0
433,2024,78.7,0.0,0.0
434,1961,2.0,0.0,0.0
434,1962,0.7,0.0,0.0
434,1964,1.5999999999999999,0.0,0.0
434,1966,0.72,0.0,0.0
434,1970,0.35,0.0,0.0
434,1971,2.0,0.0,0.0
434,1973,1.0,0.0,0.0
434,1978,25.5,0.0,0.0
434,1979,5.6,0.0,0.0
434,1982,10.2,0.0,0.0
434,1983,3.4000000000000004,0.0,0.0
434,1984,1.3,0.0,0.0
434,1985,3.3,0.0,0.0
434,1987,0.87,0.0,0.0
434,1988,0.24,0.0,0.0
434,1989,0.24,0.0,0.0
434,2002,6.8,0.0,0.0
434,2007,2.76,0.0,0.0
434,2009,0.96,0.0,0.0
434,2010,0.26,0.0,0.0
434,2011,0.22,0.0,0.0
434,2012,19.5,0.0,0.0
434,2013,2.72,0.0,0.0
434,2016,0.96,0.0,0.0
434,2022,3.34,0.0,0.0
434,2023,11.54,0.0,0.0
434,2024,6.78,0.0,0.0
434,2025,3.7,0.0,0.0
435,1960,1.53,0.0,0.0
435,1961,0.76,0.0,0.0
435,1962,1.15,0.0,0.0
435,1963,5.5,0.0,0.0
435,1964,1.0,0.0,0.0
435,1965,1.0,0.0,0.0
435,1970,21.0,0.0,0.0
435,1971,13.0,0.0,0.0
435,1973,0.52,0.0,0.0
435,1975,5.0,0.0,0.0
435,1976,14.799999999999999,0.0,0.0
435,1977,29.32,0.0,0.0
435,1978,16.94,0.0,0.0
435,1979,24.3,0.0,0.0
435,1981,15.72,0.0,0.0
435,1982,16.2,0.0,0.0
435,1989,8.4,0.0,0.0
435,1990,16.4,0.0,0.0
435,1991,17.5,0.0,0.0
435,1994,15.5,0.0,0.0
435,1995,2.5,0.0,0.0
435,1996,2.5,0.0,0.0
435,1997,8.0,0.0,0.0
435,1998,4.25,0.0,0.0
435,2000,31.2,0.0,0.0
435,2002,26.6,0.0,0.0
435,2003,6.5,0.0,0.0
435,2010,17.400000000000002,0.0,0.0
435,2011,5.2,0.0,0.0
435,2012,10.8,0.0,0.0
435,2014,7.5,0.0,0.0
435,2015,0.9,0.0,0.0
435,2016,35.22,0.0,0.0
435,2018,0.9,0.0,0.0
435,2019,34.120000000000005,0.0,0.0
435,2021,5.76,0.0,0.0
435,2023,2.4,0.0,0.0
435,2024,126.2,0.0,0.0
436,1960,1.0899999999999999,0.0,0.0
436,1961,1.0,0.0,0.0
436,1964,0.61,0.0,0.0
436,1965,1.32,0.0,0.0
436,1969,2.35,0.0,0.0
436,1970,0.5,0.0,0.0
436,1971,11.899999999999999,0.0,0.0
436,1974,2.5,0.0,0.0
436,1978,1.8,0.0,0.0
436,1979,56.9,0.0,0.0
436,1980,7.52,0.0,0.0
436,1982,5.5,0.0,0.0
436,1983,25.2,0.0,0.0
436,1984,3.0,0.0,0.0
436,1986,3.04,0.0,0.0
436,1991,14.0,0.0,0.0
436,1997,3.4,0.0,0.0
436,2008,8.2,0.0,0.0
436,2009,1.09,0.0,0.0
436,2013,12.219999999999999,0.0,0.0
436,2014,3.36,0.0,0.0
436,2015,9.74,0.0,0.0
436,2016,0.4,0.0,0.0
436,2017,3.0,0.0,0.0
436,2018,1.05,0.0,0.0
436,2019,4.68,0.0,0.0
436,2020,18.9,0.0,0.0
436,2021,16.38,0.0,0.0
436,2022,33.32,0.0,0.0
436,2023,18.96,0.0,0.0
436,2024,3.5,0.0,0.0
436,2025,4.2,0.0,0.0
437,1961,2.8,0.0,0.0
437,1962,1.3,0.0,0.0
437,1963,1.14,0.0,0.0
437,1966,1.8,0.0,0.0
437,1967,3.46,0.0,0.0
437,1968,26.0,0.0,0.0
437,1969,1.9,0.0,0.0
437,1970,7.05,0.0,0.0
437,1971,17.24,0.0,0.0
437,1972,0.72,0.0,0.0
437,1974,18.0,0.0,0.0
437,1977,21.6,0.0,0.0
437,1978,14.9,0.0,0.0
437,1979,37.74,0.0,0.0
437,1980,56.2,0.0,0.0
437,1981,18.8,0.0,0.0
437,1984,9.0,0.0,0.0
437,1989,1.6,0.0,0.0
437,1992,0.28,0.0,0.0
437,1995,1.5,0.0,0.0
437,1997,0.36,0.0,0.0
437,1999,2.0,0.0,0.0
437,2000,0.16,0.0,0.0
437,2002,27.84,0.0,0.0
437,2003,61.28,0.0,0.0
437,2004,9.399999999999999,0.0,0.0
437,2014,6.3,0.0,0.0
437,2015,5.0,0.0,0.0
437,2016,5.32,0.0,0.0
437,2017,13.9,0.0,0.0
437,2018,10.35,0.0,0.0
437,2019,15.3,0.0,0.0
437,2020,3.4,0.0,0.0
437,2021,7.3999999999999995,0.0,0.0
437,2022,21.52,0.0,0.0
437,2023,67.15,0.0,0.0
437,2024,3.0,0.0,0.0
437,2025,4.5600000000000005,0.0,0.0
438,1959,17.880000000000003,0.0,0.0
438,1960,33.36,0.0,0.0
438,1961,2.0,0.0,0.0
438,1963,0.24,0.0,0.0
438,1964,0.24,0.0,0.0
438,1965,18.45,0.0,0.0
438,1967,7.199999999999999,0.0,0.0
438,1969,0.48,0.0,0.0
438,1970,0.77,0.0,0.0
438,1971,3.81,0.0,0.0
438,1972,4.8,0.0,0.0
438,1973,18.0,0.0,0.0
438,1974,22.47,0.0,0.0
438,1976,18.0,0.0,0.0
438,1977,8.4,0.0,0.0
438,1978,45.0,0.0,0.0
438,1979,67.85,0.0,0.0
438,1981,0.5,0.0,0.0
438,1982,1.0,0.0,0.0
438,1983,0.8,0.0,0.0
438,1986,38.52,0.0,0.0
438,1989,40.0,0.0,0.0
438,1990,0.9,0.0,0.0
438,1991,1.3,0.0,0.0
438,1998,3.6399999999999997,0.0,0.0
438,2000,25.72,0.0,0.0
438,2001,6.37,0.0,0.0
438,2003,1.5,0.0,0.0
438,2010,0.7,0.0,0.0
438,2011,0.6,0.0,0.0
438,2014,5.12,0.0,0.0
438,2017,2.4,0.0,0.0
438,2018,1.28,0.0,0.0
438,2019,3.84,0.0,0.0
438,2021,0.7,0.0,0.0
438,2023,0.7,0.0,0.0
438,2024,6.3999999999999995,0.0,0.0
438,2025,6.3999999999999995,0.0,0.0
439,1961,1.0,0.0,0.0
439,1964,1.0,0.0,0.0
439,1965,0.3,0.0,0.0
439,1966,0.15,0.0,0.0
439,1968,0.35,0.0,0.0
439,1969,1.35,0.0,0.0
439,1970,0.5,0.0,0.0
439,1971,1.44,0.0,0.0
439,1975,13.84,0.0,0.0
439,1976,7.5,0.0,0.0
439,1977,8.6,0.0,0.0
439,1980,0.08,0.0,0.0
439,1981,8.5,0.0,0.0
439,1982,1.12,0.0,0.0
439,1983,16.46,0.0,0.0
439,1984,9.0,0.0,0.0
439,1985,0.2,0.0,0.0
439,1986,1.54,0.0,0.0
439,1988,12.0,0.0,0.0
439,1991,2.6,0.0,0.0
439,1993,7.25,0.0,0.0
439,1999,0.24,0.0,0.0
439,2005,11.88,0.0,0.0
439,2006,3.97,0.0,0.0
439,2007,4.0,0.0,0.0
439,2009,3.0,0.0,0.0
439,2010,0.12,0.0,0.0
439,2011,16.2,0.0,0.0
439,2012,3.2,0.0,0.0
439,2015,4.96,0.0,0.0
439,2016,6.5,0.0,0.0
439,2017,2.1,0.0,0.0
439,2018,24.28,0.0,0.0
439,2019,6.82,0.0,0.0
439,2020,2.92,0.0,0.0
439,2021,25.7,0.0,0.0
439,2022,11.809999999999999,0.0,0.0
439,2023,18.37,0.0,0.0
439,2024,37.19,0.0,0.0
439,2025,34.3,0.0,0.0
450,1959,0.66,0.0,0.0
450,1964,2.0,0.0,0.0
450,1967,18.0,0.0,0.0
450,1969,0.96,0.0,0.0
450,1971,1.0,0.0,0.0
450,1972,1.44,0.0,0.0
450,1976,2.39,0.0,0.0
450,1978,1.05,0.0,0.0
450,1984,1.08,0.0,0.0
450,1986,2.64,0.0,0.0
450,1987,8.76,0.0,0.0
450,1989,12.0,0.0,0.0
450,1990,3.0,0.0,0.0
450,2019,1.12,0.0,0.0
450,2023,14.0,0.0,0.0
450,2025,0.24,0.0,0.0
451,1973,28.08,0.0,0.0
451,1976,1.2,0.0,0.0
451,1978,1.6,0.0,0.0
451,1980,42.0,0.0,0.0
451,1983,1.12,0.0,0.0
451,1984,2.6,0.0,0.0
451,1987,18.0,0.0,0.0
451,1992,1.44,0.0,0.0
451,1994,7.0,0.0,0.0
451,1995,14.309999999999999,0.0,0.0
451,1997,15.8,0.0,0.0
451,1999,12.6,0.0,0.0
451,2006,9.0,0.0,0.0
451,2011,2.1,0.0,0.0
451,2012,0.15,0.0,0.0
451,2013,0.6,0.0,0.0
451,2015,0.9,0.0,0.0
451,2016,2.1,0.0,0.0
452,1959,1.22,0.0,0.0
452,1960,12.19,0.0,0.0
452,1961,106.9,0.0,0.0
452,1962,20.0,0.0,0.0
452,1963,5.88,0.0,0.0
452,1964,39.6,0.0,0.0
452,1965,40.32,0.0,0.0
452,1966,24.25,0.0,0.0
452,1967,1.44,0.0,0.0
452,1972,12.4,0.0,0.0
452,1973,13.24,0.0,0.0
452,1974,18.8,0.0,0.0
452,1975,28.18,0.0,0.0
452,1976,38.8,0.0,0.0
452,1978,18.0,0.0,0.0
452,1979,6.699999999999999,0.0,0.0
452,1980,38.1,0.0,0.0
452,1981,48.0,0.0,0.0
452,1985,5.0,0.0,0.0
452,1987,12.52,0.0,0.0
452,1989,1.6,0.0,0.0
452,1990,4.4,0.0,0.0
452,1991,1.2,0.0,0.0
452,1994,11.0,0.0,0.0
452,1996,7.34,0.0,0.0
452,1997,5.0,0.0,0.0
452,1999,7.5,0.0,0.0
452,2000,1.44,0.0,0.0
452,2001,11.54,0.0,0.0
452,2002,0.72,0.0,0.0
452,2003,6.08,0.0,0.0
452,2004,37.2,0.0,0.0
452,2005,0.32,0.0,0.0
452,2007,16.4,0.0,0.0
452,2009,6.24,0.0,0.0
452,2010,2.2,0.0,0.0
452,2011,75.8,0.0,0.0
452,2012,39.260000000000005,0.0,0.0
452,2013,51.879999999999995,0.0,0.0
452,2014,16.8,0.0,0.0
452,2015,13.3,0.0,0.0
452,2016,22.0,0.0,0.0
452,2018,0.45,0.0,0.0
452,2019,2.1,0.0,0.0
452,2020,12.0,0.0,0.0
452,2022,40.480000000000004,0.0,0.0
452,2023,7.92,0.0,0.0
452,2024,11.36,0.0,0.0
452,2025,5.32,0.0,0.0
461,1960,0.88,0.0,0.0
461,1964,0.15,0.0,0.0
461,1965,0.15,0.0,0.0
461,1968,1.0,0.0,0.0
461,1969,0.7,0.0,0.0
461,1970,1.52,0.0,0.0
461,1971,1.0,0.0,0.0
461,1973,4.2,0.0,0.0
461,1975,15.32,0.0,0.0
461,1976,47.47,0.0,0.0
461,1977,1.2,0.0,0.0
461,1978,8.6,0.0,0.0
461,1979,9.0,0.0,0.0
461,1980,27.0,0.0,0.0
461,1981,18.75,0.0,0.0
461,1982,3.54,0.0,0.0
461,1983,2.25,0.0,0.0
461,1986,15.9,0.0,0.0
461,1987,0.24,0.0,0.0
461,1988,0.3,0.0,0.0
461,1991,9.0,0.0,0.0
461,1992,8.0,0.0,0.0
461,1994,2.85,0.0,0.0
461,1995,2.85,0.0,0.0
461,1997,9.6,0.0,0.0
461,2010,0.72,0.0,0.0
461,2014,14.8,0.0,0.0
461,2019,6.4799999999999995,0.0,0.0
461,2020,5.16,0.0,0.0
461,2021,10.0,0.0,0.0
461,2022,58.660000000000004,0.0,0.0
461,2023,1.8599999999999999,0.0,0.0
461,2024,0.66,0.0,0.0
461,2025,4.6000000000000005,0.0,0.0
471,1961,0.46,0.0,0.0
471,1963,1.74,0.0,0.0
471,1964,0.48,0.0,0.0
471,1965,1.96,0.0,0.0
471,1966,1.56,0.0,0.0
471,1967,3.05,0.0,0.0
471,1968,3.04,0.0,0.0
471,1971,8.2,0.0,0.0
471,1972,0.95,0.0,0.0
471,1973,14.8,0.0,0.0
471,1976,29.0,0.0,0.0
471,1977,73.0,0.0,0.0
471,1979,1.32,0.0,0.0
471,1981,28.14,0.0,0.0
471,1982,113.03999999999999,0.0,0.0
471,1983,5.12,0.0,0.0
471,1984,124.9,0.0,0.0
471,1985,15.97,0.0,0.0
471,1986,10.92,0.0,0.0
471,1987,4.8,0.0,0.0
471,1988,1.52,0.0,0.0
471,1989,3.16,0.0,0.0
471,1990,8.13,0.0,0.0
471,1992,3.12,0.0,0.0
471,1996,4.8,0.0,0.0
471,1997,6.2,0.0,0.0
471,1998,8.8,0.0,0.0
471,1999,4.0,0.0,0.0
471,2001,6.0,0.0,0.0
471,2002,9.879999999999999,0.0,0.0
471,2005,4.8,0.0,0.0
471,2006,2.8,0.0,0.0
471,2008,0.6,0.0,0.0
471,2010,10.0,0.0,0.0
471,2012,9.1,0.0,0.0
471,2013,139.25,0.0,0.0
471,2014,124.0,0.0,0.0
471,2015,9.879999999999999,0.0,0.0
471,2016,23.3,0.0,0.0
471,2017,7.92,0.0,0.0
471,2018,2.2800000000000002,0.0,0.0
471,2019,4.0,0.0,0.0
471,2020,2.2800000000000002,0.0,0.0
471,2021,3.86,0.0,0.0
471,2022,1.92,0.0,0.0
471,2023,2.3,0.0,0.0
475,1959,5.32,0.0,0.0
475,1961,1.2,0.0,0.0
475,1962,7.9,0.0,0.0
475,1963,8.819999999999999,0.0,0.0
475,1964,1.5,0.0,0.0
475,1965,56.19,0.0,0.0
475,1966,159.1,0.0,0.0
475,1967,47.24,0.0,0.0
475,1968,50.379999999999995,0.0,0.0
475,1969,39.18,0.0,0.0
475,1970,14.0,0.0,0.0
475,1971,11.68,0.0,0.0
475,1972,113.0,0.0,0.0
475,1973,7.05,0.0,0.0
475,1974,23.55,0.0,0.0
475,1975,423.7,0.0,0.0
475,1976,104.0,0.0,0.0
475,1977,89.5,0.0,0.0
475,1978,142.47,12.0,0.08422825858075385
475,1979,107.97,12.0,0.11114198388441233
475,1980,473.79,0.0,0.0
475,1981,331.29,0.0,0.0
475,1982,642.05,0.0,0.0
475,1983,41.2,0.0,0.0
475,1984,359.15,0.0,0.0
475,1985,568.9,0.0,0.0
475,1986,211.25,0.0,0.0
475,1987,115.2,0.0,0.0
475,1988,62.2,0.0,0.0
475,1989,14.63,0.13,0.008885850991114148
475,1990,18.23,0.13,0.007131102578167855
475,1991,3.73,0.13,0.03485254691689008
475,1992,58.59,0.0,0.0
475,1993,40.709999999999994,1.56,0.03831982313927783
475,1994,94.5,1.56,0.01650793650793651
475,1995,1.56,1.56,1.0
475,1996,14.76,1.56,0.10569105691056911
475,1997,1.17,1.17,1.0
475,2000,35.64,0.0,0.0
475,2001,8.65,0.0,0.0
475,2002,5.75,0.0,0.0
475,2003,65.85,0.0,0.0
475,2004,11.0,0.0,0.0
475,2006,16.0,0.0,0.0
475,2007,62.300000000000004,0.0,0.0
475,2008,32.95,0.0,0.0
475,2009,64.65,0.0,0.0
475,2010,222.79999999999998,7.9,0.03545780969479354
475,2011,62.5,8.5,0.136
475,2012,27.8,6.5,0.23381294964028776
475,2013,29.97,2.6,0.08675342008675342
475,2014,235.75,1.2,0.005090137857900318
475,2015,188.06,1.0,0.005317451877060513
475,2016,59.690000000000005,0.0,0.0
475,2017,42.05,0.0,0.0
475,2018,49.14,0.0,0.0
475,2019,18.150000000000002,0.0,0.0
475,2020,84.03,0.0,0.0
475,2021,272.6,14.0,0.05135730007336757
475,2022,52.8,0.0,0.0
475,2023,92.7,0.0,0.0
475,2024,93.45,2.8,0.029962546816479398
475,2025,20.610000000000003,0.0,0.0
481,1961,2.94,0.0,0.0
481,1964,3.0,0.0,0.0
481,1965,0.15,0.0,0.0
481,1966,1.9,0.0,0.0
481,1968,4.2,0.0,0.0
481,1969,4.1,0.0,0.0
481,1970,0.95,0.0,0.0
481,1971,23.6,0.0,0.0
481,1973,1.5,0.0,0.0
481,1974,10.55,0.0,0.0
481,1975,34.45,0.0,0.0
481,1976,46.68,0.0,0.0
481,1977,28.0,0.0,0.0
481,1978,75.91,0.0,0.0
481,1980,32.550000000000004,0.0,0.0
481,1981,36.0,0.0,0.0
481,1982,5.4,0.0,0.0
481,1983,11.2,0.0,0.0
481,1984,99.78,0.0,0.0
481,1985,2.6,0.0,0.0
481,1986,7.94,0.0,0.0
481,1987,9.83,0.0,0.0
481,1988,21.5,0.0,0.0
481,1990,29.0,0.0,0.0
481,2004,7.0,0.0,0.0
481,2006,19.53,0.0,0.0
481,2007,18.48,0.0,0.0
481,2010,26.880000000000003,0.0,0.0
481,2011,5.2,0.0,0.0
481,2012,0.7,0.0,0.0
481,2013,2.2,0.0,0.0
481,2015,4.5,0.0,0.0
481,2016,2.82,0.0,0.0
481,2019,26.099999999999998,0.0,0.0
481,2021,2.4,0.0,0.0
481,2023,15.85,0.0,0.0
481,2024,6.25,0.0,0.0
482,1961,2.26,0.0,0.0
482,1965,0.76,0.0,0.0
482,1966,2.0,0.0,0.0
482,1968,2.5,0.0,0.0
482,1971,2.4,0.0,0.0
482,1973,0.48,0.0,0.0
482,1978,0.48,0.0,0.0
482,1980,0.24,0.0,0.0
482,1981,1.06,0.0,0.0
482,1982,2.61,0.0,0.0
482,1983,5.5,0.0,0.0
482,1984,1.3,0.0,0.0
482,1985,6.0,0.0,0.0
482,1988,1.5,0.0,0.0
482,1992,0.6,0.0,0.0
482,2006,9.2,0.0,0.0
482,2008,0.38,0.0,0.0
482,2011,6.8,0.0,0.0
482,2018,1.68,0.0,0.0
482,2020,1.2,0.0,0.0
482,2021,36.16,0.0,0.0
482,2022,1.8,0.0,0.0
482,2023,9.0,0.0,0.0
483,1960,1.16,0.0,0.0
483,1961,1.0,0.0,0.0
483,1965,0.3,0.0,0.0
483,1971,3.55,0.0,0.0
483,1973,2.5,0.0,0.0
483,1974,12.5,0.0,0.0
483,1975,9.64,0.0,0.0
483,1976,8.28,0.0,0.0
483,1977,2.76,0.0,0.0
483,1980,9.6,0.0,0.0
483,1983,37.28,0.0,0.0
483,1984,9.2,0.0,0.0
483,1985,1.28,0.0,0.0
483,1986,28.740000000000002,0.0,0.0
483,1987,27.599999999999998,0.0,0.0
483,1988,9.45,0.0,0.0
483,1989,56.0,0.0,0.0
483,1994,3.4,0.0,0.0
483,1995,0.76,0.0,0.0
483,1998,6.6,0.0,0.0
483,1999,7.25,0.0,0.0
483,2001,15.959999999999999,0.0,0.0
483,2006,18.11,0.0,0.0
483,2007,30.18,0.0,0.0
483,2008,82.53,0.0,0.0
483,2009,36.53,0.0,0.0
483,2010,42.779999999999994,0.0,0.0
483,2011,1.4,0.0,0.0
483,2012,3.52,0.0,0.0
483,2013,58.8,0.0,0.0
483,2014,57.76,0.0,0.0
483,2015,1.32,0.0,0.0
483,2016,2.2,0.0,0.0
483,2017,6.4,0.0,0.0
483,2018,7.0,0.0,0.0
483,2019,0.64,0.0,0.0
483,2020,3.56,0.0,0.0
483,2021,47.05,0.0,0.0
483,2022,6.0,0.0,0.0
483,2023,32.239999999999995,0.0,0.0
483,2024,9.73,0.0,0.0
483,2025,4.0,0.0,0.0
484,1960,1.0,0.0,0.0
484,1961,0.5800000000000001,0.0,0.0
484,1963,0.15,0.0,0.0
484,1965,0.15,0.0,0.0
484,1967,1.0,0.0,0.0
484,1968,1.04,0.0,0.0
484,1969,22.5,0.0,0.0
484,1970,8.6,0.0,0.0
484,1971,25.39,0.0,0.0
484,1972,1.08,0.0,0.0
484,1974,7.4399999999999995,0.0,0.0
484,1975,1.3,0.0,0.0
484,1978,35.45,0.0,0.0
484,1979,26.400000000000002,0.0,0.0
484,1980,16.9,0.0,0.0
484,1981,2.8,0.0,0.0
484,1983,25.2,0.0,0.0
484,1984,25.2,0.0,0.0
484,1985,2.8,0.0,0.0
484,1988,28.12,0.0,0.0
484,1989,43.5,0.0,0.0
484,1990,43.5,0.0,0.0
484,1991,18.0,0.0,0.0
484,1997,17.1,0.0,0.0
484,1998,1.8,0.0,0.0
484,1999,1.68,0.0,0.0
484,2000,0.24,0.0,0.0
484,2003,2.9,0.0,0.0
484,2005,3.6,0.0,0.0
484,2006,0.52,0.0,0.0
484,2007,0.13,0.0,0.0
484,2009,4.07,0.0,0.0
484,2010,31.63,0.0,0.0
484,2012,25.98,0.0,0.0
484,2013,35.2,0.0,0.0
484,2014,5.84,0.0,0.0
484,2015,2.24,0.0,0.0
484,2018,0.2,0.0,0.0
484,2021,3.3,0.0,0.0
484,2024,8.5,0.0,0.0
490,1960,1.7999999999999998,0.0,0.0
490,1961,9.040000000000001,0.0,0.0
490,1962,12.89,0.0,0.0
490,1963,31.16,0.0,0.0
490,1964,63.21,0.0,0.0
490,1965,23.25,0.0,0.0
490,1966,26.689999999999998,0.0,0.0
490,1967,15.75,0.0,0.0
490,1968,7.0,0.0,0.0
490,1969,27.5,0.0,0.0
490,1970,19.25,0.0,0.0
490,1971,165.38,0.0,0.0
490,1972,14.95,0.0,0.0
490,1973,5.3,0.0,0.0
490,1974,8.9,0.0,0.0
490,1975,445.0,0.0,0.0
490,1976,134.45999999999998,0.0,0.0
490,1977,28.0,0.0,0.0
490,1978,36.45,0.0,0.0
490,1979,14.5,0.0,0.0
490,1980,9.0,0.0,0.0
490,1981,10.75,0.0,0.0
490,1982,15.1,0.0,0.0
490,1983,4.75,0.0,0.0
490,1984,16.1,0.0,0.0
490,1985,1.44,0.0,0.0
490,1986,1.44,0.0,0.0
490,1987,35.8,0.0,0.0
490,1988,1.0,0.0,0.0
490,1990,4.0,0.0,0.0
490,1996,60.8,0.0,0.0
490,1997,6.24,0.0,0.0
490,1998,10.4,0.0,0.0
490,1999,46.0,0.0,0.0
490,2000,88.6,0.0,0.0
490,2002,18.0,0.0,0.0
490,2005,19.06,0.0,0.0
490,2006,17.2,0.0,0.0
490,2009,28.0,0.0,0.0
490,2010,155.59,0.0,0.0
490,2012,15.2,0.0,0.0
490,2013,1.2,0.0,0.0
490,2015,2.7,0.0,0.0
490,2016,42.9,0.0,0.0
490,2018,0.56,0.0,0.0
490,2020,8.68,0.0,0.0
490,2023,25.55,0.0,0.0
490,2024,38.4,0.0,0.0
490,2025,43.75,0.0,0.0
500,1964,2.76,0.0,0.0
500,1965,0.72,0.0,0.0
500,1966,16.1,0.0,0.0
500,1967,4.38,0.0,0.0
500,1968,27.15,0.0,0.0
500,1969,16.130000000000003,0.0,0.0
500,1970,2.85,0.0,0.0
500,1971,2.62,0.0,0.0
500,1972,20.04,0.0,0.0
500,1973,17.08,0.0,0.0
500,1974,45.83,0.0,0.0
500,1975,122.49999999999999,0.0,0.0
500,1976,33.76,0.0,0.0
500,1977,6.9,0.0,0.0
500,1982,14.2,0.0,0.0
500,1985,10.0,0.0,0.0
500,1987,32.16,0.0,0.0
500,1988,0.72,0.0,0.0
500,1989,20.0,0.0,0.0
500,1995,32.3,0.0,0.0
500,1998,55.1,0.0,0.0
500,1999,38.6,0.0,0.0
500,2000,6.0,0.0,0.0
500,2002,33.32,0.0,0.0
500,2004,35.61,0.0,0.0
500,2005,9.93,0.0,0.0
500,2006,5.0,0.0,0.0
500,2007,0.28,0.0,0.0
500,2008,13.5,0.0,0.0
500,2009,28.21,0.0,0.0
500,2010,36.88,0.0,0.0
500,2011,467.75,0.0,0.0
500,2012,213.43,0.0,0.0
500,2013,20.0,0.0,0.0
500,2014,1.5,1.5,1.0
500,2015,6.65,0.75,0.11278195488721804
500,2016,0.87,0.75,0.8620689655172414
500,2017,21.51,0.75,0.03486750348675035
500,2018,9.97,0.9,0.09027081243731193
500,2019,23.18,0.75,0.032355478861087146
500,2020,78.81,0.75,0.00951655881233346
500,2021,8.21,1.4100000000000001,0.17174177831912302
500,2022,65.75,0.75,0.011406844106463879
500,2023,16.4,0.9,0.05487804878048781
500,2025,1.9,0.0,0.0
501,1964,6.03,0.0,0.0
501,1965,15.0,0.0,0.0
501,1966,18.79,0.0,0.0
501,1967,2.1,0.0,0.0
501,1968,1.7,0.0,0.0
501,1969,2.8,0.0,0.0
501,1970,0.19,0.0,0.0
501,1971,25.5,0.0,0.0
501,1972,8.7,0.0,0.0
501,1973,1.5,0.0,0.0
501,1974,27.980000000000004,0.0,0.0
501,1975,24.75,0.0,0.0
501,1976,16.8,0.0,0.0
501,1977,57.919999999999995,0.0,0.0
501,1978,211.26,0.0,0.0
501,1979,56.25,0.0,0.0
501,1980,118.9,0.0,0.0
501,1981,143.75,0.0,0.0
501,1982,84.85,0.0,0.0
501,1983,17.0,0.0,0.0
501,1984,12.0,0.0,0.0
501,1985,5.6,0.0,0.0
501,1986,26.44,0.0,0.0
501,1987,178.44,0.0,0.0
501,1989,46.9,0.0,0.0
501,1990,42.6,0.0,0.0
501,1991,14.4,0.0,0.0
501,1994,30.0,0.0,0.0
501,1997,61.0,0.0,0.0
501,2000,15.0,0.0,0.0
501,2007,11.2,0.0,0.0
501,2009,34.32,0.0,0.0
501,2010,96.16,0.0,0.0
501,2011,34.95,0.0,0.0
501,2012,68.16,0.0,0.0
501,2013,1.44,0.0,0.0
501,2014,16.5,0.0,0.0
501,2015,29.75,0.0,0.0
501,2016,31.700000000000003,0.0,0.0
501,2017,16.5,0.0,0.0
501,2018,6.88,0.0,0.0
501,2019,17.64,0.0,0.0
501,2020,70.7,0.0,0.0
501,2021,3.6,0.0,0.0
501,2022,1.08,0.0,0.0
501,2024,19.150000000000002,0.0,0.0
501,2025,116.78999999999999,0.0,0.0
510,1964,3.52,0.0,0.0
510,1965,4.33,0.0,0.0
510,1966,22.18,0.0,0.0
510,1967,0.78,0.0,0.0
510,1970,10.7,0.0,0.0
510,1971,59.5,0.0,0.0
510,1972,50.88,0.0,0.0
510,1973,120.73,0.0,0.0
510,1974,184.9,0.0,0.0
510,1975,48.0,0.0,0.0
510,1977,47.4,0.0,0.0
510,1978,67.06,0.0,0.0
510,1979,260.02,0.0,0.0
510,1980,53.379999999999995,0.0,0.0
510,1981,120.9,0.0,0.0
510,1982,9.0,0.0,0.0
510,1986,0.95,0.0,0.0
510,1989,5.2,0.0,0.0
510,1992,18.0,0.0,0.0
510,1994,5.0,0.0,0.0
510,2000,2.4,0.0,0.0
510,2002,0.76,0.0,0.0
510,2003,51.0,0.0,0.0
510,2005,10.0,0.0,0.0
510,2006,11.92,0.0,0.0
510,2007,0.7,0.0,0.0
510,2009,29.0,0.0,0.0
510,2011,77.64999999999999,0.0,0.0
510,2012,115.45,0.0,0.0
510,2013,129.9,0.0,0.0
510,2014,13.5,0.0,0.0
510,2015,20.0,0.0,0.0
510,2016,20.0,0.0,0.0
510,2017,1.56,0.0,0.0
510,2018,17.3,0.0,0.0
510,2020,8.55,0.0,0.0
510,2021,52.85,0.0,0.0
510,2025,4.0,0.0,0.0
516,1966,8.450000000000001,0.0,0.0
516,1967,1.9,0.0,0.0
516,1969,3.0,0.0,0.0
516,1973,0.24,0.0,0.0
516,1980,0.77,0.0,0.0
516,1981,5.22,0.0,0.0
516,1982,3.36,0.0,0.0
516,1983,11.04,0.0,0.0
516,1984,1.7,0.0,0.0
516,1998,12.0,0.0,0.0
516,2001,1.4,0.0,0.0
516,2002,3.4,0.0,0.0
516,2009,1.32,0.0,0.0
516,2010,2.24,0.0,0.0
516,2012,5.25,0.0,0.0
516,2015,1.4,0.0,0.0
516,2016,2.94,0.0,0.0
516,2019,2.0,0.0,0.0
517,1962,10.5,0.0,0.0
517,1964,0.12,0.0,0.0
517,1965,0.16,0.0,0.0
517,1971,0.05,0.0,0.0
517,1972,0.05,0.0,0.0
517,1973,1.9,0.0,0.0
517,1974,0.6,0.0,0.0
517,1975,2.6,0.0,0.0
517,1977,0.6,0.0,0.0
517,1983,3.6399999999999997,0.0,0.0
517,1984,5.84,0.0,0.0
517,1985,2.9,0.0,0.0
517,1986,1.5,0.0,0.0
517,1988,1.92,0.0,0.0
517,1989,2.6,0.0,0.0
517,1990,3.0,0.0,0.0
517,1991,4.5,0.0,0.0
517,1992,4.93,0.0,0.0
517,1996,1.08,0.0,0.0
517,1997,2.52,0.0,0.0
517,1998,8.6,0.0,0.0
517,1999,21.3,0.0,0.0
517,2000,14.5,0.0,0.0
517,2006,3.0,0.0,0.0
517,2007,20.1,0.0,0.0
517,2008,13.6,0.0,0.0
517,2009,11.0,0.0,0.0
517,2012,5.4,0.0,0.0
517,2013,15.370000000000001,0.0,0.0
517,2014,14.5,0.0,0.0
517,2015,29.0,0.0,0.0
517,2017,7.9,0.0,0.0
517,2018,3.1,0.0,0.0
517,2019,0.72,0.0,0.0
517,2021,65.15,0.0,0.0
517,2022,16.580000000000002,0.0,0.0
517,2023,37.0,0.0,0.0
520,1960,10.700000000000001,0.0,0.0
520,1961,2.08,0.0,0.0
520,1962,0.48,0.0,0.0
520,1963,11.280000000000001,0.0,0.0
520,1965,30.66,0.0,0.0
520,1966,52.879999999999995,0.0,0.0
520,1967,72.08,0.0,0.0
520,1968,4.2,0.0,0.0
520,1969,0.8,0.0,0.0
520,1972,24.4,0.0,0.0
520,1973,165.17000000000002,0.0,0.0
520,1974,282.6,0.0,0.0
520,1975,127.74,0.0,0.0
520,1976,185.0,0.0,0.0
520,1977,29.0,0.0,0.0
520,1978,47.0,0.0,0.0
520,1979,84.8,0.0,0.0
520,1980,100.6,0.0,0.0
520,1981,96.52,0.0,0.0
520,1982,61.24,0.0,0.0
520,1983,22.76,0.0,0.0
520,1984,14.6,0.0,0.0
520,1985,42.0,0.0,0.0
520,1986,15.3,0.0,0.0
520,1990,16.0,0.0,0.0
520,1999,0.18,0.0,0.0
520,2013,2.96,0.0,0.0
520,2015,1.25,0.0,0.0
520,2016,2.08,0.0,0.0
520,2017,1.8,0.0,0.0
520,2019,8.16,0.0,0.0
520,2020,1.68,0.0,0.0
520,2021,2.08,0.0,0.0
520,2023,4.0,0.0,0.0
520,2024,3.52,0.0,0.0
520,2025,1.8,0.0,0.0
522,1977,2.8,0.0,0.0
522,1978,5.6,0.0,0.0
522,1979,36.2,0.0,0.0
522,1980,5.21,0.0,0.0
522,1981,6.0,0.0,0.0
522,1982,2.8,0.0,0.0
522,1983,2.6,0.0,0.0
522,1985,1.23,0.0,0.0
522,1986,7.6,0.0,0.0
522,1987,1.2,0.0,0.0
522,1991,1.0,0.0,0.0
522,1992,17.2,0.0,0.0
522,1993,5.8,0.0,0.0
522,1995,2.0,0.0,0.0
522,2000,1.19,0.0,0.0
522,2002,2.8,0.0,0.0
522,2005,7.2,0.0,0.0
522,2012,6.16,0.0,0.0
522,2013,4.82,0.0,0.0
522,2014,15.04,0.0,0.0
522,2015,3.9,0.0,0.0
522,2016,11.42,0.0,0.0
522,2019,10.75,0.0,0.0
522,2020,0.8,0.0,0.0
522,2021,45.8,0.0,0.0
522,2022,18.8,0.0,0.0
522,2023,0.28,0.0,0.0
530,1950,1.6,0.0,0.0
530,1951,19.4,0.0,0.0
530,1953,6.0,0.0,0.0
530,1954,7.71,0.0,0.0
530,1955,1.02,0.0,0.0
530,1956,1.14,0.0,0.0
530,1957,16.02,0.0,0.0
530,1958,18.8,0.0,0.0
530,1959,5.9,0.0,0.0
530,1960,24.1,0.0,0.0
530,1961,4.06,0.0,0.0
530,1962,16.0,0.0,0.0
530,1963,26.84,0.0,0.0
530,1964,3.9,0.0,0.0
530,1965,14.180000000000001,0.0,0.0
530,1966,99.21000000000001,0.0,0.0
530,1967,31.45,0.0,0.0
530,1968,33.82,0.0,0.0
530,1969,24.12,0.0,0.0
530,1970,89.64999999999999,0.0,0.0
530,1971,54.300000000000004,0.0,0.0
530,1972,53.02000000000001,0.0,0.0
530,1973,5.24,0.0,0.0
530,1974,36.2,0.0,0.0
530,1975,58.0,0.0,0.0
530,1976,113.10000000000001,0.0,0.0
530,1977,1132.94,0.0,0.0
530,1978,965.49,0.0,0.0
530,1979,113.2,0.0,0.0
530,1980,329.2,0.0,0.0
530,1981,327.0,0.0,0.0
530,1982,515.05,0.0,0.0
530,1983,402.5,0.0,0.0
530,1984,227.7,0.0,0.0
530,1985,268.0,0.0,0.0
530,1986,348.3,0.0,0.0
530,1987,238.9,0.0,0.0
530,1988,155.0,0.0,0.0
530,1989,47.0,0.0,0.0
530,1990,2.0,0.0,0.0
530,1991,80.0,0.0,0.0
530,1997,69.0,0.0,0.0
530,1998,207.78,0.0,0.0
530,1999,152.15,0.0,0.0
530,2000,114.04,0.0,0.0
530,2002,20.0,0.0,0.0
530,2003,173.76,0.0,0.0
530,2004,239.32,0.0,0.0
530,2010,58.0,0.0,0.0
530,2011,76.47999999999999,0.0,0.0
530,2012,193.09,0.0,0.0
530,2013,153.76,0.7,0.004552549427679501
530,2014,33.03,2.8,0.08477141992128367
530,2015,9.66,2.8,0.28985507246376807
530,2016,54.72,2.8,0.05116959064327485
530,2017,51.4,1.4,0.027237354085603113
530,2018,14.0,0.0,0.0
530,2019,75.80000000000001,0.0,0.0
530,2020,24.5,0.0,0.0
530,2021,15.75,0.0,0.0
530,2022,44.7,0.0,0.0
530,2023,1.5,0.0,0.0
530,2024,47.9,0.0,0.0
530,2025,63.0,0.0,0.0
531,1993,21.0,0.0,0.0
531,1994,19.9,0.0,0.0
531,1995,6.7,0.0,0.0
531,1996,43.4,0.0,0.0
531,1997,53.0,0.0,0.0
531,1998,212.25,0.0,0.0
531,1999,31.400000000000002,0.0,0.0
531,2000,20.0,0.0,0.0
531,2001,57.0,0.0,0.0
531,2002,18.25,0.0,0.0
531,2003,17.0,0.0,0.0
531,2004,79.53999999999999,0.0,0.0
531,2005,98.66,0.0,0.0
531,2007,3.6,0.0,0.0
540,1974,1.4,0.0,0.0
540,1975,220.89,0.0,0.0
540,1976,192.18,0.0,0.0
540,1977,134.35,0.0,0.0
540,1978,133.1,0.0,0.0
540,1979,116.30000000000001,0.0,0.0
540,1980,116.22,0.0,0.0
540,1981,263.53000000000003,0.0,0.0
540,1982,344.2,0.0,0.0
540,1983,588.59,0.0,0.0
540,1984,500.59999999999997,0.0,0.0
540,1985,535.7,0.0,0.0
540,1986,709.55,0.0,0.0
540,1987,1193.17,0.0,0.0
540,1988,970.72,0.0,0.0
540,1989,152.28,0.0,0.0
540,1990,139.98000000000002,0.0,0.0
540,1993,102.96000000000001,0.0,0.0
540,1994,113.46000000000001,0.0,0.0
540,1995,0.96,0.0,0.0
540,1996,43.699999999999996,0.0,0.0
540,1997,7.300000000000001,0.0,0.0
540,1998,149.72,0.0,0.0
540,1999,359.94,0.0,0.0
540,2000,149.01,0.0,0.0
540,2001,157.35,0.0,0.0
540,2002,148.4,0.0,0.0
540,2003,47.85,0.0,0.0
540,2004,8.36,0.0,0.0
540,2005,38.48,0.0,0.0
540,2006,6.6,0.0,0.0
540,2007,34.85,0.0,0.0
540,2008,29.2,0.0,0.0
540,2009,20.0,0.0,0.0
540,2013,30.6,0.0,0.0
540,2014,2.38,0.0,0.0
540,2015,48.59,0.0,0.0
540,2016,155.63,0.0,0.0
540,2017,113.31,0.0,0.0
540,2018,274.1,0.0,0.0
540,2019,166.68,0.0,0.0
540,2020,50.64,0.0,0.0
540,2022,45.8,0.0,0.0
540,2023,15.0,0.0,0.0
540,2024,15.5,0.0,0.0
540,2025,84.0,0.0,0.0
541,1975,28.42,0.0,0.0
541,1976,34.18,0.0,0.0
541,1977,151.75,0.0,0.0
541,1978,493.7,0.0,0.0
541,1979,111.39,0.0,0.0
541,1980,51.900000000000006,0.0,0.0
541,1981,59.6,0.0,0.0
541,1982,63.7,0.0,0.0
541,1983,59.1,0.0,0.0
541,1984,94.35,0.0,0.0
541,1985,72.75,0.0,0.0
541,1986,6.0,0.0,0.0
541,1999,2.4,0.0,0.0
541,2003,0.88,0.0,0.0
541,2011,0.14,0.0,0.0
541,2012,0.14,0.0,0.0
541,2013,9.49,0.0,0.0
541,2014,15.7,0.0,0.0
541,2015,5.48,0.0,0.0
541,2016,46.24,0.0,0.0
541,2018,3.45,0.0,0.0
541,2019,22.25,0.0,0.0
541,2020,1.05,0.0,0.0
541,2021,3.79,0.0,0.0
541,2022,5.04,0.0,0.0
541,2023,3.0,0.0,0.0
541,2024,1.08,0.0,0.0
541,2025,14.0,0.0,0.0
551,1964,6.75,0.0,0.0
551,1965,16.37,0.0,0.0
551,1966,16.79,0.0,0.0
551,1969,6.6,0.0,0.0
551,1970,3.6,0.0,0.0
551,1971,164.57,0.0,0.0
551,1972,22.95,0.0,0.0
551,1973,19.25,0.0,0.0
551,1974,9.0,0.0,0.0
551,1975,48.0,0.0,0.0
551,1976,108.74000000000001,0.0,0.0
551,1977,40.69,0.0,0.0
551,1978,41.85,0.0,0.0
551,1979,4.0,0.0,0.0
551,1980,135.66,0.0,0.0
551,1981,253.4,0.0,0.0
551,1982,43.0,0.0,0.0
551,1984,18.0,0.0,0.0
551,1996,7.5,0.0,0.0
551,2000,43.3,0.0,0.0
551,2002,2.16,0.0,0.0
551,2005,0.06,0.0,0.0
551,2006,29.64,0.0,0.0
551,2007,5.0,0.0,0.0
551,2008,1.75,0.0,0.0
551,2011,0.52,0.0,0.0
551,2012,60.92,0.0,0.0
551,2015,14.5,0.0,0.0
551,2016,44.120000000000005,0.0,0.0
551,2017,45.95,0.0,0.0
551,2019,43.3,0.0,0.0
551,2020,2.8,0.0,0.0
551,2021,19.8,0.0,0.0
551,2022,2.4,0.0,0.0
551,2023,5.0,0.0,0.0
551,2024,0.8,0.0,0.0
552,1950,0.96,0.0,0.0
552,1951,11.200000000000001,0.0,0.0
552,1952,2.4,0.0,0.0
552,1953,7.199999999999999,0.0,0.0
552,1954,35.0,0.0,0.0
552,1955,27.08,0.0,0.0
552,1956,7.52,0.0,0.0
552,1958,61.2,0.0,0.0
552,1960,14.799999999999999,0.0,0.0
552,1962,16.16,0.0,0.0
552,1963,19.96,0.0,0.0
552,1967,20.5,2.4,0.11707317073170731
552,1971,4.9,0.0,0.0
552,1972,21.0,0.0,0.0
552,1973,0.1,0.0,0.0
552,1974,1.68,0.0,0.0
552,1975,42.1,0.0,0.0
552,1976,19.68,0.0,0.0
552,1977,2.49,0.0,0.0
552,1978,15.61,0.0,0.0
552,1981,14.8,0.0,0.0
552,1982,81.0,0.0,0.0
552,1983,34.4,0.0,0.0
552,1984,32.6,0.0,0.0
552,1985,27.9,0.0,0.0
552,1986,211.7,0.0,0.0
552,1987,29.4,0.0,0.0
552,1988,2.28,0.0,0.0
552,1990,1.52,0.0,0.0
552,1991,46.8,0.0,0.0
552,1992,63.0,0.0,0.0
552,1993,0.28,0.0,0.0
552,1998,1.44,0.0,0.0
552,1999,25.28,0.0,0.0
552,2000,8.16,0.0,0.0
552,2001,10.0,0.0,0.0
552,2003,15.6,0.0,0.0
552,2004,13.5,0.0,0.0
552,2005,24.6,0.0,0.0
552,2006,24.6,0.0,0.0
552,2023,20.4,0.0,0.0
553,1964,5.41,0.0,0.0
553,1972,0.48,0.0,0.0
553,1976,1.8,0.0,0.0
553,1977,6.0,0.0,0.0
553,1978,6.95,0.0,0.0
553,1979,8.04,0.0,0.0
553,1980,13.84,0.0,0.0
553,1981,14.2,0.0,0.0
553,1984,1.3,0.0,0.0
553,1985,6.65,0.0,0.0
553,1986,10.08,0.0,0.0
553,1987,0.6,0.0,0.0
553,1988,2.2,0.0,0.0
553,1989,3.5,0.0,0.0
553,1990,11.1,0.0,0.0
553,1994,3.64,0.0,0.0
553,2008,2.54,0.0,0.0
553,2012,0.8,0.0,0.0
553,2013,3.06,0.0,0.0
553,2014,1.92,0.0,0.0
553,2015,3.0900000000000003,0.0,0.0
553,2016,0.32,0.0,0.0
553,2022,19.0,0.0,0.0
553,2024,2.4,0.0,0.0
560,1950,36.8,0.0,0.0
560,1951,73.2,0.0,0.0
560,1952,180.8,0.0,0.0
560,1953,50.61,0.0,0.0
560,1954,46.75,0.0,0.0
560,1955,105.19999999999999,0.0,0.0
560,1956,253.4,0.0,0.0
560,1957,206.64999999999998,0.0,0.0
560,1958,169.19,0.0,0.0
560,1959,68.2,0.0,0.0
560,1960,12.8,0.0,0.0
560,1962,232.20000000000002,0.0,0.0
560,1963,519.55,49.0,0.09431238571841018
560,1964,302.25,70.0,0.23159636062861869
560,1965,386.38,77.0,0.1992856773124903
560,1966,496.21,138.1,0.2783095866669354
560,1967,298.91999999999996,124.0,0.41482670948748834
560,1968,217.12000000000003,79.4,0.36569638909358876
560,1969,210.71,102.9,0.48834891557116417
560,1970,510.6,88.8,0.17391304347826086
560,1971,308.65000000000003,119.35,0.38668394621739827
560,1972,291.05,189.84999999999997,0.652293420374506
560,1973,368.66,178.3,0.48364346552378884
560,1974,176.62,51.75,0.29300192503680217
560,1975,235.13,171.2,0.7281078552290222
560,1976,418.6,334.8,0.7998088867654085
560,1977,499.6,440.0,0.8807045636509206
560,1978,388.5,141.8,0.364993564993565
560,1979,125.4,86.9,0.6929824561403509
560,1980,192.35000000000002,77.3,0.40187158825058483
560,1981,122.0,111.0,0.9098360655737705
560,1982,44.45,23.6,0.530933633295838
560,1983,191.78,131.0,0.6830743560329544
560,1984,99.75,18.4,0.1844611528822055
560,1985,25.0,6.0,0.24
560,1986,191.33,61.2,0.3198661997595777
560,1987,20.369999999999997,3.0,0.1472754050073638
560,1988,16.5,4.5,0.2727272727272727
560,1989,10.75,7.5,0.6976744186046512
560,1990,9.899999999999999,7.5,0.7575757575757577
560,1991,26.1,7.5,0.28735632183908044
560,1992,361.1,19.5,0.05400166158958737
560,1993,237.9,19.5,0.08196721311475409
560,1994,238.8,33.0,0.13819095477386933
560,1995,38.4,30.0,0.78125
560,1996,38.4,30.0,0.78125
560,1997,11.049999999999999,0.0,0.0
560,1999,21.4,0.0,0.0
560,2000,6.0,0.0,0.0
560,2001,17.6,0.0,0.0
560,2005,262.44,11.0,0.04191434232586496
560,2006,741.25,667.25,0.900168634064081
560,2007,910.0,579.0,0.6362637362637362
560,2008,492.8,96.5,0.19581980519480519
560,2009,133.6,13.75,0.1029191616766467
560,2010,178.26000000000002,0.0,0.0
560,2011,208.0,5.0,0.02403846153846154
560,2012,127.47000000000001,5.0,0.03922491566643131
560,2013,1.0,1.0,1.0
560,2014,50.0,0.0,0.0
560,2015,1.8,0.0,0.0
560,2022,30.0,30.0,1.0
560,2023,30.0,30.0,1.0
560,2025,30.0,30.0,1.0
565,1994,2.34,0.0,0.0
565,1995,4.3,0.0,0.0
565,1997,5.0,0.0,0.0
565,1998,4.8,0.0,0.0
565,2001,21.2,0.0,0.0
565,2002,11.399999999999999,0.0,0.0
565,2004,16.0,0.0,0.0
565,2006,75.0,0.0,0.0
565,2008,25.0,0.0,0.0
565,2009,15.219999999999999,0.0,0.0
565,2010,3.4,0.0,0.0
565,2011,0.75,0.0,0.0
565,2012,56.5,0.0,0.0
565,2013,9.0,0.0,0.0
565,2014,1.9,0.0,0.0
565,2016,3.36,0.0,0.0
565,2017,34.84,0.0,0.0
565,2024,55.5,0.0,0.0
565,2025,0.2,0.0,0.0
570,1977,1.2,0.0,0.0
570,1979,5.0,0.0,0.0
570,1980,2.88,0.0,0.0
570,1983,0.88,0.0,0.0
570,1986,10.0,0.0,0.0
570,1989,7.779999999999999,0.0,0.0
570,1991,3.8,0.0,0.0
570,1998,5.0,0.0,0.0
570,2001,6.199999999999999,0.0,0.0
570,2004,1.44,0.0,0.0
570,2006,0.72,0.0,0.0
570,2017,1.3,0.0,0.0
570,2018,1.3,0.0,0.0
570,2019,1.3,0.0,0.0
571,1977,1.2,0.0,0.0
571,1978,0.6,0.0,0.0
571,1979,6.96,0.0,0.0
571,1980,2.44,0.0,0.0
571,1981,10.6,0.0,0.0
571,1985,5.1,0.0,0.0
571,1987,26.0,0.0,0.0
571,1988,40.0,0.0,0.0
571,1989,4.2,0.0,0.0
571,1990,22.4,0.0,0.0
571,1991,2.48,0.0,0.0
571,1992,2.48,0.0,0.0
571,1993,10.86,0.0,0.0
571,1995,12.17,0.0,0.0
571,1996,32.019999999999996,0.0,0.0
571,1997,71.19999999999999,0.0,0.0
571,2000,53.599999999999994,0.0,0.0
571,2001,15.18,0.0,0.0
571,2002,1.44,0.0,0.0
571,2003,11.2,0.0,0.0
571,2004,10.15,0.0,0.0
571,2009,10.0,0.0,0.0
571,2010,10.0,0.0,0.0
571,2012,6.0,0.0,0.0
571,2013,8.0,0.0,0.0
571,2016,4.7,0.0,0.0
571,2018,5.12,0.0,0.0
571,2019,7.22,0.0,0.0
571,2020,74.7,0.0,0.0
571,2021,15.6,0.0,0.0
571,2022,10.8,0.0,0.0
571,2023,1.2,0.0,0.0
571,2024,11.2,0.0,0.0
572,1979,5.5,0.0,0.0
572,2000,1.14,0.0,0.0
572,2001,1.26,0.0,0.0
572,2020,2.1,0.0,0.0
580,1961,3.0999999999999996,0.0,0.0
580,1963,1.46,0.0,0.0
580,1964,0.32,0.0,0.0
580,1965,7.5600000000000005,0.0,0.0
580,1967,11.61,0.0,0.0
580,1968,1.2,0.0,0.0
580,1969,0.95,0.0,0.0
580,1971,0.1,0.0,0.0
580,1972,0.35,0.0,0.0
580,1974,16.970000000000002,15.0,0.8839127872716558
580,1975,6.199999999999999,0.0,0.0
580,1979,63.6,0.0,0.0
580,1980,42.5,0.0,0.0
580,1983,7.5,0.0,0.0
580,1985,6.199999999999999,0.0,0.0
580,1996,21.12,0.0,0.0
580,2018,1.56,0.0,0.0
580,2020,0.84,0.0,0.0
580,2025,2.6,0.0,0.0
581,1977,0.72,0.0,0.0
581,1987,1.3,0.0,0.0
581,2008,5.6,0.0,0.0
581,2012,1.04,0.0,0.0
581,2025,0.13,0.0,0.0
590,1968,0.35,0.0,0.0
590,1971,0.4,0.0,0.0
590,1974,2.2,0.0,0.0
590,1979,3.3,0.0,0.0
590,1990,9.5,0.0,0.0
590,1993,7.9,0.0,0.0
590,1996,32.5,0.0,0.0
590,1997,1.3,0.0,0.0
590,2004,9.5,0.0,0.0
590,2014,27.5,0.0,0.0
590,2016,28.35,0.0,0.0
590,2017,18.85,0.0,0.0
590,2021,0.88,0.0,0.0
590,2022,4.0,0.0,0.0
591,1977,0.8,0.0,0.0
591,1979,18.6,0.0,0.0
591,1980,6.01,0.0,0.0
591,1982,1.9,0.0,0.0
591,1983,15.0,0.0,0.0
591,1986,10.0,0.0,0.0
591,1988,0.95,0.0,0.0
591,1990,0.08,0.0,0.0
591,2005,14.6,0.0,0.0
591,2011,7.8,0.0,0.0
591,2013,9.5,0.0,0.0
591,2014,15.84,0.0,0.0
591,2016,7.5,0.0,0.0
591,2018,9.5,0.0,0.0
591,2021,19.0,0.0,0.0
600,1956,28.36,0.0,0.0
600,1957,14.49,0.0,0.0
600,1958,10.44,0.0,0.0
600,1959,12.719999999999999,0.0,0.0
600,1960,21.98,0.0,0.0
600,1961,37.1,0.0,0.0
600,1962,93.13,0.0,0.0
600,1963,15.7,0.0,0.0
600,1964,15.94,0.0,0.0
600,1965,82.08000000000001,0.0,0.0
600,1966,158.82,0.0,0.0
600,1967,149.4,0.0,0.0
600,1968,92.5,0.0,0.0
600,1969,40.8,0.0,0.0
600,1970,80.1,0.0,0.0
600,1971,1.24,0.0,0.0
600,1973,20.5,0.0,0.0
600,1974,198.29,0.0,0.0
600,1975,206.75,0.0,0.0
600,1976,215.92,0.0,0.0
600,1977,407.72,0.0,0.0
600,1978,419.25,0.0,0.0
600,1979,724.9399999999999,0.0,0.0
600,1980,469.3,0.0,0.0
600,1981,800.2,0.0,0.0
600,1982,528.93,0.0,0.0
600,1983,395.58,0.0,0.0
600,1984,73.5,0.0,0.0
600,1985,49.5,0.0,0.0
600,1986,30.5,0.0,0.0
600,1987,32.0,0.0,0.0
600,1988,116.64,0.0,0.0
600,1989,126.4,0.0,0.0
600,1990,136.6,0.0,0.0
600,1991,62.400000000000006,0.0,0.0
600,1992,16.8,0.0,0.0
600,1993,98.4,0.0,0.0
600,1994,116.57000000000001,0.0,0.0
600,1995,27.5,0.0,0.0
600,1996,89.4,0.0,0.0
600,1997,219.6,0.0,0.0
600,1999,59.76,0.0,0.0
600,2000,127.32000000000001,0.0,0.0
600,2001,11.0,0.0,0.0
600,2002,154.5,0.0,0.0
600,2003,12.0,0.0,0.0
600,2004,14.0,0.0,0.0
600,2005,100.6,0.0,0.0
600,2006,46.9,0.0,0.0
600,2007,27.0,0.0,0.0
600,2008,45.92,0.0,0.0
600,2009,38.699999999999996,0.0,0.0
600,2010,346.8,0.0,0.0
600,2011,1289.1999999999998,0.0,0.0
600,2012,1051.6,0.0,0.0
600,2013,62.099999999999994,0.0,0.0
600,2014,571.8999999999999,0.0,0.0
600,2015,46.84,0.0,0.0
600,2016,286.5,0.0,0.0
600,2017,604.68,0.0,0.0
600,2018,461.7,0.0,0.0
600,2019,47.72,0.0,0.0
600,2020,15.8,0.0,0.0
600,2021,52.68,0.0,0.0
600,2022,506.6,0.0,0.0
600,2023,500.49,0.0,0.0
600,2024,129.35,0.0,0.0
600,2025,391.55,1.75,0.00446941642191291
615,1961,7.0,0.0,0.0
615,1962,63.00000000000001,0.0,0.0
615,1963,90.08000000000001,0.0,0.0
615,1964,181.0,0.0,0.0
615,1965,353.54,0.0,0.0
615,1966,439.07,0.0,0.0
615,1967,525.3,0.0,0.0
615,1968,58.300000000000004,0.0,0.0
615,1969,78.7,0.0,0.0
615,1970,14.48,0.0,0.0
615,1971,14.0,0.0,0.0
615,1972,179.75,0.0,0.0
615,1973,110.25,0.0,0.0
615,1974,12.5,0.0,0.0
615,1975,56.04,0.0,0.0
615,1976,130.46,0.0,0.0
615,1977,1051.56,0.0,0.0
615,1978,1267.3400000000001,0.0,0.0
615,1979,1823.08,0.0,0.0
615,1980,1336.76,0.0,0.0
615,1981,1380.65,0.0,0.0
615,1982,1351.5,9.3,0.006881243063263042
615,1983,699.9000000000001,9.3,0.013287612516073724
615,1984,659.5,18.6,0.028203184230477636
615,1985,367.5,18.6,0.05061224489795919
615,1986,162.9,0.0,0.0
615,1987,383.9,0.9,0.0023443605105496223
615,1988,319.15,0.9,0.0028199906000313333
615,1989,454.6,1.0,0.002199736031676199
615,1990,737.15,0.9,0.0012209184019534695
615,1991,1038.65,10.700000000000001,0.010301834111587157
615,1992,22.55,9.3,0.4124168514412417
615,1993,21.8,9.3,0.42660550458715596
615,1994,197.25,0.0,0.0
615,1995,312.4,0.0,0.0
615,1996,83.4,0.0,0.0
615,1997,37.3,9.3,0.24932975871313676
615,1998,98.3,9.3,0.09460834181078333
615,1999,387.9,0.0,0.0
615,2000,405.31,0.0,0.0
615,2001,539.4,9.3,0.01724137931034483
615,2002,251.95000000000002,0.0,0.0
615,2003,204.3,9.3,0.04552129221732746
615,2004,251.14,0.0,0.0
615,2005,159.5,9.3,0.058307210031347964
615,2006,339.82,9.3,0.02736742981578483
615,2007,507.2,0.0,0.0
615,2008,1522.25,0.0,0.0
615,2009,1075.65,0.0,0.0
615,2010,830.81,0.0,0.0
615,2011,1133.15,0.0,0.0
615,2012,661.78,0.0,0.0
615,2013,361.2,0.0,0.0
615,2014,714.9200000000001,5.5,0.007693168466401834
615,2015,896.5,99.5,0.11098717233686559
615,2016,2916.3,743.0,0.2547748859856668
615,2017,1157.8999999999999,43.8,0.037827100785905524
615,2018,1278.48,85.5,0.06687629059508166
615,2019,166.63,87.75,0.5266158554882074
615,2020,600.79,48.0,0.07989480517318864
615,2021,164.45,48.0,0.2918820310124658
615,2022,449.95,50.5,0.11223469274363819
615,2023,394.05,48.0,0.12181195279786829
615,2024,205.45,48.0,0.2336334874665369
615,2025,108.0,48.0,0.4444444444444444
616,1957,10.5,0.0,0.0
616,1959,12.5,0.0,0.0
616,1960,44.42,0.0,0.0
616,1961,5.9,0.0,0.0
616,1963,6.66,0.0,0.0
616,1964,4.2,0.0,0.0
616,1965,40.0,0.0,0.0
616,1967,4.5,0.0,0.0
616,1968,17.29,0.0,0.0
616,1969,22.8,0.0,0.0
616,1970,48.7,0.0,0.0
616,1971,0.24,0.0,0.0
616,1972,3.84,0.0,0.0
616,1973,25.939999999999998,0.0,0.0
616,1974,13.5,0.0,0.0
616,1975,14.2,0.0,0.0
616,1976,10.48,0.0,0.0
616,1977,73.3,0.0,0.0
616,1978,13.860000000000001,0.0,0.0
616,1979,121.94,0.0,0.0
616,1980,102.72,0.0,0.0
616,1981,56.239999999999995,0.0,0.0
616,1982,59.59,0.0,0.0
616,1983,102.69,0.0,0.0
616,1984,118.75,0.0,0.0
616,1985,314.4,0.0,0.0
616,1987,56.2,0.0,0.0
616,1988,17.0,0.0,0.0
616,1989,48.25,0.0,0.0
616,1990,4.25,0.0,0.0
616,1991,20.0,0.0,0.0
616,1992,32.0,0.0,0.0
616,1994,34.8,0.0,0.0
616,1995,55.9,0.0,0.0
616,1996,67.59,0.0,0.0
616,1997,41.3,0.0,0.0
616,1998,18.4,0.0,0.0
616,1999,12.399999999999999,0.0,0.0
616,2002,43.599999999999994,0.0,0.0
616,2003,0.6,0.0,0.0
616,2005,168.0,0.0,0.0
616,2006,1.8,0.0,0.0
616,2008,3.46,0.0,0.0
616,2010,6.92,0.0,0.0
616,2011,6.92,0.0,0.0
616,2013,40.0,0.0,0.0
616,2014,50.15,0.0,0.0
616,2015,7.21,0.0,0.0
616,2016,42.769999999999996,0.0,0.0
616,2017,98.0,0.0,0.0
616,2018,180.66,0.0,0.0
616,2019,14.5,0.0,0.0
616,2020,15.7,0.0,0.0
616,2021,19.05,0.0,0.0
616,2022,35.1,0.0,0.0
616,2023,35.1,0.0,0.0
616,2024,78.4,0.0,0.0
616,2025,7.36,0.0,0.0
620,1957,3.24,0.0,0.0
620,1959,0.8200000000000001,0.0,0.0
620,1960,14.0,0.0,0.0
620,1961,17.0,0.0,0.0
620,1962,2.1,0.0,0.0
620,1963,3.0,0.0,0.0
620,1964,14.7,0.0,0.0
620,1965,9.0,0.0,0.0
620,1966,25.55,0.0,0.0
620,1967,11.8,0.0,0.0
620,1968,56.8,0.0,0.0
620,1969,151.86,0.0,0.0
620,1970,370.8,0.0,0.0
620,1971,540.05,0.0,0.0
620,1972,534.0,0.0,0.0
620,1973,732.62,0.0,0.0
620,1974,1766.52,0.0,0.0
620,1975,1647.47,0.0,0.0
620,1976,1848.25,0.0,0.0
620,1977,3054.1499999999996,0.0,0.0
620,1978,4221.85,0.0,0.0
620,1979,3067.2200000000003,0.0,0.0
620,1980,2951.13,0.0,0.0
620,1981,3155.22,0.0,0.0
620,1982,2752.18,9.6,0.0034881439440734253
620,1983,1421.9,4.8,0.00337576482171742
620,1984,730.3,0.0,0.0
620,1985,745.65,0.0,0.0
620,1986,401.3,0.0,0.0
620,1987,183.5,0.0,0.0
620,1988,8.5,0.0,0.0
620,1989,217.5,0.0,0.0
620,1990,11.2,0.0,0.0
620,1999,6.25,6.25,1.0
620,2005,0.8,0.0,0.0
620,2006,15.55,0.0,0.0
620,2007,15.71,0.0,0.0
620,2008,15.8,0.0,0.0
620,2009,22.28,0.0,0.0
620,2010,37.18,0.0,0.0
620,2011,7.8,0.0,0.0
620,2012,75.0,0.0,0.0
620,2013,118.52,0.0,0.0
620,2016,2.4,0.0,0.0
620,2019,34.05,0.0,0.0
620,2020,0.44,0.0,0.0
620,2024,4.5,0.0,0.0
625,1957,2.08,0.0,0.0
625,1958,4.56,0.0,0.0
625,1959,3.8,0.0,0.0
625,1960,5.92,0.0,0.0
625,1961,16.74,0.0,0.0
625,1962,33.94,0.0,0.0
625,1963,16.8,0.0,0.0
625,1964,36.14,0.0,0.0
625,1965,5.2,0.0,0.0
625,1966,10.25,0.0,0.0
625,1967,6.25,0.0,0.0
625,1968,12.75,0.0,0.0
625,1969,176.55,0.0,0.0
625,1970,597.9,0.0,0.0
625,1971,86.74000000000001,0.0,0.0
625,1972,69.0,0.0,0.0
625,1973,23.0,0.0,0.0
625,1974,2.8,0.0,0.0
625,1975,4.5,0.0,0.0
625,1977,29.44,0.0,0.0
625,1978,208.04,0.0,0.0
625,1979,45.6,0.0,0.0
625,1980,2.6399999999999997,0.0,0.0
625,1981,199.3,0.0,0.0
625,1982,89.96000000000001,0.0,0.0
625,1983,24.72,0.0,0.0
625,1984,106.34,0.0,0.0
625,1985,63.4,0.0,0.0
625,1986,9.56,0.0,0.0
625,1987,121.5,0.0,0.0
625,1988,76.52,0.0,0.0
625,1989,16.1,0.0,0.0
625,1990,3.75,0.0,0.0
625,1991,46.0,0.0,0.0
625,1992,6.3,0.0,0.0
625,1995,3.3,0.0,0.0
625,1996,27.06,0.0,0.0
625,1997,62.8,0.0,0.0
625,1999,36.0,0.0,0.0
625,2001,105.58,2.5,0.023678727031634778
625,2002,49.52,2.5,0.05048465266558966
625,2003,204.76,11.5,0.05616331314709905
625,2004,294.25,2.5,0.008496176720475786
625,2005,112.81,4.0,0.03545784948142895
625,2006,112.25,8.5,0.0757238307349666
625,2007,58.31,8.5,0.1457725947521866
625,2008,119.9,8.5,0.07089241034195162
625,2009,99.94,15.5,0.1550930558335001
625,2010,195.8,53.75,0.274514811031665
625,2011,191.17000000000002,17.75,0.09284929643772558
625,2012,119.5,29.0,0.24267782426778242
625,2013,155.4,29.0,0.1866151866151866
625,2014,48.900000000000006,33.5,0.6850715746421268
625,2015,135.98000000000002,33.0,0.24268274746286214
625,2016,110.36000000000001,1.5,0.0135918811163465
625,2017,66.39,0.0,0.0
625,2018,35.45,0.0,0.0
625,2019,20.4,0.0,0.0
625,2022,2.6,0.0,0.0
625,2023,5.72,0.0,0.0
625,2024,48.4,0.0,0.0
625,2025,56.5,0.0,0.0
626,2007,37.12,0.0,0.0
626,2008,44.16,0.0,0.0
626,2009,1.44,0.0,0.0
626,2011,65.25,0.0,0.0
626,2012,1.5,0.0,0.0
626,2013,13.2,0.0,0.0
626,2014,37.1,0.0,0.0
626,2015,18.0,0.0,0.0
626,2016,7.6,0.0,0.0
626,2021,8.25,0.0,0.0
626,2022,8.25,0.0,0.0
630,1950,20.06,0.0,0.0
630,1951,5.64,0.0,0.0
630,1952,0.36,0.0,0.0
630,1953,0.86,0.0,0.0
630,1954,19.8,0.0,0.0
630,1955,35.34,0.0,0.0
630,1956,28.86,0.0,0.0
630,1957,53.74,0.0,0.0
630,1958,92.72,0.0,0.0
630,1959,74.72,0.0,0.0
630,1960,140.67999999999998,0.0,0.0
630,1961,74.62,0.0,0.0
630,1962,82.92,0.0,0.0
630,1963,105.2,0.0,0.0
630,1964,138.72,0.0,0.0
630,1965,496.28000000000003,0.0,0.0
630,1966,601.26,0.0,0.0
630,1967,553.03,0.0,0.0
630,1968,916.5,0.0,0.0
630,1969,949.6500000000001,0.0,0.0
630,1970,898.51,0.0,0.0
630,1971,2098.85,0.0,0.0
630,1972,1375.33,0.0,0.0
630,1973,2051.44,0.0,0.0
630,1974,2854.84,0.0,0.0
630,1975,5228.67,0.0,0.0
630,1976,4652.96,0.0,0.0
630,1977,5482.27,0.0,0.0
630,1978,3724.28,0.0,0.0
630,1979,525.91,0.0,0.0
630,1980,277.6,0.0,0.0
630,1981,486.54999999999995,1.25,0.00256910903298736
630,1982,499.0,8.5,0.017034068136272545
630,1983,465.6,14.5,0.031142611683848794
630,1984,561.65,15.75,0.028042375144663047
630,1985,638.89,15.75,0.024652131039772106
630,1986,804.6800000000001,15.75,0.01957299796192275
630,1987,807.41,72.25,0.08948365762128287
630,1988,469.22,84.25,0.17955330122330676
630,1989,194.38,23.5,0.12089721164728882
630,1990,443.90000000000003,30.5,0.06870916873169633
630,1991,989.68,96.5,0.0975062646512004
630,1992,406.2,101.0,0.24864598719842443
630,1993,959.75,443.0,0.4615785360771034
630,1994,450.65,121.5,0.2696105625208033
630,1995,289.38,82.75,0.2859561821825973
630,1996,608.27,106.7,0.17541552271195357
630,1997,171.5,168.75,0.9839650145772595
630,1998,373.5,302.75,0.8105756358768407
630,1999,320.65,300.0,0.9355995633868704
630,2000,417.22,306.0,0.7334260102583768
630,2001,526.21,237.2,0.45077060489158316
630,2002,435.29,71.0,0.16310965103723954
630,2003,282.9,67.5,0.23860021208907742
630,2004,116.9,70.5,0.6030795551753635
630,2005,53.0,53.0,1.0
630,2006,418.1,64.25,0.15367137048552976
630,2007,325.0,56.25,0.17307692307692307
630,2008,57.25,57.25,1.0
630,2009,92.25,57.25,0.6205962059620597
630,2010,87.25,65.25,0.7478510028653295
630,2011,89.25,56.25,0.6302521008403361
630,2012,39.25,39.25,1.0
630,2013,13.75,13.75,1.0
630,2014,13.75,13.75,1.0
630,2015,11.25,11.25,1.0
630,2016,413.0,4.0,0.009685230024213076
630,2017,3.0,3.0,1.0
630,2018,3.0,3.0,1.0
630,2019,2.5,2.5,1.0
630,2020,2.0,2.0,1.0
630,2023,21.0,0.0,0.0
630,2024,42.0,0.0,0.0
640,1950,99.99000000000001,0.0,0.0
640,1951,119.2,0.0,0.0
640,1952,337.18,0.0,0.0
640,1953,170.64000000000001,0.0,0.0
640,1954,171.95,0.0,0.0
640,1955,445.21,0.0,0.0
640,1956,307.37,0.0,0.0
640,1957,615.9100000000001,0.0,0.0
640,1958,531.63,0.0,0.0
640,1959,904.0,0.0,0.0
640,1960,580.78,0.0,0.0
640,1961,321.5,0.0,0.0
640,1962,265.6,25.0,0.09412650602409638
640,1963,585.6,40.0,0.06830601092896174
640,1964,838.5,37.0,0.044126416219439475
640,1965,603.35,77.0,0.1276207839562443
640,1966,524.98,56.5,0.10762314754847803
640,1967,593.34,59.0,0.09943708497657329
640,1968,417.87,73.0,0.174695479455333
640,1969,627.61,49.0,0.07807396312996924
640,1970,395.74,38.0,0.09602264112801334
640,1971,941.32,38.0,0.04036884375132792
640,1972,1094.37,38.0,0.03472317406361651
640,1973,789.63,70.5,0.08928232210022416
640,1974,1278.6,0.0,0.0
640,1975,639.71,54.0,0.08441324975379469
640,1976,358.11,0.0,0.0
640,1977,292.76,63.0,0.21519333242246208
640,1978,984.4200000000001,76.3,0.07750756790800674
640,1979,916.6,76.3,0.08324241763037311
640,1980,486.32000000000005,89.6,0.18424082908373085
640,1981,725.84,189.8,0.26149013556706713
640,1982,477.7,0.0,0.0
640,1983,502.79,0.0,0.0
640,1984,548.66,136.2,0.24824116939452484
640,1985,678.26,102.3,0.1508271164450211
640,1986,471.82,145.56,0.3085074816667373
640,1987,1428.81,599.19,0.41936296638461384
640,1988,1627.9,966.1,0.5934639719884514
640,1989,1026.04,747.35,0.7283829090483802
640,1990,1240.77,865.5400000000001,0.6975829525214182
640,1991,1285.0,791.0600000000001,0.6156108949416342
640,1992,1872.3500000000001,921.1400000000001,0.49196998424439875
640,1993,2326.11,661.48,0.2843717622984296
640,1994,1888.23,978.5,0.5182101756671592
640,1995,1563.83,1053.7,0.6737944661504128
640,1996,1487.75,970.2,0.6521256931608134
640,1997,1508.9,1197.1,0.793359400888064
640,1998,2622.84,1568.85,0.5981493343093746
640,1999,1733.5,1074.31,0.6197346408999135
640,2000,1181.07,560.55,0.4746120043689197
640,2001,501.4,97.1,0.19365775827682488
640,2002,877.65,153.65,0.17506978864011852
640,2003,326.65,101.05,0.30935251798561153
640,2004,252.42,179.16,0.7097694318992156
640,2005,1075.9,702.2,0.6526628868853983
640,2006,524.1999999999999,379.99,0.7248950782144221
640,2007,675.25,468.11,0.6932395409107738
640,2008,623.25,356.86,0.5725792218210991
640,2009,713.55,595.7,0.8348398850816342
640,2010,469.20000000000005,377.78,0.8051577152600169
640,2011,794.25,460.85,0.5802329241422726
640,2012,1482.07,1148.45,0.7748959225947493
640,2013,768.8,310.9,0.4043964620187305
640,2014,1529.18,1122.8,0.7342497286127205
640,2015,446.47999999999996,399.9,0.8956728184913099
640,2016,323.98,167.4,0.5166985616396074
640,2017,426.62,263.4,0.6174112793586798
640,2018,476.18,322.4,0.6770548952076945
640,2019,741.72,440.9,0.5944291646443401
640,2020,110.12,65.62,0.5958953868507083
640,2021,248.85999999999999,199.0,0.7996463875271237
640,2022,187.17000000000002,168.75,0.9015867927552491
640,2023,679.1,584.25,0.8603298483286703
640,2024,381.3,343.0,0.8995541568318909
640,2025,381.11,374.75,0.9833119046994305
645,1952,58.52,0.0,0.0
645,1953,50.46,0.0,0.0
645,1954,17.08,0.0,0.0
645,1955,56.839999999999996,0.0,0.0
645,1956,99.3,0.0,0.0
645,1957,40.65,0.0,0.0
645,1958,187.84000000000003,0.0,0.0
645,1959,173.98,0.0,0.0
645,1960,175.54,0.0,0.0
645,1961,129.54,0.0,0.0
645,1962,277.66,0.0,0.0
645,1963,201.21,0.0,0.0
645,1964,321.2,0.0,0.0
645,1965,248.04000000000002,0.0,0.0
645,1966,340.61,0.0,0.0
645,1967,363.73,0.0,0.0
645,1968,392.26,0.0,0.0
645,1969,417.51,0.0,0.0
645,1970,185.15,0.0,0.0
645,1971,187.49,0.0,0.0
645,1972,644.85,0.0,0.0
645,1973,1846.0,0.0,0.0
645,1974,1425.0,0.0,0.0
645,1975,1113.18,0.0,0.0
645,1976,1136.81,0.0,0.0
645,1977,1072.8600000000001,0.0,0.0
645,1978,1796.26,0.0,0.0
645,1979,1394.79,0.0,0.0
645,1980,2251.5499999999997,0.0,0.0
645,1981,2580.46,0.0,0.0
645,1982,3258.7400000000002,107.0,0.032834776631458784
645,1983,3374.68,0.0,0.0
645,1984,4580.799999999999,1.0,0.00021830247991617188
645,1985,3909.38,161.5,0.041310898403327384
645,1986,3393.4900000000002,224.5,0.0661560812025378
645,1987,3473.5299999999997,224.5,0.06463165713265756
645,1988,1917.6599999999999,229.25,0.11954673925513387
645,1989,1513.2699999999998,138.75,0.0916888592253861
645,1990,818.4,62.25,0.07606304985337244
645,2004,49.32,0.0,0.0
645,2005,195.11,0.0,0.0
645,2006,306.34000000000003,0.0,0.0
645,2007,299.42,0.0,0.0
645,2008,379.43,0.0,0.0
645,2009,417.86,0.0,0.0
645,2010,480.37,0.0,0.0
645,2011,622.6,0.0,0.0
645,2012,523.1,0.0,0.0
645,2013,374.94,0.0,0.0
645,2014,627.5699999999999,0.0,0.0
645,2015,1487.98,0.0,0.0
645,2016,1829.53,0.0,0.0
645,2017,944.9399999999999,0.0,0.0
645,2018,454.27,0.0,0.0
645,2019,143.98,0.0,0.0
645,2020,4.57,0.0,0.0
645,2022,54.6,0.0,0.0
645,2023,27.279999999999998,0.0,0.0
645,2024,79.87,0.35,0.004382120946538124
645,2025,55.2,0.0,0.0
651,1950,151.8,0.14,0.0009222661396574441
651,1951,45.87,0.14,0.0030521037715282324
651,1952,0.84,0.84,1.0
651,1953,1.7,1.4,0.8235294117647058
651,1954,135.04,1.4,0.010367298578199052
651,1955,727.94,1.68,0.0023078825177899275
651,1956,1203.02,1.68,0.0013964855114628185
651,1957,997.68,1.68,0.0016839066634592255
651,1958,394.34000000000003,1.68,0.004260283004513871
651,1959,273.38,1.68,0.006145292267173897
651,1960,164.18,3.6799999999999997,0.022414423194055302
651,1961,544.33,9.68,0.017783329965278413
651,1962,685.0799999999999,11.68,0.01704910375430607
651,1963,740.68,11.68,0.015769293082032728
651,1964,850.63,13.68,0.016082197900379718
651,1965,962.15,13.68,0.014218157251987737
651,1966,1539.8500000000001,13.68,0.008883982206059031
651,1967,2240.6,13.68,0.006105507453360707
651,1968,1276.41,13.68,0.01071755940489341
651,1969,1242.41,11.68,0.009401083378272872
651,1970,1982.93,1.68,0.0008472311175886188
651,1971,1981.9499999999998,1.4,0.0007063750346880598
651,1972,3254.85,1.4,0.0004301273484185139
651,1973,2606.87,1.12,0.0004296340055315379
651,1974,1107.78,5.98,0.005398183754897182
651,1975,565.89,10.84,0.01915566629556981
651,1976,159.25,10.7,0.06718995290423861
651,1977,410.23999999999995,10.56,0.025741029641185652
651,1978,135.72,0.56,0.004126142057176541
651,1979,630.77,3.06,0.004851213596080981
651,1980,1016.18,2.7800000000000002,0.002735735794839497
651,1981,1194.73,2.7800000000000002,0.0023268855724724417
651,1982,2507.73,346.28,0.1380850410530639
651,1983,1695.02,397.23,0.23435121709478354
651,1984,1506.48,298.03,0.19783203228718602
651,1985,954.7,292.88,0.306776998009846
651,1986,1464.5500000000002,341.08000000000004,0.23289064900481377
651,1987,1634.0,419.78,0.25690330477356177
651,1988,448.51,153.78,0.3428686093955542
651,1989,318.78000000000003,87.78,0.2753623188405797
651,1990,563.28,136.38,0.24211759693225393
651,1991,886.5,228.5,0.2577552171460801
651,1992,972.5799999999999,274.0,0.28172489666659817
651,1993,1258.08,410.0,0.32589342490143713
651,1994,2026.64,539.5,0.2662041605810603
651,1995,1704.17,442.5,0.25965719382455976
651,1996,969.1400000000001,439.5,0.45349485110510346
651,1997,1050.93,447.5,0.4258133272434891
651,1998,482.82,147.5,0.3054968725404913
651,1999,516.99,39.5,0.07640379891293836
651,2000,833.28,94.5,0.11340725806451614
651,2001,824.48,91.0,0.11037259848631864
651,2002,717.27,297.0,0.414070015475344
651,2003,632.81,313.5,0.4954093645802058
651,2004,660.12,309.5,0.4688541477307156
651,2005,833.37,251.0,0.30118674778309756
651,2006,694.68,170.0,0.24471699199631486
651,2007,659.5699999999999,247.0,0.3744864078111497
651,2008,325.95,205.0,0.6289308176100629
651,2009,94.84,45.0,0.4744833403627161
651,2010,688.81,194.0,0.28164515613884816
651,2011,653.45,150.0,0.22955084551228094
651,2012,307.6,151.2,0.4915474642392717
651,2013,719.2,91.2,0.1268075639599555
651,2014,429.81,59.2,0.13773527837881855
651,2015,1442.96,77.5,0.05370904252370128
651,2016,1653.26,153.0,0.0925444273737948
651,2017,2479.55,364.0,0.14680083079591053
651,2018,1636.95,153.0,0.09346650783469257
651,2019,1088.4,148.5,0.13643880926130098
651,2020,1398.4,104.0,0.07437070938215103
651,2021,1298.5,255.0,0.19638043896804006
651,2022,742.3,481.25,0.6483227805469487
651,2023,1151.5900000000001,751.89,0.6529146658098801
651,2024,127.5,13.5,0.10588235294117647
651,2025,697.34,40.34,0.05784839533082858
652,1950,109.26,0.0,0.0
652,1951,1.24,0.0,0.0
652,1952,20.4,0.0,0.0
652,1953,18.0,0.0,0.0
652,1954,8.63,0.0,0.0
652,1955,107.56,0.0,0.0
652,1956,148.0,0.0,0.0
652,1957,473.4,0.0,0.0
652,1958,122.2,0.0,0.0
652,1959,36.67,0.0,0.0
652,1960,37.93,0.0,0.0
652,1961,27.15,0.0,0.0
652,1962,34.75,0.0,0.0
652,1963,89.25,0.0,0.0
652,1964,65.25,0.0,0.0
652,1965,99.8,0.0,0.0
652,1966,524.8,0.0,0.0
652,1967,905.2,0.0,0.0
652,1968,828.95,0.0,0.0
652,1969,875.3,0.0,0.0
652,1970,870.2,0.0,0.0
652,1971,735.45,0.0,0.0
652,1972,1516.65,0.0,0.0
652,1973,3282.1,0.0,0.0
652,1974,3410.38,0.0,0.0
652,1975,1411.3400000000001,0.0,0.0
652,1976,527.22,0.0,0.0
652,1977,930.72,0.0,0.0
652,1978,870.62,0.0,0.0
652,1979,2044.85,0.0,0.0
652,1980,1866.6499999999999,0.0,0.0
652,1981,1349.0,0.0,0.0
652,1982,1988.74,0.0,0.0
652,1983,2241.46,0.0,0.0
652,1984,1816.6100000000001,0.0,0.0
652,1985,1580.99,0.0,0.0
652,1986,1267.15,0.0,0.0
652,1987,1450.5,0.0,0.0
652,1988,1310.1,0.0,0.0
652,1989,662.5,0.0,0.0
652,1990,738.5,0.0,0.0
652,1991,314.8,12.5,0.03970775095298602
652,1992,277.17,12.5,0.04509867590287549
652,1993,165.56,12.5,0.0755013288233873
652,1994,13.94,12.5,0.896700143472023
652,1995,25.0,25.0,1.0
652,1996,25.0,25.0,1.0
652,1997,25.0,25.0,1.0
652,1998,45.0,25.0,0.5555555555555556
652,1999,48.0,25.0,0.5208333333333334
652,2000,49.0,40.0,0.8163265306122449
652,2001,23.0,15.0,0.6521739130434783
652,2002,40.0,15.0,0.375
652,2003,64.0,15.0,0.234375
652,2004,20.0,15.0,0.75
652,2005,30.0,15.0,0.5
652,2006,95.0,15.0,0.15789473684210525
652,2007,15.0,15.0,1.0
652,2008,326.1,90.0,0.27598896044158233
652,2009,252.7,105.0,0.41551246537396125
652,2010,420.4,45.0,0.10704091341579448
652,2011,485.3,30.0,0.0618174325159695
652,2012,531.5,30.0,0.05644402634054563
652,2013,498.0,0.0,0.0
652,2014,6.5,0.0,0.0
652,2015,16.0,0.0,0.0
652,2016,18.240000000000002,15.0,0.8223684210526315
652,2017,52.44,15.0,0.28604118993135014
652,2018,199.06,0.0,0.0
652,2019,104.0,0.0,0.0
652,2020,79.75,0.0,0.0
652,2021,7.35,0.0,0.0
652,2025,2.24,0.0,0.0
660,1950,0.36,0.0,0.0
660,1952,1.2,0.0,0.0
660,1953,8.25,0.0,0.0
660,1954,3.0599999999999996,0.0,0.0
660,1955,16.5,0.0,0.0
660,1957,40.38,0.0,0.0
660,1958,71.08,0.0,0.0
660,1959,10.8,0.0,0.0
660,1961,4.6,0.0,0.0
660,1962,12.78,0.0,0.0
660,1963,18.2,0.0,0.0
660,1965,34.379999999999995,0.0,0.0
660,1966,72.0,0.0,0.0
660,1967,80.2,0.0,0.0
660,1968,0.8,0.0,0.0
660,1971,10.0,0.0,0.0
660,1972,52.050000000000004,0.0,0.0
660,1973,54.65,0.0,0.0
660,1974,40.8,0.0,0.0
660,1975,11.36,0.0,0.0
660,1976,4.48,0.0,0.0
660,1977,7.92,0.0,0.0
660,1978,2.16,0.0,0.0
660,1980,36.95,0.0,0.0
660,1981,8.82,0.0,0.0
660,1982,36.34,0.0,0.0
660,1983,93.4,0.0,0.0
660,1984,205.64999999999998,0.0,0.0
660,1985,71.25,0.0,0.0
660,1992,39.6,0.0,0.0
660,1993,39.6,0.0,0.0
660,1994,17.5,0.0,0.0
660,1995,41.769999999999996,0.0,0.0
660,1996,26.93,0.0,0.0
660,1997,8.8,0.0,0.0
660,1998,7.8,0.0,0.0
660,1999,4.19,0.0,0.0
660,2000,4.29,0.0,0.0
660,2005,1.0,0.0,0.0
660,2007,5.46,0.0,0.0
660,2008,1.4,0.0,0.0
660,2009,52.019999999999996,0.0,0.0
660,2010,64.08,0.0,0.0
660,2011,0.96,0.0,0.0
660,2012,30.8,0.0,0.0
660,2013,26.509999999999998,0.0,0.0
660,2014,5.6,0.0,0.0
660,2015,47.71000000000001,0.0,0.0
660,2016,28.0,0.0,0.0
660,2017,48.39,0.0,0.0
660,2018,52.82,0.0,0.0
660,2019,55.769999999999996,0.0,0.0
660,2020,44.9,0.0,0.0
660,2021,42.6,0.0,0.0
660,2022,30.3,0.0,0.0
660,2023,14.29,0.0,0.0
660,2024,8.6,0.0,0.0
663,1950,0.38,0.0,0.0
663,1952,7.43,0.0,0.0
663,1953,0.03,0.0,0.0
663,1954,6.4,0.0,0.0
663,1955,13.3,0.0,0.0
663,1956,30.380000000000003,0.0,0.0
663,1957,15.12,0.0,0.0
663,1958,44.050000000000004,0.0,0.0
663,1959,4.0,0.0,0.0
663,1960,52.58,0.0,0.0
663,1961,25.75,0.0,0.0
663,1962,65.6,0.0,0.0
663,1963,39.120000000000005,0.0,0.0
663,1964,33.2,0.0,0.0
663,1965,55.550000000000004,0.0,0.0
663,1966,95.14,0.0,0.0
663,1967,126.29,0.0,0.0
663,1968,47.559999999999995,0.0,0.0
663,1969,172.52,0.0,0.0
663,1970,147.4,0.0,0.0
663,1971,89.56,0.0,0.0
663,1972,86.93,0.0,0.0
663,1973,55.65,0.0,0.0
663,1974,131.5,0.0,0.0
663,1975,372.17,0.0,0.0
663,1976,383.05,0.0,0.0
663,1977,457.41,0.0,0.0
663,1978,575.85,0.0,0.0
663,1979,255.65,0.0,0.0
663,1980,359.12,0.0,0.0
663,1981,401.36,0.0,0.0
663,1982,1061.28,0.0,0.0
663,1983,634.05,0.0,0.0
663,1984,628.5,0.0,0.0
663,1985,291.75,0.0,0.0
663,1986,206.29999999999998,0.0,0.0
663,1987,132.75,0.0,0.0
663,1988,242.95,0.0,0.0
663,1989,74.1,0.0,0.0
663,1990,16.0,0.0,0.0
663,1991,24.0,0.0,0.0
663,1993,1.41,0.0,0.0
663,1994,5.2,0.0,0.0
663,1995,18.86,0.0,0.0
663,1996,75.18,0.0,0.0
663,1997,77.2,0.0,0.0
663,1998,248.12,0.0,0.0
663,1999,62.72,0.0,0.0
663,2000,139.28,0.0,0.0
663,2001,160.07,0.0,0.0
663,2002,132.12,0.0,0.0
663,2003,280.96000000000004,0.0,0.0
663,2004,168.09,0.0,0.0
663,2005,78.9,0.0,0.0
663,2006,49.62,0.66,0.013301088270858526
663,2007,179.60000000000002,0.0,0.0
663,2008,156.9,0.0,0.0
663,2009,229.60000000000002,0.0,0.0
663,2010,86.96000000000001,0.0,0.0
663,2011,210.6,0.0,0.0
663,2012,185.18,0.0,0.0
663,2013,72.02,0.0,0.0
663,2014,193.76999999999998,0.0,0.0
663,2015,228.06,0.0,0.0
663,2016,243.01,3.2,0.013168182379325955
663,2017,363.2,1.6,0.004405286343612335
663,2018,170.31,3.2,0.018789266631436794
663,2019,213.23000000000002,0.0,0.0
663,2020,148.42,0.0,0.0
663,2021,67.4,0.0,0.0
663,2022,50.2,0.0,0.0
663,2023,21.86,0.0,0.0
663,2024,33.5,0.0,0.0
666,1950,29.96,0.0,0.0
666,1951,85.1,0.0,0.0
666,1952,73.34,0.0,0.0
666,1953,67.9,0.0,0.0
666,1954,1.63,0.0,0.0
666,1955,120.46000000000001,0.0,0.0
666,1956,737.1500000000001,0.0,0.0
666,1957,115.34,0.0,0.0
666,1958,123.78999999999999,0.0,0.0
666,1959,205.01000000000002,0.0,0.0
666,1960,147.69,10.0,0.06770939129257228
666,1961,71.35,12.0,0.16818500350385426
666,1962,279.1,18.0,0.06449301325689716
666,1963,367.71000000000004,18.0,0.04895161948274455
666,1964,414.5,18.0,0.04342581423401689
666,1965,447.42999999999995,20.5,0.04581722280580203
666,1966,460.07,25.0,0.05433955702393114
666,1967,229.23,27.0,0.11778563015312132
666,1968,926.27,9.0,0.009716389389702786
666,1969,1365.3799999999999,9.0,0.00659157157714336
666,1970,1188.6100000000001,12.75,0.010726815355751675
666,1971,1413.3,8.25,0.005837401825514753
666,1972,962.69,6.25,0.006492224911446052
666,1973,2181.6800000000003,6.25,0.0028647647684353337
666,1974,1031.83,30.05,0.02912301445005476
666,1975,1183.65,30.05,0.02538757233979639
666,1976,2003.72,46.5,0.023206835286367355
666,1977,1226.74,84.0,0.06847416730521545
666,1978,1223.7,46.5,0.03799950968374601
666,1979,708.51,59.0,0.08327334829430777
666,1980,1253.3799999999999,59.0,0.04707271537761892
666,1981,1662.59,34.0,0.020450020750756352
666,1982,865.79,58.0,0.06699084073505122
666,1983,475.2,58.0,0.12205387205387205
666,1984,270.2,20.4,0.07549962990377498
666,1985,295.28,49.5,0.16763749661338392
666,1986,1178.0,17.0,0.014431239388794566
666,1987,1079.5,0.0,0.0
666,1988,581.5,0.0,0.0
666,1989,24.0,0.0,0.0
666,1990,81.4,0.0,0.0
666,1991,1210.12,0.0,0.0
666,1992,1334.5,0.0,0.0
666,1993,715.9,0.0,0.0
666,1994,766.55,0.0,0.0
666,1995,372.05,0.0,0.0
666,1996,87.11999999999999,0.0,0.0
666,1997,66.60000000000001,0.0,0.0
666,1998,1302.25,0.0,0.0
666,1999,1276.65,0.0,0.0
666,2000,388.65,0.0,0.0
666,2001,116.2,0.0,0.0
666,2002,350.19,0.0,0.0
666,2003,188.79000000000002,0.0,0.0
666,2004,845.9,787.5,0.9309611065137723
666,2005,1103.22,825.0,0.7478109533909827
666,2006,1124.8,787.5,0.700124466571835
666,2007,840.46,675.0,0.8031316183994479
666,2008,680.08,637.5,0.937389718856605
666,2009,162.46,112.5,0.692478148467315
666,2010,75.5,0.0,0.0
666,2011,85.8,0.0,0.0
666,2012,136.7,0.0,0.0
666,2013,160.2,0.0,0.0
666,2014,548.5,10.5,0.019143117593436645
666,2015,694.12,45.0,0.06483028871088573
666,2016,651.65,155.0,0.237857745722397
666,2017,565.15,430.0,0.7608599486861896
666,2018,491.31,335.0,0.6818505627811361
666,2019,516.47,390.0,0.7551261447905977
666,2020,379.44,295.0,0.7774615222433059
666,2021,458.0,405.0,0.8842794759825328
666,2022,833.3199999999999,769.5,0.9234147746363942
666,2023,862.69,604.5,0.7007152047664862
666,2024,236.66000000000003,75.0,0.3169103355024085
666,2025,537.23,405.0,0.7538670588016305
670,1950,0.4,0.0,0.0
670,1952,7.220000000000001,0.0,0.0
670,1953,0.98,0.0,0.0
670,1954,0.48,0.0,0.0
670,1955,18.38,0.0,0.0
670,1956,9.760000000000002,0.0,0.0
670,1957,108.06,0.0,0.0
670,1958,14.38,0.0,0.0
670,1959,5.96,0.0,0.0
670,1960,6.3,0.0,0.0
670,1961,7.56,0.0,0.0
670,1962,21.68,0.0,0.0
670,1964,5.0,0.0,0.0
670,1965,48.0,0.0,0.0
670,1966,227.25,0.0,0.0
670,1967,221.68,0.0,0.0
670,1968,447.76,0.0,0.0
670,1969,415.66,0.0,0.0
670,1970,87.35,0.0,0.0
670,1971,9.82,0.0,0.0
670,1972,130.12,0.0,0.0
670,1973,202.48000000000002,0.0,0.0
670,1974,547.1,0.0,0.0
670,1975,371.55,0.0,0.0
670,1976,702.4,0.0,0.0
670,1977,1018.65,0.0,0.0
670,1978,1014.35,0.0,0.0
670,1979,766.65,0.0,0.0
670,1980,1085.11,0.0,0.0
670,1981,1816.1200000000001,0.0,0.0
670,1982,2222.89,0.0,0.0
670,1983,1818.58,0.0,0.0
670,1984,823.63,0.0,0.0
670,1985,1313.56,0.0,0.0
670,1986,2842.38,0.0,0.0
670,1987,2009.97,0.0,0.0
670,1988,783.7099999999999,0.0,0.0
670,1989,1381.81,0.0,0.0
670,1990,2040.66,0.0,0.0
670,1991,1039.09,0.0,0.0
670,1992,1149.8,0.0,0.0
670,1993,2353.38,1129.5,0.4799479896999209
670,1994,980.76,288.0,0.2936498225865655
670,1995,984.74,0.0,0.0
670,1996,1727.0,0.0,0.0
670,1997,2790.71,0.0,0.0
670,1998,2888.74,5.0,0.0017308584365501917
670,1999,1578.85,7.5,0.0047502929347309755
670,2000,104.44,12.5,0.11968594408272692
670,2001,59.07,0.0,0.0
670,2002,558.54,0.0,0.0
670,2003,158.33,0.0,0.0
670,2004,1156.59,0.0,0.0
670,2005,165.60000000000002,9.6,0.05797101449275361
670,2006,206.8,9.6,0.046421663442940034
670,2007,228.82,19.2,0.0839087492352067
670,2008,389.46,30.0,0.07702973347712218
670,2009,827.51,35.0,0.04229556138294401
670,2010,1108.8200000000002,38.6,0.034811781894265974
670,2011,1176.29,42.5,0.036130546038816956
670,2012,835.4499999999999,42.5,0.05087078819797714
670,2013,1686.1100000000001,59.21,0.035116332860845374
670,2014,2716.7999999999997,76.75,0.028250147232037694
670,2015,3474.3,77.78,0.022387243473505455
670,2016,2908.76,202.61,0.06965511076884996
670,2017,3852.0499999999997,31.89,0.008278708739502344
670,2018,2943.99,0.0,0.0
670,2019,3032.55,40.0,0.013190219452276136
670,2020,2241.35,410.5,0.18314854886563903
670,2021,1746.93,771.0,0.441345674984115
670,2022,3032.5,776.0,0.25589447650453423
670,2023,1325.65,651.0,0.4910798476219213
670,2024,1238.25,641.0,0.5176660609731476
670,2025,3042.45,716.0,0.2353366530263439
678,1950,0.36,0.0,0.0
678,1952,4.0,0.0,0.0
678,1955,1.0,0.0,0.0
678,1957,40.28,0.0,0.0
678,1958,7.720000000000001,0.0,0.0
678,1961,23.36,0.0,0.0
678,1963,0.72,0.0,0.0
678,1967,41.68,0.0,0.0
678,1968,27.0,0.0,0.0
678,1969,11.2,0.0,0.0
678,1974,9.2,0.0,0.0
678,1975,9.280000000000001,0.0,0.0
678,1976,0.4,0.0,0.0
678,1977,12.8,0.0,0.0
678,1978,13.8,0.0,0.0
678,1979,743.76,0.0,0.0
678,1980,705.15,0.0,0.0
678,1981,150.06,0.0,0.0
678,1982,45.2,0.0,0.0
678,1983,9.2,0.0,0.0
678,1984,104.45,0.0,0.0
678,1985,107.85,0.0,0.0
678,1988,79.9,0.0,0.0
679,1990,77.8,0.0,0.0
679,1991,112.8,0.0,0.0
679,1994,4.0,0.0,0.0
679,1995,167.05,0.0,0.0
679,1998,1.4,0.0,0.0
679,1999,52.0,0.0,0.0
679,2000,157.73000000000002,0.0,0.0
679,2001,70.13,0.0,0.0
679,2002,584.95,0.0,0.0
679,2003,58.35,0.0,0.0
679,2004,252.79,0.0,0.0
679,2005,316.35,0.0,0.0
679,2006,38.0,0.0,0.0
679,2007,66.2,0.0,0.0
679,2008,41.3,0.0,0.0
679,2009,5.15,5.15,1.0
679,2010,260.68,7.25,0.02781187663035139
679,2011,47.230000000000004,3.5,0.07410544145670124
679,2012,38.22,10.5,0.27472527472527475
679,2013,23.14,10.5,0.45375972342264476
679,2014,5.6,5.6,1.0
679,2015,32.5,0.0,0.0
679,2016,5.3,0.0,0.0
679,2017,5.5,0.0,0.0
679,2018,8.7,0.0,0.0
680,1967,28.8,0.0,0.0
680,1968,12.98,0.0,0.0
680,1969,58.0,0.0,0.0
680,1970,16.8,0.0,0.0
680,1971,50.4,0.0,0.0
680,1972,112.22,0.0,0.0
680,1973,85.98,0.0,0.0
680,1974,70.69,0.0,0.0
680,1975,14.200000000000001,0.0,0.0
680,1977,8.0,0.0,0.0
680,1978,55.0,0.0,0.0
680,1979,1078.44,0.0,0.0
680,1980,1217.76,0.0,0.0
680,1981,496.28000000000003,0.0,0.0
680,1982,41.0,0.0,0.0
680,1983,99.0,0.0,0.0
680,1984,70.5,0.0,0.0
680,1985,52.4,0.0,0.0
680,1986,73.5,0.0,0.0
680,1987,88.5,0.0,0.0
680,1988,11.98,0.0,0.0
680,1989,50.0,0.0,0.0
690,1953,0.14,0.0,0.0
690,1954,4.78,0.0,0.0
690,1955,1.1,0.0,0.0
690,1958,1.8,0.0,0.0
690,1960,43.75,0.0,0.0
690,1961,4.48,0.0,0.0
690,1962,9.6,0.0,0.0
690,1963,4.75,0.0,0.0
690,1964,55.830000000000005,0.0,0.0
690,1965,23.259999999999998,0.0,0.0
690,1966,10.86,0.0,0.0
690,1968,104.34,0.0,0.0
690,1969,125.84,0.0,0.0
690,1970,58.9,0.0,0.0
690,1971,108.5,0.0,0.0
690,1972,30.0,0.0,0.0
690,1973,4.1,0.0,0.0
690,1974,5.2,0.0,0.0
690,1975,76.9,0.0,0.0
690,1976,230.1,0.0,0.0
690,1977,484.85,0.0,0.0
690,1978,503.75,0.0,0.0
690,1979,223.05,0.0,0.0
690,1980,35.239999999999995,0.0,0.0
690,1981,12.69,0.0,0.0
690,1982,173.45,0.0,0.0
690,1983,251.3,0.0,0.0
690,1984,454.4,0.0,0.0
690,1985,618.77,0.0,0.0
690,1986,166.65,0.0,0.0
690,1987,50.25,0.0,0.0
690,1988,6.1,0.0,0.0
690,1989,132.01,50.0,0.3787591849102341
690,1990,324.13,50.0,0.15425909357356615
690,1991,515.05,0.0,0.0
690,1992,896.35,0.0,0.0
690,1993,693.6,0.0,0.0
690,1994,36.15,0.0,0.0
690,1995,646.05,0.0,0.0
690,1996,1208.76,10.0,0.008272940865018697
690,1997,481.60999999999996,0.0,0.0
690,1998,46.4,0.0,0.0
690,1999,197.5,0.0,0.0
690,2000,226.0,0.0,0.0
690,2001,66.8,0.0,0.0
690,2002,22.2,0.0,0.0
690,2003,42.099999999999994,0.0,0.0
690,2004,1.76,0.0,0.0
690,2005,11.5,0.0,0.0
690,2006,5.0,0.0,0.0
690,2007,288.12,0.0,0.0
690,2008,4.5,0.0,0.0
690,2009,8.17,0.0,0.0
690,2010,86.5,0.0,0.0
690,2011,115.72,0.0,0.0
690,2012,31.16,0.0,0.0
690,2013,73.39999999999999,0.0,0.0
690,2014,701.1999999999999,0.0,0.0
690,2015,317.3,0.0,0.0
690,2016,147.43,0.0,0.0
690,2017,113.22,0.0,0.0
690,2018,95.75,0.0,0.0
690,2019,55.25,0.0,0.0
690,2020,67.0,0.0,0.0
690,2021,1564.75,0.0,0.0
690,2022,1569.0,0.0,0.0
690,2023,497.0,0.0,0.0
690,2024,388.0,0.0,0.0
690,2025,310.7,0.0,0.0
692,1971,0.2,0.0,0.0
692,1972,6.56,0.0,0.0
692,1973,0.2,0.0,0.0
692,1974,1.1,0.0,0.0
692,1977,2.4,0.0,0.0
692,1978,11.599999999999998,0.0,0.0
692,1979,10.399999999999999,0.0,0.0
692,1980,21.700000000000003,0.0,0.0
692,1981,39.879999999999995,0.0,0.0
692,1982,54.7,0.0,0.0
692,1983,10.0,0.0,0.0
692,1984,129.0,0.0,0.0
692,1985,55.1,0.0,0.0
692,1986,133.3,0.0,0.0
692,1987,249.2,0.0,0.0
692,1988,135.2,0.0,0.0
692,1989,66.16,0.0,0.0
692,1990,361.5,0.0,0.0
692,1991,68.44,0.0,0.0
692,1992,50.75,0.0,0.0
692,1993,0.5,0.0,0.0
692,1994,8.42,0.0,0.0
692,1995,71.1,0.0,0.0
692,1996,51.36,0.0,0.0
692,1997,196.73999999999998,0.0,0.0
692,1998,8.36,0.0,0.0
692,2000,298.68,0.0,0.0
692,2001,28.25,0.0,0.0
692,2002,52.35,0.0,0.0
692,2003,1.48,0.0,0.0
692,2004,10.0,0.0,0.0
692,2005,66.49,0.0,0.0
692,2006,62.85,0.0,0.0
692,2007,26.7,0.0,0.0
692,2008,21.029999999999998,0.0,0.0
692,2010,98.1,0.0,0.0
692,2011,4.21,0.7,0.166270783847981
692,2012,23.61,0.7,0.02964845404489623
692,2013,68.62,0.7,0.010201107548819584
692,2014,0.7,0.7,1.0
692,2015,17.4,0.0,0.0
692,2016,29.92,0.0,0.0
692,2017,26.59,0.0,0.0
692,2018,71.72,0.0,0.0
692,2019,20.58,0.0,0.0
692,2020,27.259999999999998,0.0,0.0
692,2021,184.1,0.0,0.0
692,2022,259.13,0.0,0.0
692,2023,293.63,0.0,0.0
692,2024,849.76,0.0,0.0
692,2025,29.6,0.0,0.0
694,1968,2.4,0.0,0.0
694,1969,3.0,0.0,0.0
694,1970,6.0,0.0,0.0
694,1971,16.0,0.0,0.0
694,1975,37.5,0.0,0.0
694,1976,26.1,0.0,0.0
694,1977,55.400000000000006,0.0,0.0
694,1978,16.2,0.0,0.0
694,1979,14.4,0.0,0.0
694,1980,57.4,0.0,0.0
694,1981,48.0,0.0,0.0
694,1982,126.75,0.0,0.0
694,1983,460.24,0.0,0.0
694,1984,339.61,0.0,0.0
694,1985,1.5,0.0,0.0
694,1986,1.5,0.0,0.0
694,1987,56.75,0.0,0.0
694,1988,86.65,0.0,0.0
694,1989,9.7,0.0,0.0
694,1990,4.75,0.0,0.0
694,1991,16.75,0.0,0.0
694,1992,63.4,0.0,0.0
694,1993,9.72,0.0,0.0
694,1994,9.48,0.0,0.0
694,1995,9.72,0.0,0.0
694,1996,204.0,0.0,0.0
694,1997,238.39,0.0,0.0
694,1998,302.03000000000003,0.0,0.0
694,1999,60.54,0.0,0.0
694,2000,2.5,0.0,0.0
694,2007,27.0,0.0,0.0
694,2009,286.0,0.0,0.0
694,2010,30.36,0.0,0.0
694,2011,190.0,0.0,0.0
694,2012,335.29,0.0,0.0
694,2013,82.0,0.0,0.0
694,2014,55.4,0.0,0.0
694,2015,489.5,0.0,0.0
694,2016,596.1,0.0,0.0
694,2017,285.47,0.0,0.0
694,2018,613.2,0.0,0.0
694,2019,2230.1,0.0,0.0
694,2020,1081.6,0.0,0.0
694,2021,2287.7599999999998,0.0,0.0
694,2022,3336.34,0.0,0.0
694,2023,2006.47,0.0,0.0
694,2024,1194.0,0.0,0.0
694,2025,1054.2,0.0,0.0
696,1968,12.7,0.0,0.0
696,1969,12.3,0.0,0.0
696,1970,66.64,0.0,0.0
696,1971,24.369999999999997,0.0,0.0
696,1972,27.79,0.0,0.0
696,1973,88.15,0.0,0.0
696,1974,100.28999999999999,0.0,0.0
696,1975,144.75,0.0,0.0
696,1976,275.35,0.0,0.0
696,1977,309.76,0.0,0.0
696,1978,230.28,0.0,0.0
696,1979,38.9,0.0,0.0
696,1980,213.0,0.0,0.0
696,1981,420.1,0.0,0.0
696,1982,154.83,0.0,0.0
696,1983,163.43,0.0,0.0
696,1984,310.39,0.0,0.0
696,1985,144.58,0.0,0.0
696,1986,132.18,0.0,0.0
696,1987,194.9,0.0,0.0
696,1988,45.4,0.0,0.0
696,1989,663.2900000000001,0.0,0.0
696,1990,560.94,0.0,0.0
696,1991,237.20000000000002,0.0,0.0
696,1992,204.5,0.0,0.0
696,1993,582.44,0.0,0.0
696,1994,571.31,0.0,0.0
696,1995,425.95,0.0,0.0
696,1996,480.8,0.0,0.0
696,1997,689.65,0.0,0.0
696,1998,757.44,0.0,0.0
696,1999,441.24,0.0,0.0
696,2000,244.45,0.0,0.0
696,2001,186.22,0.0,0.0
696,2002,223.24999999999997,0.0,0.0
696,2003,676.4,22.8,0.033707865168539325
696,2004,1143.96,0.0,0.0
696,2005,2071.71,0.0,0.0
696,2006,1925.1399999999999,10.2,0.005298315966630998
696,2007,819.11,11.0,0.013429209752047954
696,2008,729.61,3.0,0.004111785748550595
696,2009,603.96,3.0,0.004967216371945161
696,2010,649.5,2.0,0.003079291762894534
696,2011,1216.86,107.25,0.0881366796509048
696,2012,1138.98,0.0,0.0
696,2013,2324.44,272.5,0.11723253772951764
696,2014,736.2399999999999,58.0,0.07877865913289146
696,2015,1690.5199999999998,220.85,0.13064027636466888
696,2016,1490.8700000000001,202.05,0.13552489486004815
696,2017,908.65,247.14999999999998,0.27199691850547514
696,2018,1164.58,131.5,0.11291624448298958
696,2019,750.3,87.1,0.11608689857390377
696,2020,659.63,106.78,0.16187862892833862
696,2021,577.14,130.82,0.2266694389576186
696,2022,756.25,79.16,0.10467438016528925
696,2023,913.15,150.14,0.1644198653014291
696,2024,1080.57,36.0,0.03331575002082235
696,2025,867.76,116.10000000000001,0.13379275375679914
698,1959,1.37,0.0,0.0
698,1960,0.91,0.0,0.0
698,1963,0.61,0.0,0.0
698,1964,0.84,0.0,0.0
698,1965,0.96,0.0,0.0
698,1966,2.4,0.0,0.0
698,1967,7.0,0.0,0.0
698,1968,4.95,0.0,0.0
698,1969,36.0,0.0,0.0
698,1970,26.25,0.0,0.0
698,1971,62.0,0.0,0.0
698,1972,10.89,0.0,0.0
698,1973,71.26,0.0,0.0
698,1974,66.69,0.0,0.0
698,1975,181.35,0.0,0.0
698,1976,150.0,0.0,0.0
698,1977,250.48000000000002,0.0,0.0
698,1978,81.0,0.0,0.0
698,1979,38.22,0.0,0.0
698,1980,6.58,0.0,0.0
698,1981,71.52,0.0,0.0
698,1982,170.2,0.0,0.0
698,1983,347.40999999999997,0.0,0.0
698,1984,120.15,0.0,0.0
698,1985,88.4,0.0,0.0
698,1986,48.85,0.0,0.0
698,1987,39.75,0.0,0.0
698,1988,19.25,0.0,0.0
698,1989,117.25,0.0,0.0
698,1990,59.56999999999999,0.0,0.0
698,1993,55.33,0.0,0.0
698,1994,144.66,0.0,0.0
698,1995,278.38,0.0,0.0
698,1996,284.7,0.0,0.0
698,1997,156.67000000000002,0.0,0.0
698,1998,21.88,0.0,0.0
698,2000,120.5,0.0,0.0
698,2001,32.019999999999996,1.2,0.037476577139287946
698,2002,39.589999999999996,22.2,0.5607476635514019
698,2003,36.63,3.0,0.0819000819000819
698,2004,49.0,0.0,0.0
698,2005,178.0,0.0,0.0
698,2006,297.33,0.0,0.0
698,2007,11.75,0.0,0.0
698,2008,72.0,0.0,0.0
698,2009,94.8,0.0,0.0
698,2010,30.5,0.0,0.0
698,2011,20.75,0.0,0.0
698,2012,127.0,0.0,0.0
698,2013,492.0,0.0,0.0
698,2014,718.7,0.0,0.0
698,2015,151.6,0.0,0.0
698,2016,422.02,0.0,0.0
698,2017,757.06,0.0,0.0
698,2018,282.3,0.0,0.0
698,2019,87.55,0.0,0.0
698,2020,85.2,0.0,0.0
698,2021,4.0,0.0,0.0
698,2022,4.32,0.0,0.0
698,2023,4.32,0.0,0.0
700,1955,4.0,0.0,0.0
700,1956,3.6,0.0,0.0
700,1957,100.03999999999999,0.0,0.0
700,1958,225.14,0.0,0.0
700,1959,275.0,0.0,0.0
700,1960,39.4,0.0,0.0
700,1961,55.2,0.0,0.0
700,1962,63.99,0.0,0.0
700,1963,39.730000000000004,0.0,0.0
700,1964,56.400000000000006,0.0,0.0
700,1965,90.92,0.0,0.0
700,1966,197.59,0.0,0.0
700,1967,230.13,0.0,0.0
700,1968,145.12,0.0,0.0
700,1969,166.23000000000002,0.0,0.0
700,1970,120.05,0.0,0.0
700,1971,25.2,0.0,0.0
700,1974,46.8,0.0,0.0
700,1975,136.8,0.0,0.0
700,1976,230.0,0.0,0.0
700,1977,74.7,0.0,0.0
700,1978,155.8,0.0,0.0
700,1979,449.15999999999997,0.0,0.0
700,1980,632.06,0.0,0.0
700,1981,552.58,0.0,0.0
700,1982,455.2,0.0,0.0
700,1983,268.6,0.0,0.0
700,1984,393.6,0.0,0.0
700,1985,157.6,0.0,0.0
700,1986,210.35,0.0,0.0
700,1987,489.15,0.0,0.0
700,1988,927.1,0.0,0.0
700,1989,1820.3600000000001,0.0,0.0
700,1990,1612.31,0.0,0.0
700,1991,1236.0,0.0,0.0
700,2002,34.4,0.0,0.0
700,2005,33.4,0.0,0.0
700,2006,3.36,0.0,0.0
700,2007,39.96,0.0,0.0
700,2008,130.29,0.0,0.0
700,2009,326.27,0.0,0.0
700,2010,365.2,0.0,0.0
700,2011,632.41,0.0,0.0
700,2012,517.99,0.0,0.0
700,2013,252.86,0.0,0.0
700,2014,322.55,0.0,0.0
700,2015,131.02,0.0,0.0
700,2016,170.20000000000002,0.0,0.0
700,2017,234.94,0.0,0.0
700,2018,311.76,0.0,0.0
700,2019,379.35,0.0,0.0
700,2020,231.26,0.0,0.0
700,2021,64.83,0.0,0.0
701,2003,18.0,0.0,0.0
701,2004,20.5,0.0,0.0
701,2008,7.2,0.0,0.0
701,2009,38.0,0.0,0.0
701,2010,32.3,0.0,0.0
701,2011,236.51,0.0,0.0
701,2012,111.65,0.0,0.0
701,2013,69.1,40.0,0.5788712011577425
701,2014,71.5,40.0,0.5594405594405595
701,2015,169.25,60.0,0.35450516986706054
701,2016,432.83000000000004,20.0,0.0462075179631726
701,2017,108.23,0.0,0.0
701,2021,382.35999999999996,151.25,0.3955696202531646
702,1994,29.0,0.0,0.0
702,2006,12.6,0.0,0.0
702,2007,7.2,0.0,0.0
702,2009,33.96,0.0,0.0
702,2013,3.6,0.0,0.0
702,2016,7.02,0.0,0.0
702,2017,19.21,0.0,0.0
702,2018,3.75,0.0,0.0
702,2019,4.84,0.0,0.0
702,2022,2.7199999999999998,0.0,0.0
702,2023,0.2,0.2,1.0
702,2024,0.2,0.2,1.0
702,2025,75.2,0.2,0.0026595744680851063
703,2003,9.57,0.0,0.0
703,2004,5.8,0.0,0.0
703,2005,2.9,0.0,0.0
703,2015,4.1,0.0,0.0
703,2016,8.1,0.0,0.0
703,2017,12.2,0.0,0.0
703,2018,0.89,0.0,0.0
703,2019,15.2,0.0,0.0
703,2021,4.8,0.0,0.0
703,2022,13.8,0.0,0.0
703,2023,54.15,0.0,0.0
704,2001,8.05,0.0,0.0
704,2002,9.45,0.0,0.0
704,2010,30.0,0.0,0.0
704,2014,18.8,0.0,0.0
704,2015,100.11,0.0,0.0
704,2016,57.55,0.0,0.0
704,2017,5.25,0.0,0.0
704,2018,124.4,0.0,0.0
704,2019,77.75,0.0,0.0
704,2020,92.0,0.0,0.0
704,2021,14.05,0.0,0.0
704,2022,21.75,0.0,0.0
704,2023,16.85,0.0,0.0
704,2024,47.0,0.0,0.0
704,2025,32.0,0.0,0.0
705,1995,99.12,0.0,0.0
705,1996,1.8,0.0,0.0
705,1997,64.4,0.0,0.0
705,1999,72.07,0.0,0.0
705,2000,120.6,0.0,0.0
705,2001,139.4,0.0,0.0
705,2002,21.75,0.0,0.0
705,2004,49.400000000000006,0.0,0.0
705,2005,44.08,0.0,0.0
705,2006,45.68,0.0,0.0
705,2007,83.24,0.0,0.0
705,2008,38.25,24.150000000000002,0.6313725490196079
705,2009,52.800000000000004,24.150000000000002,0.45738636363636365
705,2010,59.45,14.0,0.23549201009251472
705,2011,63.25,6.5,0.10276679841897234
705,2012,95.83999999999999,3.25,0.03391068447412354
705,2013,143.17000000000002,17.25,0.1204861353635538
705,2014,83.35,23.25,0.27894421115776846
705,2015,445.75,3.25,0.007291082445316881
705,2016,254.6,13.5,0.05302435192458759
705,2017,221.35,27.0,0.12197876665913712
705,2018,278.65,11.9,0.04270590346312579
705,2019,231.9,11.9,0.0513152220784821
705,2020,269.85,3.85,0.014267185473411154
705,2021,195.0,0.0,0.0
705,2022,190.7,0.0,0.0
705,2023,223.2,13.0,0.05824372759856631
705,2024,460.05,31.55,0.06857950222801869
705,2025,17.35,15.25,0.8789625360230546
710,1950,2626.3199999999997,113.5,0.04321636358098024
710,1951,2245.75,113.5,0.05053990871646443
710,1952,3478.0,1815.0,0.5218516388729154
710,1953,3142.5,2165.0,0.6889419252187748
710,1954,3498.84,2393.5,0.6840838677961838
710,1955,1804.06,779.4,0.43202554238772545
710,1956,2266.3,1629.3,0.7189251202400387
710,1957,2142.95,1540.3,0.7187755197274786
710,1958,2794.85,2139.1,0.7653720235433028
710,1959,3175.57,2285.7,0.7197762921302316
710,1960,2357.33,1593.1999999999998,0.6758493719589536
710,1961,952.31,888.5,0.9329945080908528
710,1962,415.15999999999997,398.0,0.958666538202139
710,1963,450.03,415.0,0.922160744839233
710,1964,485.0,485.0,1.0
710,1965,256.5,85.0,0.3313840155945419
710,1966,225.11,118.11,0.5246768246634979
710,1967,144.25,0.0,0.0
710,1968,180.0,0.0,0.0
710,1970,0.75,0.75,1.0
710,1971,0.9,0.9,1.0
710,1972,0.9,0.9,1.0
710,1973,0.9,0.9,1.0
710,1974,0.9,0.9,1.0
710,1975,0.9,0.9,1.0
710,1976,0.75,0.75,1.0
710,1977,72.0,0.0,0.0
710,1978,83.0,0.0,0.0
710,1979,8.0,0.0,0.0
710,1980,4.0,0.0,0.0
710,1982,4.5,4.5,1.0
710,1983,16.25,1.25,0.07692307692307693
710,1984,62.25,1.25,0.020080321285140562
710,1985,103.75,1.25,0.012048192771084338
710,1986,11.25,6.25,0.5555555555555556
710,1987,46.85,30.85,0.6584845250800427
710,1988,96.9,75.0,0.7739938080495355
710,1989,163.4,132.0,0.8078335373317013
710,1990,266.55,144.55,0.5422997561433127
710,1991,438.8,157.55,0.3590474020054695
710,1992,1183.68,152.75,0.12904670181130035
710,1993,1230.18,195.5,0.1589198328699865
710,1994,303.89,176.25,0.5799795978808122
710,1995,701.4,203.1,0.28956372968349015
710,1996,1496.4,230.6,0.15410318096765568
710,1997,940.25,203.5,0.21643180005317736
710,1998,374.75,291.1,0.7767845230153436
710,1999,1721.98,400.1,0.2323488077678022
710,2000,2473.0,461.6,0.18665588354225637
710,2001,2755.1,625.35,0.22697905702152374
710,2002,2829.8,764.8,0.2702664499257898
710,2003,2326.05,767.3,0.3298725306850669
710,2004,3235.75,1008.75,0.31175152592134747
710,2005,3466.97,1081.0,0.31179964060836984
710,2006,2831.1,1059.5,0.3742361626223023
710,2007,1698.8,831.5,0.4894631504591476
710,2008,1783.65,473.5,0.26546687971294813
710,2009,1382.07,398.75,0.28851650061140177
710,2010,940.0,489.75,0.5210106382978723
710,2011,1033.25,482.75,0.4672150979917735
710,2012,1542.25,530.65,0.3440752147835954
710,2013,1221.35,546.4499999999999,0.4474147459778114
710,2014,1033.3500000000001,503.75,0.4874921372235931
710,2015,1189.8,495.7,0.41662464279710876
710,2016,1208.65,407.6,0.3372357589045629
710,2017,1545.8,351.05,0.2270992366412214
710,2018,2254.05,369.3,0.16383842416982763
710,2019,1570.75,266.5,0.1696641731656852
710,2020,774.75,212.25,0.2739593417231365
710,2021,685.0,175.25,0.25583941605839416
710,2022,645.75,157.75,0.2442895857530004
710,2023,428.2,202.5,0.4729098552078468
710,2024,70.75,40.75,0.5759717314487632
710,2025,207.25,192.25,0.9276236429433052
712,1951,5.4,0.0,0.0
712,1952,27.9,0.0,0.0
712,1953,5.4,0.0,0.0
712,1954,3.0,0.0,0.0
712,1955,10.4,0.0,0.0
712,1956,9.4,0.0,0.0
712,1957,12.0,0.0,0.0
712,1958,12.0,0.0,0.0
712,1960,10.0,0.0,0.0
712,1961,65.60000000000001,0.0,0.0
712,1962,89.9,0.0,0.0
712,1963,85.9,0.0,0.0
712,1964,119.9,0.0,0.0
712,1965,137.37,0.0,0.0
712,1966,115.6,0.0,0.0
712,1967,62.5,0.0,0.0
712,1968,15.0,0.0,0.0
712,1969,21.6,0.0,0.0
712,1970,15.0,0.0,0.0
712,1971,13.46,0.0,0.0
712,1972,8.29,0.0,0.0
712,1973,58.0,0.0,0.0
712,1974,76.0,0.0,0.0
712,1975,194.75,0.0,0.0
712,1976,31.25,0.0,0.0
712,1977,29.5,0.0,0.0
712,1978,46.82,0.0,0.0
712,1979,29.240000000000002,0.0,0.0
712,1980,59.92,0.0,0.0
712,1981,71.9,0.0,0.0
712,1982,155.9,0.0,0.0
712,1983,117.82,0.0,0.0
712,1984,113.82,0.0,0.0
712,1985,97.5,0.0,0.0
712,1986,27.0,0.0,0.0
712,1987,36.0,0.0,0.0
712,1988,27.0,0.0,0.0
712,2008,14.5,0.0,0.0
712,2010,63.6,0.0,0.0
712,2011,2.8,0.0,0.0
712,2012,77.75,0.0,0.0
712,2015,73.32000000000001,0.0,0.0
712,2019,16.52,0.0,0.0
712,2021,24.78,0.0,0.0
712,2022,2.6,0.0,0.0
713,1951,97.8,0.0,0.0
713,1952,303.72,0.0,0.0
713,1953,382.64,0.0,0.0
713,1954,307.7,0.0,0.0
713,1955,622.41,0.0,0.0
713,1956,251.82999999999998,0.0,0.0
713,1957,380.21,0.0,0.0
713,1958,718.0500000000001,0.0,0.0
713,1959,920.91,0.0,0.0
713,1960,472.16,0.0,0.0
713,1961,107.89,0.0,0.0
713,1962,145.53,0.0,0.0
713,1963,319.84000000000003,0.0,0.0
713,1964,346.54,32.5,0.09378426732844693
713,1965,494.03,22.5,0.04554379288707164
713,1966,325.65,35.0,0.10747735298633503
713,1967,477.45,37.5,0.07854225573358467
713,1968,292.88,37.61,0.12841436765910955
713,1969,587.58,35.0,0.05956635692161067
713,1970,587.58,55.77,0.09491473501480649
713,1971,351.89,44.54,0.12657364517320754
713,1972,245.4,45.64,0.18598207008964954
713,1973,329.21999999999997,44.54,0.13528947208553552
713,1974,372.37,98.14,0.26355506619759916
713,1975,343.76,254.54,0.7404584593902723
713,1976,483.90000000000003,359.54,0.7430047530481504
713,1977,792.26,341.0,0.43041425794562393
713,1978,778.94,393.5,0.5051736975890312
713,1979,522.25,341.0,0.6529439923408329
713,1980,512.5699999999999,367.0,0.7159997658856352
713,1981,778.13,416.0,0.5346150386182258
713,1982,788.45,358.5,0.454689580823134
713,1983,722.52,379.5,0.5252449759176216
713,1984,433.15000000000003,285.0,0.6579706799030358
713,1985,646.76,306.0,0.47312758983239533
713,1986,959.81,333.0,0.34694366593388276
713,1987,585.05,163.0,0.27860866592598926
713,1988,645.5,184.0,0.28505034856700234
713,1989,351.5,157.25,0.4473684210526316
713,1990,465.0,188.0,0.4043010752688172
713,1991,650.79,188.0,0.2888796693249743
713,1992,474.5,211.25,0.4452054794520548
713,1993,1156.75,509.75,0.4406743030041063
713,1994,858.1800000000001,446.75,0.5205784334288843
713,1995,1317.68,446.75,0.3390428632141339
713,1996,1404.55,383.75,0.2732191805204514
713,1997,4746.46,683.75,0.14405472710188225
713,1998,3967.17,383.75,0.09673142315554917
713,1999,1735.58,86.75,0.04998329088834857
713,2000,592.28,35.5,0.05993786722496117
713,2001,342.0,24.25,0.07090643274853801
713,2002,291.02,0.0,0.0
713,2003,111.6,0.0,0.0
713,2004,316.0,300.0,0.9493670886075949
713,2005,694.52,0.0,0.0
713,2006,503.40000000000003,0.0,0.0
713,2007,12.5,0.0,0.0
713,2008,11.33,0.0,0.0
713,2009,36.16,0.0,0.0
713,2010,71.16,0.0,0.0
713,2011,172.74,0.0,0.0
713,2012,411.25,0.0,0.0
713,2013,614.11,0.0,0.0
713,2014,1081.53,0.0,0.0
713,2015,534.6,0.0,0.0
713,2016,92.6,0.0,0.0
713,2017,486.6,0.0,0.0
713,2018,92.44,0.0,0.0
713,2019,55.41,0.0,0.0
713,2020,110.96,0.0,0.0
713,2021,158.15,0.0,0.0
713,2022,162.0,0.0,0.0
713,2023,204.51999999999998,0.0,0.0
713,2024,367.2,0.0,0.0
713,2025,398.46000000000004,0.0,0.0
731,1950,885.44,0.0,0.0
731,1951,405.99,0.0,0.0
731,1952,235.39,0.0,0.0
731,1953,717.89,0.0,0.0
731,1954,284.51,0.0,0.0
731,1955,370.51,0.0,0.0
731,1956,456.01,0.0,0.0
731,1957,468.01,30.0,0.06410119441892267
731,1958,874.25,30.0,0.03431512725193023
731,1959,619.45,30.0,0.04843005892323835
731,1960,405.4,30.0,0.0740009866798224
731,1961,69.4,30.0,0.4322766570605187
731,1962,181.14999999999998,30.0,0.16560861164780571
731,1963,196.75,45.0,0.22871664548919948
731,1964,167.75,35.0,0.20864381520119224
731,1965,117.60000000000001,40.0,0.3401360544217687
731,1966,832.4,11.25,0.013515136953387795
731,1967,845.75,177.5,0.20987289388117056
731,1968,1307.7,177.5,0.13573449567943718
731,1969,609.3000000000001,187.1,0.30707369112095845
731,1970,648.7,187.7,0.28934792662247566
731,1971,1501.8,223.7,0.1489545878279398
731,1972,482.45,268.2,0.5559125297958337
731,1973,534.7,349.7,0.6540115952870768
731,1974,793.0,330.6,0.41689785624211856
731,1975,560.95,369.5,0.6587039843123272
731,1976,486.75,380.5,0.7817154596815614
731,1977,297.0,234.0,0.7878787878787878
731,1978,353.75,288.0,0.8141342756183746
731,1979,312.6,293.5,0.9388995521433141
731,1980,487.0,293.5,0.6026694045174538
731,1981,347.15,243.5,0.70142589658649
731,1982,527.25,221.5,0.42010431484115696
731,1983,339.25,96.5,0.2844509948415623
731,1984,112.35,94.0,0.8366711170449489
731,1985,962.6,49.0,0.050903802202368585
731,1986,1074.75,171.0,0.15910676901605025
731,1987,813.05,171.0,0.21031916856281901
731,1988,818.0,172.25,0.21057457212713937
731,1989,560.65,168.75,0.3009899224114867
731,1990,340.15,102.75,0.3020726150227841
731,1991,250.9,151.5,0.6038262255878836
731,1992,183.15,170.5,0.9309309309309309
731,1993,145.65,138.5,0.9509097150703741
731,1994,78.9,69.5,0.8808618504435994
731,1995,184.37,114.5,0.6210337907468677
731,1996,117.65,54.5,0.463238419039524
731,1997,54.0,54.0,1.0
731,1998,54.0,54.0,1.0
731,1999,54.0,54.0,1.0
731,2000,62.5,53.5,0.856
731,2001,73.3,53.5,0.7298772169167804
731,2002,53.5,53.5,1.0
731,2003,35.0,35.0,1.0
731,2004,8.0,8.0,1.0
731,2005,4.5,4.5,1.0
731,2006,4.5,4.5,1.0
731,2007,4.5,4.5,1.0
731,2008,4.5,4.5,1.0
731,2009,4.0,4.0,1.0
731,2010,0.5,0.5,1.0
732,1950,169.64000000000001,0.0,0.0
732,1951,177.12,0.0,0.0
732,1952,239.28,0.0,0.0
732,1953,229.5,0.0,0.0
732,1954,232.43,75.0,0.3226777954653014
732,1955,276.79,75.0,0.27096354637089487
732,1956,385.58,50.0,0.1296747756626381
732,1957,217.4,50.0,0.22999080036798528
732,1958,191.79,50.0,0.26070180927055636
732,1959,179.81,50.0,0.27807129748067405
732,1960,122.28,50.0,0.40889761203794567
732,1961,112.9,50.0,0.4428697962798937
732,1962,64.6,50.0,0.7739938080495357
732,1963,213.56,56.3,0.26362614721858024
732,1964,331.8,56.3,0.1696805304400241
732,1965,632.05,6.3,0.009967565857131556
732,1966,578.02,7.5,0.012975329573371164
732,1967,137.0,7.5,0.05474452554744526
732,1968,359.14,7.5,0.02088322102801136
732,1969,585.72,7.5,0.012804753124359762
732,1970,100.4,7.5,0.0747011952191235
732,1971,250.34,7.61,0.030398657825357514
732,1972,413.1,7.5,0.018155410312273055
732,1973,269.32,15.5,0.0575523540769345
732,1974,457.77,15.83,0.03458068462328243
732,1975,660.6800000000001,120.5,0.18238784282860082
732,1976,555.5600000000001,113.0,0.20339837281301748
732,1977,1198.52,172.84,0.1442111938056937
732,1978,398.91,121.8,0.3053320297811536
732,1979,1323.25,117.69,0.08894010957868884
732,1980,877.0600000000001,148.5,0.1693156682553075
732,1981,871.9499999999999,199.5,0.2287975227937382
732,1982,672.6999999999999,258.0,0.3835290619889996
732,1983,496.15,373.5,0.7527965333064598
732,1984,523.75,345.9,0.6604295942720764
732,1985,760.06,408.66,0.5376680788358814
732,1986,856.9499999999999,603.3,0.7040084018904254
732,1987,772.92,441.8,0.5715986130518036
732,1988,1236.62,316.8,0.2561821739903932
732,1989,1835.25,296.8,0.16172183626208964
732,1990,1200.56,319.2,0.2658759245685347
732,1991,908.1,400.75,0.4413060235656866
732,1992,782.24,481.0,0.614900797709143
732,1993,1010.5699999999999,679.45,0.6723433309914207
732,1994,1005.33,820.05,0.8157023067052609
732,1995,1951.78,1041.66,0.5336974454088064
732,1996,1971.45,1893.35,0.9603844885743995
732,1997,1218.56,997.6499999999999,0.81871225052521
732,1998,1417.0800000000002,999.05,0.7050060688175684
732,1999,1638.48,1173.25,0.7160600068356037
732,2000,1393.03,988.4100000000001,0.7095396366194555
732,2001,768.41,555.91,0.7234549264064757
732,2002,519.1600000000001,327.46,0.630749672547962
732,2003,766.21,613.71,0.80096840291826
732,2004,1059.02,676.61,0.6389020037393062
732,2005,800.06,558.56,0.6981476389270804
732,2006,1657.77,1369.46,0.8260856451739386
732,2007,1730.11,1522.54,0.8800249695106092
732,2008,1690.56,1366.1599999999999,0.8081109218247208
732,2009,798.46,648.3599999999999,0.8120131252661371
732,2010,1298.81,471.35999999999996,0.36291682386184276
732,2011,1567.9099999999999,1314.8600000000001,0.8386068077887125
732,2012,1076.85,806.7,0.7491294052096393
732,2013,188.94,42.06,0.22261035249285488
732,2014,741.75,334.7,0.45123019885406135
732,2015,267.5,64.0,0.23925233644859814
732,2016,1037.55,589.0,0.5676834851332466
732,2017,961.72,545.0,0.5666930083600216
732,2018,1030.06,277.5,0.26940178242044155
732,2019,1604.56,310.0,0.19319938176197837
732,2020,1272.8200000000002,380.0,0.29854967709495445
732,2021,812.2,0.0,0.0
732,2022,422.5,0.0,0.0
732,2023,217.5,2.2,0.010114942528735633
732,2024,1031.3,25.8,0.025016968874236403
732,2025,222.4,10.8,0.048561151079136694
740,1952,8.06,0.0,0.0
740,1953,222.87,2.16,0.009691748552968098
740,1954,280.06,4.3,0.015353852745840176
740,1955,412.05,41.199999999999996,0.09998786555029728
740,1956,765.35,518.65,0.677663813941334
740,1957,1022.6,796.2,0.7786035595540779
740,1958,1177.85,553.25,0.4697117629579319
740,1959,666.19,346.38,0.5199417583572253
740,1960,789.9499999999999,439.8,0.5567440977277044
740,1961,334.76,178.0,0.5317242203369579
740,1962,263.42,187.9,0.7133095436944803
740,1963,238.54,183.44,0.7690114865431374
740,1964,1715.6999999999998,1676.9,0.9773853237745528
740,1965,1155.25,1056.9,0.9148669119238261
740,1966,324.3,291.7,0.8994757940178846
740,1967,609.8,568.7,0.9326008527386029
740,1968,557.25,509.8,0.9148497083894123
740,1969,488.25,442.0,0.905273937532002
740,1970,501.55,445.6,0.8884458179643107
740,1971,605.15,536.0,0.8857308105428406
740,1972,492.6,429.4,0.8717011774259033
740,1973,467.5,407.8,0.8722994652406417
740,1974,732.59,622.44,0.8496430472706425
740,1975,1597.44,1300.99,0.8144218249198718
740,1976,1475.19,1390.8899999999999,0.9428548187013197
740,1977,787.5,735.8499999999999,0.9344126984126983
740,1978,900.5400000000001,569.49,0.632387234326071
740,1979,919.5500000000001,542.47,0.5899298569952695
740,1980,1029.49,645.5899999999999,0.6270969120632546
740,1981,1307.98,922.9300000000001,0.7056147647517547
740,1982,1444.1100000000001,1193.01,0.826121278849949
740,1983,1691.95,1397.5500000000002,0.8259995862761903
740,1984,2050.6800000000003,1559.23,0.7603477870755065
740,1985,1966.33,1853.33,0.9425325352306073
740,1986,1893.5,1645.9499999999998,0.8692632690784261
740,1987,1941.62,1727.7699999999995,0.8898600138029067
740,1988,1997.84,1748.41,0.8751501621751493
740,1989,2282.68,1981.3399999999997,0.8679885047400423
740,1990,2682.0699999999997,2371.9300000000003,0.8843654341609282
740,1991,2940.01,2500.63,0.8505515287362968
740,1992,2519.07,2120.6000000000004,0.8418186076607638
740,1993,2129.54,1758.6900000000003,0.8258544098725548
740,1994,1016.0699999999999,901.4899999999999,0.887232178885313
740,1995,1255.3999999999999,1043.1499999999999,0.8309303807551378
740,1996,876.1999999999999,689.98,0.7874686144715819
740,1997,843.15,755.3499999999999,0.8958666903872382
740,1998,1488.6499999999999,767.8999999999999,0.5158364961542337
740,1999,1256.98,596.6800000000001,0.47469331254276126
740,2000,497.15,416.65000000000003,0.8380770391230012
740,2001,427.17,358.97,0.8403445934873705
740,2002,442.46,352.30999999999995,0.7962527686118518
740,2003,458.15999999999997,321.2099999999999,0.701086956521739
740,2004,398.61,312.21,0.7832467825694287
740,2005,375.26000000000005,298.61,0.79574161914406
740,2006,469.44,320.45,0.6826218473074301
740,2007,552.52,322.3,0.5833273003692174
740,2008,990.47,409.35,0.4132886407463124
740,2009,990.2700000000001,521.8000000000001,0.5269269997071506
740,2010,657.59,317.6,0.4829757143508873
740,2011,299.68,262.65,0.8764348638547783
740,2012,239.15,170.45,0.7127325946058958
740,2013,341.46000000000004,225.2,0.6595208809230948
740,2014,315.88,168.7,0.5340635684437127
740,2015,343.21000000000004,276.95000000000005,0.8069403572156989
740,2016,332.48,254.5,0.7654595765158806
740,2017,446.04,366.3,0.821226795803067
740,2018,764.29,471.15,0.6164544871711
740,2019,992.1,491.9,0.4958169539360951
740,2020,928.8000000000001,361.1,0.3887812230835487
740,2021,1009.05,624.0,0.6184034487884644
740,2022,1465.9,827.75,0.5646701684971689
740,2023,852.3,484.15,0.568051155696351
740,2024,1043.05,442.3,0.42404486841474526
740,2025,1715.15,1172.9,0.68384689385768
750,1950,140.11,21.75,0.15523517236457068
750,1951,253.0,244.5,0.9664031620553359
750,1952,102.95,27.75,0.26954832442933463
750,1953,400.96,93.75,0.2338138467677574
750,1954,333.75,105.75,0.31685393258426964
750,1955,396.11,133.5,0.33702759334528287
750,1956,304.9,133.5,0.43784847490980655
750,1957,924.71,134.55,0.14550507726746764
750,1958,1069.07,152.25,0.14241349958375038
750,1959,901.89,152.55,0.16914479592855006
750,1960,544.05,53.05,0.09750942009006526
750,1961,1148.13,50.3,0.04381036990584689
750,1962,401.87,89.5,0.22270883619080797
750,1963,694.89,108.75,0.1564995898631438
750,1964,793.54,208.0,0.26211659147617006
750,1965,1004.3799999999999,356.0,0.3544475198630001
750,1966,961.46,375.5,0.39055186903251304
750,1967,1131.87,379.0,0.3348441075388517
750,1968,1371.9,403.1,0.2938260806181209
750,1969,1366.04,320.1,0.23432695967907238
750,1970,962.54,588.0,0.6108837035343986
750,1971,2018.8700000000001,628.95,0.3115356610381055
750,1972,2092.77,765.9,0.3659742828882295
750,1973,1511.3,763.6,0.5052603718652816
750,1974,1330.85,616.0,0.4628620806251644
750,1975,1527.7,951.7,0.6229626235517445
750,1976,1941.95,1180.3,0.607791137773887
750,1977,2374.83,1251.3,0.5269008729045869
750,1978,1194.95,627.8,0.525377630863216
750,1979,1200.0,575.8,0.4798333333333333
750,1980,1768.1,630.65,0.35668231434873593
750,1981,2123.6,1275.75,0.6007487285741194
750,1982,2648.95,1179.9,0.44542177089035284
750,1983,2641.45,984.4,0.372674099452952
750,1984,2434.2,1074.9,0.44158245008627073
750,1985,2995.9500000000003,1012.4,0.3379228625310836
750,1986,4240.4,1148.1,0.27075275917366287
750,1987,3919.3999999999996,945.6,0.24126141756391287
750,1988,3853.9500000000003,811.95,0.21067995173782741
750,1989,3675.5099999999998,1057.41,0.2876906878229144
750,1990,2831.67,1172.92,0.414214933237277
750,1991,1874.62,1069.22,0.5703662608955415
750,1992,1188.62,1085.02,0.9128401002843635
750,1993,736.72,696.12,0.9448908676294928
750,1994,872.97,788.12,0.9028030745615542
750,1995,1357.6599999999999,901.8,0.6642311035163443
750,1996,830.95,684.65,0.823936458270654
750,1997,1683.3999999999999,652.15,0.387400498990139
750,1998,796.68,467.9,0.5873123462368831
750,1999,1215.53,401.4,0.33022632102868704
750,2000,987.53,395.9,0.4008992131884601
750,2001,1049.8600000000001,267.9,0.255176880726954
750,2002,1902.4299999999998,618.6,0.3251630809017941
750,2003,2798.12,187.25,0.06691993195431219
750,2004,2246.1,468.9,0.20876185388005877
750,2005,1201.79,666.75,0.5547974271711364
750,2006,1486.69,1021.9499999999999,0.6873995251195608
750,2007,2299.79,1136.25,0.4940668495819184
750,2008,1643.4899999999998,1177.5499999999997,0.7164935594375383
750,2009,1958.34,1362.85,0.6959210351624334
750,2010,2897.34,2273.5499999999997,0.7847025202427053
750,2011,3625.44,2151.1,0.5933348779734322
750,2012,4506.34,2093.65,0.46460098439088043
750,2013,5302.4400000000005,1865.3500000000001,0.3517908736355338
750,2014,3281.99,1947.9,0.5935118632293213
750,2015,2733.29,2002.65,0.7326884450607144
750,2016,2651.2400000000002,1955.4,0.7375416786107633
750,2017,2682.44,2395.32,0.8929631231267056
750,2018,1981.98,1707.69,0.8616080888808162
750,2019,3201.75,2564.73,0.8010400562192551
750,2020,2670.1,2209.26,0.8274072132129884
750,2021,3958.25,3227.38,0.8153552706372766
750,2022,2695.62,1845.94,0.6847923668766369
750,2023,1537.7,989.01,0.6431748715614228
750,2024,1600.17,1003.76,0.627283351143941
750,2025,2863.46,2124.27,0.7418542602306301
760,1968,0.75,0.0,0.0
760,2004,0.11,0.0,0.0
760,2015,0.95,0.0,0.0
760,2016,0.95,0.0,0.0
760,2021,4.5,0.0,0.0
770,1950,169.56,0.0,0.0
770,1951,168.94,0.0,0.0
770,1952,145.3,0.0,0.0
770,1953,95.48,0.0,0.0
770,1954,95.16,0.0,0.0
770,1955,152.4,0.0,0.0
770,1956,187.1,0.0,0.0
770,1957,537.12,0.0,0.0
770,1958,335.71,0.0,0.0
770,1959,313.0,0.0,0.0
770,1960,45.74,0.0,0.0
770,1961,40.94,0.0,0.0
770,1962,84.44,0.0,0.0
770,1963,224.95,0.0,0.0
770,1964,96.02,2.5,0.02603624244948969
770,1965,222.0,5.0,0.02252252252252252
770,1966,591.75,2.5,0.004224757076468103
770,1967,150.5,2.5,0.016611295681063124
770,1968,415.38,2.5,0.0060185853916895375
770,1969,542.28,2.5,0.004610164490669027
770,1970,421.52,2.5,0.005930916682482444
770,1971,553.25,2.5,0.004518752824220515
770,1972,664.25,6.75,0.010161836657884832
770,1973,176.87,6.3,0.03561938146661389
770,1974,225.1,7.5,0.03331852509995557
770,1975,222.9,8.7,0.03903095558546433
770,1976,276.48,11.68,0.042245370370370364
770,1977,270.53000000000003,15.91,0.058810483125716184
770,1978,655.44,14.91,0.022748077627242767
770,1979,696.61,14.41,0.020685893110922896
770,1980,900.1800000000001,11.51,0.012786331622564375
770,1981,491.46000000000004,9.61,0.01955398201277825
770,1982,544.01,24.71,0.04542195915516259
770,1983,783.53,23.41,0.029877605196993097
770,1984,862.71,9.61,0.011139316804024526
770,1985,751.21,7.109999999999999,0.009464730235220509
770,1986,280.01,30.56,0.10913895932288133
770,1987,616.58,30.56,0.04956372246910376
770,1988,411.64,4.4,0.010688951511029056
770,1989,974.45,29.9,0.030683975575965926
770,1990,635.3,121.9,0.19187785298284277
770,1991,510.55,110.15,0.21574772304377632
770,1992,352.1,289.20000000000005,0.8213575688724795
770,1993,991.86,335.0,0.3377492791321356
770,1994,862.3100000000001,425.30999999999995,0.49322169521401804
770,1995,367.88,320.61,0.8715070131564641
770,1996,505.65,182.35,0.36062493819835856
770,1997,690.75,94.25,0.13644589214621788
770,1998,699.0,96.0,0.13733905579399142
770,1999,866.55,333.5,0.38485950031735044
770,2000,174.6,43.1,0.2468499427262314
770,2001,412.0,106.5,0.25849514563106796
770,2002,566.02,90.0,0.15900498215610756
770,2003,645.48,381.0,0.5902584123443019
770,2004,471.1,131.0,0.2780725960517937
770,2005,427.03999999999996,124.0,0.2903709254402398
770,2006,323.92,156.0,0.4816003951592986
770,2007,693.18,169.6,0.2446694942150668
770,2008,1071.5700000000002,577.5,0.5389288613902964
770,2009,1194.6,722.0,0.6043864054913779
770,2010,2231.92,656.9,0.2943205849672031
770,2011,1177.76,503.8,0.4277611737535661
770,2012,1024.03,392.9,0.38368016562014784
770,2013,1112.31,565.4,0.5083115318571262
770,2014,876.72,179.7,0.2049685190254585
770,2015,771.2,341.79999999999995,0.4432053941908713
770,2016,872.1400000000001,402.4,0.46139381291994397
770,2017,869.87,467.6,0.537551588168347
770,2018,893.06,399.5,0.44733836472353483
770,2019,653.54,425.0,0.6503044955167243
770,2020,624.2,348.2,0.5578340275552707
770,2021,983.88,161.5,0.16414603406919542
770,2022,1529.1000000000001,344.5,0.22529592570793275
770,2023,2198.5499999999997,809.1,0.3680152828000273
770,2024,1065.1,585.6,0.5498075298094076
770,2025,705.65,501.3,0.7104088429107915
771,1971,9.68,0.0,0.0
771,1972,1.5,0.0,0.0
771,1973,75.56,0.0,0.0
771,1974,44.2,0.0,0.0
771,1975,38.85,0.0,0.0
771,1976,69.5,0.0,0.0
771,1977,62.46,0.0,0.0
771,1978,44.76,0.0,0.0
771,1979,1.14,0.0,0.0
771,1980,54.940000000000005,0.0,0.0
771,1981,72.42,0.0,0.0
771,1982,127.67,0.0,0.0
771,1983,109.2,0.0,0.0
771,1984,9.0,0.0,0.0
771,1985,123.35,0.0,0.0
771,1986,3.7800000000000002,0.0,0.0
771,1987,0.95,0.0,0.0
771,1988,242.04999999999998,0.0,0.0
771,1989,302.0,0.0,0.0
771,1990,199.0,0.0,0.0
771,1991,79.25,0.0,0.0
771,1992,112.54,0.0,0.0
771,1993,49.0,0.0,0.0
771,1994,60.9,0.0,0.0
771,1995,123.44,0.0,0.0
771,1996,6.5600000000000005,0.0,0.0
771,1997,26.2,0.0,0.0
771,1999,184.15,0.0,0.0
771,2000,199.82,0.0,0.0
771,2001,274.34000000000003,0.0,0.0
771,2002,37.44,0.0,0.0
771,2003,8.0,0.0,0.0
771,2004,31.89,0.0,0.0
771,2005,9.72,0.0,0.0
771,2006,220.94,0.0,0.0
771,2007,82.32000000000001,0.0,0.0
771,2008,11.69,0.0,0.0
771,2010,35.7,0.0,0.0
771,2011,120.28,0.0,0.0
771,2012,199.45000000000002,0.0,0.0
771,2013,648.4499999999999,58.0,0.08944405890970777
771,2014,206.8,75.0,0.36266924564796904
771,2015,637.5,75.0,0.11764705882352941
771,2016,454.89,75.0,0.1648750247312537
771,2017,334.25,208.0,0.6222887060583395
771,2018,160.6,77.0,0.4794520547945206
771,2019,713.45,62.0,0.08690167495970284
771,2020,69.86,2.0,0.0286286859433152
771,2021,60.099999999999994,2.0,0.03327787021630616
771,2022,331.39,48.8,0.14725851715501373
771,2023,73.77,14.0,0.1897790429713976
771,2024,69.68,25.2,0.36165327210103326
771,2025,31.5,0.0,0.0
775,1950,3.95,0.0,0.0
775,1951,0.24,0.0,0.0
775,1952,0.36,0.0,0.0
775,1953,16.0,0.0,0.0
775,1954,39.12,0.0,0.0
775,1955,47.3,0.0,0.0
775,1956,29.86,0.0,0.0
775,1957,53.09,0.0,0.0
775,1958,61.04,0.0,0.0
775,1959,28.68,0.0,0.0
775,1960,5.879999999999999,0.0,0.0
775,1961,16.990000000000002,0.0,0.0
775,1962,13.84,0.0,0.0
775,1963,27.61,0.0,0.0
775,1964,18.07,0.0,0.0
775,1965,19.049999999999997,0.0,0.0
775,1966,2.64,0.0,0.0
775,1967,13.52,7.5,0.5547337278106509
775,1968,6.0,0.0,0.0
775,1969,22.099999999999998,2.9,0.13122171945701358
775,1970,3.8499999999999996,2.9,0.7532467532467533
775,1971,27.85,0.0,0.0
775,1972,4.0,0.0,0.0
775,1975,53.459999999999994,0.0,0.0
775,1976,9.8,0.0,0.0
775,1977,8.7,0.0,0.0
775,1978,24.8,0.0,0.0
775,1979,19.2,0.0,0.0
775,1980,40.4,0.0,0.0
775,1982,38.4,0.0,0.0
775,1986,9.0,0.0,0.0
775,1989,34.07,0.0,0.0
775,1990,278.29,0.0,0.0
775,1991,238.75,0.0,0.0
775,1992,31.15,0.0,0.0
775,1993,330.98,0.0,0.0
775,1994,96.88000000000001,0.0,0.0
775,1995,224.27,0.0,0.0
775,1996,115.02,0.0,0.0
775,1997,230.77,0.0,0.0
775,1998,156.28,0.0,0.0
775,1999,141.2,0.0,0.0
775,2000,16.28,0.0,0.0
775,2001,152.93,47.5,0.3105996207415157
775,2002,156.41000000000003,0.0,0.0
775,2003,99.69999999999999,47.5,0.47642928786359084
775,2004,191.5,7.0,0.03655352480417755
775,2005,179.0,14.0,0.0782122905027933
775,2006,206.32999999999998,14.0,0.06785246934522368
775,2007,152.54999999999998,14.0,0.09177318911832187
775,2008,80.0,14.0,0.175
775,2009,64.77,14.0,0.21614945190674698
775,2010,61.730000000000004,14.0,0.2267941033533128
775,2011,667.01,290.0,0.4347760903134886
775,2012,398.36,14.0,0.035144090772165876
775,2013,252.3,14.0,0.055489496630994846
775,2014,112.35,7.0,0.06230529595015576
775,2015,254.33,129.45,0.5089843903589824
775,2016,283.08000000000004,156.3,0.5521407376006782
775,2017,209.7,123.55,0.589175011921793
775,2018,202.6,28.7,0.1416584402764067
775,2019,204.3,14.55,0.07121879588839941
775,2020,216.54,4.35,0.020088667220836794
775,2021,59.05,18.65,0.3158340389500423
775,2022,215.79000000000002,14.0,0.06487789054173038
775,2023,132.1,14.0,0.10598031794095383
775,2024,221.85,3.5,0.01577642551273383
775,2025,70.0,0.0,0.0
780,1950,0.32,0.0,0.0
780,1952,0.48,0.0,0.0
780,1953,17.16,0.0,0.0
780,1955,7.5,0.0,0.0
780,1956,1.1,0.0,0.0
780,1957,1.69,0.0,0.0
780,1958,20.29,0.0,0.0
780,1959,30.8,0.0,0.0
780,1960,4.4399999999999995,0.0,0.0
780,1964,0.24,0.0,0.0
780,1969,2.1,0.0,0.0
780,1971,32.7,0.0,0.0
780,1972,46.88,0.0,0.0
780,1975,1.0,0.0,0.0
780,1976,0.1,0.0,0.0
780,1977,17.0,0.0,0.0
780,1978,6.5,0.0,0.0
780,1980,18.11,0.11,0.006073992269464384
780,1984,48.2,0.0,0.0
780,1985,41.62,0.0,0.0
780,1986,28.04,0.0,0.0
780,1987,111.28,0.0,0.0
780,1988,19.310000000000002,0.0,0.0
780,1989,6.04,0.0,0.0
780,1990,18.76,0.0,0.0
780,1991,163.18,3.0,0.01838460595661233
780,1992,21.6,3.0,0.13888888888888887
780,1993,36.75,0.0,0.0
780,1994,77.25999999999999,0.0,0.0
780,1995,63.45,0.0,0.0
780,1996,196.14999999999998,10.5,0.05353046138159572
780,1997,59.3,10.5,0.17706576728499157
780,1998,83.42,10.5,0.12586909614001437
780,1999,62.07,15.75,0.2537457709038183
780,2000,293.69,15.75,0.053627975075760156
780,2001,154.45,10.5,0.06798316607316283
780,2002,42.55,15.75,0.3701527614571093
780,2003,33.94,15.75,0.46405421331761937
780,2004,37.5,15.75,0.42
780,2005,63.21,15.75,0.24916943521594684
780,2006,96.3,15.75,0.1635514018691589
780,2007,90.65,15.75,0.17374517374517373
780,2008,79.33,0.0,0.0
780,2009,21.0,0.0,0.0
780,2010,5.0,0.0,0.0
780,2011,20.5,0.0,0.0
780,2013,21.75,0.0,0.0
780,2014,5.2,0.0,0.0
780,2017,45.0,0.0,0.0
780,2018,100.14,0.0,0.0
780,2019,59.4,0.0,0.0
780,2021,54.0,0.0,0.0
780,2022,3.08,0.0,0.0
780,2023,5.0,0.0,0.0
780,2024,8.64,0.0,0.0
780,2025,11.0,0.0,0.0
781,1992,1.9000000000000001,0.0,0.0
781,1997,0.45,0.0,0.0
781,1998,8.0,0.0,0.0
781,2006,14.6,0.0,0.0
781,2010,4.5,0.0,0.0
781,2013,4.5,0.0,0.0
781,2019,1.8,0.0,0.0
781,2020,2.8,0.0,0.0
781,2021,1.8,0.0,0.0
781,2024,7.2,0.0,0.0
781,2025,11.1,0.0,0.0
790,1965,1.68,0.0,0.0
790,1970,8.26,0.0,0.0
790,1971,8.3,0.0,0.0
790,1972,2.5,0.0,0.0
790,1974,1.9,0.0,0.0
790,1975,14.5,0.0,0.0
790,1976,6.0,0.0,0.0
790,1981,1.2,0.0,0.0
790,1984,2.5,0.0,0.0
790,1985,4.04,0.0,0.0
790,1989,0.95,0.0,0.0
790,1992,5.2,0.0,0.0
790,1995,0.72,0.0,0.0
790,2001,11.83,0.0,0.0
790,2002,10.09,0.0,0.0
790,2003,9.55,0.0,0.0
790,2004,36.15,0.0,0.0
790,2005,7.29,0.0,0.0
790,2008,0.96,0.0,0.0
790,2011,2.64,0.0,0.0
790,2014,4.5,0.0,0.0
790,2015,14.5,0.0,0.0
790,2016,8.7,0.0,0.0
790,2017,0.6,0.0,0.0
790,2018,7.3,0.0,0.0
790,2019,37.65,0.0,0.0
790,2021,0.3,0.0,0.0
790,2025,5.5,0.0,0.0
800,1950,61.760000000000005,0.0,0.0
800,1951,91.18,0.0,0.0
800,1952,44.89,0.0,0.0
800,1953,24.759999999999998,0.0,0.0
800,1954,69.80000000000001,0.0,0.0
800,1955,49.18,0.0,0.0
800,1956,9.76,0.0,0.0
800,1957,87.87,0.0,0.0
800,1958,14.899999999999999,0.0,0.0
800,1959,9.86,0.0,0.0
800,1960,27.9,0.0,0.0
800,1961,52.38,0.0,0.0
800,1962,112.75,0.0,0.0
800,1963,110.84,0.0,0.0
800,1964,83.9,0.0,0.0
800,1965,86.54,0.0,0.0
800,1966,57.85,0.0,0.0
800,1967,139.9,0.0,0.0
800,1968,88.14,0.0,0.0
800,1969,121.16,0.0,0.0
800,1970,257.58,0.0,0.0
800,1971,243.17,0.0,0.0
800,1972,147.44,0.0,0.0
800,1973,320.64,0.22,0.0006861277445109781
800,1974,113.52,0.0,0.0
800,1975,90.35,0.0,0.0
800,1976,154.4,0.0,0.0
800,1977,110.61,0.0,0.0
800,1978,192.25,0.0,0.0
800,1979,326.3,0.0,0.0
800,1980,318.12,25.0,0.07858669684395825
800,1981,350.08000000000004,0.0,0.0
800,1982,80.9,0.0,0.0
800,1983,247.09,14.0,0.056659516775264075
800,1984,360.4,28.8,0.07991120976692564
800,1985,184.5,14.0,0.07588075880758807
800,1986,162.06,29.2,0.18018018018018017
800,1987,538.84,33.9,0.0629129240590899
800,1988,622.57,33.9,0.054451708241643505
800,1989,284.0,2.8,0.009859154929577464
800,1990,235.19,4.8,0.020409030996215823
800,1991,574.51,4.4,0.007658700457781414
800,1992,428.75,88.5,0.2064139941690962
800,1993,181.76,0.0,0.0
800,1994,608.36,239.25,0.3932704319810638
800,1995,529.89,239.25,0.4515088037139784
800,1996,740.77,0.0,0.0
800,1997,909.58,0.0,0.0
800,1998,62.45,0.0,0.0
800,1999,160.4,0.0,0.0
800,2000,76.7,0.0,0.0
800,2001,108.95,0.0,0.0
800,2002,152.21,0.0,0.0
800,2003,131.34,0.0,0.0
800,2004,138.07999999999998,0.0,0.0
800,2005,115.1,0.0,0.0
800,2006,99.45,0.0,0.0
800,2007,7.5,0.0,0.0
800,2008,15.93,0.0,0.0
800,2009,62.5,0.0,0.0
800,2010,60.35,0.0,0.0
800,2011,251.85000000000002,3.6,0.01429422275163788
800,2012,277.5,0.0,0.0
800,2013,383.11,35.0,0.0913575735428467
800,2014,106.69000000000001,0.0,0.0
800,2015,183.5,0.0,0.0
800,2016,346.04,4.8,0.01387122875968096
800,2017,317.20000000000005,4.8,0.015132408575031522
800,2018,635.5699999999999,11.82,0.018597479427915103
800,2019,293.08,45.62,0.15565715845502934
800,2020,140.92000000000002,7.02,0.04981549815498154
800,2021,151.3,0.0,0.0
800,2022,270.9,11.02,0.04067921742340347
800,2023,290.20000000000005,20.0,0.06891798759476223
800,2024,72.5,0.0,0.0
800,2025,32.519999999999996,7.02,0.21586715867158673
811,1954,4.37,0.0,0.0
811,1955,19.07,0.0,0.0
811,1956,36.03,0.0,0.0
811,1957,10.469999999999999,0.0,0.0
811,1958,4.0,0.0,0.0
811,1959,2.26,0.0,0.0
811,1960,1.4,0.0,0.0
811,1961,2.38,0.0,0.0
811,1962,5.49,0.0,0.0
811,1963,10.5,0.0,0.0
811,1964,41.31,0.0,0.0
811,1965,42.57,0.0,0.0
811,1966,36.68,0.0,0.0
811,1967,20.200000000000003,0.0,0.0
811,1968,14.7,0.0,0.0
811,1969,17.6,0.0,0.0
811,1970,8.02,0.0,0.0
811,1971,21.7,0.0,0.0
811,1972,103.58000000000001,0.0,0.0
811,1973,113.12,0.0,0.0
811,1974,25.4,0.0,0.0
811,1978,42.7,0.0,0.0
811,1980,33.82,0.0,0.0
811,1983,13.4,0.0,0.0
811,1984,67.0,0.0,0.0
811,1985,69.4,0.0,0.0
811,1986,135.54000000000002,0.0,0.0
811,1987,49.68,0.0,0.0
811,1988,9.64,0.0,0.0
811,1989,124.03,0.0,0.0
811,1990,47.75,0.0,0.0
811,1993,2.6,0.0,0.0
811,1994,74.2,0.0,0.0
811,1995,0.8999999999999999,0.0,0.0
811,1996,26.4,0.0,0.0
811,1997,21.8,0.0,0.0
811,2006,13.6,0.0,0.0
811,2007,56.0,0.0,0.0
811,2009,4.0,0.0,0.0
811,2010,34.24,0.0,0.0
811,2012,77.68,0.0,0.0
811,2013,68.16,0.0,0.0
811,2018,4.65,0.0,0.0
811,2019,0.75,0.0,0.0
811,2021,35.2,0.0,0.0
811,2022,37.8,0.0,0.0
811,2023,55.5,0.0,0.0
812,1954,0.66,0.0,0.0
812,1955,1.6199999999999999,0.0,0.0
812,1956,1.4,0.0,0.0
812,1957,0.9,0.0,0.0
812,1958,10.46,0.0,0.0
812,1959,1.8599999999999999,0.0,0.0
812,1960,3.0,0.0,0.0
812,1961,4.01,0.0,0.0
812,1962,19.13,0.0,0.0
812,1963,15.3,0.0,0.0
812,1964,7.0,0.0,0.0
812,1965,7.0,0.0,0.0
812,1966,14.0,0.0,0.0
812,1967,14.1,0.0,0.0
812,1968,3.5,0.0,0.0
812,1969,9.7,0.0,0.0
812,1970,23.130000000000003,0.0,0.0
812,1971,17.0,0.0,0.0
812,1972,13.53,0.0,0.0
812,1973,44.05,0.0,0.0
812,1974,1.0,0.0,0.0
812,1975,36.85,0.0,0.0
812,1976,21.0,0.0,0.0
812,1977,134.2,0.0,0.0
812,1978,25.5,0.0,0.0
812,1980,35.0,0.0,0.0
812,1981,54.11,0.0,0.0
812,1982,1.44,0.0,0.0
812,1983,94.0,0.0,0.0
812,1984,25.7,0.0,0.0
812,1985,59.21,0.0,0.0
812,1987,29.4,0.0,0.0
812,1988,18.0,0.0,0.0
812,1990,8.0,0.0,0.0
812,1997,42.5,0.0,0.0
812,1998,21.75,0.0,0.0
812,1999,29.5,0.0,0.0
812,2000,7.25,0.0,0.0
812,2003,0.45,0.0,0.0
812,2005,3.5,0.0,0.0
812,2008,6.5,0.0,0.0
812,2009,26.0,0.0,0.0
812,2011,14.5,0.0,0.0
812,2012,19.0,0.0,0.0
812,2013,19.0,0.0,0.0
812,2015,7.46,0.0,0.0
812,2017,1.95,0.0,0.0
812,2018,132.4,0.0,0.0
812,2019,27.049999999999997,0.0,0.0
812,2020,17.16,0.0,0.0
812,2021,3.4,0.0,0.0
812,2023,3.2,0.0,0.0
812,2024,7.25,0.0,0.0
816,1954,10.0,0.0,0.0
816,1955,19.0,0.0,0.0
816,1956,9.0,0.0,0.0
816,1957,60.0,0.0,0.0
816,1958,25.5,0.0,0.0
816,1959,58.5,0.0,0.0
816,1960,103.0,0.0,0.0
816,1961,94.80000000000001,0.0,0.0
816,1962,47.2,0.0,0.0
816,1963,106.8,0.0,0.0
816,1964,265.58,0.0,0.0
816,1965,651.46,0.0,0.0
816,1966,1138.3200000000002,0.0,0.0
816,1967,1102.96,0.0,0.0
816,1968,1179.04,0.0,0.0
816,1969,908.65,0.0,0.0
816,1970,1214.35,0.0,0.0
816,1971,1196.96,0.0,0.0
816,1972,1317.17,0.0,0.0
816,1973,1283.1,0.0,0.0
816,1974,858.9,0.0,0.0
816,1975,492.5,0.0,0.0
816,1976,42.0,0.0,0.0
816,1977,42.0,0.0,0.0
816,1978,227.0,0.0,0.0
816,1979,1248.89,0.0,0.0
816,1980,1016.55,0.0,0.0
816,1981,1073.44,0.0,0.0
816,1982,531.86,0.0,0.0
816,1983,916.32,0.0,0.0
816,1984,556.9200000000001,0.0,0.0
816,1985,27.5,0.0,0.0
816,1986,77.5,0.0,0.0
816,1987,49.5,0.0,0.0
816,1988,64.5,0.0,0.0
816,1989,128.0,0.0,0.0
816,1990,116.03999999999999,0.0,0.0
816,1995,273.15,0.0,0.0
816,1996,213.95000000000002,0.0,0.0
816,1997,110.8,0.0,0.0
816,1998,208.65,0.0,0.0
816,1999,168.1,0.0,0.0
816,2000,11.25,0.0,0.0
816,2001,96.75,69.0,0.7131782945736435
816,2002,57.75,0.0,0.0
816,2003,21.75,0.0,0.0
816,2004,298.95,0.0,0.0
816,2005,220.54999999999998,0.0,0.0
816,2006,42.29,0.0,0.0
816,2007,7.51,0.0,0.0
816,2008,185.75,127.0,0.6837146702557201
816,2009,61.349999999999994,0.0,0.0
816,2010,161.15,0.0,0.0
816,2011,1015.75,0.0,0.0
816,2012,782.05,58.8,0.07518700850329263
816,2013,360.45,0.0,0.0
816,2014,1224.9,245.8,0.2006694424034615
816,2015,869.35,187.0,0.21510323805141773
816,2016,922.6,157.0,0.17017125514849338
816,2017,782.75,22.5,0.028744809964867453
816,2018,604.35,22.5,0.03723008190618019
816,2019,165.5,22.5,0.13595166163141995
816,2020,37.5,22.5,0.6
816,2021,234.5,108.5,0.4626865671641791
816,2022,85.5,22.5,0.2631578947368421
816,2023,45.0,15.0,0.3333333333333333
816,2024,57.5,0.0,0.0
816,2025,176.5,0.0,0.0
817,1953,0.48,0.0,0.0
817,1954,44.64,0.0,0.0
817,1955,87.34,0.0,0.0
817,1956,120.7,0.0,0.0
817,1957,28.3,0.0,0.0
817,1958,19.88,0.0,0.0
817,1959,20.0,0.0,0.0
817,1960,42.72,0.0,0.0
817,1961,111.06,0.0,0.0
817,1962,164.9,0.0,0.0
817,1963,131.63,0.0,0.0
817,1964,84.94,0.0,0.0
817,1965,130.91,0.0,0.0
817,1966,199.09,0.0,0.0
817,1967,260.53,0.0,0.0
817,1968,308.23,0.0,0.0
817,1969,589.92,0.0,0.0
817,1970,655.9,0.0,0.0
817,1971,977.7,0.0,0.0
817,1972,2551.07,0.0,0.0
817,1973,629.3,0.0,0.0
817,1974,351.5,0.0,0.0
820,1958,12.85,0.0,0.0
820,1959,18.1,0.0,0.0
820,1960,4.6,0.0,0.0
820,1961,1.82,0.0,0.0
820,1962,30.990000000000002,0.0,0.0
820,1963,75.11,0.0,0.0
820,1964,96.8,0.0,0.0
820,1965,9.8,0.0,0.0
820,1966,58.33,0.0,0.0
820,1967,127.83,0.0,0.0
820,1968,90.95,0.0,0.0
820,1969,79.3,0.0,0.0
820,1970,24.75,0.0,0.0
820,1971,192.19,0.0,0.0
820,1972,108.62,0.0,0.0
820,1973,229.25,0.0,0.0
820,1974,74.2,0.0,0.0
820,1975,84.9,0.0,0.0
820,1976,394.2,90.0,0.22831050228310504
820,1977,145.5,45.0,0.30927835051546393
820,1978,72.36,0.0,0.0
820,1979,309.7,0.0,0.0
820,1980,126.75,0.0,0.0
820,1981,55.8,0.0,0.0
820,1982,25.2,0.0,0.0
820,1983,274.90000000000003,0.0,0.0
820,1984,542.63,0.0,0.0
820,1985,404.98,27.75,0.06852190231616376
820,1986,141.01,27.75,0.19679455357776046
820,1987,5.0,0.0,0.0
820,1988,13.92,0.0,0.0
820,1989,37.42,0.0,0.0
820,1991,32.8,0.0,0.0
820,1992,13.0,0.0,0.0
820,1993,12.6,0.0,0.0
820,1994,308.0,254.0,0.8246753246753247
820,1995,828.2,44.44,0.053658536585365846
820,1996,31.77,0.44,0.013849543594586088
820,1997,552.62,0.44,0.0007962071586261807
820,1998,38.94,0.44,0.011299435028248588
820,1999,721.44,0.44,0.0006098913284542026
820,2000,26.34,0.0,0.0
820,2001,26.09,0.69,0.026446914526638558
820,2002,154.29,28.05,0.18180050554151275
820,2003,189.6,45.33,0.23908227848101266
820,2004,67.85,15.0,0.22107590272660282
820,2005,57.4,37.5,0.6533101045296167
820,2006,183.55,142.25,0.7749931898665213
820,2007,497.5,32.0,0.06432160804020101
820,2008,493.3,0.0,0.0
820,2009,1283.77,85.5,0.06660071508136192
820,2010,212.75,118.66,0.557743830787309
820,2011,4.45,0.0,0.0
820,2012,18.5,0.0,0.0
820,2013,82.2,0.0,0.0
820,2014,75.3,15.84,0.2103585657370518
820,2015,118.19999999999999,18.48,0.15634517766497463
820,2016,270.46,24.720000000000002,0.09139983731420544
820,2017,196.93,72.89,0.3701315188137917
820,2018,92.78999999999999,62.21,0.670438624851816
820,2019,68.34,22.21,0.32499268364062045
820,2020,51.34,32.41,0.631281651733541
820,2021,132.69,17.630000000000003,0.1328660788303565
820,2022,71.0,0.0,0.0
820,2023,11.0,0.0,0.0
820,2024,7.0,0.0,0.0
830,1956,5.5,5.5,1.0
830,1965,0.72,0.0,0.0
830,1966,8.0,0.0,0.0
830,1968,5.8,5.8,1.0
830,1969,138.55999999999997,5.8,0.04185912240184758
830,1970,91.9,5.9,0.06420021762785637
830,1971,171.13,29.5,0.17238356804768304
830,1972,181.09,88.0,0.48594621458943066
830,1973,89.49,0.0,0.0
830,1974,282.4,178.0,0.6303116147308783
830,1975,252.51,179.0,0.7088828165221179
830,1976,252.23000000000002,179.0,0.7096697458668675
830,1977,171.28,63.0,0.3678187762727697
830,1978,49.66,0.0,0.0
830,1979,312.79,0.0,0.0
830,1980,371.45,164.0,0.44151298963521335
830,1981,167.0,20.0,0.11976047904191617
830,1982,167.44,0.0,0.0
830,1983,240.6,0.0,0.0
830,1984,82.08,4.0,0.04873294346978558
830,1985,123.25,56.25,0.4563894523326572
830,1986,83.75,70.75,0.844776119402985
830,1987,301.75,66.75,0.2212096106048053
830,1988,541.21,21.75,0.04018772749949188
830,1989,230.60000000000002,0.0,0.0
830,1990,512.84,228.0,0.44458310584197797
830,1991,373.4,241.0,0.6454204606320301
830,1992,115.4,13.0,0.11265164644714037
830,1993,169.64000000000001,0.0,0.0
830,1994,178.75,0.0,0.0
830,1995,301.59000000000003,180.0,0.5968367651447328
830,1996,158.8,0.0,0.0
830,1997,612.8499999999999,0.0,0.0
830,1998,797.72,14.0,0.01755001755001755
830,1999,302.18,14.0,0.046330001985571516
830,2000,781.8,0.0,0.0
830,2001,245.63,7.5,0.03053372959329072
830,2002,229.45,7.5,0.03268685988232731
830,2003,78.95,7.5,0.09499683343888536
830,2004,373.55,7.5,0.020077633516262884
830,2005,537.75,7.5,0.01394700139470014
830,2006,74.4,7.5,0.10080645161290322
830,2007,395.69,279.5,0.7063610402082439
830,2008,1105.5900000000001,838.5,0.7584185819336281
830,2009,1402.82,559.0,0.39848305555951585
830,2010,937.0500000000001,0.0,0.0
830,2011,878.5,0.0,0.0
830,2012,746.41,0.0,0.0
830,2013,753.09,0.0,0.0
830,2014,65.58,0.0,0.0
830,2015,152.12,0.0,0.0
830,2016,641.74,21.7,0.033814317324773274
830,2017,407.71999999999997,15.75,0.03862945158442068
830,2018,561.82,21.0,0.0373785198106155
830,2019,487.21000000000004,21.0,0.04310256357628127
830,2020,176.15,22.75,0.12915129151291513
830,2021,226.15,22.75,0.10059694892770285
830,2022,515.65,22.75,0.04411907301464171
830,2023,495.15,347.75,0.702312430576593
830,2024,377.9,346.0,0.9155861338978566
830,2025,56.9,21.0,0.36906854130052724
835,1965,5.1,0.0,0.0
835,1966,1.2,0.0,0.0
835,1967,18.3,0.0,0.0
835,1968,0.7,0.0,0.0
835,1970,5.24,0.0,0.0
835,1971,18.0,0.0,0.0
835,1972,0.77,0.0,0.0
835,1973,0.9,0.0,0.0
835,1974,14.62,0.0,0.0
835,1975,0.9,0.0,0.0
835,1976,0.45,0.0,0.0
835,1978,45.53,0.0,0.0
835,1979,64.0,0.0,0.0
835,1981,8.4,0.0,0.0
835,1982,12.28,0.0,0.0
835,1983,85.4,0.0,0.0
835,1984,59.5,0.0,0.0
835,1986,13.0,0.0,0.0
835,1990,3.9,0.0,0.0
835,1991,3.9,0.0,0.0
835,1996,17.05,0.0,0.0
835,1997,30.9,0.0,0.0
835,1998,7.25,0.0,0.0
835,1999,4.32,0.0,0.0
835,2001,5.1,0.0,0.0
835,2002,0.6,0.0,0.0
835,2003,0.27,0.0,0.0
835,2004,0.3,0.0,0.0
835,2005,0.72,0.0,0.0
835,2006,1.44,0.0,0.0
835,2009,32.8,0.0,0.0
835,2010,32.8,0.0,0.0
835,2011,229.4,0.0,0.0
835,2012,20.0,0.0,0.0
835,2013,14.5,0.0,0.0
835,2014,121.25,0.0,0.0
835,2015,36.25,0.0,0.0
835,2023,11.2,0.0,0.0
835,2024,28.0,0.0,0.0
840,1951,2.0,0.0,0.0
840,1952,0.5,0.0,0.0
840,1953,32.0,0.0,0.0
840,1954,21.599999999999998,0.0,0.0
840,1955,28.299999999999997,0.0,0.0
840,1956,38.64,0.0,0.0
840,1957,41.96,0.0,0.0
840,1958,37.17,0.0,0.0
840,1959,67.84,0.0,0.0
840,1960,50.2,0.0,0.0
840,1961,44.269999999999996,0.0,0.0
840,1962,11.15,0.0,0.0
840,1963,4.199999999999999,0.0,0.0
840,1964,2.2800000000000002,0.0,0.0
840,1965,98.74,0.0,0.0
840,1966,85.57000000000001,0.0,0.0
840,1967,42.91,0.0,0.0
840,1968,16.0,0.0,0.0
840,1969,26.06,0.0,0.0
840,1970,8.56,0.0,0.0
840,1971,90.17,0.0,0.0
840,1972,50.2,0.0,0.0
840,1973,106.43,0.0,0.0
840,1974,60.03,6.0,0.09995002498750624
840,1975,132.53,3.0,0.02263638421489474
840,1976,255.67000000000002,1.7999999999999998,0.007040325419486055
840,1977,197.73000000000002,2.4,0.012137763617053557
840,1978,143.32999999999998,3.0,0.020930719319053933
840,1979,92.33000000000001,5.4,0.058485865915737026
840,1980,75.0,9.0,0.12
840,1981,39.0,9.0,0.23076923076923078
840,1982,17.02,1.8,0.10575793184488837
840,1983,115.64,0.0,0.0
840,1984,38.2,0.0,0.0
840,1985,22.630000000000003,0.0,0.0
840,1987,26.2,0.0,0.0
840,1988,12.0,0.0,0.0
840,1989,18.8,5.2,0.2765957446808511
840,1990,33.4,17.2,0.5149700598802395
840,1991,33.599999999999994,17.2,0.511904761904762
840,1992,43.440000000000005,1.2,0.02762430939226519
840,1993,61.59,3.83,0.06218541971099204
840,1994,71.59,10.530000000000001,0.14708758206453415
840,1995,30.15,17.05,0.5655058043117746
840,1996,43.05,14.55,0.3379790940766551
840,1997,71.85,6.3,0.08768267223382047
840,1998,63.81,0.0,0.0
840,2001,9.5,0.0,0.0
840,2002,5.24,0.0,0.0
840,2003,10.34,0.0,0.0
840,2004,34.1,0.0,0.0
840,2005,12.49,6.2,0.49639711769415534
840,2006,23.049999999999997,0.0,0.0
840,2007,15.610000000000001,0.0,0.0
840,2008,10.48,0.0,0.0
840,2009,0.84,0.0,0.0
840,2010,2.76,0.96,0.34782608695652173
840,2011,63.04,3.36,0.0532994923857868
840,2012,20.8,0.0,0.0
840,2013,82.75,0.0,0.0
840,2014,12.1,0.0,0.0
840,2015,152.94,0.0,0.0
840,2016,227.92999999999998,0.0,0.0
840,2017,277.55999999999995,0.0,0.0
840,2018,16.92,0.0,0.0
840,2019,191.26,0.0,0.0
840,2020,384.8,0.0,0.0
840,2021,365.3,0.0,0.0
840,2022,279.54999999999995,14.2,0.050795922017528174
840,2023,107.53999999999999,14.2,0.13204389064534128
840,2024,305.2,21.0,0.06880733944954129
840,2025,846.49,14.0,0.01653888409786294
850,1950,195.14999999999998,0.0,0.0
850,1951,58.12,0.0,0.0
850,1952,14.07,0.0,0.0
850,1953,5.880000000000001,0.0,0.0
850,1954,16.24,0.0,0.0
850,1955,25.32,0.0,0.0
850,1956,42.0,0.0,0.0
850,1957,16.0,0.0,0.0
850,1958,687.18,0.0,0.0
850,1959,576.1899999999999,0.0,0.0
850,1960,447.84999999999997,0.0,0.0
850,1961,779.5899999999999,0.0,0.0
850,1962,1025.85,0.0,0.0
850,1963,205.97,0.0,0.0
850,1964,596.26,0.0,0.0
850,1965,316.68,0.0,0.0
850,1966,16.8,0.0,0.0
850,1967,1.36,0.0,0.0
850,1968,0.4,0.0,0.0
850,1969,8.74,0.0,0.0
850,1970,27.48,0.0,0.0
850,1971,92.4,0.0,0.0
850,1972,5.32,0.0,0.0
850,1973,72.56,0.0,0.0
850,1974,73.4,0.0,0.0
850,1975,3.6,0.0,0.0
850,1976,156.15,0.55,0.003522254242715338
850,1977,61.81,1.75,0.028312570781426953
850,1978,124.26,26.650000000000002,0.21446966038950588
850,1979,369.55,29.05,0.07860911919902584
850,1980,898.34,28.25,0.03144689093216377
850,1981,790.21,16.85,0.02132344566634186
850,1982,356.44,16.5,0.04629110088654472
850,1983,224.26,22.3,0.0994381521448319
850,1984,101.67,47.2,0.4642470738664306
850,1985,291.45,32.75,0.11236918854005834
850,1986,433.15999999999997,18.8,0.04340197617508542
850,1987,265.16999999999996,22.45,0.08466266923105933
850,1988,284.89,75.6,0.2653655796974271
850,1989,249.15,58.7,0.2356010435480634
850,1990,202.0,7.9,0.03910891089108911
850,1991,10.65,2.4,0.22535211267605632
850,1992,51.2,19.0,0.37109375
850,1993,209.79999999999998,39.2,0.18684461391801718
850,1994,471.81,1.2,0.002543396706301265
850,1995,284.05,19.0,0.06688963210702341
850,1996,377.57000000000005,0.0,0.0
850,1997,101.28,15.0,0.1481042654028436
850,1998,85.47,0.0,0.0
850,1999,161.4,10.0,0.06195786864931846
850,2000,170.91,41.6,0.2434029606225499
850,2001,21.9,15.7,0.7168949771689498
850,2002,67.02,26.25,0.391674127126231
850,2003,353.28999999999996,0.0,0.0
850,2004,76.58,26.25,0.3427787934186472
850,2005,32.9,19.75,0.6003039513677811
850,2006,62.95,19.75,0.3137410643367752
850,2007,577.67,189.45,0.32795540706631815
850,2008,239.23000000000002,0.0,0.0
850,2009,442.63,86.05,0.1944061631611052
850,2010,221.05,0.0,0.0
850,2011,256.76,93.75,0.36512696681726126
850,2012,161.62,79.55,0.49220393515654
850,2013,833.26,118.15,0.14179247773804096
850,2014,1195.06,77.24999999999999,0.06464110588589693
850,2015,438.28999999999996,47.1,0.10746309521093342
850,2016,352.28,15.8,0.044850686953559676
850,2017,1170.91,678.15,0.5791649230086001
850,2018,356.63,172.9,0.4848161960575387
850,2019,238.89,119.54999999999998,0.5004395328393821
850,2020,283.07,15.5,0.054756773942840994
850,2021,365.95,187.75,0.5130482306326001
850,2022,85.5,23.3,0.27251461988304093
850,2023,390.3,77.3,0.1980527799128875
850,2024,185.4,46.12,0.24875943905070116
850,2025,1277.0,9.0,0.007047768206734534
860,2010,18.0,0.0,0.0
860,2011,14.4,0.0,0.0
900,1950,464.3,236.3,0.5089381865173379
900,1951,367.18,225.2,0.6133231657497684
900,1952,398.9,176.65,0.4428428177488093
900,1953,151.04999999999998,112.7,0.7461105594174116
900,1954,124.83,79.25,0.634863414243371
900,1955,636.96,68.0,0.10675709620698316
900,1956,463.22,171.5,0.370234445835672
900,1957,459.55,329.5,0.717005766510717
900,1958,549.25,331.75,0.6040054619936277
900,1959,421.6,231.5,0.5490986717267552
900,1960,115.99000000000001,47.25,0.4073627036813518
900,1961,154.65,113.0,0.7306821855803427
900,1962,460.24,110.0,0.2390057361376673
900,1963,369.1,134.0,0.3630452451910051
900,1964,539.29,410.0,0.7602588588699958
900,1965,919.5999999999999,300.0,0.3262287951283167
900,1966,707.12,300.0,0.42425613757212355
900,1967,769.55,240.0,0.31187057371190957
900,1968,556.91,308.0,0.5530516600527913
900,1969,701.89,147.8,0.21057430651526596
900,1970,229.91000000000003,42.0,0.1826801792005567
900,1971,309.96000000000004,47.6,0.15356820234869015
900,1972,63.25,42.7,0.6750988142292491
900,1973,713.1,55.0,0.07712803253400645
900,1974,897.65,31.0,0.034534618169665236
900,1975,108.3,10.5,0.09695290858725762
900,1976,90.6,5.6,0.06181015452538632
900,1977,278.35,5.7,0.020477815699658702
900,1978,1029.25,5.0,0.004857906242409522
900,1979,197.0,5.0,0.025380710659898477
900,1980,408.55,17.3,0.042344878227879086
900,1981,448.5,91.9,0.2049052396878484
900,1982,134.15,41.9,0.31233693626537457
900,1983,636.85,54.2,0.0851063829787234
900,1984,634.6,54.2,0.08540813110620864
900,1985,509.9,215.0,0.4216513041772897
900,1986,815.3,614.0,0.7530970195020238
900,1987,593.5500000000001,577.2,0.9724538792014151
900,1988,745.22,643.7,0.8637717720941467
900,1989,695.43,428.2,0.6157341500941863
900,1990,356.38,237.2,0.6655816824737639
900,1991,218.64000000000001,128.6,0.5881814855470179
900,1992,363.98,315.0,0.8654321666025605
900,1993,447.85,300.0,0.669867143016635
900,1994,262.14,6.15,0.023460746166170752
900,1995,64.35,16.5,0.25641025641025644
900,1996,596.7,501.71,0.8408077761018936
900,1997,34.5,0.0,0.0
900,1998,541.8,496.25,0.9159283868586195
900,1999,678.1,360.0,0.5308951482082288
900,2000,326.32,117.5,0.3600759990193675
900,2001,1214.8,1077.55,0.8870184392492592
900,2002,638.28,388.05,0.6079620229366423
900,2003,765.0,555.82,0.726562091503268
900,2004,446.75,351.55,0.786905428091774
900,2005,458.1,379.3,0.8279851560794587
900,2006,720.8,346.25,0.48036903440621537
900,2007,618.36,99.5,0.16090950255514586
900,2008,430.15999999999997,138.0,0.3208108610749489
900,2009,805.17,641.05,0.7961672690239329
900,2010,1557.6399999999999,627.1,0.40259623533037164
900,2011,1582.1,740.7,0.4681752101637065
900,2012,787.1,478.45000000000005,0.6078643120315081
900,2013,219.92000000000002,115.05,0.5231447799199709
900,2014,847.5799999999999,684.6,0.8077113664786806
900,2015,1444.65,558.5,0.3865988301664763
900,2016,1012.35,204.0,0.20151133501259447
900,2017,1664.11,1074.0,0.6453900283034175
900,2018,1552.5,1216.0,0.7832528180354267
900,2019,1159.46,940.0,0.8107222327635278
900,2020,1631.56,1449.0,0.888107087695212
900,2021,1217.64,825.0,0.6775401596530993
900,2022,808.91,686.35,0.8484874707940315
900,2023,376.15,207.0,0.5503123753821614
900,2024,1076.75,572.75,0.5319247736243324
900,2025,825.88,336.15,0.4070203903714825
910,1975,32.0,0.0,0.0
910,1977,3.0,0.0,0.0
910,1978,1.5,0.0,0.0
910,1981,2.0,0.0,0.0
910,1982,4.0,0.0,0.0
910,1984,2.0,0.0,0.0
910,1986,8.25,0.0,0.0
910,1987,12.0,0.0,0.0
910,1988,6.0,0.0,0.0
910,1989,6.0,0.0,0.0
910,1990,4.19,0.0,0.0
910,1991,10.0,0.0,0.0
910,1992,10.0,0.0,0.0
910,1994,0.5,0.0,0.0
910,1996,0.75,0.0,0.0
910,1997,7.08,0.0,0.0
910,2014,3.2,0.0,0.0
910,2017,0.35,0.0,0.0
910,2018,7.9,0.0,0.0
910,2021,14.0,0.0,0.0
910,2023,8.8,0.0,0.0
920,1950,41.190000000000005,0.0,0.0
920,1951,69.5,0.0,0.0
920,1952,146.7,0.0,0.0
920,1953,12.3,0.0,0.0
920,1955,35.18,0.0,0.0
920,1956,147.0,0.0,0.0
920,1957,90.0,0.0,0.0
920,1958,57.8,0.0,0.0
920,1960,118.84,0.0,0.0
920,1961,111.24,0.0,0.0
920,1962,8.0,0.0,0.0
920,1963,4.86,0.0,0.0
920,1965,9.92,0.0,0.0
920,1966,406.11,0.0,0.0
920,1967,3.75,0.0,0.0
920,1968,56.0,0.0,0.0
920,1970,168.26,0.0,0.0
920,1971,133.0,0.0,0.0
920,1972,22.65,0.0,0.0
920,1973,22.5,0.0,0.0
920,1974,10.32,0.0,0.0
920,1975,50.93,0.0,0.0
920,1976,7.38,0.0,0.0
920,1977,34.0,0.0,0.0
920,1981,30.85,0.0,0.0
920,1982,61.75,0.0,0.0
920,1983,99.66999999999999,0.0,0.0
920,1984,41.0,0.0,0.0
920,1985,8.34,0.0,0.0
920,1986,28.56,0.0,0.0
920,1987,4.8,0.0,0.0
920,1988,61.3,0.0,0.0
920,1989,25.89,0.0,0.0
920,1990,22.78,0.0,0.0
920,1991,42.0,0.0,0.0
920,1992,54.5,0.0,0.0
920,1993,36.0,0.0,0.0
920,1994,16.0,0.0,0.0
920,1995,7.0,0.0,0.0
920,1996,7.0,0.0,0.0
920,1997,309.43,0.0,0.0
920,1998,15.27,0.0,0.0
920,1999,304.5,0.0,0.0
920,2001,45.0,0.0,0.0
920,2002,15.0,0.0,0.0
920,2003,153.56,0.0,0.0
920,2004,95.05000000000001,0.0,0.0
920,2006,5.72,0.0,0.0
920,2007,81.32,0.0,0.0
920,2008,2.88,0.0,0.0
920,2009,56.0,56.0,1.0
920,2010,78.0,66.0,0.8461538461538461
920,2011,27.5,0.0,0.0
920,2012,30.0,0.0,0.0
920,2013,26.0,0.0,0.0
920,2014,83.7,0.0,0.0
920,2015,88.6,0.0,0.0
920,2018,6.4,0.0,0.0
920,2019,2.85,0.0,0.0
920,2020,146.35,0.0,0.0
920,2021,36.05,0.0,0.0
920,2022,170.5,0.0,0.0
920,2023,406.34000000000003,0.0,0.0
920,2024,200.0,0.0,0.0
935,1987,6.0,0.0,0.0
935,2021,7.0,0.0,0.0
940,1988,6.0,0.0,0.0
940,1991,6.0,0.0,0.0
940,2019,7.0,0.0,0.0
940,2021,7.0,0.0,0.0
950,1975,8.0,0.0,0.0
950,1976,4.0,0.0,0.0
950,1990,1.3,0.0,0.0
950,1992,3.25,0.0,0.0
950,1994,6.0,0.0,0.0
950,1995,12.0,0.0,0.0
950,2017,1.4,0.0,0.0
950,2020,7.0,0.0,0.0
950,2024,15.96,0.0,0.0
955,1986,0.03,0.0,0.0
955,1989,6.0,0.0,0.0
955,1990,6.0,0.0,0.0
955,1991,6.0,0.0,0.0
955,1996,0.26,0.0,0.0
955,2019,7.0,0.0,0.0
955,2020,7.0,0.0,0.0
