rec_cc,sup_cc,yr,tiv
2,20,1950,22.8
2,20,1951,45.3
2,20,1952,255.3
2,20,1953,45.3
2,20,1954,26.549999999999997
2,20,1955,22.799999999999997
2,20,1956,30.8
2,20,1957,30.8
2,20,1958,30.8
2,20,1959,45.8
2,20,1960,30.8
2,20,1961,172.8
2,20,1962,172.8
2,20,1963,172.8
2,20,1964,169.05
2,20,1965,52.88
2,20,1970,5.5
2,20,1971,115.5
2,20,1972,6.0
2,20,1973,6.0
2,20,1974,5.5
2,20,1975,5.0
2,20,1979,0.7
2,20,1986,0.6000000000000014
2,20,1988,18.0
2,20,1989,3.6
2,20,1991,12.5
2,20,1993,7.0
2,20,1994,57.4
2,20,1995,106.30000000000001
2,20,1997,1.8
2,20,1998,3.3
2,20,1999,0.5
2,20,2000,6.5
2,20,2001,27.0
2,20,2002,32.0
2,20,2003,38.0
2,20,2004,27.5
2,20,2005,27.5
2,20,2006,27.5
2,20,2007,27.5
2,20,2008,27.5
2,20,2009,27.499999999999986
2,20,2010,27.5
2,20,2011,27.5
2,20,2012,51.0
2,20,2013,20.0
2,20,2014,15.0
2,20,2015,12.0
2,20,2016,4.5
2,20,2021,5.5
2,20,2022,26.5
2,20,2023,52.0
2,20,2024,26.0
2,20,2025,85.0
2,135,2001,4.4
2,200,1971,30.0
2,200,1972,60.0
2,200,1981,118.68
2,200,1982,50.0
2,200,1983,190.84000000000003
2,200,1984,151.0
2,200,1985,192.84000000000003
2,200,1987,1479.82
2,200,1988,1449.0
2,200,1989,1405.0
2,200,1990,72.1
2,200,1992,24.899999999999977
2,200,1993,17.80000000000001
2,200,1995,29.69999999999999
2,200,1996,29.69999999999999
2,200,1999,30.0
2,200,2000,60.0
2,200,2001,50.0
2,200,2002,50.0
2,200,2003,62.0
2,200,2004,50.0
2,200,2005,50.0
2,200,2006,10.0
2,200,2007,10.0
2,200,2008,32.0
2,200,2009,14.0
2,200,2010,16.0
2,200,2011,6.0
2,200,2012,115.19999999999999
2,200,2013,19.319999999999993
2,200,2015,24.0
2,200,2016,48.0
2,200,2017,24.0
2,200,2018,24.0
2,200,2019,96.0
2,200,2020,40.0
2,200,2021,18.0
2,200,2022,24.0
2,200,2023,48.0
2,200,2024,48.0
2,200,2025,24.0
2,210,1984,5.0
2,210,2019,48.0
2,210,2021,48.000000000000014
2,220,1960,30.0
2,220,1961,20.0
2,220,1963,35.0
2,220,1964,40.0
2,220,1965,40.0
2,220,1966,35.0
2,220,2008,1.7999999999999972
2,220,2010,3.0
2,220,2011,6.0
2,220,2012,6.0
2,220,2013,3.0
2,220,2019,42.6
2,220,2020,106.0
2,220,2021,96.0
2,220,2022,64.0
2,220,2023,64.0
2,220,2024,264.0
2,220,2025,72.0
2,225,1962,0.9
2,225,1963,0.45
2,225,1964,2.25
2,225,1965,2.25
2,225,1966,3.6
2,225,1967,2.25
2,225,1971,2.4
2,225,1972,1.6
2,225,1978,1.6
2,225,1979,2.5
2,225,1989,40.0
2,225,1990,40.0
2,225,2003,21.0
2,225,2004,35.80000000000001
2,225,2005,57.30000000000001
2,225,2006,58.80000000000001
2,225,2007,28.400000000000006
2,225,2008,4.200000000000003
2,225,2010,14.400000000000006
2,230,1986,3.8
2,230,1987,15.2
2,230,1988,11.4
2,230,1989,3.8
2,230,1990,7.6
2,230,2019,16.8
2,230,2020,142.8
2,230,2021,37.5
2,255,1990,4.2
2,255,1991,116.8
2,255,1992,9.6
2,255,1993,73.14999999999999
2,255,1994,5.25
2,255,1999,17.8
2,255,2008,6.0
2,255,2009,3.4000000000000057
2,255,2010,20.80000000000001
2,255,2011,13.599999999999994
2,255,2012,19.599999999999994
2,255,2013,13.599999999999994
2,255,2014,14.0
2,255,2015,14.0
2,255,2016,10.400000000000006
2,255,2017,14.0
2,255,2018,16.0
2,255,2019,36.0
2,255,2020,8.0
2,255,2021,22.0
2,255,2022,8.0
2,255,2023,24.0
2,255,2024,14.0
2,255,2025,8.0
2,260,1980,130.0
2,260,1981,140.0
2,260,1988,1.75
2,290,1986,5.44
2,290,2009,8.25
2,290,2010,8.25
2,290,2011,8.25
2,290,2012,16.5
2,290,2013,121.0
2,305,2009,3.0
2,305,2010,1.0
2,305,2011,1.0
2,305,2024,1.5
2,316,2015,4.0
2,316,2016,12.0
2,316,2017,40.0
2,316,2018,28.0
2,325,1977,5.0
2,325,1979,2.5
2,325,1980,12.5
2,325,1981,25.0
2,325,1982,25.0
2,325,1983,30.0
2,325,1984,27.5
2,325,1985,180.0
2,325,1986,10.0
2,325,1987,12.5
2,325,1988,10.0
2,325,1989,10.0
2,325,1990,11.68
2,325,1991,71.5
2,325,1992,66.5
2,325,2000,8.25
2,325,2001,13.75
2,325,2004,5.5
2,325,2008,16.0
2,325,2009,16.0
2,325,2010,80.0
2,325,2011,80.0
2,325,2012,80.0
2,325,2013,16.0
2,325,2014,48.0
2,325,2023,13.0
2,325,2024,13.0
2,355,2002,2.9
2,355,2003,6.6
2,355,2014,6.1
2,359,1997,217.42
2,365,2012,17.4
2,369,2003,50.0
2,369,2005,1.6
2,380,2004,15.0
2,380,2010,7.5
2,380,2014,7.5
2,380,2015,7.5
2,380,2016,7.5
2,380,2017,7.5
2,380,2018,35.0
2,380,2019,56.5
2,380,2020,49.0
2,380,2021,52.64
2,380,2022,22.5
2,380,2023,22.5
2,380,2024,7.5
2,380,2025,7.5
2,385,1991,4.8
2,385,1992,4.8
2,385,1993,16.0
2,385,1994,26.4
2,385,1999,2.4
2,385,2000,1.6
2,385,2001,0.4
2,385,2002,0.4
2,385,2004,10.0
2,385,2019,12.0
2,385,2021,12.0
2,385,2022,101.0
2,385,2023,154.0
2,385,2024,103.0
2,385,2025,102.0
2,390,1993,181.92000000000002
2,390,1994,246.0
2,390,1995,17.92
2,390,1996,13.44
2,483,1987,19.560000000000002
2,560,1996,0.9
2,560,2003,0.72
2,560,2019,16.0
2,560,2020,40.0
2,560,2021,40.0
2,651,1977,51.36
2,651,1978,51.36
2,651,1979,10.4
2,651,1980,10.4
2,663,1994,35.6
2,663,2016,16.8
2,663,2017,71.4
2,663,2020,65.6
2,663,2021,65.6
2,663,2022,51.2
2,666,1985,57.6
2,666,1987,62.4
2,666,1991,14.399999999999999
2,666,1992,36.0
2,666,1993,54.0
2,666,1995,18.0
2,666,1997,22.5
2,666,1998,40.5
2,666,2000,37.8
2,666,2001,50.0
2,666,2002,10.799999999999997
2,666,2003,9.799999999999997
2,666,2004,26.299999999999997
2,666,2005,14.75
2,666,2006,28.5
2,666,2007,18.25
2,666,2009,14.25
2,666,2010,20.0
2,666,2018,12.5
2,666,2019,0.5
2,666,2020,36.0
2,666,2021,174.07999999999998
2,666,2022,103.58
2,666,2023,33.04
2,666,2024,74.34
2,670,2006,17.8
2,713,1967,12.0
2,732,2014,40.8
2,740,2007,40.0
2,740,2025,15.0
2,817,1970,9.6
2,830,2020,24.0
2,830,2021,72.0
2,900,1986,53.4
2,900,1987,71.2
2,900,1994,18.0
2,900,1995,24.0
2,900,2001,42.0
2,900,2002,30.0
2,900,2003,30.0
2,900,2004,1.68
2,900,2011,96.0
2,900,2021,5.4
2,920,2012,75.2
20,2,1950,105.16
20,2,1951,104.75999999999999
20,2,1952,198.56000000000006
20,2,1953,425.0999999999999
20,2,1954,155.93999999999994
20,2,1955,587.0999999999999
20,2,1956,202.88
20,2,1957,112.61000000000001
20,2,1958,58.0
20,2,1959,44.0
20,2,1960,126.0
20,2,1961,1123.1299999999999
20,2,1962,419.53999999999996
20,2,1963,83.03999999999996
20,2,1964,285.70000000000005
20,2,1965,289.5
20,2,1966,144.0
20,2,1967,96.0
20,2,1968,153.13
20,2,1969,68.60000000000002
20,2,1970,203.0
20,2,1971,438.9
20,2,1972,136.36
20,2,1973,53.54
20,2,1974,228.5
20,2,1975,195.49
20,2,1976,13.25
20,2,1977,12.5
20,2,1978,12.5
20,2,1979,31.28
20,2,1980,379.5
20,2,1981,390.98
20,2,1982,218.41
20,2,1983,645.69
20,2,1984,653.53
20,2,1985,848.33
20,2,1986,826.35
20,2,1987,765.28
20,2,1988,656.4
20,2,1989,10.5
20,2,1990,15.000000000000002
20,2,1991,424.1
20,2,1992,117.0
20,2,1993,113.1
20,2,1994,282.1
20,2,1995,175.40000000000003
20,2,1996,162.14
20,2,1997,108.13999999999999
20,2,1998,45.91
20,2,1999,103.0
20,2,2000,171.2
20,2,2001,83.8
20,2,2002,37.699999999999996
20,2,2003,43.35
20,2,2004,43.5
20,2,2005,67.0
20,2,2006,47.599999999999994
20,2,2007,377.7
20,2,2008,327.2
20,2,2009,72.8
20,2,2010,8.0
20,2,2011,2.5
20,2,2012,23.159999999999997
20,2,2013,169.5
20,2,2014,201.94
20,2,2015,172.44
20,2,2016,46.44
20,2,2017,19.879999999999995
20,2,2018,22.460000000000008
20,2,2019,2.720000000000013
20,2,2022,4.0
20,2,2023,8.240000000000002
20,2,2024,95.4
20,2,2025,42.599999999999994
20,200,1951,10.780000000000001
20,200,1952,4.380000000000003
20,200,1953,252.2
20,200,1954,315.62
20,200,1955,25.72
20,200,1956,70.47
20,200,1957,468.4
20,200,1958,41.0
20,200,1959,102.5
20,200,1962,20.5
20,200,1963,59.0
20,200,1964,26.0
20,200,1965,75.0
20,200,1967,75.0
20,200,1968,75.0
20,200,1972,15.0
20,200,1973,5.0
20,200,1976,15.0
20,200,1977,15.0
20,200,1979,25.0
20,200,1980,25.0
20,200,1981,25.0
20,200,1982,25.5
20,200,1983,3.0
20,200,1990,7.5
20,200,1991,109.0
20,200,1992,53.0
20,200,1993,1.92
20,200,1995,25.0
20,200,1996,25.0
20,200,1997,26.0
20,200,2000,320.0
20,200,2001,380.0
20,200,2002,280.0
20,200,2003,20.0
20,200,2004,270.0
20,200,2005,16.0
20,200,2006,4.0
20,200,2008,2.0
20,200,2009,2.0
20,200,2010,11.0
20,200,2011,12.0
20,210,1972,36.0
20,210,1973,12.0
20,210,1991,18.5
20,210,1992,18.5
20,210,1994,37.0
20,210,1996,4.800000000000001
20,210,1997,26.4
20,210,1998,26.4
20,210,2008,19.2
20,210,2011,12.8
20,210,2012,16.0
20,210,2013,32.0
20,210,2014,82.0
20,210,2015,66.0
20,210,2016,50.0
20,210,2018,12.5
20,211,2021,54.0
20,211,2022,36.0
20,220,1960,5.0
20,220,1961,5.0
20,220,1962,5.0
20,220,1963,5.0
20,220,1964,3.8
20,220,1965,1.0
20,220,1967,58.4
20,220,1992,3.0
20,220,1993,6.0
20,220,1994,20.759999999999998
20,220,1995,19.0
20,220,1996,20.8
20,220,1997,21.48
20,220,1998,6.0
20,220,1999,16.76
20,220,2003,1.2
20,225,1988,23.75
20,225,1989,18.75
20,225,1990,48.75
20,225,1991,48.75
20,225,1992,30.0
20,225,1993,15.000000000000004
20,225,2014,1.6
20,225,2015,2.8
20,225,2016,0.4
20,230,2019,22.0
20,230,2020,66.0
20,230,2021,132.0
20,230,2022,110.0
20,255,1990,18.0
20,255,1999,22.77
20,255,2000,37.95
20,255,2001,31.12
20,255,2006,2.16
20,255,2007,41.8
20,255,2008,0.48
20,255,2011,0.48
20,255,2016,18.0
20,255,2017,45.0
20,255,2021,6.0
20,255,2022,6.0
20,255,2024,12.0
20,255,2025,8.0
20,260,1976,25.0
20,260,1977,62.5
20,260,1978,117.2
20,260,1979,97.5
20,325,1969,19.8
20,325,1972,21.75
20,325,1973,7.25
20,325,1991,2.5
20,325,1992,2.5
20,325,1994,5.0
20,325,2001,25.0
20,325,2002,100.0
20,325,2003,62.5
20,350,2017,30.0
20,380,1992,10.0
20,380,1993,15.0
20,380,1994,35.0
20,380,1995,17.5
20,380,1996,17.5
20,380,2014,20.0
20,380,2015,15.0
20,380,2016,20.0
20,380,2018,5.0
20,380,2020,0.6
20,380,2021,0.8
20,380,2024,0.8
20,380,2025,8.0
20,390,2007,0.8
20,390,2021,4.75
20,390,2022,4.75
20,390,2024,9.5
20,560,1999,0.36
20,560,2003,0.18
20,560,2006,13.5
20,666,2008,9.0
20,666,2019,2.5
20,666,2020,7.5
20,666,2021,15.0
20,666,2022,12.5
20,696,1986,22.4
20,696,2023,46.0
20,696,2024,46.0
20,703,2008,14.4
20,800,2024,10.0
20,900,2019,45.0
20,900,2020,120.0
20,900,2021,105.0
31,2,1990,1.9
31,2,1991,3.0
31,2,2000,33.0
31,2,2005,2.85
31,2,2009,1.0
31,200,1978,10.5
31,200,1986,33.0
31,210,2014,30.0
31,210,2015,15.8
31,210,2016,19.8
31,210,2017,11.6
31,325,2009,0.35
31,710,2017,0.3
40,2,1951,8.36
40,2,1952,11.92
40,2,1953,12.76
40,2,1954,20.0
40,2,1955,3.2
40,2,1956,34.58
40,2,1957,9.81
40,2,1959,0.96
40,20,1957,1.14
40,93,1958,1.92
40,200,1958,21.0
40,200,1959,9.24
40,315,1960,38.0
40,315,1961,28.2
40,315,1962,1.0
40,315,1963,1.0
40,315,1965,4.0
40,315,1966,4.0
40,315,1976,1.0
40,315,1982,105.0
40,365,1960,114.82
40,365,1961,496.0
40,365,1962,1336.01
40,365,1963,286.55
40,365,1964,251.95000000000002
40,365,1965,131.25
40,365,1966,228.2
40,365,1967,162.5
40,365,1968,155.0
40,365,1969,155.48
40,365,1970,155.0
40,365,1971,162.2
40,365,1972,451.61
40,365,1973,419.78
40,365,1974,407.51
40,365,1975,200.2
40,365,1976,315.1
40,365,1977,608.5
40,365,1978,502.95
40,365,1979,409.75
40,365,1980,348.5
40,365,1981,960.3
40,365,1982,855.15
40,365,1983,777.7
40,365,1984,426.3
40,365,1985,352.02
40,365,1986,280.8
40,365,1987,74.8
40,365,1988,166.8
40,365,1989,93.64
40,365,1990,169.32999999999998
40,365,1991,159.32999999999998
40,365,2004,8.26
41,2,1950,4.08
41,2,1952,3.3600000000000003
41,2,1956,4.02
41,2,1957,1.0
41,2,1960,5.72
41,2,1964,0.95
41,2,1969,1.5
41,2,1973,4.78
41,2,1974,4.54
41,2,1975,0.7
41,2,1976,0.95
41,2,1977,0.15
41,2,1978,8.62
41,2,1982,0.5
41,2,1983,0.24
41,20,1983,2.5
41,20,1985,1.6
41,20,2025,0.98
41,200,1983,0.6
41,325,1982,3.12
41,325,1985,8.0
41,600,1969,6.3
41,666,1981,2.75
42,2,1950,2.38
42,2,1951,10.8
42,2,1952,9.8
42,2,1953,21.0
42,2,1954,2.48
42,2,1956,0.52
42,2,1957,0.96
42,2,1958,2.1
42,2,1959,13.96
42,2,1960,6.4
42,2,1961,15.33
42,2,1963,7.0
42,2,1964,4.0
42,2,1965,10.0
42,2,1966,9.0
42,2,1967,1.0
42,2,1970,0.86
42,2,1971,1.68
42,2,1972,6.8
42,2,1973,0.24
42,2,1975,2.0
42,2,1976,12.0
42,2,1980,8.559999999999999
42,2,1981,5.24
42,2,1982,29.560000000000002
42,2,1984,25.2
42,2,1985,0.24
42,2,1988,1.8399999999999999
42,2,1996,4.0
42,2,1998,6.29
42,2,2001,4.64
42,2,2002,0.38
42,2,2003,8.969999999999999
42,2,2004,35.99
42,2,2015,0.5
42,2,2016,0.25
42,2,2020,4.25
42,2,2022,5.22
42,2,2023,5.52
42,2,2024,1.0
42,2,2025,4.25
42,20,1951,0.38
42,20,1962,0.3
42,20,2005,2.24
42,20,2009,1.0
42,20,2010,3.0
42,140,2009,9.0
42,140,2010,27.0
42,155,1999,1.12
42,155,2000,1.12
42,220,1958,14.9
42,220,1964,0.95
42,220,1968,0.75
42,220,1969,0.12
42,220,1988,0.75
42,230,1982,6.0
42,230,2000,11.399999999999999
42,230,2023,3.36
42,230,2024,0.78
42,325,2024,8.0
42,325,2025,8.0
42,380,1952,33.6
42,380,1955,6.0
42,380,1956,6.0
42,380,1960,2.8
42,666,2010,21.0
42,666,2011,12.0
42,740,1985,1.7
51,2,1963,0.96
51,2,1964,0.24
51,2,1971,0.7
51,2,1973,12.5
51,2,1974,6.8999999999999995
51,2,1975,4.25
51,2,1976,0.7
51,2,1978,3.5
51,2,1981,0.48
51,2,1985,5.0
51,2,1986,2.9
51,2,1989,4.19
51,2,1998,10.0
51,2,1999,5.0
51,2,2007,3.9
51,2,2008,2.0
51,2,2010,0.7
51,2,2015,0.18
51,2,2016,0.18
51,2,2018,18.1
51,2,2019,2.8
51,2,2021,16.78
51,20,1967,2.5
51,20,1977,2.5
51,20,2006,0.15
51,20,2007,0.15
51,200,1962,0.72
51,200,1974,0.6
51,200,1977,0.6
51,210,2005,10.0
51,210,2006,10.0
51,210,2007,10.0
51,210,2016,20.0
51,210,2020,10.0
51,210,2021,10.0
51,210,2023,10.0
51,210,2024,10.0
51,220,1999,5.2
51,305,2013,0.7
51,305,2018,0.6
51,900,2015,2.1
51,900,2016,2.1
51,900,2021,2.1
52,2,1966,0.35
52,2,1980,0.95
52,2,1981,6.0
52,2,1987,0.35
52,2,2000,2.74
52,2,2001,0.5
52,2,2002,1.5
52,2,2007,5.92
52,2,2011,12.0
52,2,2012,12.0
52,200,1965,10.5
52,200,1972,10.5
52,200,2000,8.0
52,210,2015,30.0
52,210,2016,30.0
52,220,1973,1.6
52,380,1980,21.0
52,710,2015,16.0
52,900,2010,24.0
52,900,2021,32.0
53,2,1984,0.95
53,200,1981,9.3
53,210,2007,10.0
53,210,2008,10.0
53,210,2009,10.0
55,365,1982,1.2
57,2,1987,3.9
58,42,2022,0.24
60,2,1985,5.5
70,2,1951,6.640000000000001
70,2,1953,12.2
70,2,1958,16.0
70,2,1959,2.26
70,2,1960,1.92
70,2,1961,25.8
70,2,1962,106.76
70,2,1963,59.599999999999994
70,2,1964,34.44
70,2,1966,21.5
70,2,1967,14.81
70,2,1970,82.21
70,2,1971,44.199999999999996
70,2,1972,9.45
70,2,1973,150.99
70,2,1974,12.899999999999999
70,2,1975,24.58
70,2,1976,8.0
70,2,1977,22.599999999999998
70,2,1978,51.4
70,2,1979,0.56
70,2,1981,70.0
70,2,1982,245.36
70,2,1983,2.7
70,2,1986,5.04
70,2,1987,111.36
70,2,1988,77.36
70,2,1989,53.86
70,2,1990,24.42
70,2,1991,16.86
70,2,1992,6.0
70,2,1993,150.34
70,2,1994,54.26
70,2,1996,40.94
70,2,1997,280.02
70,2,1998,8.379999999999999
70,2,1999,28.4
70,2,2000,124.05000000000001
70,2,2001,142.57
70,2,2002,59.370000000000005
70,2,2003,7.2
70,2,2004,90.1
70,2,2005,7.5
70,2,2006,29.3
70,2,2008,23.0
70,2,2009,27.0
70,2,2010,24.0
70,2,2011,52.400000000000006
70,2,2012,44.900000000000006
70,2,2013,33.0
70,2,2014,24.550000000000004
70,2,2015,194.8
70,2,2016,232.67000000000002
70,2,2017,146.75
70,2,2018,5.0
70,2,2020,20.42
70,2,2025,8.8
70,20,1960,13.92
70,20,1961,3.48
70,20,1976,6.4
70,20,1979,0.7
70,20,1980,45.959999999999994
70,20,1981,6.3
70,20,1982,3.15
70,20,1983,2.8
70,20,1986,14.25
70,20,1987,11.75
70,20,1988,2.1
70,20,1989,2.1
70,20,1990,1.75
70,20,1991,1.4
70,20,1992,0.7
70,20,2002,9.0
70,20,2006,0.7
70,20,2009,3.0
70,20,2010,3.0
70,20,2011,9.0
70,20,2012,3.0
70,20,2014,15.7
70,20,2015,10.5
70,20,2016,11.6
70,20,2017,5.05
70,20,2018,0.7
70,100,2002,5.8
70,140,2004,36.0
70,200,1961,0.72
70,200,1962,1.8
70,200,1971,3.6
70,200,1976,7.5
70,200,1977,14.7
70,210,1972,3.0
70,211,1994,38.86
70,211,1995,21.21
70,211,1996,26.93
70,220,1965,8.55
70,220,1972,2.85
70,220,1973,1.9
70,220,1979,30.0
70,220,1981,16.0
70,220,1982,19.12
70,220,1985,3.2
70,220,1986,67.03999999999999
70,220,1988,16.32
70,220,1992,2.6
70,220,1993,2.6
70,220,2005,6.5
70,220,2010,15.0
70,220,2011,16.0
70,220,2012,64.0
70,220,2013,16.0
70,220,2014,24.0
70,220,2016,36.0
70,220,2017,30.0
70,220,2018,8.0
70,220,2020,9.0
70,225,1977,1.8
70,225,1978,1.8
70,225,1979,2.5
70,225,1980,22.5
70,225,1981,22.5
70,225,1982,11.25
70,225,1983,10.0
70,225,1986,6.25
70,225,1987,6.25
70,225,1988,7.5
70,225,1989,7.5
70,225,1990,6.25
70,225,1991,5.0
70,225,1992,5.7
70,225,2006,3.8
70,230,1982,50.0
70,230,1983,100.0
70,230,1986,37.5
70,230,1987,25.0
70,230,1991,7.6
70,230,2009,25.0
70,230,2010,59.0
70,230,2011,92.0
70,230,2012,51.0
70,230,2015,84.0
70,255,1991,6.0
70,255,1994,6.0
70,255,2004,6.5
70,255,2015,10.0
70,260,1964,3.2
70,260,1965,3.2
70,260,1982,7.2
70,260,1986,7.2
70,316,2002,1.0
70,316,2013,0.5
70,316,2014,1.5
70,316,2015,0.34
70,325,1985,0.9
70,325,1995,2.5
70,325,2000,3.6
70,325,2001,3.6
70,325,2003,10.0
70,325,2011,21.0
70,325,2012,53.0
70,345,1985,3.6
70,365,1994,29.0
70,365,1995,29.0
70,365,1996,24.0
70,365,1997,193.0
70,365,1999,87.0
70,365,2000,64.8
70,365,2002,2.4
70,365,2006,36.25
70,365,2010,7.25
70,365,2012,21.75
70,369,1997,22.0
70,369,1998,11.0
70,369,1999,11.0
70,369,2000,17.6
70,375,1992,1.35
70,375,1993,4.05
70,375,1994,5.4
70,375,1995,2.7
70,380,1999,10.0
70,380,2000,5.0
70,380,2001,2.5
70,380,2003,2.5
70,380,2004,30.0
70,380,2016,2.5
70,380,2017,2.5
70,380,2018,2.5
70,380,2020,2.5
70,380,2021,2.5
70,666,1973,5.5
70,666,1974,8.25
70,666,1976,13.75
70,666,1978,7.5
70,666,1979,7.5
70,666,1991,2.75
70,666,1992,2.75
70,666,1993,2.75
70,666,1994,2.75
70,666,2002,19.2
70,666,2004,157.98
70,666,2005,26.4
70,666,2009,4.0
70,666,2015,4.0
70,666,2016,25.0
70,666,2017,0.2
70,694,2006,2.24
70,696,2023,4.2
70,696,2024,46.44
70,710,2006,5.85
80,2,1996,0.18
80,2,2023,1.0
80,200,1984,0.48
80,200,1996,0.16
80,200,2000,0.6
80,713,2016,2.1
90,2,1951,6.0
90,2,1954,2.4
90,2,1955,7.68
90,2,1956,6.1
90,2,1960,16.0
90,2,1962,0.8999999999999999
90,2,1963,6.88
90,2,1964,8.219999999999999
90,2,1965,4.96
90,2,1967,1.3
90,2,1968,15.94
90,2,1969,1.12
90,2,1971,45.28
90,2,1972,1.0
90,2,1973,0.4
90,2,1974,10.0
90,2,1975,27.599999999999998
90,2,1976,7.119999999999999
90,2,1980,1.4
90,2,1981,38.2
90,2,1982,15.8
90,2,1984,6.8
90,2,1986,1.6
90,2,1993,12.75
90,2,1994,4.25
90,2,1995,4.25
90,2,2018,4.28
90,2,2019,1.0
90,2,2022,10.0
90,2,2023,5.55
90,20,1979,1.05
90,20,1980,1.4
90,20,1981,1.75
90,20,2019,2.5
90,93,1955,0.8
90,100,2019,10.0
90,101,2008,0.4
90,155,1998,0.92
90,220,1974,4.75
90,225,1979,3.75
90,225,1980,5.0
90,225,1981,6.25
90,230,1981,3.0
90,230,2015,33.0
90,345,1985,25.2
90,380,1959,5.32
90,663,1989,3.6
90,666,1975,19.25
90,666,1976,8.25
90,666,1977,0.6
90,666,1978,0.6
90,666,1983,1.1
90,713,1996,2.1
90,713,2012,2.1
91,2,1951,1.44
91,2,1952,1.7000000000000002
91,2,1954,1.4
91,2,1956,8.64
91,2,1957,0.8
91,2,1958,12.2
91,2,1959,0.54
91,2,1962,13.74
91,2,1965,0.54
91,2,1966,4.72
91,2,1969,2.0
91,2,1973,2.25
91,2,1975,31.44
91,2,1976,6.41
91,2,1977,11.1
91,2,1979,8.5
91,2,1980,13.16
91,2,1981,13.48
91,2,1982,28.59
91,2,1983,11.8
91,2,1984,16.62
91,2,1985,8.76
91,2,1986,66.33
91,2,1987,12.6
91,2,1988,44.2
91,2,1989,16.8
91,2,2008,0.4
91,2,2011,0.2
91,2,2012,0.2
91,2,2015,2.0
91,2,2018,1.0
91,2,2020,0.48
91,2,2021,4.25
91,20,1985,2.8
91,20,1986,1.4
91,94,1969,2.0
91,100,2017,10.0
91,101,1969,16.0
91,140,1985,15.2
91,140,1986,7.6
91,160,1981,5.0
91,160,1982,5.0
91,160,1983,5.0
91,200,1981,12.700000000000001
91,210,1966,1.0
91,210,2013,20.0
91,230,1984,6.8
91,230,1985,6.8
91,255,2024,6.5
91,260,1983,20.16
91,345,1976,8.4
91,600,1978,5.6
91,666,1976,15.620000000000001
91,666,1977,23.38
91,666,1978,27.119999999999997
91,666,2014,13.0
91,666,2019,22.5
91,713,2015,4.19
92,2,1950,0.4
92,2,1954,0.57
92,2,1955,1.44
92,2,1957,16.5
92,2,1963,0.18
92,2,1965,0.54
92,2,1966,0.72
92,2,1967,0.18
92,2,1968,12.04
92,2,1969,7.0
92,2,1970,12.8
92,2,1971,0.7
92,2,1974,9.4
92,2,1975,14.1
92,2,1976,10.48
92,2,1977,7.699999999999999
92,2,1978,0.73
92,2,1979,0.71
92,2,1980,6.29
92,2,1981,4.9
92,2,1982,32.35
92,2,1983,13.11
92,2,1984,57.52
92,2,1985,38.71
92,2,1986,1.2000000000000002
92,2,1991,20.630000000000003
92,2,1992,4.25
92,2,1995,4.25
92,2,1996,4.25
92,2,1998,1.5
92,2,2002,19.0
92,2,2003,10.0
92,2,2009,2.34
92,2,2010,1.56
92,2,2011,1.56
92,2,2012,3.5300000000000002
92,2,2013,1.43
92,2,2014,1.43
92,2,2017,0.7
92,2,2020,4.08
92,2,2021,4.25
92,2,2022,6.5
92,2,2023,1.0
92,2,2024,0.2
92,2,2025,2.96
92,155,1998,0.92
92,155,2014,20.0
92,220,1973,0.95
92,220,1976,8.4
92,220,1979,7.63
92,220,1980,6.220000000000001
92,230,2019,2.16
92,255,1993,1.8
92,260,1971,0.6
92,260,1975,0.9
92,345,1977,2.7
92,345,1978,2.7
92,345,1979,2.7
92,345,1983,7.5
92,345,1984,7.5
92,640,2023,3.3
92,666,1974,19.77
92,666,1975,31.240000000000002
92,666,2008,3.3
92,666,2018,1.12
92,666,2022,0.7
93,2,1953,3.0
93,2,1954,14.64
93,2,1955,4.859999999999999
93,2,1956,1.12
93,2,1958,6.0
93,2,1960,2.16
93,2,1961,8.0
93,2,1962,6.0
93,2,1963,6.4399999999999995
93,2,1964,2.18
93,2,1965,0.2
93,2,1966,1.8
93,2,1971,4.9
93,2,1972,4.87
93,2,1973,4.51
93,2,1976,7.66
93,2,1978,13.1
93,90,1955,0.84
93,210,2019,13.2
93,220,1982,1.9
93,230,1977,19.0
93,230,2007,14.0
93,355,1983,1.5
93,365,1981,33.83
93,365,1982,38.65
93,365,1983,46.63
93,365,1984,167.43
93,365,1985,87.85
93,365,1986,90.78
93,365,1987,156.64
93,365,1988,62.5
93,365,1989,13.6
93,365,1990,106.5
93,365,2009,14.5
93,365,2014,12.600000000000001
93,365,2015,14.489999999999998
93,365,2016,85.8
93,365,2017,6.8
93,380,1955,20.8
93,620,1982,28.58
93,620,1983,2.0
93,666,1957,2.4
93,666,1973,5.5
93,710,1985,1.65
94,2,1955,3.2
94,2,1963,0.54
94,2,1966,0.4
94,2,1973,1.4
94,2,1975,2.76
94,2,1978,5.5
94,2,1980,0.44
94,2,1985,1.4
94,2,1986,1.17
94,2,1989,1.56
94,2,2018,0.18
94,2,2019,7.5
94,93,1993,2.9
94,95,1979,1.68
94,260,1956,0.16
94,260,1984,0.15
95,2,1964,0.18
95,2,1968,0.18
95,2,1969,2.8200000000000003
95,2,1970,2.0
95,2,1971,18.34
95,2,1972,1.92
95,2,1973,13.860000000000001
95,2,1975,23.3
95,2,1976,5.88
95,2,1977,4.4
95,2,1978,2.25
95,2,1982,5.0
95,2,1983,6.15
95,2,1984,0.25
95,2,1985,7.4
95,2,1988,1.0
95,20,1970,2.5
95,20,1973,2.5
95,20,1975,2.5
95,20,1980,2.5
95,155,1988,1.12
95,155,1989,1.68
95,200,1970,10.5
95,200,1975,1.2
95,200,1978,2.5
95,211,1983,1.8
95,230,1981,3.8
95,230,1982,7.6
95,230,1988,20.4
100,2,1950,3.36
100,2,1951,3.72
100,2,1952,11.5
100,2,1953,11.5
100,2,1954,35.5
100,2,1955,3.42
100,2,1956,15.6
100,2,1957,15.42
100,2,1958,24.0
100,2,1959,1.44
100,2,1960,5.279999999999999
100,2,1961,65.53999999999999
100,2,1962,5.88
100,2,1963,31.22
100,2,1964,6.12
100,2,1965,18.0
100,2,1966,32.18
100,2,1967,15.0
100,2,1968,31.65
100,2,1969,118.26
100,2,1970,2.62
100,2,1971,26.6
100,2,1972,63.2
100,2,1973,54.85
100,2,1976,9.68
100,2,1977,7.56
100,2,1978,12.0
100,2,1979,36.0
100,2,1980,4.0
100,2,1981,28.02
100,2,1982,18.48
100,2,1983,49.2
100,2,1984,101.98
100,2,1985,7.4
100,2,1986,6.300000000000001
100,2,1987,2.85
100,2,1988,35.35
100,2,1989,108.8
100,2,1990,6.5
100,2,1991,51.93
100,2,1992,15.04
100,2,1993,52.68
100,2,1994,42.1
100,2,1995,35.15
100,2,1996,37.040000000000006
100,2,1997,102.62
100,2,1998,83.66
100,2,1999,43.57
100,2,2000,67.85
100,2,2001,264.58
100,2,2002,124.12
100,2,2003,94.38
100,2,2005,4.25
100,2,2006,26.25
100,2,2007,129.55
100,2,2008,15.95
100,2,2009,147.38
100,2,2010,61.71
100,2,2011,79.58000000000001
100,2,2012,76.47
100,2,2013,102.89
100,2,2014,31.0
100,2,2015,55.4
100,2,2016,12.3
100,2,2017,30.1
100,2,2018,3.1
100,2,2019,21.85
100,2,2020,17.4
100,2,2021,43.05
100,2,2022,48.86
100,2,2023,2.52
100,2,2024,11.94
100,2,2025,20.619999999999997
100,20,1951,3.8
100,20,1952,3.8
100,20,1956,27.0
100,20,1964,3.2
100,20,1991,2.0
100,20,1992,2.45
100,20,1993,2.45
100,20,2003,5.0
100,20,2006,2.5
100,20,2007,5.0
100,20,2008,9.5
100,20,2009,1.5
100,20,2010,2.5
100,20,2013,3.0
100,20,2014,13.12
100,20,2021,2.0
100,20,2022,1.0
100,20,2023,0.5
100,20,2024,0.5
100,20,2025,1.0
100,42,2017,4.0
100,140,1969,2.5
100,140,1983,53.650000000000006
100,140,1984,53.650000000000006
100,140,1992,18.6
100,140,1993,13.3
100,140,2006,22.5
100,140,2007,45.0
100,140,2008,45.0
100,140,2012,1.0
100,160,1990,6.0
100,200,1988,0.7
100,200,1989,0.7
100,200,2017,0.6
100,200,2018,10.2
100,210,1958,22.0
100,210,2012,39.5
100,210,2013,19.75
100,210,2014,19.75
100,220,1970,5.0
100,220,1971,5.25
100,220,1972,108.0
100,220,1973,108.0
100,220,1974,5.0
100,220,1975,5.0
100,220,1983,38.75
100,220,1984,53.25
100,220,1987,0.75
100,220,1988,0.6
100,220,1997,1.0
100,220,1998,1.0
100,220,2001,3.6
100,220,2002,3.6
100,220,2010,12.0
100,220,2014,1.8
100,220,2015,3.8
100,225,1963,0.45
100,225,1983,5.0
100,225,1984,10.0
100,230,1991,7.6
100,230,1996,11.62
100,230,1998,58.68
100,230,2003,34.0
100,230,2005,4.5600000000000005
100,230,2007,13.0
100,230,2008,39.5
100,230,2009,12.5
100,230,2010,17.0
100,230,2013,25.0
100,235,2018,2.6
100,255,1997,17.02
100,255,1998,17.02
100,255,2003,2.9
100,255,2011,10.0
100,255,2012,38.0
100,255,2013,10.0
100,255,2014,10.0
100,255,2015,83.0
100,260,1975,286.0
100,260,1983,142.4
100,260,1984,420.0
100,325,1983,11.25
100,325,1984,21.25
100,325,2004,11.2
100,325,2012,5.5
100,325,2013,2.75
100,325,2014,6.75
100,325,2017,2.5
100,365,1997,72.5
100,365,2002,43.5
100,365,2007,29.0
100,365,2009,36.25
100,375,1971,8.0
100,375,2012,3.0
100,375,2014,3.0
100,375,2017,3.0
100,380,1958,246.0
100,560,1996,0.72
100,640,2009,15.2
100,666,1980,8.25
100,666,1989,108.31
100,666,1991,10.0
100,666,2002,2.0
100,666,2003,9.0
100,666,2004,7.0
100,666,2005,9.5
100,666,2006,2.5
100,666,2007,15.0
100,666,2009,49.74
100,666,2010,165.39000000000001
100,666,2011,55.0
100,666,2013,8.16
100,666,2014,17.52
100,666,2015,13.2
100,666,2016,5.7
100,666,2017,15.200000000000001
100,666,2020,0.9
100,732,2014,30.0
100,732,2015,37.5
100,732,2020,61.6
101,2,1950,2.0
101,2,1952,24.509999999999998
101,2,1953,5.680000000000001
101,2,1954,4.51
101,2,1955,21.0
101,2,1956,53.300000000000004
101,2,1957,118.5
101,2,1958,26.080000000000002
101,2,1959,8.5
101,2,1960,63.650000000000006
101,2,1961,32.1
101,2,1962,32.36
101,2,1963,16.060000000000002
101,2,1964,0.24
101,2,1966,9.6
101,2,1967,3.75
101,2,1969,7.08
101,2,1970,15.16
101,2,1971,118.88000000000001
101,2,1972,100.74000000000001
101,2,1973,203.07
101,2,1974,8.1
101,2,1975,77.96000000000001
101,2,1976,7.1
101,2,1977,43.769999999999996
101,2,1978,54.8
101,2,1979,7.8
101,2,1980,21.490000000000002
101,2,1981,58.52
101,2,1982,71.85
101,2,1983,135.15
101,2,1984,24.5
101,2,1985,392.61
101,2,1986,10.0
101,2,1988,69.55
101,2,1989,4.33
101,2,1990,4.3
101,2,1991,74.39
101,2,1994,0.9
101,2,1996,2.24
101,2,1999,20.0
101,2,2001,5.0
101,2,2002,11.0
101,2,2003,15.0
101,2,2015,6.4
101,20,1953,18.0
101,20,1972,57.6
101,20,1974,6.4
101,20,1980,1.5
101,20,1981,1.5
101,20,1982,10.5
101,20,1986,1.4
101,20,1987,9.8
101,20,1991,1.5
101,140,1984,10.45
101,140,1986,7.6
101,140,1987,53.2
101,200,1950,57.0
101,200,1953,171.0
101,200,1954,120.0
101,200,1955,7.3
101,200,1956,190.4
101,200,1958,93.5
101,200,1963,18.0
101,200,1966,59.5
101,200,1967,3.4
101,200,1969,0.8
101,200,1971,11.22
101,200,1974,46.0
101,200,1975,101.26
101,200,1976,3.76
101,200,1979,1.2
101,200,1989,10.75
101,200,1990,38.0
101,200,1991,38.0
101,200,2005,3.6
101,210,1981,30.0
101,210,1982,30.0
101,210,1983,30.0
101,210,1991,41.58
101,210,1999,25.0
101,210,2000,22.5
101,210,2001,20.0
101,210,2005,12.0
101,210,2006,6.0
101,210,2009,12.0
101,210,2010,12.0
101,210,2011,71.25
101,210,2012,47.75
101,210,2013,14.0
101,210,2014,24.0
101,210,2015,14.0
101,210,2016,14.0
101,210,2018,14.0
101,210,2020,40.0
101,220,1954,10.0
101,220,1955,36.0
101,220,1964,5.4
101,220,1967,9.5
101,220,1968,10.45
101,220,1972,6.3
101,220,1973,174.35
101,220,1974,177.35
101,220,1975,8.0
101,220,1976,4.4
101,220,1977,17.55
101,220,1978,1.2
101,220,1980,0.4
101,220,1981,0.4
101,220,1985,37.44
101,220,1986,37.56
101,220,1987,0.2
101,220,1988,15.6
101,220,1989,97.37
101,220,1990,130.92000000000002
101,220,1991,108.59
101,220,1992,60.59
101,220,1993,28.59
101,220,1999,29.0
101,220,2000,29.0
101,220,2001,2.25
101,220,2002,2.25
101,225,1984,8.0
101,230,1981,7.6
101,230,1982,7.6
101,230,1986,25.0
101,230,1998,7.6
101,230,2011,185.25
101,230,2012,61.75
101,255,1992,5.0
101,255,1995,5.0
101,255,2002,4.8
101,255,2009,6.0
101,255,2010,6.0
101,255,2011,24.0
101,255,2012,6.0
101,255,2014,3.96
101,255,2020,6.0
101,260,1967,188.0
101,260,1976,155.0
101,260,1977,155.0
101,260,1978,3.0
101,260,1983,3.5
101,290,1996,8.25
101,290,1997,8.25
101,290,1998,0.48
101,290,1999,11.0
101,290,2000,27.5
101,290,2001,11.0
101,305,2009,0.5
101,305,2010,0.5
101,305,2011,1.0
101,305,2012,1.0
101,305,2014,1.15
101,305,2015,4.55
101,325,1956,156.0
101,325,1957,156.0
101,325,1968,10.0
101,325,1973,18.0
101,325,1974,14.5
101,325,1975,41.75
101,325,1979,4.8
101,325,1980,318.49
101,325,1981,807.17
101,325,1982,578.24
101,325,1983,72.85
101,325,1984,42.800000000000004
101,325,1985,86.95
101,325,1986,10.0
101,325,1987,10.0
101,325,1988,20.0
101,325,1989,2.52
101,325,1990,4.8
101,325,1991,26.25
101,325,1992,6.6
101,325,1993,8.8
101,325,2000,12.58
101,325,2001,1.44
101,325,2002,0.96
101,325,2009,2.5
101,325,2010,2.5
101,325,2011,10.0
101,325,2012,2.5
101,325,2020,2.5
101,365,1996,26.1
101,365,1997,26.1
101,365,2006,355.5
101,365,2007,742.75
101,365,2008,700.25
101,365,2009,260.0
101,365,2010,59.5
101,365,2011,270.65
101,365,2012,522.6
101,365,2013,895.04
101,365,2014,78.72
101,369,2010,10.8
101,369,2016,5.4
101,380,1990,8.0
101,380,1991,8.0
101,380,2000,16.0
101,380,2001,16.0
101,630,2023,67.5
101,666,1975,1.2
101,666,1980,19.25
101,666,1981,2.75
101,666,1984,22.5
101,666,1989,5.5
101,666,1990,2.5
101,666,1991,20.0
101,666,1997,4.5
101,666,2002,25.0
101,666,2004,9.18
101,666,2005,5.0
101,666,2006,5.0
101,710,2006,13.5
101,710,2007,27.0
101,710,2008,40.5
101,710,2009,54.0
101,710,2010,89.0
101,710,2011,7.5
101,710,2012,50.8
101,710,2013,96.96
101,710,2014,78.30000000000001
101,710,2015,112.6
101,710,2016,75.7
101,710,2023,30.0
101,732,1984,126.0
101,732,2001,50.0
110,2,1968,0.48
110,2,1975,0.25
110,2,1976,12.5
110,2,2021,5.0
110,2,2023,5.0
110,2,2024,4.6
110,2,2025,4.1
110,94,2008,0.28
110,140,1983,2.65
110,140,1985,5.0
110,140,2018,0.48
110,200,1971,1.6
110,200,1974,0.6
110,200,1976,1.8
110,200,1977,5.25
110,200,1978,0.6
110,200,1979,5.0
110,200,1984,2.5
110,200,2001,7.0
110,200,2019,2.0
110,210,1981,14.0
110,220,1974,1.9
110,325,2025,1.3
110,365,1976,1.8
110,365,1984,4.0
110,365,1985,18.0
110,710,2002,2.5
110,731,1980,4.2
110,750,2024,4.4
115,2,1999,2.25
115,20,1986,1.05
115,100,2012,0.16
115,101,1987,0.28
115,140,1984,8.440000000000001
115,200,1982,2.4
115,210,1975,0.44
115,210,1976,5.0
115,210,1977,10.0
115,210,2024,12.0
115,220,2013,6.5
115,225,1986,3.75
115,230,1999,20.55
115,235,1987,0.76
115,255,2000,2.0
115,750,2015,2.85
130,2,1953,10.24
130,2,1955,0.72
130,2,1956,6.0
130,2,1958,12.8
130,2,1960,65.5
130,2,1963,3.0
130,2,1964,3.0
130,2,1965,28.519999999999996
130,2,1966,8.75
130,2,1967,21.369999999999997
130,2,1968,5.1
130,2,1969,0.7
130,2,1970,4.7
130,2,1971,2.3
130,2,1973,5.4
130,2,1974,1.92
130,2,1975,4.7
130,2,1976,60.0
130,2,1977,98.89
130,2,1978,21.91
130,2,1979,12.0
130,2,1980,133.35
130,2,1981,5.7
130,2,1982,8.5
130,2,1983,11.899999999999999
130,2,1984,34.8
130,2,1985,8.0
130,2,1987,18.35
130,2,1988,16.5
130,2,1989,2.0
130,2,1990,3.36
130,2,1991,21.0
130,2,1993,18.4
130,2,1994,4.0
130,2,1995,22.0
130,2,1997,43.0
130,2,1998,5.8
130,2,2002,0.3
130,2,2005,2.0
130,2,2009,0.5
130,2,2010,9.81
130,2,2014,2.56
130,2,2021,1.3
130,2,2023,1.28
130,2,2024,11.68
130,2,2025,9.780000000000001
130,20,1976,26.44
130,20,1980,13.22
130,20,1986,13.22
130,20,2010,7.0
130,20,2011,2.0
130,20,2012,0.96
130,20,2013,0.96
130,20,2014,4.5
130,70,2019,0.9
130,95,2019,0.9
130,101,2009,40.16
130,140,1984,26.509999999999998
130,140,2006,17.0
130,140,2010,63.0
130,140,2011,18.0
130,155,2002,1.12
130,155,2008,100.0
130,155,2022,8.0
130,160,1995,5.35
130,200,1954,14.4
130,200,1955,123.61
130,200,1971,2.5
130,200,1973,10.0
130,200,1974,10.0
130,200,1975,10.0
130,200,1976,10.0
130,200,1977,156.0
130,200,1981,7.2
130,200,1982,27.2
130,200,1987,7.5
130,200,1988,7.5
130,200,1991,100.0
130,200,1992,4.0
130,200,2007,2.0
130,200,2011,4.0
130,200,2012,4.0
130,220,1971,30.4
130,220,1972,41.05
130,220,1974,1.9
130,220,1975,13.9
130,220,1976,82.77
130,220,1977,73.0
130,220,1978,44.25
130,220,1979,84.25
130,220,1980,90.5
130,220,1981,67.0
130,220,1982,131.35
130,220,1983,54.75
130,220,1984,47.0
130,220,1985,14.5
130,220,1986,6.9
130,220,1991,15.0
130,220,1996,3.0
130,220,1997,9.0
130,220,1998,9.75
130,220,2011,2.6
130,220,2012,7.6
130,220,2013,2.6
130,220,2014,7.6
130,220,2015,1.3
130,220,2018,2.6
130,220,2025,16.0
130,225,1975,2.4
130,225,1976,2.5
130,225,1977,5.0
130,225,1980,39.0
130,225,1981,39.0
130,225,1988,1.6
130,230,1986,4.84
130,230,1989,18.0
130,230,2005,33.6
130,230,2006,30.0
130,230,2014,37.5
130,230,2015,26.0
130,230,2016,26.0
130,235,1971,3.4
130,255,1994,4.8
130,255,1995,9.6
130,255,2020,7.7
130,255,2021,14.2
130,255,2022,0.8
130,260,1971,46.5
130,260,1976,44.0
130,260,1977,246.0
130,260,1978,158.0
130,260,1982,6.0
130,260,1983,18.0
130,260,1984,12.0
130,290,2018,2.75
130,317,1995,2.16
130,325,1979,10.8
130,325,1982,82.88
130,325,1983,231.06
130,325,1984,157.06
130,325,2010,2.5
130,325,2011,5.0
130,365,1997,50.75
130,365,1998,15.54
130,365,2008,2.0
130,365,2009,2.0
130,365,2011,14.5
130,369,2001,32.0
130,560,2011,24.0
130,560,2012,72.0
130,560,2024,1.92
130,560,2025,0.64
130,640,2023,6.0
130,666,1974,8.25
130,666,1975,11.25
130,666,1977,2.75
130,666,1980,10.0
130,666,1982,32.400000000000006
130,666,1983,44.2
130,666,1984,44.2
130,666,1986,4.8
130,666,1996,26.200000000000003
130,666,1999,26.970000000000002
130,666,2000,9.4
130,666,2001,8.55
130,666,2005,3.0
130,666,2009,7.2
130,666,2024,4.95
130,666,2025,3.63
130,710,1994,4.1
130,710,2006,0.38
130,710,2010,7.8
130,732,2020,12.0
130,750,2009,27.0
135,2,1952,84.74
135,2,1953,16.8
135,2,1954,110.62
135,2,1955,34.6
135,2,1956,46.54
135,2,1957,88.55000000000001
135,2,1958,29.94
135,2,1959,36.54
135,2,1960,68.24
135,2,1961,95.72
135,2,1962,14.32
135,2,1963,20.16
135,2,1964,6.0
135,2,1965,27.92
135,2,1966,47.0
135,2,1967,3.74
135,2,1968,3.16
135,2,1969,2.7
135,2,1970,22.5
135,2,1971,3.4400000000000004
135,2,1972,10.280000000000001
135,2,1973,44.7
135,2,1974,53.870000000000005
135,2,1975,225.1
135,2,1976,193.26
135,2,1977,42.7
135,2,1978,43.4
135,2,1979,39.08
135,2,1980,56.0
135,2,1981,22.66
135,2,1983,78.23
135,2,1984,37.0
135,2,1985,59.23
135,2,1986,11.1
135,2,1987,39.2
135,2,1988,108.78
135,2,1991,15.0
135,2,1992,12.0
135,2,1993,2.5
135,2,1996,24.0
135,2,1997,4.48
135,2,1998,12.0
135,2,1999,1.2
135,2,2001,1.0
135,2,2002,14.0
135,2,2003,21.7
135,2,2004,46.5
135,2,2005,24.8
135,2,2006,21.7
135,2,2009,1.9
135,2,2010,4.8
135,2,2011,7.02
135,2,2013,2.8
135,2,2015,10.45
135,2,2017,3.0
135,2,2020,0.5
135,2,2021,0.5
135,2,2022,13.739999999999998
135,2,2024,1.0
135,2,2025,0.5
135,20,1950,1.52
135,20,1965,0.76
135,20,1966,7.5
135,20,1971,115.76
135,20,1972,115.76
135,20,1973,7.5
135,20,1977,2.5
135,20,1978,2.5
135,20,1986,5.0
135,20,1987,22.0
135,20,1991,3.5
135,20,2011,2.5
135,20,2012,5.0
135,20,2013,10.0
135,20,2014,13.9
135,20,2015,4.5
135,20,2016,9.3
135,20,2017,1.4
135,93,1992,73.82000000000001
135,93,1993,14.62
135,100,2020,4.4
135,140,1987,38.0
135,140,1991,19.0
135,140,1993,7.95
135,200,1951,24.0
135,200,1956,100.8
135,200,1957,28.8
135,200,1959,130.6
135,200,1960,119.0
135,200,1964,11.8
135,200,1965,23.6
135,200,1966,10.2
135,200,1967,10.2
135,200,1969,33.66
135,200,1971,3.6
135,200,1973,197.93
135,200,1975,10.8
135,200,1976,10.8
135,200,1977,12.3
135,200,1978,8.7
135,200,1981,2.4
135,200,1982,4.0
135,200,1987,10.6
135,200,1995,16.0
135,200,2013,2.0
135,200,2014,2.0
135,210,1973,140.0
135,210,1977,239.5
135,210,1978,58.5
135,210,1980,156.0
135,210,1981,156.0
135,210,1982,52.0
135,210,1988,34.0
135,210,2010,24.0
135,210,2014,63.6
135,210,2015,6.0
135,220,1956,27.7
135,220,1960,3.5
135,220,1963,3.8
135,220,1968,184.65
135,220,1969,54.599999999999994
135,220,1973,11.25
135,220,1974,155.85
135,220,1975,3.6
135,220,1976,119.6
135,220,1977,9.6
135,220,1979,11.25
135,220,1980,213.75
135,220,1981,245.0
135,220,1984,52.3
135,220,1985,90.95
135,220,1986,158.7
135,220,1987,115.5
135,220,1989,3.9
135,220,1992,6.75
135,220,1996,0.44
135,220,1997,3.96
135,220,1998,11.85
135,220,2014,8.0
135,220,2015,8.0
135,220,2016,50.0
135,225,1969,5.4
135,225,1970,5.4
135,225,1971,4.8
135,225,1972,4.8
135,225,1973,4.8
135,225,1981,20.8
135,225,1982,20.8
135,230,1972,17.75
135,230,1973,18.0
135,230,1987,9.9
135,230,2020,22.4
135,230,2023,22.4
135,235,1978,1.0
135,235,1979,2.0
135,255,2000,18.0
135,255,2009,13.2
135,255,2021,1.2
135,255,2025,0.48
135,260,1971,23.5
135,260,1972,16.5
135,260,1974,140.0
135,260,1975,140.0
135,260,1980,140.0
135,260,1981,140.0
135,260,1982,140.0
135,260,1983,146.0
135,260,1984,4.8
135,260,1989,7.2
135,290,2001,1.6
135,310,1993,18.0
135,310,1995,6.0
135,316,1998,1.44
135,316,1999,1.2
135,325,1971,5.4
135,325,1976,6.0
135,325,1977,6.0
135,325,1978,110.0
135,325,1979,30.639999999999986
135,325,1980,17.7
135,325,1981,53.7
135,325,1982,53.7
135,325,1983,2.7
135,325,1984,24.69999999999999
135,325,1985,2.7
135,325,1986,2.52
135,325,1987,24.339999999999975
135,325,1988,21.5
135,325,1990,2.75
135,325,1991,30.25
135,325,1998,6.6
135,325,2005,343.2
135,325,2006,171.6
135,325,2007,171.6
135,325,2015,58.0
135,325,2017,16.0
135,325,2018,10.0
135,345,1973,27.0
135,352,1996,33.6
135,355,1994,11.2
135,355,1995,1.47
135,355,1996,16.52
135,365,1970,7.2
135,365,1972,24.0
135,365,1973,24.96
135,365,1974,211.58
135,365,1975,175.0
135,365,1976,43.75
135,365,1977,620.35
135,365,1978,524.1999999999999
135,365,1979,76.2
135,365,1980,92.2
135,365,1981,216.2
135,365,1983,92.75
135,365,1984,1.0
135,365,1985,62.0
135,365,1986,72.5
135,365,1987,110.0
135,365,1988,77.0
135,365,1990,101.5
135,365,1992,29.0
135,365,1995,23.3
135,365,1996,33.4
135,365,1997,11.0
135,365,1998,3.0
135,365,1999,92.25
135,365,2001,6.62
135,365,2009,11.52
135,365,2011,61.5
135,367,1994,8.8
135,369,1994,155.0
135,370,1997,353.07
135,370,1998,15.75
135,370,2002,2.07
135,385,1959,8.0
135,390,2018,2.4
135,390,2025,2.4
135,560,1991,32.9
135,560,1992,0.8
135,560,1998,0.2
135,666,1998,1.0
135,666,2009,15.48
135,666,2015,2.16
135,666,2016,9.18
135,710,1991,7.5
135,710,1992,7.5
135,710,2009,0.8
135,710,2010,1.2
135,710,2015,16.2
135,732,2010,16.0
135,732,2016,60.00000000000001
135,732,2021,60.0
135,732,2025,1.7999999999999972
135,920,2016,6.15
135,920,2018,6.0
135,920,2022,24.0
140,2,1951,259.2
140,2,1953,27.6
140,2,1954,6.96
140,2,1955,52.56
140,2,1956,13.8
140,2,1957,92.18
140,2,1958,115.0
140,2,1959,125.29
140,2,1960,63.15
140,2,1961,190.75
140,2,1962,44.84
140,2,1963,83.64
140,2,1964,25.4
140,2,1965,146.99
140,2,1966,53.6
140,2,1967,217.52
140,2,1968,140.04
140,2,1969,32.300000000000004
140,2,1970,67.39999999999999
140,2,1971,80.61
140,2,1972,320.35
140,2,1973,362.6
140,2,1974,142.34
140,2,1975,442.44
140,2,1976,188.82
140,2,1977,14.43
140,2,1978,95.5
140,2,1979,14.5
140,2,1980,14.25
140,2,1985,20.0
140,2,1986,31.200000000000003
140,2,1987,97.9
140,2,1988,44.0
140,2,1989,333.2
140,2,1990,39.0
140,2,1991,23.8
140,2,1992,14.0
140,2,1993,7.0
140,2,1994,37.17
140,2,1995,10.5
140,2,1996,55.980000000000004
140,2,1997,141.47
140,2,1999,11.0
140,2,2000,22.0
140,2,2001,111.4
140,2,2002,70.3
140,2,2003,7.8
140,2,2004,20.0
140,2,2005,18.0
140,2,2006,18.5
140,2,2007,18.5
140,2,2008,33.0
140,2,2010,16.0
140,2,2011,76.41
140,2,2012,127.11
140,2,2013,67.61
140,2,2014,11.2
140,2,2015,36.0
140,2,2016,31.0
140,2,2017,6.800000000000001
140,2,2018,50.4
140,2,2019,36.8
140,2,2020,16.5
140,2,2021,26.5
140,2,2022,11.0
140,2,2023,25.5
140,2,2024,9.219999999999999
140,2,2025,21.75
140,20,1961,12.0
140,20,1968,92.54
140,20,1969,66.1
140,20,1970,145.42
140,20,1971,13.22
140,20,1983,3.5
140,20,1984,7.0
140,20,1985,7.0
140,20,1986,7.0
140,20,1987,7.0
140,20,1988,7.0
140,20,1989,7.0
140,20,1990,7.0
140,20,1991,6.3
140,20,2000,1.44
140,20,2002,10.0
140,20,2003,6.0
140,20,2004,6.0
140,20,2005,6.0
140,20,2006,12.0
140,20,2007,13.08
140,20,2008,9.0
140,20,2009,9.0
140,20,2010,5.0
140,20,2011,5.0
140,20,2012,2.5
140,20,2017,1.5
140,20,2019,1.5
140,20,2020,1.5
140,200,1953,105.0
140,200,1954,105.0
140,200,1958,0.7
140,200,1960,123.6
140,200,1962,17.0
140,200,1963,34.0
140,200,1965,2.4
140,200,1966,3.6
140,200,1967,0.4
140,200,1969,3.0
140,200,1971,2.0
140,200,1972,8.4
140,200,1973,83.8
140,200,1974,59.8
140,200,1975,8.8
140,200,1976,9.599999999999994
140,200,1977,181.20000000000005
140,200,1978,81.60000000000002
140,200,1979,9.840000000000003
140,200,1980,5.760000000000019
140,200,1981,5.39
140,200,1982,4.0
140,200,1983,1.2
140,200,1986,6.0
140,200,1987,6.0
140,200,1989,24.15
140,200,1990,16.8
140,200,1991,26.549999999999997
140,200,1992,28.950000000000003
140,200,1993,16.8
140,200,1994,26.549999999999997
140,200,1995,175.2
140,200,1996,289.3
140,200,1997,263.5
140,200,1998,44.8
140,200,1999,14.399999999999999
140,200,2002,7.2
140,200,2007,20.0
140,200,2009,20.0
140,200,2012,90.5
140,200,2013,47.05
140,200,2015,2.0
140,200,2016,2.0
140,200,2017,2.0
140,200,2018,138.0
140,200,2019,2.0
140,200,2020,14.5
140,200,2021,20.0
140,200,2022,12.0
140,200,2023,7.5
140,200,2024,10.5
140,200,2025,5.0
140,205,2022,46.0
140,210,1955,250.0
140,210,1997,1.19
140,211,1997,23.52
140,211,1998,22.68
140,211,1999,48.88
140,211,2000,34.22
140,211,2001,6.2
140,220,1960,45.0
140,220,1961,9.0
140,220,1963,8.4
140,220,1968,3.0
140,220,1969,4.0
140,220,1972,97.5
140,220,1973,99.25
140,220,1974,2.26
140,220,1975,34.75
140,220,1976,24.0
140,220,1978,22.5
140,220,1979,7.5
140,220,1980,14.399999999999999
140,220,1981,36.0
140,220,1982,27.0
140,220,1983,27.0
140,220,1984,36.6
140,220,1985,40.5
140,220,1986,34.5
140,220,1987,78.0
140,220,1988,59.84
140,220,1989,125.93
140,220,1991,54.75
140,220,1993,3.9000000000000004
140,220,1994,20.5
140,220,1995,20.7
140,220,1996,7.27
140,220,1997,19.939999999999998
140,220,1998,17.02
140,220,1999,12.719999999999999
140,220,2000,7.2
140,220,2001,408.5
140,220,2002,14.5
140,220,2003,21.75
140,220,2004,21.75
140,220,2005,0.97
140,220,2006,58.4
140,220,2007,58.4
140,220,2008,58.08
140,220,2010,9.0
140,220,2015,40.0
140,220,2020,2.3999999999999986
140,220,2022,14.699999999999989
140,220,2023,31.5
140,220,2024,31.5
140,220,2025,31.5
140,225,1963,1.44
140,225,1971,14.25
140,225,1972,14.25
140,225,1977,21.0
140,225,1978,24.5
140,225,1979,21.0
140,225,1985,5.0
140,225,1986,5.0
140,225,1987,5.0
140,225,1988,5.0
140,225,1989,5.0
140,225,1990,5.0
140,225,1991,10.0
140,225,1992,10.0
140,225,1993,5.0
140,225,1994,5.0
140,225,1995,5.0
140,225,2007,1.75
140,225,2008,0.7
140,225,2009,1.75
140,225,2014,3.0000000000000004
140,225,2016,3.0
140,225,2018,3.0
140,225,2019,9.0
140,230,2006,50.0
140,230,2007,50.0
140,230,2008,25.0
140,230,2009,25.0
140,230,2017,12.5
140,230,2019,12.5
140,230,2020,12.5
140,255,1990,0.2
140,255,1991,7.6
140,255,1992,7.5
140,255,1993,0.05
140,255,1994,7.400000000000006
140,255,1995,31.799999999999997
140,255,1996,10.599999999999994
140,255,1999,21.19999999999999
140,255,2008,3.0
140,255,2009,45.769999999999996
140,255,2010,83.2
140,255,2011,104.0
140,255,2012,15.27
140,255,2013,36.0
140,255,2014,46.8
140,255,2015,39.6
140,255,2022,1.0
140,255,2024,1.0
140,255,2025,1.0
140,260,1969,2.5
140,260,1971,30.08
140,260,1972,30.0
140,260,1973,0.96
140,260,1974,0.02
140,260,1975,0.17
140,260,1976,36.17
140,260,1977,6.17
140,260,1978,35.17
140,260,1979,29.17
140,260,1980,6.17
140,260,1981,0.16999999999999993
140,260,1982,0.25
140,260,1983,0.3
140,260,1984,0.35
140,260,1985,0.38
140,260,1986,0.3
140,260,1987,0.28
140,260,1988,0.28
140,260,1989,7.6200000000000045
140,305,2001,12.65
140,316,2017,0.8
140,316,2018,0.8
140,316,2019,0.8
140,316,2020,0.8
140,316,2021,0.4
140,325,1976,4.4999999999999964
140,325,1977,4.5
140,325,1978,9.0
140,325,1979,4.5000000000000036
140,325,1980,4.5
140,325,1983,40.0
140,325,1984,56.0
140,325,1986,12.0
140,325,1988,5.0
140,325,1989,7.25
140,325,1990,5.0
140,325,1991,2.25
140,325,1992,2.25
140,325,1994,2.25
140,325,1995,8.1
140,325,1997,4.5
140,325,2001,23.5
140,325,2002,28.5
140,325,2003,14.5
140,325,2004,37.5
140,325,2005,28.0
140,325,2006,6.0
140,325,2007,6.0
140,325,2008,16.5
140,325,2009,7.0
140,325,2010,9.25
140,325,2011,8.25
140,325,2012,4.0
140,325,2013,3.0000000000000004
140,325,2014,1.0
140,325,2017,2.0
140,325,2019,2.5
140,325,2020,3.5
140,325,2021,8.999999999999996
140,325,2022,2.5
140,325,2023,5.5
140,325,2024,3.5
140,325,2025,4.5
140,365,1994,8.96
140,365,2010,76.96
140,365,2011,17.6
140,365,2012,35.94
140,365,2014,34.5
140,365,2015,5.6
140,365,2016,4.8
140,375,1991,3.0
140,380,1975,0.6
140,380,1976,4.1
140,380,1977,4.1
140,380,1978,7.6
140,380,1979,3.5
140,380,1980,3.5
140,380,1982,0.1899999999999995
140,380,1986,6.5
140,380,1987,6.0
140,380,1995,3.25
140,380,1996,4.25
140,380,1997,1.0
140,380,2002,90.0
140,380,2003,60.0
140,380,2014,4.5
140,380,2015,1.8
140,380,2016,0.9
140,380,2017,0.8
140,380,2019,2.0
140,380,2020,1.2000000000000028
140,380,2021,0.7999999999999972
140,380,2024,4.0
140,385,2012,3.2
140,385,2015,8.0
140,390,2012,9.5
140,390,2013,4.75
140,560,2006,13.2
140,663,2008,12.6
140,666,1982,8.38
140,666,1995,2.0
140,666,1998,11.0
140,666,1999,11.0
140,666,2000,11.0
140,666,2001,11.0
140,666,2006,20.0
140,666,2007,20.0
140,666,2008,20.0
140,666,2009,7.8
140,666,2010,20.599999999999998
140,666,2011,18.8
140,666,2012,18.3
140,666,2013,17.3
140,666,2014,21.8
140,666,2015,14.9
140,666,2016,10.0
140,666,2017,12.500000000000002
140,666,2018,10.0
140,666,2019,4.5
140,666,2020,4.5
140,666,2021,1.9999999999999998
140,666,2022,2.0
140,666,2024,9.0
140,690,1998,94.8
140,740,1955,76.0
140,740,1956,38.0
140,740,1957,38.0
140,900,1976,6.0
140,900,1977,6.0
140,900,1978,6.0
140,900,1979,6.0
140,900,1980,6.0
145,2,1951,6.0
145,2,1954,1.5
145,2,1958,25.87
145,2,1959,3.2
145,2,1961,4.2
145,2,1962,2.0
145,2,1963,4.0
145,2,1964,2.1
145,2,1965,1.68
145,2,1966,1.18
145,2,1967,14.4
145,2,1968,13.700000000000001
145,2,1969,1.23
145,2,1970,2.35
145,2,1971,0.9299999999999999
145,2,1972,12.35
145,2,1973,15.55
145,2,1974,4.8100000000000005
145,2,1975,2.35
145,2,1976,16.3
145,2,1977,0.75
145,2,1978,3.95
145,2,1979,3.89
145,2,1980,0.75
145,2,1981,5.27
145,2,1982,1.36
145,2,1985,6.29
145,2,1986,6.29
145,2,1988,56.019999999999996
145,2,1989,60.72
145,2,1991,10.54
145,2,1992,8.5
145,2,1993,12.75
145,2,1994,9.2
145,2,1999,9.2
145,2,2000,18.4
145,2,2011,0.5
145,2,2012,1.0
145,2,2014,5.7
145,2,2024,0.1
145,20,1974,15.0
145,20,1978,5.0
145,20,1979,4.2
145,20,1981,4.2
145,93,1989,1.52
145,101,1975,12.6
145,101,2004,0.61
145,101,2006,6.56
145,101,2008,2.9
145,140,1974,2.9
145,140,1979,11.940000000000001
145,140,1980,11.940000000000001
145,140,1981,2.25
145,140,1986,3.15
145,140,1992,0.84
145,140,2005,0.58
145,140,2012,4.19
145,160,2006,2.22
145,165,1960,6.4
145,165,2000,0.84
145,200,2019,8.0
145,211,1982,0.3
145,220,1975,2.25
145,220,1979,7.5
145,220,1980,11.0
145,220,1985,12.0
145,220,1986,6.0
145,220,2009,2.6
145,220,2014,14.5
145,220,2016,21.75
145,220,2017,7.25
145,220,2019,26.0
145,220,2020,26.0
145,225,1968,2.88
145,225,1979,15.0
145,225,1981,15.0
145,230,1989,3.8
145,230,1992,3.8
145,230,2007,1.52
145,230,2009,3.04
145,255,2012,6.5
145,255,2014,6.5
145,305,1978,1.8
145,305,1979,9.15
145,305,1980,16.15
145,305,2010,1.35
145,316,2016,0.9
145,325,1981,1.44
145,369,2011,3.6
145,710,1992,12.24
145,710,1993,3.24
145,710,1995,1.5
145,710,2003,5.0
145,710,2011,21.0
145,710,2014,19.5
145,710,2016,4.65
145,710,2018,1.5
145,713,1979,1.0
150,2,1950,5.0
150,2,1952,1.2
150,2,1953,0.6
150,2,1955,0.48
150,2,1960,7.52
150,2,1962,5.36
150,2,1963,0.36
150,2,1964,4.36
150,2,1965,1.27
150,2,1966,1.4100000000000001
150,2,1967,5.0
150,2,1968,1.0
150,2,1970,0.32
150,2,1971,0.77
150,2,1972,1.15
150,2,1973,0.38
150,2,1975,0.48
150,2,1976,2.0
150,2,1978,1.0
150,2,1981,2.0
150,2,2011,1.0
150,2,2012,1.1
150,2,2013,0.1
150,2,2021,2.0
150,20,1988,2.1
150,20,2025,2.0
150,140,1960,1.64
150,140,1971,0.38
150,140,1975,19.12
150,140,1978,7.05
150,140,1980,14.1
150,140,1981,2.35
150,140,1984,3.08
150,140,1985,35.66
150,140,1986,5.54
150,140,1988,11.4
150,140,2005,0.58
150,140,2010,2.7
150,140,2025,18.0
150,155,1980,0.38
150,155,1983,0.48
150,155,1991,2.8
150,155,1992,0.84
150,160,1962,6.0
150,160,1964,4.0
150,160,1967,0.24
150,160,1968,8.0
150,160,1972,10.88
150,160,1976,1.0
150,160,1979,1.0
150,160,1980,1.08
150,160,1982,2.02
150,160,2011,1.2
150,200,1978,1.2
150,200,1980,2.4
150,200,1981,0.4
150,210,1974,0.61
150,230,2004,3.8
150,560,1982,1.0
150,666,2011,6.0
150,666,2012,6.0
150,713,1990,6.0
150,713,1996,2.1
150,713,2001,6.29
150,713,2019,2.1
150,713,2021,3.14
150,713,2025,4.19
155,2,1950,1.3
155,2,1951,246.84
155,2,1952,28.79
155,2,1953,10.22
155,2,1954,30.8
155,2,1955,5.0
155,2,1956,16.46
155,2,1957,28.48
155,2,1958,50.400000000000006
155,2,1959,2.0
155,2,1960,28.4
155,2,1961,35.06
155,2,1962,19.48
155,2,1963,117.22
155,2,1964,25.02
155,2,1965,29.2
155,2,1966,59.94
155,2,1968,0.4900000000000002
155,2,1969,4.0
155,2,1970,77.0
155,2,1971,17.2
155,2,1972,43.4
155,2,1973,65.55
155,2,1974,113.06
155,2,1975,172.5
155,2,1976,206.8
155,2,1977,0.14
155,2,1978,11.8
155,2,1979,5.35
155,2,1980,9.7
155,2,1982,18.9
155,2,1983,2.4
155,2,1984,13.75
155,2,1985,4.0
155,2,1986,5.2
155,2,1987,5.8
155,2,1988,5.55
155,2,1989,10.3
155,2,1990,3.8
155,2,1991,11.0
155,2,1992,68.49000000000001
155,2,1993,25.889999999999997
155,2,1994,17.4
155,2,1995,31.37
155,2,1996,9.65
155,2,1997,5.04
155,2,1998,17.35
155,2,1999,12.540000000000001
155,2,2000,18.88
155,2,2001,14.100000000000001
155,2,2003,7.5
155,2,2004,15.8
155,2,2006,253.0
155,2,2007,79.1
155,2,2009,30.0
155,2,2010,132.3
155,2,2011,39.0
155,2,2012,38.1
155,2,2013,29.4
155,2,2014,61.0
155,2,2015,80.7
155,2,2016,18.2
155,2,2017,0.4
155,2,2018,43.5
155,2,2019,0.88
155,2,2021,22.599999999999998
155,20,1952,3.04
155,20,1957,4.0
155,20,1961,3.2
155,20,1967,20.0
155,20,1977,15.0
155,20,1980,16.72
155,20,1995,20.0
155,20,2009,2.0
155,20,2010,5.5
155,20,2011,3.0
155,20,2018,3.0
155,20,2020,2.0
155,70,1991,8.0
155,140,1974,8.64
155,140,1975,13.92
155,140,1976,19.47
155,140,1977,11.52
155,140,1978,43.239999999999995
155,140,1979,17.6
155,140,2006,3.9
155,140,2007,1.3
155,140,2009,18.0
155,140,2010,36.0
155,140,2018,27.0
155,140,2020,18.0
155,200,1954,11.25
155,200,1960,280.0
155,200,1964,2.0
155,200,1968,47.52
155,200,1969,7.92
155,200,1971,31.68
155,200,1972,5.4
155,200,1973,126.4
155,200,1974,145.08
155,200,1976,150.0
155,200,1982,197.32999999999998
155,200,1983,7.5
155,200,1984,121.9
155,200,1986,127.15
155,200,1987,123.4
155,200,1988,6.0
155,200,1990,50.0
155,200,1992,50.0
155,200,1994,6.0
155,200,1995,3.98
155,200,1996,2.4
155,200,1999,22.0
155,200,2000,33.0
155,200,2001,33.0
155,200,2002,33.0
155,200,2003,167.0
155,200,2004,22.0
155,200,2006,124.0
155,200,2007,149.0
155,200,2008,149.0
155,200,2012,5.8
155,200,2013,0.6
155,200,2020,26.25
155,200,2021,26.25
155,200,2022,200.0
155,205,2008,1.3
155,205,2009,1.3
155,205,2010,1.3
155,205,2011,1.3
155,210,1959,17.5
155,210,1964,6.0
155,210,1991,8.0
155,210,1992,8.0
155,210,1999,160.02
155,210,2000,138.11
155,210,2002,9.08
155,210,2005,122.88
155,210,2006,322.26
155,210,2007,288.94
155,210,2008,5.58
155,210,2010,68.4
155,210,2011,137.52
155,211,1995,139.73000000000002
155,211,1996,31.28
155,211,2006,50.04
155,211,2009,2.52
155,220,1956,50.0
155,220,1972,1.9
155,220,1973,86.22
155,220,1974,5.25
155,220,1975,9.0
155,220,1976,3.0
155,220,1977,7.75
155,220,1978,23.5
155,220,1980,82.0
155,220,1981,111.0
155,220,1982,100.6
155,220,1983,85.75
155,220,1984,14.5
155,220,1987,6.93
155,220,1989,30.0
155,220,1990,17.0
155,220,1991,44.0
155,220,1992,21.5
155,220,1993,21.5
155,220,1994,6.75
155,220,1995,47.95
155,220,1996,26.0
155,220,1997,159.0
155,220,1998,16.919999999999998
155,220,1999,10.1
155,220,2000,4.5
155,220,2002,2.6
155,220,2003,1.3
155,220,2004,13.5
155,220,2005,299.52
155,220,2006,1.3
155,220,2008,3.9
155,220,2009,47.4
155,220,2010,15.1
155,220,2011,60.92
155,220,2012,6.0
155,220,2013,13.9
155,220,2014,20.25
155,220,2015,24.0
155,220,2016,50.25
155,220,2020,1.3
155,220,2021,2.6
155,220,2022,1.3
155,220,2023,1.3
155,220,2024,13.5
155,220,2025,13.5
155,225,1967,1.8
155,225,1969,1.5
155,225,1971,4.8
155,225,1980,12.5
155,225,1992,10.0
155,225,2006,17.42
155,230,1965,14.06
155,230,1966,14.06
155,230,1978,38.0
155,230,1989,9.0
155,230,1990,18.0
155,230,1994,7.599999999999999
155,230,1997,20.400000000000002
155,230,2001,4.0
155,230,2006,299.52
155,230,2008,4.98
155,230,2010,22.0
155,230,2011,56.0
155,235,2008,24.0
155,255,1990,17.1
155,255,1991,2.4
155,255,1997,44.0
155,255,1998,44.0
155,255,2000,28.8
155,255,2005,0.48
155,255,2006,0.48
155,255,2007,86.4
155,255,2008,120.0
155,255,2009,136.12
155,255,2010,161.83999999999997
155,255,2011,9.76
155,255,2012,7.8
155,255,2019,15.0
155,255,2020,15.0
155,255,2021,15.0
155,260,1974,0.12
155,260,1975,0.16
155,260,1976,7.36
155,260,1977,33.16
155,260,1978,42.33
155,260,1979,71.0
155,260,1980,3.6
155,260,1984,340.0
155,260,1986,1.2
155,260,1989,7.2
155,325,1963,5.4
155,325,1964,5.4
155,325,1965,5.4
155,325,2002,11.4
155,325,2005,16.0
155,325,2006,14.4
155,325,2007,40.0
155,325,2008,40.0
155,325,2009,42.75
155,325,2010,9.6
155,325,2016,1.4
155,325,2017,1.05
155,375,2008,3.0
155,375,2009,3.0
155,375,2014,3.0
155,375,2017,3.0
155,380,1971,120.0
155,380,1996,34.54
155,385,2014,15.0
155,385,2015,30.0
155,390,1967,128.0
155,390,1988,16.0
155,560,1992,9.52
155,666,1977,4.0
155,666,1978,33.2
155,666,1979,53.4
155,666,1980,23.0
155,666,1981,32.4
155,666,1984,16.5
155,666,1985,16.5
155,666,1986,4.6
155,666,1988,2.0
155,666,1989,57.6
155,666,1990,9.0
155,666,1991,4.0
155,666,1992,6.2
155,666,1993,29.7
155,666,1994,35.7
155,666,1995,78.7
155,666,1996,50.7
155,666,1997,40.2
155,666,2000,6.0
155,666,2001,6.8
155,666,2002,18.8
155,666,2003,12.0
155,666,2004,12.5
155,666,2005,7.5
155,666,2006,10.9
155,666,2007,14.3
155,666,2008,6.8
155,666,2009,9.8
155,666,2010,21.8
155,666,2011,18.4
155,666,2012,3.0
155,666,2013,9.0
155,690,1980,2.88
155,692,2001,2.0
155,732,1991,9.6
155,732,2022,1.4
155,732,2023,1.4
155,732,2025,0.98
155,900,2020,241.92
155,920,2022,4.5
155,920,2023,6.5
160,2,1950,80.03999999999999
160,2,1951,444.68
160,2,1952,37.79
160,2,1953,3.72
160,2,1954,4.5
160,2,1955,0.3
160,2,1956,38.5
160,2,1957,11.25
160,2,1958,62.96
160,2,1959,24.5
160,2,1960,94.53999999999999
160,2,1961,176.51
160,2,1962,29.64
160,2,1963,12.5
160,2,1964,2.1
160,2,1965,1.9
160,2,1966,60.38
160,2,1967,123.94
160,2,1968,91.15
160,2,1969,30.62
160,2,1970,157.01999999999998
160,2,1971,241.95
160,2,1972,306.71
160,2,1973,131.07
160,2,1974,68.2
160,2,1975,132.88
160,2,1976,155.26
160,2,1977,99.10000000000001
160,2,1978,135.12
160,2,1979,95.06
160,2,1980,75.0
160,2,1981,32.86
160,2,1982,4.3
160,2,1983,28.0
160,2,1984,10.0
160,2,1985,10.0
160,2,1987,8.0
160,2,1988,3.6
160,2,1989,3.6
160,2,1990,13.95
160,2,1992,26.689999999999998
160,2,1994,47.980000000000004
160,2,1995,28.0
160,2,1996,9.0
160,2,1997,82.28
160,2,1998,138.75
160,2,1999,196.78
160,2,2000,61.14
160,2,2001,5.54
160,2,2002,12.21
160,2,2003,11.21
160,2,2004,18.0
160,2,2007,5.24
160,2,2008,7.920000000000001
160,2,2009,11.52
160,2,2011,1.4
160,2,2012,4.5
160,2,2013,6.8
160,2,2015,14.500000000000002
160,2,2016,3.2000000000000006
160,2,2017,28.000000000000004
160,2,2018,8.0
160,2,2019,11.0
160,2,2020,3.9
160,2,2021,1.1400000000000001
160,2,2022,11.4
160,2,2023,16.52
160,2,2024,14.14
160,2,2025,9.5
160,20,1964,0.46
160,20,1965,1.28
160,20,1966,0.96
160,20,1968,12.5
160,20,1969,10.0
160,20,1987,5.25
160,20,1988,5.25
160,20,2017,12.0
160,20,2018,2.0
160,20,2019,2.0
160,135,1982,49.8
160,140,1961,12.0
160,140,1982,10.3
160,140,1983,12.1
160,140,1987,28.5
160,140,1988,28.5
160,140,2007,1.48
160,200,1959,120.0
160,200,1965,2.0
160,200,1968,42.95
160,200,1969,19.59
160,200,1970,40.66
160,200,1971,56.66
160,200,1975,20.0
160,200,1976,5.0
160,200,1977,6.5
160,200,1978,23.55
160,200,1979,5.5
160,200,1980,6.5
160,200,1981,9.149999999999977
160,200,1983,45.0
160,200,1984,15.0
160,200,1997,1.62
160,205,2021,13.2
160,210,1968,278.0
160,210,1969,56.0
160,210,1971,17.0
160,210,1974,12.0
160,210,1975,92.5
160,210,1977,18.5
160,210,1979,19.0
160,210,1980,5.0
160,210,1981,14.0
160,210,1983,92.0
160,210,1984,24.5
160,210,1985,12.5
160,210,1986,12.5
160,210,1987,12.5
160,210,1990,12.5
160,210,1999,9.0
160,210,2000,12.5
160,210,2004,12.5
160,220,1956,0.7
160,220,1958,3.8
160,220,1962,1.4000000000000004
160,220,1966,31.5
160,220,1967,14.0
160,220,1969,32.90999999999999
160,220,1970,15.199999999999996
160,220,1971,12.399999999999999
160,220,1972,62.900000000000006
160,220,1973,95.35
160,220,1974,2.0999999999999996
160,220,1975,6.399999999999999
160,220,1976,12.5
160,220,1977,16.75
160,220,1978,186.25
160,220,1979,96.05
160,220,1980,103.7
160,220,1981,181.92000000000002
160,220,1982,139.07
160,220,1983,92.31
160,220,1984,37.1
160,220,1985,4.2
160,220,1986,25.25
160,220,1995,3.25
160,220,1996,10.5
160,220,1999,60.0
160,220,2016,7.5
160,220,2019,35.2
160,220,2021,41.0
160,220,2022,20.5
160,225,1967,4.95
160,225,1968,4.95
160,225,1969,30.0
160,225,1979,108.75
160,225,1980,112.5
160,225,1981,108.75
160,225,2018,5.0
160,230,1982,25.0
160,230,1983,100.0
160,230,2007,5.2
160,230,2008,6.8
160,230,2009,3.4
160,230,2010,3.4
160,255,2013,1.6
160,255,2014,2.4
160,260,1970,2.5
160,260,1971,2.5
160,260,1973,2.0
160,260,1974,128.0
160,260,1981,20.0
160,260,1982,20.0
160,260,1983,726.0
160,260,1984,487.0
160,260,1985,245.0
160,260,1987,3.0
160,260,1988,3.0
160,305,1978,32.9
160,305,1979,32.2
160,305,1981,39.9
160,305,1986,7.5
160,305,2016,1.05
160,305,2024,0.6
160,325,1950,4.8
160,325,1969,14.1
160,325,1970,4.7
160,325,1974,5.0
160,325,1976,6.25
160,325,1977,48.4
160,325,1978,12.5
160,325,1979,23.3
160,325,1980,63.5
160,325,1981,12.5
160,325,1982,12.5
160,325,1983,86.75
160,325,1984,68.25
160,325,1985,17.5
160,325,1986,15.75
160,325,1987,36.5
160,325,1988,31.0
160,325,1989,2.5
160,325,1990,10.0
160,325,1995,2.16
160,325,1996,1.5
160,325,1998,6.0
160,325,1999,6.0
160,325,2000,9.0
160,325,2004,7.5
160,325,2016,1.98
160,325,2017,0.54
160,325,2018,4.2
160,325,2024,0.18
160,355,1983,2.0
160,365,1997,1.02
160,365,1998,0.34
160,365,2011,14.5
160,380,1974,1.0
160,380,1975,1.0
160,380,1984,2.4
160,380,2010,3.0
160,380,2022,5.0
160,380,2023,5.0
160,385,2024,30.0
160,385,2025,30.0
160,390,2021,19.0
160,390,2022,9.5
160,390,2025,68.4
160,666,1978,29.12
160,666,1979,47.2
160,666,1980,47.2
160,666,1981,47.800000000000004
160,666,1982,66.76
160,666,1983,44.6
160,666,1995,2.5
160,666,1997,2.5
160,666,1998,1.48
160,666,1999,3.98
160,666,2000,2.5
160,666,2002,2.5
160,710,2010,1.4
165,2,1950,68.36
165,2,1951,3.36
165,2,1952,38.44
165,2,1953,2.88
165,2,1954,1.0
165,2,1955,0.72
165,2,1956,13.12
165,2,1957,9.6
165,2,1958,3.24
165,2,1960,16.92
165,2,1961,0.48
165,2,1963,0.36
165,2,1964,2.48
165,2,1965,8.1
165,2,1966,6.22
165,2,1968,9.85
165,2,1969,11.7
165,2,1970,9.32
165,2,1971,15.57
165,2,1972,24.259999999999998
165,2,1973,5.61
165,2,1974,5.04
165,2,1976,40.0
165,2,1977,1.52
165,2,1979,1.86
165,2,1980,10.4
165,2,1981,11.45
165,2,1982,9.0
165,2,1988,16.0
165,2,1989,5.0
165,2,1990,3.12
165,2,1993,18.4
165,2,1994,9.2
165,2,1998,12.280000000000001
165,2,2021,1.48
165,2,2022,5.04
165,2,2024,2.8
165,2,2025,1.0
165,20,1952,0.38
165,20,1954,0.12
165,20,1955,1.08
165,20,1992,2.1
165,20,2008,2.4
165,20,2009,15.239999999999998
165,20,2020,0.28
165,40,1957,2.0
165,40,1958,6.0
165,130,2014,6.0
165,130,2018,2.16
165,140,1976,13.25
165,140,1978,2.65
165,140,1980,4.95
165,140,1983,2.24
165,140,1985,10.8
165,140,2006,0.86
165,140,2009,6.25
165,140,2018,7.2
165,140,2022,5.21
165,140,2024,2.5
165,155,1975,0.15
165,155,1978,0.2
165,155,1981,0.3
165,155,1992,6.8
165,155,2018,0.42
165,160,1970,0.2
165,160,1979,6.779999999999999
165,160,1981,25.8
165,160,1991,0.44
165,160,1994,0.44
165,160,2000,2.0
165,160,2002,2.0
165,200,1956,9.0
165,200,1978,5.0
165,200,1992,0.9
165,200,1994,0.9
165,200,1997,5.4
165,200,1998,4.5
165,200,1999,1.6
165,200,2002,1.8
165,200,2024,2.5
165,210,2005,2.96
165,211,1981,19.17
165,211,2008,0.3
165,220,1981,33.9
165,220,1985,1.0
165,220,1989,36.0
165,220,1990,36.0
165,220,1991,36.0
165,220,1998,6.5
165,220,2014,3.25
165,225,1992,7.5
165,230,1975,12.5
165,230,1982,3.8
165,230,1983,15.2
165,230,1991,1.29
165,230,2009,1.05
165,230,2010,20.0
165,230,2015,6.0
165,230,2020,22.4
165,235,2008,75.0
165,235,2015,6.8
165,255,1991,24.0
165,255,1992,8.0
165,255,2002,9.0
165,255,2005,17.02
165,255,2007,2.88
165,255,2024,0.17
165,260,1980,6.6
165,260,1981,5.5
165,290,1999,0.75
165,316,1995,11.88
165,316,1996,4.32
165,316,1998,4.2
165,316,1999,3.92
165,317,1999,1.44
165,325,1999,0.96
165,325,2000,2.16
165,325,2020,2.0
165,325,2021,2.0
165,365,2006,6.72
165,380,1991,1.76
165,380,2009,6.8
165,666,1997,13.5
165,732,1981,4.32
165,732,1982,2.4000000000000004
165,732,2024,4.8
165,740,1962,100.0
200,2,1950,93.6
200,2,1951,238.8
200,2,1952,520.8
200,2,1953,1534.5
200,2,1954,407.9
200,2,1955,86.4
200,2,1956,65.25
200,2,1957,32.25
200,2,1958,504.0
200,2,1959,508.0
200,2,1960,14.0
200,2,1961,8.0
200,2,1962,9.68
200,2,1963,5.680000000000007
200,2,1964,1.6800000000000068
200,2,1965,39.0
200,2,1966,97.5
200,2,1967,1248.5
200,2,1968,1381.0
200,2,1969,765.0
200,2,1971,65.39999999999999
200,2,1972,109.99999999999999
200,2,1973,122.50000000000001
200,2,1974,122.50000000000001
200,2,1975,115.89999999999999
200,2,1976,5.0
200,2,1977,19.630000000000024
200,2,1978,22.0
200,2,1979,25.0
200,2,1980,100.5
200,2,1981,355.25
200,2,1982,394.95000000000005
200,2,1983,79.80000000000001
200,2,1984,456.75
200,2,1985,129.7
200,2,1986,80.35000000000001
200,2,1987,83.77
200,2,1988,85.50000000000001
200,2,1989,56.0
200,2,1990,24.0
200,2,1991,762.0000000000001
200,2,1992,1028.19
200,2,1993,709.0
200,2,1994,359.1
200,2,1995,456.75
200,2,1996,460.1
200,2,1997,496.0
200,2,1998,532.0
200,2,1999,104.73
200,2,2000,757.4
200,2,2001,1001.0
200,2,2002,86.44999999999999
200,2,2003,136.49
200,2,2004,109.69
200,2,2005,3.0
200,2,2006,100.2
200,2,2007,133.20000000000002
200,2,2008,431.71999999999997
200,2,2009,222.49999999999997
200,2,2010,212.4
200,2,2011,123.50999999999999
200,2,2012,214.10000000000002
200,2,2013,258.84999999999997
200,2,2014,67.5
200,2,2015,212.0
200,2,2016,98.5
200,2,2017,214.5
200,2,2018,20.0
200,2,2019,125.0
200,2,2020,388.0
200,2,2021,507.5
200,2,2022,197.79999999999995
200,2,2023,26.19999999999999
200,2,2024,99.75
200,2,2025,69.27999999999997
200,20,1952,1.14
200,20,1953,5.32
200,20,1954,5.32
200,20,1955,5.32
200,20,1972,2.0
200,20,1973,3.0
200,20,1974,3.0
200,20,1975,3.0
200,20,1976,3.0
200,20,1977,2.0
200,20,1978,1.0
200,20,1979,1.0
200,20,1980,1.0
200,20,1981,1.0
200,20,2007,105.0
200,20,2018,5.0
200,20,2020,2.0
200,140,2017,6.9
200,140,2018,4.6
200,210,1987,30.0
200,210,1988,50.0
200,210,1989,50.0
200,210,2003,10.0
200,210,2004,10.0
200,210,2010,35.0
200,210,2011,15.0
200,210,2012,30.0
200,210,2013,30.0
200,210,2017,15.0
200,210,2019,15.0
200,211,2013,20.0
200,220,1957,15.4
200,220,1958,5.6
200,220,1959,4.9
200,220,1962,2.0
200,220,1963,4.5
200,220,1964,19.5
200,220,1965,34.5
200,220,1966,34.5
200,220,1967,30.0
200,220,1968,30.0
200,220,1969,15.0
200,220,1979,0.7999999999999972
200,220,1996,3.9
200,220,1997,15.6
200,220,1998,37.8
200,220,1999,24.0
200,220,2000,24.0
200,220,2001,20.0
200,220,2002,16.0
200,220,2009,69.0
200,220,2010,69.0
200,220,2011,69.0
200,220,2012,69.0
200,220,2013,69.0
200,220,2015,28.0
200,220,2016,28.0
200,220,2024,2.5
200,225,1966,8.0
200,225,1967,4.0
200,230,2020,13.0
200,255,1990,1.54
200,255,1992,8.0
200,255,1994,0.5
200,255,1999,2.0
200,255,2000,40.9
200,255,2001,3.0
200,255,2007,25.0
200,255,2009,1.1
200,255,2010,1.2
200,255,2016,7.95
200,255,2017,70.8
200,255,2018,15.41
200,255,2019,0.64
200,255,2020,17.35
200,255,2021,3.25
200,255,2022,10.92
200,255,2023,1.92
200,255,2024,25.279999999999998
200,255,2025,32.8
200,305,2008,1.2
200,305,2024,0.2
200,325,1961,9.0
200,325,1962,9.0
200,325,1963,9.0
200,325,1973,4.5
200,325,1974,9.0
200,325,1975,9.0
200,325,1976,9.0
200,325,1977,4.5
200,325,1984,7.5
200,325,1987,2.4
200,325,1998,200.0
200,359,2011,11.6
200,365,2005,1.33
200,365,2006,0.84
200,375,2017,6.0
200,375,2018,12.0
200,375,2019,6.0
200,380,1979,7.2
200,380,1986,65.0
200,380,2002,16.0
200,380,2003,8.0
200,380,2004,8.0
200,380,2008,7.5
200,380,2012,15.0
200,380,2013,22.5
200,380,2017,15.0
200,380,2018,15.0
200,380,2023,21.5
200,380,2024,27.0
200,380,2025,1.25
200,385,1991,65.0
200,385,2002,2.6
200,385,2003,7.8
200,385,2023,8.0
200,390,2006,4.75
200,490,1979,0.8
200,560,1997,0.9
200,560,1999,1.2
200,560,2004,14.4
200,666,2006,2.0
200,666,2007,75.24000000000001
200,666,2008,16.0
200,666,2010,7.5
200,666,2011,11.25
200,666,2012,21.25
200,666,2021,15.0
200,666,2022,75.0
200,666,2023,75.0
200,666,2024,75.0
200,666,2025,30.0
200,740,1996,75.0
200,820,1987,2.92
200,830,2010,24.3
200,830,2011,10.2
200,900,1955,125.0
200,900,1961,2.0
200,900,1962,2.0
200,900,2008,8.4
200,920,1974,0.45
200,950,1984,10.0
205,2,1977,2.85
205,2,1978,2.85
205,2,1980,2.85
205,2,1986,11.25
205,2,1994,2.0
205,2,2006,1.08
205,2,2007,2.5
205,2,2008,2.5
205,20,1950,0.96
205,20,1994,5.0
205,20,1999,32.5
205,20,2001,32.5
205,20,2004,2.8
205,20,2017,0.35
205,20,2023,3.0
205,20,2025,1.5
205,200,1950,1.1
205,200,1956,8.440000000000001
205,200,1958,1.44
205,200,1960,1.44
205,200,1971,9.2
205,200,1980,9.22
205,200,1981,3.32
205,200,1982,3.32
205,200,1984,2.4
205,200,1985,1.66
205,200,1986,7.2
205,200,1988,24.0
205,200,1998,2.88
205,200,2014,34.85
205,200,2015,34.85
205,200,2016,34.85
205,200,2019,34.85
205,210,1984,6.5
205,210,2002,16.0
205,220,1953,17.75
205,220,1963,1.9
205,220,1964,12.149999999999999
205,220,1971,4.9
205,220,1972,9.370000000000001
205,220,1973,8.45
205,220,1974,5.8500000000000005
205,220,1975,8.86
205,220,1979,1.25
205,220,1980,6.88
205,220,1981,6.95
205,220,1986,16.25
205,220,1998,0.06
205,220,2000,0.02
205,225,2001,8.75
205,225,2002,5.25
205,225,2004,23.95
205,225,2007,10.65
205,225,2008,15.68
205,225,2017,1.9
205,225,2020,7.4
205,230,1991,10.0
205,230,1994,34.0
205,230,2023,44.0
205,230,2025,12.5
205,255,2005,4.5
205,255,2007,0.3
205,325,1977,2.4
205,325,1979,0.24
205,325,1999,2.5
205,325,2001,2.5
205,325,2006,12.0
205,325,2007,12.0
205,325,2008,12.0
205,325,2014,2.75
205,325,2015,2.75
205,325,2016,2.75
205,325,2018,2.75
205,375,1991,0.6
205,375,2014,2.4
205,375,2015,2.4
205,375,2016,2.4
205,375,2018,2.4
205,380,1972,2.38
205,380,1981,2.0
205,380,1984,2.25
205,380,1986,3.25
205,380,2015,2.5
205,380,2016,2.5
205,380,2020,1.5
205,380,2022,1.0
205,385,2007,0.32
205,385,2008,8.12
205,560,2010,4.05
205,666,2023,5.0
205,920,2023,11.2
210,2,1950,58.059999999999995
210,2,1951,330.88
210,2,1952,299.66
210,2,1953,505.16
210,2,1954,424.14
210,2,1955,195.04
210,2,1956,408.42
210,2,1957,306.73
210,2,1958,180.46
210,2,1959,57.0
210,2,1960,207.0
210,2,1961,186.0
210,2,1962,259.0
210,2,1963,70.0
210,2,1964,277.6
210,2,1965,180.30000000000007
210,2,1966,82.4
210,2,1967,81.69999999999999
210,2,1968,138.75
210,2,1969,116.75
210,2,1970,14.600000000000023
210,2,1971,9.0
210,2,1972,106.0
210,2,1973,21.0
210,2,1974,39.760000000000005
210,2,1975,61.19000000000001
210,2,1976,203.81
210,2,1977,171.25
210,2,1978,218.11
210,2,1979,201.89999999999998
210,2,1980,102.71999999999997
210,2,1981,158.42000000000002
210,2,1982,314.79999999999995
210,2,1983,437.80000000000007
210,2,1984,310.80000000000007
210,2,1985,96.94
210,2,1986,198.64999999999998
210,2,1987,126.13000000000005
210,2,1988,117.70999999999998
210,2,1989,88.60000000000002
210,2,1990,61.0
210,2,1991,68.60000000000002
210,2,1992,47.10000000000002
210,2,1993,69.5
210,2,1994,124.60000000000001
210,2,1995,22.820000000000004
210,2,1996,82.95
210,2,1997,45.45
210,2,1998,239.5
210,2,1999,224.4
210,2,2000,105.9
210,2,2001,141.5
210,2,2002,189.8
210,2,2003,35.8
210,2,2004,90.78
210,2,2005,46.980000000000004
210,2,2006,226.64999999999998
210,2,2007,15.349999999999998
210,2,2008,4.090000000000001
210,2,2009,55.910000000000004
210,2,2010,30.400000000000002
210,2,2011,4.0
210,2,2012,90.75
210,2,2013,54.31
210,2,2015,10.0
210,2,2016,43.04
210,2,2017,22.5
210,2,2018,51.56
210,2,2019,52.80000000000001
210,2,2020,298.0
210,2,2021,120.18
210,2,2022,103.43999999999994
210,2,2023,136.36
210,2,2024,117.0
210,2,2025,165.60000000000002
210,20,1956,3.42
210,20,1961,40.8
210,20,1978,4.0
210,20,1979,4.0
210,20,1980,8.0
210,20,1981,8.0
210,20,1982,8.0
210,20,1983,8.0
210,20,1989,3.5
210,20,1995,12.0
210,20,1996,36.0
210,20,1997,1.05
210,20,2022,0.72
210,200,1950,24.75
210,200,1953,220.05
210,200,1954,202.5
210,200,1955,222.5
210,200,1956,227.45000000000005
210,200,1957,112.30000000000001
210,200,1958,72.62
210,200,1959,47.25
210,200,1960,47.25
210,200,1964,9.6
210,200,1967,3.0
210,200,1968,3.8000000000000114
210,200,1969,6.0
210,200,1970,9.0
210,200,1971,9.0
210,200,1972,3.0
210,200,1975,14.4
210,200,1976,14.4
210,200,1977,15.0
210,200,1978,22.5
210,200,1979,74.5
210,200,1980,89.5
210,200,1981,64.0
210,200,1982,27.0
210,200,1983,33.0
210,200,1986,30.0
210,200,1990,0.16
210,200,1991,21.92
210,200,1992,10.0
210,200,1993,20.0
210,200,1994,20.0
210,200,1995,12.5
210,200,1996,2.5
210,200,2002,12.0
210,200,2003,12.0
210,200,2004,12.0
210,200,2005,12.0
210,211,1984,6.5
210,220,1956,1.7
210,220,1957,1.7
210,220,1958,1.6
210,220,1959,5.6
210,220,1960,0.66
210,220,1961,0.67
210,220,1962,6.67
210,220,1963,167.74
210,220,1964,175.10999999999999
210,220,1965,84.25
210,220,1966,30.300000000000004
210,220,1967,14.700000000000001
210,220,1968,14.4
210,220,1975,12.5
210,220,1976,12.5
210,220,1978,0.5
210,220,1979,8.9
210,220,1980,8.4
210,220,1981,4.8
210,220,1990,5.75
210,220,1992,5.75
210,220,1993,5.75
210,220,1994,5.75
210,220,1996,65.25
210,220,1997,59.3
210,220,2000,0.8
210,220,2001,6.0
210,220,2010,4.5
210,220,2011,3.0
210,220,2012,3.0
210,220,2013,4.5
210,220,2015,3.0
210,220,2024,13.0
210,225,1963,35.0
210,225,1976,27.0
210,225,1977,26.5
210,225,1978,26.5
210,225,1979,26.5
210,225,1980,26.5
210,225,1989,12.5
210,225,1997,3.75
210,255,1991,6.3
210,255,1992,13.5
210,255,1993,22.5
210,255,1994,20.25
210,255,1995,6.0
210,255,2002,24.8
210,255,2003,63.05
210,255,2004,6.0
210,255,2005,6.0
210,255,2006,0.3500000000000014
210,255,2007,30.700000000000003
210,255,2009,20.0
210,255,2012,5.0
210,255,2013,31.4
210,255,2018,84.39999999999999
210,255,2019,1.65
210,255,2020,2.48
210,255,2021,2.48
210,255,2023,9.0
210,260,1970,45.80000000000001
210,260,1971,49.94999999999999
210,260,1972,45.80000000000001
210,260,1975,14.4
210,260,1976,21.6
210,310,2021,2.0
210,325,1956,45.0
210,325,1962,4.2
210,325,1963,12.6
210,325,1978,7.5
210,325,1979,7.5
210,325,1980,7.5
210,325,1981,7.5
210,325,1982,5.0
210,325,1983,5.0
210,325,1984,2.5
210,325,1985,2.5
210,325,1991,5.0
210,325,1992,2.5
210,325,1993,10.0
210,325,1994,15.0
210,325,1995,2.5
210,325,2002,3.47
210,325,2003,3.47
210,325,2004,3.47
210,325,2005,3.47
210,325,2023,0.18
210,325,2024,13.5
210,325,2025,20.5
210,360,2013,216.2
210,360,2025,132.0
210,375,1998,9.0
210,375,1999,18.0
210,375,2007,6.0
210,375,2022,16.0
210,380,1953,28.0
210,380,1954,10.0
210,380,1955,30.0
210,380,1956,30.0
210,380,1957,40.0
210,380,1958,10.0
210,380,2006,13.5
210,380,2007,5.0
210,385,2009,30.0
210,385,2025,10.0
210,390,1995,8.0
210,390,2012,1.0
210,390,2013,3.0
210,666,2007,39.0
210,666,2008,7.0
210,666,2009,0.5
210,666,2017,2.46
210,666,2018,2.46
210,666,2024,10.8
210,666,2025,6.0
210,696,1995,1.92
210,800,2024,4.72
210,900,1962,2.0
210,900,2006,8.75
210,900,2007,1.75
210,900,2008,6.65
210,900,2009,12.950000000000001
210,900,2016,1.4
210,900,2017,5.6
210,900,2021,2.1
211,2,1950,65.96000000000001
211,2,1951,277.14
211,2,1952,799.0
211,2,1953,768.9
211,2,1954,302.3
211,2,1955,233.16000000000003
211,2,1956,312.21999999999997
211,2,1957,275.96
211,2,1958,276.4
211,2,1959,143.4
211,2,1960,64.23
211,2,1961,106.9
211,2,1962,170.4
211,2,1963,157.88
211,2,1964,151.39999999999998
211,2,1965,85.60000000000002
211,2,1966,48.0
211,2,1969,7.5
211,2,1972,179.0
211,2,1973,188.0
211,2,1974,20.0
211,2,1976,40.22
211,2,1977,36.89
211,2,1978,21.5
211,2,1980,35.0
211,2,1981,85.0
211,2,1982,70.0
211,2,1983,35.0
211,2,1985,11.0
211,2,1989,11.199999999999989
211,2,1990,23.55000000000001
211,2,1991,12.0
211,2,1992,14.24
211,2,1993,12.0
211,2,1994,12.0
211,2,1995,5.4
211,2,1996,3.0
211,2,1997,18.0
211,2,1998,26.0
211,2,1999,47.8
211,2,2000,18.0
211,2,2001,18.0
211,2,2002,36.81
211,2,2003,20.81
211,2,2004,9.0
211,2,2005,3.0
211,2,2006,3.0
211,2,2007,4.0
211,2,2008,4.0
211,2,2009,9.799999999999999
211,2,2010,0.85
211,2,2011,0.7
211,2,2012,4.3
211,2,2013,0.7
211,2,2014,0.45
211,2,2015,5.0
211,2,2016,3.9000000000000004
211,2,2017,7.24
211,2,2018,1.26
211,2,2019,4.0
211,2,2020,4.92
211,2,2024,399.5
211,2,2025,281.5
211,20,1957,47.0
211,20,1958,286.25
211,20,1959,27.0
211,20,1978,4.0
211,20,1979,12.0
211,20,2000,6.0
211,20,2002,6.0
211,20,2004,6.0
211,200,1950,133.1
211,200,1951,64.19999999999999
211,200,1952,46.099999999999994
211,200,1953,38.25
211,200,1954,30.72
211,200,1955,0.5
211,200,1956,28.80000000000001
211,200,1957,6.0
211,200,1959,1.1
211,200,1976,64.25
211,200,1977,16.5
211,200,1978,34.0
211,200,2001,5.2
211,210,1952,6.9
211,210,1953,6.1
211,210,1974,6.4
211,210,1975,0.12
211,210,1978,50.0
211,210,2007,124.0
211,210,2008,127.28
211,210,2009,4.8
211,210,2010,0.72
211,210,2012,4.32
211,210,2013,2.5
211,210,2014,2.5
211,210,2019,4.5
211,210,2025,10.0
211,220,1957,5.0
211,220,1958,12.0
211,220,1959,7.0
211,220,1960,27.5
211,220,1961,24.5
211,220,1962,17.65
211,220,1963,4.25
211,220,1964,4.25
211,220,1965,12.049999999999997
211,220,1966,27.199999999999996
211,220,1967,14.000000000000004
211,220,1970,4.199999999999989
211,220,1971,2.8500000000000227
211,220,1972,9.0
211,220,1978,95.5
211,220,1981,16.5
211,220,1982,16.5
211,220,1993,13.05
211,220,1994,13.05
211,220,1997,8.4
211,220,2000,7.2
211,220,2001,4.8
211,220,2012,7.0
211,220,2013,16.5
211,220,2014,42.0
211,220,2015,18.5
211,235,2009,46.0
211,235,2014,18.0
211,255,2013,11.0
211,255,2014,22.0
211,255,2015,11.0
211,255,2020,12.0
211,255,2021,36.0
211,255,2022,24.0
211,255,2024,12.0
211,260,1960,0.36
211,260,1961,0.72
211,260,1962,0.36
211,260,1965,5.98
211,260,1968,17.120000000000005
211,260,1969,28.03
211,260,1970,27.78
211,260,1971,10.819999999999993
211,260,1977,90.0
211,260,1978,135.0
211,260,1979,135.0
211,260,1980,135.0
211,290,2025,2.0
211,325,1969,2.4
211,325,1970,4.8
211,325,1971,1.44
211,325,1992,2.16
211,325,2007,28.5
211,325,2008,37.5
211,380,1998,4.96
211,380,2025,0.4
211,385,1966,15.05
211,390,2025,4.75
211,666,2001,1.8
211,666,2002,3.6
211,666,2010,7.2
211,666,2011,3.6
211,666,2012,3.6
211,666,2013,3.6
211,666,2014,1.2
211,666,2015,7.2
211,830,1997,23.2
211,830,1998,23.2
212,2,1952,0.02
212,2,1953,0.05
212,2,1974,0.72
212,2,1982,0.6
212,2,1996,3.12
212,2,1999,1.17
212,2,2003,1.0
212,220,2024,2.7
212,225,2023,1.2
212,225,2025,11.2
212,230,2020,73.0
212,255,2009,8.4
212,255,2010,8.4
212,255,2019,3.25
212,255,2020,15.25
220,2,1950,180.2
220,2,1951,475.7
220,2,1952,613.36
220,2,1953,1087.97
220,2,1954,1290.28
220,2,1955,1239.4399999999998
220,2,1956,1228.95
220,2,1957,552.49
220,2,1958,970.9399999999999
220,2,1959,642.26
220,2,1960,233.38
220,2,1961,61.660000000000025
220,2,1962,26.080000000000013
220,2,1963,154.4
220,2,1964,1270.9
220,2,1965,356.6
220,2,1966,59.769999999999996
220,2,1967,31.67
220,2,1968,46.95
220,2,1969,8.65
220,2,1970,3.5
220,2,1971,12.5
220,2,1972,12.5
220,2,1973,20.0
220,2,1974,14.0
220,2,1975,12.5
220,2,1976,182.5
220,2,1977,182.5
220,2,1978,182.5
220,2,1979,42.5
220,2,1983,4.0
220,2,1987,84.0
220,2,1988,112.0
220,2,1989,84.0
220,2,1990,11.25
220,2,1991,794.25
220,2,1992,292.25
220,2,1993,11.25
220,2,1995,2.5
220,2,1996,2.5
220,2,1997,81.7
220,2,1998,60.599999999999994
220,2,1999,13.0
220,2,2000,63.0
220,2,2001,61.0
220,2,2002,13.0
220,2,2003,12.5
220,2,2004,4.0
220,2,2005,2.0
220,2,2006,2.0
220,2,2008,1.75
220,2,2010,37.8
220,2,2011,6.0
220,2,2012,20.369999999999997
220,2,2013,28.249999999999996
220,2,2014,3.9999999999999982
220,2,2015,15.7
220,2,2016,30.4
220,2,2017,66.64
220,2,2018,59.54
220,2,2019,53.5
220,2,2020,99.8
220,2,2021,7.0
220,2,2022,9.5
220,2,2024,2.8
220,2,2025,52.5
220,20,1954,81.0
220,20,1959,16.0
220,20,1960,15.0
220,20,1961,15.0
220,20,1962,15.0
220,20,1973,1.0
220,20,1974,2.0
220,20,1975,2.0
220,20,1976,3.0
220,20,1977,3.0
220,20,1978,5.5
220,20,1979,9.5
220,20,1980,2.0
220,20,1981,6.0
220,20,1982,3.5
220,20,1983,2.5
220,20,1990,7.5
220,20,1991,16.75
220,20,1992,15.0
220,20,1993,15.7
220,20,1994,15.0
220,20,1995,14.5
220,20,1996,4.9
220,20,1997,4.9
220,20,2018,9.5
220,20,2019,1.0
220,20,2022,2.0
220,20,2023,2.5
220,70,1953,4.0
220,140,1969,15.84
220,140,1982,38.5
220,140,1983,38.5
220,140,1984,41.25
220,140,1993,3.8
220,140,1995,38.0
220,140,1996,26.6
220,140,1997,26.6
220,140,2020,92.0
220,200,1951,41.360000000000014
220,200,1952,7.7999999999999545
220,200,1953,19.600000000000023
220,200,1954,104.69999999999999
220,200,1955,86.80000000000001
220,200,1956,14.800000000000011
220,200,1957,12.0
220,200,1959,18.75
220,200,1960,18.75
220,200,1961,18.75
220,200,1965,8.0
220,200,1979,12.0
220,200,1981,12.0
220,200,1982,12.0
220,200,1984,12.0
220,200,1986,12.0
220,200,1988,12.0
220,200,1990,12.0
220,200,1994,40.0
220,200,1995,40.0
220,200,1996,30.0
220,200,1997,20.0
220,200,1998,10.0
220,200,2000,15.0
220,200,2017,10.0
220,200,2018,32.0
220,200,2019,32.0
220,200,2020,32.0
220,200,2021,86.0
220,200,2022,86.0
220,200,2023,86.0
220,200,2024,20.0
220,200,2025,10.0
220,210,1986,72.0
220,210,2010,30.0
220,210,2012,12.5
220,210,2015,12.5
220,210,2018,12.5
220,210,2021,4.5
220,210,2022,4.5
220,210,2025,4.5
220,211,1997,66.0
220,211,2009,2.6
220,211,2018,5.2
220,225,1991,6.25
220,225,1992,4.0
220,225,2018,75.0
220,225,2019,10.0
220,225,2022,20.0
220,225,2023,25.0
220,230,1988,7.6
220,230,1989,11.4
220,230,1991,45.0
220,230,1992,27.0
220,230,1998,27.0
220,230,1999,18.0
220,230,2000,18.0
220,230,2002,18.0
220,230,2003,27.0
220,230,2011,9.0
220,230,2012,9.0
220,230,2013,54.0
220,255,2002,7.26
220,255,2003,0.09
220,255,2006,0.4
220,255,2007,4.720000000000001
220,255,2008,0.4
220,255,2009,0.4
220,255,2010,0.45
220,255,2012,4.8
220,255,2015,4.8
220,255,2016,4.8
220,255,2017,4.8
220,255,2018,4.8
220,255,2019,4.8
220,255,2021,4.8
220,255,2022,4.8
220,255,2024,14.8
220,255,2025,20.8
220,260,1962,2.5
220,260,1973,30.0
220,260,1974,30.0
220,260,1975,30.0
220,305,2006,54.0
220,305,2007,54.0
220,305,2012,0.2
220,305,2018,0.2
220,305,2020,0.8
220,325,1954,7.2
220,325,1955,12.0
220,325,1956,9.36
220,325,1991,47.6
220,325,1992,47.6
220,325,1993,38.08
220,325,2009,60.0
220,325,2010,16.0
220,325,2012,2.75
220,325,2015,2.75
220,325,2016,2.75
220,325,2017,2.75
220,325,2018,2.75
220,325,2019,2.75
220,325,2021,2.75
220,325,2022,2.75
220,325,2025,2.75
220,375,2006,12.0
220,375,2007,12.0
220,375,2012,9.0
220,380,1955,16.5
220,380,1956,27.5
220,380,1957,27.5
220,380,1958,11.0
220,380,2000,2.4
220,380,2003,15.0
220,380,2004,15.0
220,380,2011,0.75
220,380,2012,11.0
220,380,2013,1.5
220,385,1964,22.0
220,385,1971,4.0
220,390,2011,9.5
220,490,1997,22.4
220,666,1997,1.8
220,666,2007,4.5
220,666,2009,9.0
220,666,2010,3.0
225,2,1952,0.76
225,2,1956,0.24
225,2,1957,1.5
225,2,1963,16.5
225,2,1964,77.62
225,2,1965,83.12
225,2,1966,82.5
225,2,1967,33.55
225,2,1968,45.7
225,2,1969,20.0
225,2,1970,63.0
225,2,1971,90.0
225,2,1972,65.0
225,2,1973,40.0
225,2,1974,10.0
225,2,1975,66.0
225,2,1976,66.0
225,2,1978,13.199999999999989
225,2,1979,13.800000000000011
225,2,1980,68.80000000000001
225,2,1981,117.35000000000002
225,2,1982,96.4
225,2,1983,97.5
225,2,1984,60.0
225,2,1985,49.900000000000006
225,2,1987,11.0
225,2,1988,33.0
225,2,1989,12.8
225,2,1990,1.7999999999999998
225,2,1991,122.80000000000001
225,2,1992,1.8000000000000007
225,2,1993,1.5
225,2,1994,15.599999999999994
225,2,1997,25.600000000000023
225,2,1998,40.0
225,2,2004,18.0
225,2,2007,1.8
225,2,2008,0.54
225,2,2009,1.8
225,2,2010,25.06
225,2,2011,11.2
225,2,2012,0.7
225,2,2016,60.0
225,2,2022,15.0
225,2,2023,15.0
225,20,2008,3.0
225,20,2012,1.0
225,200,1952,6.139999999999986
225,200,1953,4.5
225,200,1954,2.25
225,200,1956,83.25
225,200,1957,81.0
225,200,1958,100.69999999999999
225,200,1959,281.25
225,200,1960,170.55
225,200,1964,141.6
225,200,1965,144.6
225,200,1966,135.6
225,200,1968,10.4
225,200,1969,2.97
225,200,1972,37.5
225,200,1973,37.5
225,200,1974,37.5
225,200,1975,60.0
225,200,1976,71.9
225,200,1982,5.0
225,200,1983,37.5
225,200,1984,42.5
225,200,1985,42.5
225,200,1986,22.5
225,200,1992,5.0
225,200,1993,5.0
225,200,1994,5.0
225,220,1955,90.0
225,220,1956,90.0
225,220,1958,0.42
225,220,1959,7.64
225,220,1960,11.7
225,220,1961,4.2
225,220,1962,4.2
225,220,1963,4.200000000000003
225,220,1964,12.75
225,220,1966,19.80000000000001
225,220,1967,7.5
225,220,1968,7.5
225,220,1969,18.0
225,220,1970,5.700000000000003
225,220,1972,10.5
225,220,1983,24.0
225,220,1987,14.5
225,220,1988,7.25
225,220,1991,7.25
225,220,1992,72.5
225,220,1993,7.25
225,220,2000,13.5
225,220,2001,13.5
225,255,2003,13.0
225,255,2004,14.0
225,255,2006,13.0
225,255,2007,1.52
225,255,2014,4.75
225,255,2015,9.5
225,255,2016,9.5
225,260,1958,0.24
225,260,1959,0.6
225,260,1971,3.3
225,260,1972,3.85
225,260,1973,3.85
225,260,1974,3.85
225,260,1975,3.85
225,260,1976,3.85
225,260,1977,3.85
225,260,1978,3.85
225,260,1979,3.85
225,260,1980,3.85
225,260,1981,3.85
225,260,1982,3.85
225,260,1983,3.85
225,315,1950,15.0
225,315,1951,15.0
225,315,1952,15.0
225,380,1966,20.0
225,380,1967,20.0
225,380,1968,20.0
225,380,1969,20.0
225,380,1973,6.4
225,380,1974,6.4
225,380,1975,6.4
225,380,1979,9.0
225,560,1960,27.0
225,560,1961,32.4
225,666,2023,18.0
230,2,1950,0.6
230,2,1953,20.1
230,2,1954,75.12
230,2,1955,185.48000000000002
230,2,1956,210.4
230,2,1957,216.59
230,2,1958,188.24
230,2,1959,314.94
230,2,1960,181.37
230,2,1961,79.58
230,2,1962,46.0
230,2,1963,5.4
230,2,1964,31.570000000000004
230,2,1965,344.39
230,2,1966,215.71
230,2,1967,250.31
230,2,1968,22.019999999999996
230,2,1969,22.50999999999999
230,2,1970,83.1
230,2,1971,304.32000000000005
230,2,1972,505.96000000000004
230,2,1973,482.75
230,2,1974,192.88
230,2,1975,67.29999999999995
230,2,1976,209.67000000000002
230,2,1977,91.99
230,2,1978,178.67000000000002
230,2,1979,229.1
230,2,1980,156.24
230,2,1981,234.05
230,2,1982,167.47
230,2,1983,92.4
230,2,1984,66.15
230,2,1985,103.17
230,2,1986,104.04999999999995
230,2,1987,219.5
230,2,1988,371.28999999999996
230,2,1989,203.05000000000007
230,2,1990,28.480000000000018
230,2,1991,76.78
230,2,1992,154.99
230,2,1993,241.25
230,2,1994,74.21999999999991
230,2,1995,214.69
230,2,1996,126.0
230,2,1997,32.099999999999994
230,2,1999,208.85
230,2,2000,151.9
230,2,2001,66.2
230,2,2002,209.47
230,2,2003,171.47
230,2,2004,143.47
230,2,2006,75.97
230,2,2007,26.0
230,2,2008,22.5
230,2,2009,41.8
230,2,2010,7.0
230,2,2012,71.47
230,2,2013,23.5
230,2,2016,1.79
230,2,2017,4.79
230,2,2018,5.789999999999999
230,2,2019,9.899999999999999
230,2,2020,22.5
230,2,2021,29.57
230,2,2022,70.52
230,2,2023,146.12
230,2,2024,131.8
230,2,2025,54.370000000000005
230,20,1967,3.75
230,20,1968,22.5
230,20,1969,18.75
230,20,1979,10.5
230,20,1980,3.0
230,20,1986,2.0
230,20,1987,2.0
230,20,1988,14.0
230,20,1989,8.0
230,20,1990,10.0
230,20,1994,4.0
230,20,1995,4.0
230,20,1998,2.0
230,20,2000,2.0
230,20,2001,1.5
230,20,2002,3.0
230,20,2003,3.0
230,20,2004,3.0
230,20,2005,3.0
230,20,2021,5.0
230,20,2022,7.0
230,20,2025,8.0
230,200,1953,16.5
230,200,1954,50.0
230,200,1955,22.5
230,200,1956,55.0
230,200,1957,29.5
230,200,1959,4.8
230,200,1976,110.16
230,200,1979,4.5
230,200,1980,113.85
230,200,1981,45.0
230,200,1985,24.11
230,200,1986,10.0
230,200,1987,42.0
230,200,1988,24.0
230,200,1996,25.8
230,200,1997,18.6
230,200,1998,6.0
230,200,1999,7.200000000000003
230,200,2000,3.0
230,200,2002,3.0
230,200,2003,6.0
230,200,2004,6.0
230,200,2012,12.0
230,200,2025,20.0
230,210,1975,6.0
230,210,1976,6.0
230,210,1977,24.0
230,210,1978,12.5
230,210,1979,38.0
230,210,1980,25.0
230,210,1982,12.5
230,210,1983,12.5
230,210,1994,9.0
230,220,1951,11.0
230,220,1952,11.0
230,220,1953,21.0
230,220,1955,20.0
230,220,1956,10.0
230,220,1959,1.0
230,220,1960,22.0
230,220,1961,10.0
230,220,1964,10.0
230,220,1965,20.0
230,220,1966,49.0
230,220,1967,49.0
230,220,1969,12.0
230,220,1970,22.8
230,220,1971,23.400000000000006
230,220,1972,11.280000000000001
230,220,1973,14.0
230,220,1975,240.0
230,220,1976,24.0
230,220,1978,160.0
230,220,1979,230.0
230,220,1980,248.0
230,220,1981,220.0
230,220,1982,249.0
230,220,1983,29.0
230,220,1984,14.5
230,220,1986,20.0
230,220,1987,20.0
230,220,1988,20.0
230,220,1989,7.5
230,220,1990,7.5
230,220,1991,15.0
230,220,1992,28.5
230,220,1993,28.5
230,220,1994,99.7
230,220,1995,32.7
230,220,1996,13.5
230,220,1997,48.1
230,220,2000,14.420000000000002
230,220,2001,5.600000000000001
230,220,2005,14.5
230,220,2007,4.140000000000001
230,220,2008,2.879999999999999
230,220,2009,1.08
230,220,2010,14.45
230,220,2011,14.45
230,220,2016,10.149999999999999
230,220,2017,10.149999999999999
230,220,2018,14.5
230,220,2022,3.2799999999999994
230,225,1975,115.0
230,225,1976,115.0
230,225,1979,20.0
230,225,1980,15.0
230,225,2003,3.15
230,225,2004,3.15
230,225,2006,48.0
230,225,2007,48.0
230,225,2008,48.0
230,225,2010,1.4
230,225,2011,1.4
230,225,2012,0.7
230,225,2013,1.4
230,225,2014,3.45
230,225,2021,50.0
230,225,2022,70.0
230,225,2025,80.0
230,255,1991,8.0
230,255,1992,14.940000000000001
230,255,1993,8.0
230,255,1995,87.76
230,255,1996,86.4
230,255,1997,1.76
230,255,1998,2.0
230,255,1999,2.0
230,255,2000,12.0
230,255,2001,12.0
230,255,2002,1.76
230,255,2005,83.30000000000001
230,255,2007,1.4000000000000057
230,255,2008,10.099999999999994
230,255,2009,7.240000000000009
230,255,2010,16.900000000000006
230,255,2011,6.799999999999997
230,255,2012,6.799999999999997
230,255,2013,0.7999999999999972
230,255,2014,3.3999999999999986
230,255,2015,54.400000000000006
230,255,2016,0.7999999999999972
230,255,2017,0.8000000000000007
230,255,2018,6.0
230,260,1971,1.25
230,260,1980,8.16
230,260,1981,24.36
230,260,1982,3.3599999999999994
230,325,1956,8.1
230,325,1957,8.1
230,325,1958,8.1
230,325,1959,8.1
230,325,1960,8.55
230,325,1961,9.510000000000002
230,325,1962,9.059999999999999
230,325,1963,9.78
230,325,1964,9.059999999999999
230,325,1965,17.46
230,325,1973,3.5
230,325,1974,35.0
230,325,1977,15.399999999999999
230,325,1978,15.399999999999999
230,325,1979,52.5
230,325,1980,52.5
230,325,1981,43.2
230,325,1987,4.5
230,325,1988,9.0
230,325,1989,9.0
230,325,1990,9.0
230,325,1991,9.0
230,325,1992,9.0
230,325,1993,21.0
230,325,1994,48.0
230,325,1995,6.0
230,325,1996,24.0
230,325,1997,0.9
230,325,1998,21.4
230,325,1999,20.5
230,325,2006,20.0
230,325,2007,20.0
230,325,2008,38.0
230,325,2010,7.5
230,325,2011,4.05
230,350,1994,17.8
230,380,1972,7.5
230,380,1978,3.5
230,380,1979,3.5
230,380,1980,7.0
230,380,1982,3.5
230,380,1983,3.5
230,380,1996,1.25
230,380,1997,1.25
230,380,1998,1.5
230,380,1999,1.5
230,380,2000,1.25
230,380,2001,1.25
230,380,2002,1.0
230,380,2003,1.0
230,380,2004,2.0
230,380,2007,4.0
230,380,2008,4.0
230,380,2009,8.0
230,380,2013,0.4
230,385,1973,9.6
230,385,1988,12.0
230,385,1989,48.0
230,385,2004,8.0
230,666,2000,2.0
230,666,2003,12.0
230,666,2004,13.0
230,666,2005,20.0
230,666,2007,1.2
230,666,2008,3.6
230,666,2019,0.9
235,2,1951,16.56
235,2,1952,119.67999999999999
235,2,1953,285.53
235,2,1954,264.83
235,2,1955,110.44
235,2,1956,49.099999999999994
235,2,1957,44.78
235,2,1958,75.0
235,2,1959,6.4
235,2,1960,12.5
235,2,1961,28.099999999999998
235,2,1962,0.9
235,2,1963,26.6
235,2,1964,32.4
235,2,1965,26.5
235,2,1967,8.75
235,2,1968,8.75
235,2,1969,5.0
235,2,1970,17.0
235,2,1971,97.5
235,2,1974,6.25
235,2,1975,6.25
235,2,1977,93.92
235,2,1978,120.75
235,2,1979,2.1
235,2,1980,12.18
235,2,1981,50.7
235,2,1982,128.9
235,2,1983,8.0
235,2,1984,102.96
235,2,1985,140.48
235,2,1986,3.0
235,2,1987,8.5
235,2,1988,90.18
235,2,1989,139.36
235,2,1990,20.759999999999998
235,2,1991,173.39
235,2,1992,5.0
235,2,1993,90.95
235,2,1994,435.6
235,2,1995,15.08
235,2,1996,9.06
235,2,1997,2.0
235,2,1998,5.95
235,2,2000,2.2
235,2,2001,17.5
235,2,2005,4.600000000000001
235,2,2006,14.160000000000004
235,2,2007,0.3999999999999986
235,2,2008,1.5499999999999972
235,2,2009,3.049999999999997
235,2,2010,2.1500000000000057
235,2,2011,2.1500000000000057
235,2,2014,0.4
235,2,2016,0.7
235,2,2021,4.0
235,2,2023,8.0
235,2,2024,7.0
235,2,2025,10.8
235,20,1950,7.2
235,20,1954,25.44
235,20,1961,5.0
235,20,1991,18.0
235,20,1992,12.0
235,20,1993,12.0
235,20,2008,1.5
235,20,2009,7.5
235,20,2010,6.0
235,20,2011,3.0
235,20,2025,2.5
235,140,2025,22.5
235,200,1951,4.5
235,200,1956,1.5
235,200,1957,7.5
235,200,1959,24.8
235,200,1961,33.800000000000004
235,200,1974,4.76
235,200,1975,14.28
235,200,1979,1.54
235,200,1982,8.12
235,200,1983,3.6
235,200,1989,5.0
235,200,1990,5.0
235,200,1993,74.25
235,200,1995,5.0
235,200,1998,10.2
235,200,1999,2.4
235,210,1954,68.0
235,210,1961,32.0
235,210,1962,16.0
235,210,1991,72.0
235,210,1992,2.46
235,210,1993,10.4
235,210,2006,165.0
235,210,2008,18.4
235,210,2009,182.59
235,210,2010,135.81
235,211,1979,3.0
235,220,1957,4.9
235,220,1958,17.5
235,220,1959,21.35
235,220,1960,20.650000000000002
235,220,1961,52.64
235,220,1962,4.0
235,220,1963,9.5
235,220,1964,9.5
235,220,1965,9.5
235,220,1966,23.5
235,220,1967,195.7
235,220,1968,271.7
235,220,1969,308.7
235,220,1970,25.659999999999997
235,220,1971,16.15
235,220,1972,16.15
235,220,1973,16.15
235,220,1974,25.299999999999997
235,220,1975,50.5
235,220,1976,2.8
235,220,1990,4.559999999999999
235,220,1991,15.75
235,220,1999,0.55
235,220,2020,0.44
235,230,1970,70.15
235,230,1971,140.3
235,230,1974,81.55000000000001
235,230,1975,256.05
235,230,1976,34.2
235,230,1980,2.4
235,230,1994,12.5
235,230,2008,25.5
235,230,2009,62.5
235,230,2010,78.5
235,230,2011,25.0
235,230,2019,3.5
235,230,2020,14.0
235,230,2021,1.96
235,255,1990,39.5
235,255,1991,732.75
235,255,1993,162.0
235,255,1994,5.0
235,255,2010,550.0
235,260,1961,3.36
235,260,1962,3.36
235,260,1963,1.58
235,260,1964,1.96
235,260,1965,2.96
235,260,1966,150.4
235,260,1967,11.2
235,260,1968,11.2
235,260,1969,11.2
235,260,1970,242.64999999999998
235,260,1976,27.189999999999998
235,260,1978,8.86
235,260,1980,21.42
235,260,1981,6.0
235,260,1982,54.84
235,260,1984,6.0
235,260,1989,3.5
235,325,1957,49.5
235,325,1971,10.8
235,325,2004,12.5
235,325,2005,125.0
235,325,2006,12.5
235,325,2011,22.4
235,325,2012,8.0
235,325,2013,8.0
235,325,2019,9.0
235,325,2020,2.25
235,325,2023,4.5
235,375,2011,3.0
235,375,2013,3.0
235,375,2018,3.0
235,375,2019,3.0
235,380,1966,10.0
235,380,1967,10.0
235,380,1968,10.0
235,385,1950,1.76
235,390,2015,1.3
235,390,2016,8.0
235,390,2017,8.0
235,390,2018,16.0
235,560,1959,8.0
235,560,1968,8.96
235,560,1970,2.0
235,560,1971,1.9
235,560,1972,1.0
235,560,1973,1.0
235,666,2008,3.0
235,666,2009,12.25
235,666,2010,12.5
235,666,2011,8.1
235,666,2012,5.0
255,2,1990,507.0
255,2,1991,470.99999999999994
255,2,1992,481.99999999999994
255,2,1993,464.4
255,2,1994,287.15
255,2,1995,92.35
255,2,1996,68.0
255,2,1997,12.0
255,2,1998,569.8000000000001
255,2,1999,50.5
255,2,2000,48.5
255,2,2001,75.25
255,2,2002,34.25
255,2,2003,5.399999999999999
255,2,2004,57.0
255,2,2005,35.0
255,2,2008,25.599999999999994
255,2,2009,32.0
255,2,2012,3.0
255,2,2013,3.0
255,2,2014,3.0
255,2,2015,5.0
255,2,2016,5.0
255,2,2017,3.0
255,2,2018,2.0
255,2,2019,7.0
255,2,2020,55.0
255,2,2021,95.0
255,2,2022,178.0
255,2,2023,137.9
255,2,2024,193.5
255,2,2025,273.59999999999997
255,20,1990,1.75
255,20,1991,1.75
255,20,2015,28.0
255,20,2020,14.4
255,20,2021,2.5
255,20,2022,0.72
255,200,1999,54.0
255,200,2000,40.5
255,200,2002,6.0
255,200,2003,12.0
255,200,2004,22.0
255,200,2005,20.0
255,200,2006,10.0
255,200,2018,10.0
255,200,2019,10.0
255,200,2021,10.0
255,200,2022,10.0
255,200,2023,10.0
255,200,2025,10.0
255,210,1990,19.5
255,210,1991,30.0
255,210,1994,31.0
255,210,1995,31.0
255,210,1996,74.5
255,210,2004,30.0
255,210,2005,64.5
255,210,2006,346.5
255,210,2008,10.0
255,210,2012,54.25
255,210,2013,19.75
255,210,2015,6.0
255,210,2017,32.0
255,211,2021,9.75
255,220,2019,12.5
255,220,2021,22.5
255,220,2022,10.0
255,220,2025,7.0
255,225,1990,9.5
255,225,1991,9.5
255,225,2011,15.0
255,225,2012,15.000000000000002
255,225,2025,1.8499999999999996
255,290,2017,5.5
255,305,2022,0.6
255,325,1990,2.5
255,325,1993,5.0
255,325,1994,2.5
255,325,1995,2.5
255,325,1996,5.0
255,325,2004,5.5
255,325,2005,2.75
255,325,2008,5.5
255,325,2010,25.0
255,325,2012,7.0
255,325,2013,8.25
255,325,2019,7.0
255,325,2020,7.0
255,325,2021,7.0
255,325,2022,7.0
255,325,2024,12.5
255,344,2017,2.7
255,365,1992,28.6
255,380,2001,7.5
255,380,2002,10.0
255,380,2003,7.5
255,380,2025,1.0
255,666,2001,26.4
255,666,2009,4.0
255,666,2010,12.0
255,666,2011,3.0
255,666,2016,9.0
255,666,2021,50.5
255,666,2025,1300.0
260,2,1955,16.48
260,2,1956,1358.3999999999999
260,2,1957,1724.91
260,2,1958,2009.94
260,2,1959,691.75
260,2,1960,933.14
260,2,1961,824.42
260,2,1962,329.0300000000001
260,2,1963,425.19000000000005
260,2,1964,701.0700000000002
260,2,1965,707.3800000000001
260,2,1966,720.98
260,2,1967,387.54999999999995
260,2,1968,363.29999999999995
260,2,1969,702.2
260,2,1970,661.2
260,2,1971,1790.9999999999998
260,2,1972,105.0
260,2,1973,96.09999999999991
260,2,1974,62.90000000000009
260,2,1975,14.0
260,2,1976,595.5
260,2,1977,939.1
260,2,1978,591.5
260,2,1979,17.5
260,2,1980,20.0
260,2,1981,20.0
260,2,1982,72.30000000000001
260,2,1983,64.80000000000001
260,2,1984,74.94999999999999
260,2,1985,47.95
260,2,1986,122.69999999999999
260,2,1987,140.2
260,2,1988,184.29999999999998
260,2,1989,538.0
260,20,1956,110.0
260,20,1957,225.0
260,20,1958,110.0
260,20,1969,1.0
260,20,1970,1.0
260,20,1971,1.0
260,20,1972,1.0
260,20,1973,2.0
260,20,1974,2.0
260,20,1975,2.0
260,20,1976,2.0
260,20,1977,2.0
260,20,1978,2.0
260,20,1979,1.0
260,20,1980,1.0
260,20,1981,1.0
260,20,1982,1.0
260,200,1956,12.0
260,200,1957,149.18
260,200,1958,261.15
260,200,1959,289.95
260,200,1960,85.5
260,200,1961,124.9
260,200,1962,149.68
260,200,1963,72.0
260,200,1964,105.5
260,200,1965,70.0
260,200,1966,74.8
260,200,1967,60.0
260,200,1968,60.0
260,200,1969,4.900000000000006
260,200,1970,5.599999999999994
260,200,1971,4.900000000000006
260,200,1973,68.75
260,200,1974,68.75
260,200,1975,6.25
260,200,1982,34.0
260,200,1983,34.0
260,200,1984,34.0
260,200,1986,29.0
260,200,1987,14.0
260,200,1988,60.5
260,200,1989,38.0
260,210,1959,16.0
260,210,1960,28.0
260,210,1961,28.0
260,210,1962,41.5
260,210,1963,27.8
260,210,1964,41.0
260,210,1965,21.5
260,210,1966,5.0
260,210,1968,43.5
260,210,1969,30.0
260,210,1976,42.0
260,210,1977,18.0
260,210,1982,55.5
260,210,1983,69.0
260,210,1984,63.0
260,210,1989,19.5
260,220,1956,67.5
260,220,1957,35.0
260,220,1958,40.539999999999964
260,220,1959,131.8
260,220,1960,185.08000000000004
260,220,1961,95.10000000000002
260,220,1962,82.89999999999998
260,220,1963,63.80000000000001
260,220,1964,98.25000000000001
260,220,1965,40.05
260,220,1966,21.25
260,220,1967,67.65
260,220,1968,67.69999999999999
260,220,1969,44.0
260,220,1970,34.36
260,220,1971,32.7
260,220,1972,58.94999999999999
260,220,1973,6.449999999999989
260,220,1974,55.19999999999999
260,220,1975,55.19999999999999
260,220,1976,37.5
260,220,1977,37.5
260,220,1978,37.5
260,220,1980,1.0
260,220,1981,2.0
260,220,1982,2.0
260,220,1983,1.9999999999999996
260,220,1984,2.0
260,220,1985,2.0
260,225,1959,1.6000000000000014
260,225,1960,1.6000000000000227
260,225,1977,15.0
260,225,1981,20.0
260,225,1982,40.0
260,225,1983,40.0
260,225,1984,40.0
260,225,1985,20.0
260,325,1960,16.000000000000007
260,325,1961,54.099999999999994
260,325,1962,54.099999999999994
260,325,1963,1.75
260,325,1964,163.10000000000002
260,325,1965,11.599999999999994
260,325,1966,13.599999999999994
260,325,1967,22.0
260,325,1968,20.0
260,325,1972,5.0
260,325,1973,22.5
260,325,1974,32.5
260,325,1975,35.0
260,325,1976,5.0
260,325,1982,7.5
260,325,1983,17.5
260,325,1984,15.0
260,325,1989,2.5
260,369,1956,12.0
260,375,1961,5.0
260,375,1962,5.0
260,380,1959,10.0
260,380,1960,30.0
260,380,1961,25.0
260,380,1962,25.0
260,380,1963,10.0
260,380,1964,10.0
260,380,1965,30.0
260,380,1968,10.0
260,385,1960,25.0
260,390,1983,10.4
260,666,1965,13.75
260,666,1966,25.0
260,666,1967,25.0
260,666,1968,25.0
260,666,1969,25.0
260,666,1970,15.0
260,666,1982,9.2
260,666,1983,9.2
265,290,1976,40.0
265,310,1982,3.75
265,310,1983,3.75
265,315,1950,0.48
265,315,1954,0.6
265,315,1957,2.0
265,315,1965,30.0
265,315,1966,20.0
265,315,1970,2.7
265,315,1974,9.2
265,315,1975,22.5
265,315,1976,22.5
265,315,1977,106.5
265,315,1978,130.5
265,315,1979,22.5
265,315,1980,27.5
265,315,1981,22.3
265,315,1982,46.900000000000006
265,315,1983,24.900000000000002
265,315,1984,16.2
265,315,1985,7.2
265,315,1986,7.2
265,315,1987,7.2
265,315,1988,15.3
265,315,1989,6.3
265,365,1950,25.56
265,365,1952,181.16
265,365,1953,102.38
265,365,1954,9.6
265,365,1955,9.6
265,365,1956,631.44
265,365,1957,1094.07
265,365,1958,888.5699999999999
265,365,1959,580.85
265,365,1960,389.75
265,365,1961,184.32
265,365,1962,751.4399999999999
265,365,1963,766.56
265,365,1964,991.49
265,365,1965,893.87
265,365,1966,1321.3
265,365,1967,1190.75
265,365,1968,1257.8
265,365,1969,835.32
265,365,1970,830.69
265,365,1971,574.37
265,365,1972,991.52
265,365,1973,1059.17
265,365,1974,927.92
265,365,1975,541.51
265,365,1976,1257.06
265,365,1977,989.96
265,365,1978,1010.81
265,365,1979,946.86
265,365,1980,850.61
265,365,1981,814.73
265,365,1982,984.9300000000001
265,365,1983,899.35
265,365,1984,1133.95
265,365,1985,1298.59
265,365,1986,665.54
265,365,1987,362.23
265,365,1988,584.29
265,365,1989,614.79
265,365,1990,394.23
290,2,1991,1.4
290,2,2000,121.7
290,2,2001,7.8
290,2,2002,137.5
290,2,2003,14.0
290,2,2004,4.5
290,2,2005,10.940000000000001
290,2,2006,67.04000000000002
290,2,2007,75.0
290,2,2008,42.900000000000034
290,2,2009,85.53999999999999
290,2,2010,41.28
290,2,2011,15.84
290,2,2012,15.84
290,2,2014,1.0
290,2,2015,3.5
290,2,2017,17.28
290,2,2018,5.4
290,2,2019,39.03999999999999
290,2,2020,69.53999999999999
290,2,2021,30.5
290,2,2022,170.6
290,2,2023,513.37
290,2,2024,521.51
290,2,2025,968.22
290,20,2003,3.0
290,20,2004,4.5
290,20,2005,4.5
290,20,2007,3.0
290,20,2008,3.0
290,20,2012,4.5
290,20,2013,3.0
290,20,2014,1.4
290,20,2015,1.4
290,20,2016,1.4
290,200,2022,17.5
290,200,2023,64.75
290,200,2024,15.75
290,210,2003,4.75
290,210,2006,9.5
290,210,2019,19.75
290,220,2007,12.5
290,220,2008,12.5
290,220,2009,12.5
290,220,2010,12.5
290,220,2011,12.5
290,220,2012,12.5
290,220,2013,0.4
290,230,2007,25.0
290,230,2008,25.0
290,230,2012,37.5
290,230,2013,25.0
290,255,1991,24.0
290,255,1996,59.4
290,255,2002,56.0
290,255,2003,259.81
290,255,2004,134.95
290,255,2014,161.0
290,255,2015,58.94
290,255,2016,5.04
290,255,2019,7.680000000000007
290,255,2020,2.56
290,255,2021,2.56
290,255,2022,3.84
290,255,2023,7.68
290,255,2024,11.2
290,255,2025,18.29
290,305,2013,0.8
290,310,1957,2.28
290,310,1966,6.0
290,310,1967,6.0
290,315,1982,37.0
290,315,1983,37.0
290,315,1984,37.0
290,315,1986,27.0
290,316,1993,4.2
290,316,1994,4.2
290,316,1995,53.760000000000005
290,316,1996,37.24
290,316,2013,0.44000000000000006
290,325,2000,1.5
290,325,2014,12.5
290,325,2015,25.0
290,325,2017,68.0
290,325,2019,2.75
290,325,2020,34.0
290,325,2022,34.0
290,365,1950,183.5
290,365,1951,170.94
290,365,1952,385.00000000000006
290,365,1953,116.0
290,365,1954,251.4000000000001
290,365,1955,578.5999999999999
290,365,1956,303.1
290,365,1957,635.5
290,365,1958,463.0
290,365,1959,118.5
290,365,1960,79.0
290,365,1961,361.45000000000005
290,365,1962,486.75
290,365,1963,879.4
290,365,1964,1418.7
290,365,1965,1005.2
290,365,1966,783.8999999999999
290,365,1967,433.2
290,365,1968,514.25
290,365,1969,669.35
290,365,1970,650.8
290,365,1971,808.95
290,365,1972,707.4
290,365,1973,856.3999999999999
290,365,1974,877.0
290,365,1975,705.1999999999999
290,365,1976,906.3
290,365,1977,846.6999999999999
290,365,1978,1040.1699999999998
290,365,1979,1047.86
290,365,1980,992.07
290,365,1981,668.5999999999999
290,365,1982,467.85
290,365,1983,305.0
290,365,1984,237.4
290,365,1985,747.9
290,365,1986,1078.45
290,365,1987,755.75
290,365,1988,633.55
290,365,1989,343.45
290,365,1990,124.80000000000001
290,365,1991,2.8999999999999986
290,365,1992,9.600000000000001
290,365,1994,11.600000000000001
290,365,1995,11.599999999999994
290,365,1996,3.9999999999999996
290,365,2008,20.3
290,365,2010,21.75
290,365,2011,14.5
290,368,2002,2.9
290,369,2016,7.6
290,380,2003,7.5
290,380,2004,0.15
290,380,2005,1.0
290,380,2006,16.5
290,380,2007,4.38
290,380,2008,2.0
290,380,2009,2.0
290,380,2010,2.0
290,380,2011,10.85
290,380,2012,30.8
290,380,2013,6.8
290,380,2014,2.05
290,380,2024,48.0
290,380,2025,1.65
290,385,2002,49.0
290,385,2003,29.0
290,385,2004,29.0
290,385,2011,6.0
290,385,2012,18.0
290,385,2013,14.0
290,385,2014,10.0
290,385,2015,14.0
290,385,2017,12.0
290,385,2018,13.0
290,385,2019,13.0
290,385,2020,12.0
290,640,2022,14.4
290,640,2023,28.8
290,640,2024,14.4
290,666,2023,25.5
290,666,2024,9.0
290,666,2025,13.5
290,732,2023,204.39999999999998
290,732,2024,14.0
290,732,2025,21.0
305,2,1953,1.9
305,2,1956,52.53
305,2,1957,88.11000000000001
305,2,1958,5.58
305,2,1959,17.65
305,2,1960,9.24
305,2,1962,36.0
305,2,1963,180.0
305,2,1965,10.56
305,2,1970,38.0
305,2,1971,24.0
305,2,1972,18.0
305,2,1973,19.0
305,2,1974,19.0
305,2,1975,6.3
305,2,1976,2.1
305,2,1978,7.5
305,2,1979,22.5
305,2,1980,22.5
305,2,1983,105.0
305,2,1985,18.0
305,2,1986,18.0
305,2,1987,6.6
305,2,1988,19.6
305,2,1989,12.8
305,2,1997,33.75
305,2,1998,35.55
305,2,2002,65.25
305,2,2019,1.12
305,2,2020,1.6
305,2,2022,1.28
305,2,2023,1.12
305,2,2024,1.44
305,2,2025,2.16
305,20,1980,8.1
305,20,1983,0.7
305,20,1984,2.8
305,20,1985,2.1
305,200,1956,20.16
305,200,1957,27.45
305,200,1969,5.0
305,200,1973,12.0
305,200,1974,6.0
305,200,1975,6.0
305,200,1994,36.52
305,200,1995,14.96
305,200,1997,2.5
305,200,2003,36.96
305,200,2004,18.48
305,210,1997,56.29
305,210,1998,126.4
305,211,2015,0.98
305,220,1956,32.4
305,220,1957,32.4
305,220,1958,4.95
305,220,1959,6.0
305,220,1960,6.0
305,220,1961,8.1
305,220,1963,2.1
305,220,1965,2.8
305,220,1967,36.4
305,220,1973,6.65
305,220,1974,6.65
305,220,1993,6.48
305,220,1994,15.75
305,220,1995,13.77
305,220,1996,9.0
305,225,1962,0.9
305,225,1963,8.4
305,225,1964,54.0
305,225,1965,50.0
305,225,1966,50.0
305,225,1967,1.0
305,225,1968,0.9
305,225,1969,0.9
305,225,1976,9.6
305,225,1979,35.0
305,225,1980,72.5
305,225,1981,73.25
305,225,1982,73.25
305,225,1983,2.5
305,225,1984,10.0
305,225,1985,7.5
305,225,1987,0.8
305,225,2004,33.6
305,225,2005,16.8
305,230,2000,10.0
305,255,1995,1.5
305,255,1997,64.5
305,255,1998,30.0
305,255,2001,0.22
305,255,2002,3.3
305,255,2003,4.3
305,255,2004,3.65
305,255,2005,8.850000000000001
305,255,2006,5.25
305,255,2007,243.5
305,255,2008,190.0
305,255,2009,285.0
305,255,2014,2.1
305,255,2017,6.3
305,255,2018,5.6
305,255,2019,8.4
305,315,1956,0.4
305,315,1964,7.2
305,325,1957,0.64
305,325,1958,0.19
305,325,1963,10.5
305,325,1964,10.5
305,325,1965,12.6
305,325,1966,10.5
305,325,1967,10.5
305,325,1969,5.6
305,325,1970,2.8
305,325,1979,14.8
305,325,1980,74.0
305,325,1982,24.0
305,325,1983,36.7
305,325,2002,12.5
305,325,2007,25.0
305,325,2016,12.5
305,325,2017,3.3
305,325,2020,12.5
305,325,2021,25.0
305,325,2022,4.0
305,325,2023,16.0
305,325,2024,12.0
305,325,2025,12.0
305,365,1955,15.66
305,365,1956,2.9
305,380,1960,0.52
305,380,1961,19.2
305,380,1962,19.2
305,380,1964,2.04
305,380,1965,2.04
305,380,1970,58.0
305,380,1971,98.6
305,380,1972,75.4
305,380,1988,97.02
305,380,1989,71.3
305,380,1990,5.0
305,380,1991,6.0
305,380,1992,5.0
305,380,1993,2.0
305,380,1998,15.0
305,380,1999,15.0
305,380,2000,15.0
305,380,2001,15.0
305,380,2019,8.0
305,385,1998,1.48
305,663,1986,0.76
305,663,2021,8.7
305,666,2025,15.0
310,2,2006,29.6
310,2,2007,25.2
310,2,2009,4.05
310,2,2010,18.19
310,2,2011,3.6300000000000003
310,2,2013,1.54
310,2,2023,40.0
310,2,2024,125.0
310,2,2025,42.8
310,140,2024,54.0
310,140,2025,54.0
310,200,2024,10.0
310,200,2025,10.0
310,220,1998,9.9
310,220,1999,6.3
310,220,2016,2.7
310,220,2017,5.22
310,220,2019,2.7
310,220,2023,48.0
310,220,2024,48.0
310,220,2025,32.0
310,255,1991,15.6
310,255,1993,50.0
310,255,2004,18.0
310,255,2018,26.4
310,255,2019,13.0
310,255,2020,55.0
310,255,2021,16.2
310,255,2022,24.75
310,255,2023,88.25
310,255,2024,198.1
310,255,2025,60.95
310,305,2024,4.8
310,305,2025,0.6
310,315,1964,18.0
310,315,1968,80.0
310,315,1973,45.0
310,315,1974,102.0
310,315,1975,90.0
310,315,1976,90.4
310,315,1977,90.0
310,315,1978,45.0
310,315,1981,2.6
310,316,1995,0.72
310,316,2017,0.2
310,316,2018,0.34
310,316,2020,0.4
310,316,2025,55.2
310,325,1999,13.5
310,325,2000,13.5
310,325,2001,13.5
310,325,2005,12.5
310,325,2006,12.5
310,325,2007,12.5
310,360,1994,2.4
310,365,1950,56.1
310,365,1951,52.3
310,365,1952,12.5
310,365,1953,832.0
310,365,1954,728.8
310,365,1955,220.96
310,365,1957,58.879999999999995
310,365,1958,259.0
310,365,1959,335.75
310,365,1960,603.9
310,365,1961,579.96
310,365,1962,294.57
310,365,1963,375.81
310,365,1964,728.8100000000001
310,365,1965,666.61
310,365,1966,150.0
310,365,1967,286.7
310,365,1968,190.7
310,365,1969,448.5
310,365,1970,24.3
310,365,1971,239.20000000000002
310,365,1972,123.3
310,365,1973,349.45
310,365,1974,451.58
310,365,1975,405.0
310,365,1976,288.05
310,365,1977,303.5
310,365,1978,615.0
310,365,1979,485.4
310,365,1980,387.5
310,365,1981,144.8
310,365,1982,183.0
310,365,1983,176.1
310,365,1984,306.8
310,365,1985,229.3
310,365,1986,79.9
310,365,1987,77.42
310,365,1988,41.95
310,365,1989,67.75
310,365,1990,14.5
310,365,1991,6.8
310,365,1993,877.98
310,365,1996,51.65
310,365,1997,98.5
310,365,1998,78.45
310,365,1999,132.3
310,365,2004,50.6
310,365,2014,7.2
310,369,2004,3.4
310,370,1996,104.0
310,375,2011,4.8
310,380,2006,210.4
310,380,2007,157.8
310,380,2016,11.4
310,385,2023,30.0
310,385,2024,75.0
310,640,2021,3.5
310,666,2008,5.0
310,666,2023,12.5
310,666,2024,25.5
310,666,2025,25.5
315,290,1971,2.5
315,290,1972,2.2
315,290,1973,2.2
315,290,1975,6.6
315,290,1978,3.3
315,290,1979,3.3
315,290,1982,7.7
315,290,1983,7.7
315,290,1984,6.6
315,290,1985,6.6
315,290,1986,7.7
315,290,1987,8.8
315,290,1989,11.0
315,290,1990,4.4
315,310,1957,2.28
315,310,1966,12.0
315,310,1967,12.0
315,310,1968,9.0
315,310,1972,7.5
315,310,1973,7.5
315,310,1974,7.5
315,310,1975,7.5
315,365,1951,5.0
315,365,1952,20.0
315,365,1953,45.0
315,365,1955,71.79999999999995
315,365,1956,71.79999999999995
315,365,1957,10.5
315,365,1958,257.0
315,365,1959,257.0
315,365,1960,10.5
315,365,1961,30.399999999999977
315,365,1962,85.89999999999998
315,365,1963,56.5
315,365,1964,249.79999999999995
315,365,1965,368.65
315,365,1966,355.15
315,365,1967,293.65
315,365,1968,286.4
315,365,1969,273.4
315,365,1970,285.4
315,365,1971,726.5
315,365,1972,687.0
315,365,1973,769.5999999999999
315,365,1974,992.0999999999999
315,365,1975,706.4
315,365,1976,80.80000000000001
315,365,1977,59.099999999999994
315,365,1978,288.80000000000007
315,365,1979,232.8
315,365,1980,192.40000000000003
315,365,1981,520.5
315,365,1982,523.1
315,365,1983,402.6
315,365,1984,518.26
315,365,1985,806.01
315,365,1986,503.01000000000005
315,365,1987,357.61
315,365,1988,325.1099999999999
315,365,1989,713.56
315,365,1990,226.35000000000002
315,365,1991,30.2
316,2,2000,2.0
316,2,2001,35.0
316,2,2002,23.4
316,2,2003,14.0
316,2,2005,40.4
316,2,2006,0.36
316,2,2008,14.4
316,2,2009,0.85
316,2,2010,1.5
316,2,2011,1.6
316,2,2012,1.15
316,2,2013,0.25
316,2,2018,3.1
316,2,2019,0.2
316,2,2020,0.8
316,2,2023,74.18
316,2,2024,43.88
316,20,2011,6.0
316,20,2021,3.0
316,200,2003,1.28
316,200,2004,1.6
316,200,2005,1.6
316,200,2006,1.28
316,230,2011,50.0
316,230,2021,25.0
316,255,2008,7.35
316,255,2022,1.6
316,255,2023,20.8
316,255,2024,5.45
316,255,2025,19.2
316,290,1996,33.3
316,290,1997,7.4
316,325,2000,10.0
316,325,2001,18.0
316,325,2002,19.0
316,325,2003,19.0
316,325,2004,4.0
316,325,2005,12.5
316,325,2006,12.5
316,325,2008,2.85
316,325,2010,1.5
316,325,2011,2.85
316,325,2012,4.5
316,325,2013,4.65
316,355,1999,0.16
316,355,2000,0.24
316,365,2003,59.5
316,365,2005,175.5
316,365,2006,25.5
316,369,1999,0.16
316,369,2000,0.24
316,380,2005,370.2
316,380,2006,6.8
316,380,2007,10.4
316,380,2020,2.0
316,380,2021,2.4
316,380,2023,2.0
316,552,2001,4.0
316,666,2009,15.0
316,666,2010,28.4
316,666,2011,31.5
316,666,2012,24.3
316,666,2013,10.0
316,666,2016,6.9
316,666,2018,4.0
317,2,2017,17.5
317,2,2018,17.5
317,2,2019,14.5
317,2,2020,21.75
317,2,2024,175.92
317,2,2025,428.56
317,255,2022,1.6
317,255,2023,29.6
317,255,2024,4.8
317,316,2009,2.6
317,316,2010,2.6
317,316,2013,5.2
317,316,2021,0.96
317,316,2022,1.04
317,325,2012,1.5
317,325,2017,16.0
317,325,2018,16.0
317,365,1993,146.3
317,365,1994,28.5
317,365,1995,199.5
317,365,1996,28.5
317,365,2002,29.0
317,365,2004,1.04
317,365,2009,6.0
317,365,2010,6.0
317,369,1995,8.06
317,369,2000,0.6
317,369,2005,4.17
317,369,2007,0.36
317,560,2008,0.15
317,560,2009,0.9
317,666,2020,3.0
317,710,2017,13.2
325,2,1950,176.76
325,2,1951,247.66
325,2,1952,817.08
325,2,1953,1133.4
325,2,1954,219.33
325,2,1955,333.33
325,2,1956,692.8299999999999
325,2,1957,553.06
325,2,1958,386.4
325,2,1959,410.29999999999995
325,2,1960,328.95
325,2,1961,218.0
325,2,1962,313.40999999999997
325,2,1963,484.8299999999998
325,2,1964,465.35
325,2,1965,205.20000000000005
325,2,1966,274.95
325,2,1967,11.25
325,2,1968,65.99999999999999
325,2,1969,177.78000000000003
325,2,1970,64.22000000000003
325,2,1971,12.0
325,2,1972,635.95
325,2,1973,50.75
325,2,1974,97.75
325,2,1975,53.25
325,2,1976,60.5
325,2,1977,82.50000000000003
325,2,1978,245.93
325,2,1979,237.75
325,2,1980,182.75
325,2,1981,26.0
325,2,1982,48.500000000000014
325,2,1983,123.75
325,2,1984,75.25999999999996
325,2,1985,66.0
325,2,1986,83.0
325,2,1987,80.0
325,2,1988,91.0
325,2,1989,53.040000000000006
325,2,1990,59.550000000000004
325,2,1991,72.5
325,2,1992,60.0
325,2,1993,96.95000000000002
325,2,1994,118.25
325,2,1995,53.3
325,2,1996,58.099999999999994
325,2,1997,13.599999999999994
325,2,1998,1.0
325,2,2000,253.83999999999997
325,2,2001,184.72
325,2,2002,135.08
325,2,2003,510.03000000000003
325,2,2004,440.28000000000003
325,2,2005,55.0
325,2,2006,22.0
325,2,2007,23.0
325,2,2008,15.5
325,2,2010,26.0
325,2,2011,4.0
325,2,2012,78.5
325,2,2013,4.0
325,2,2014,14.5
325,2,2015,31.099999999999994
325,2,2016,65.39999999999998
325,2,2017,22.0
325,2,2018,44.0
325,2,2019,20.0
325,2,2020,3.450000000000017
325,2,2021,8.050000000000011
325,2,2022,8.0
325,2,2024,1.8000000000000114
325,2,2025,5.340000000000032
325,20,1972,1.0
325,20,1973,1.0
325,20,1974,2.0
325,20,1975,5.0
325,20,1976,5.5
325,20,1977,5.5
325,20,1978,5.5
325,20,1979,5.5
325,20,1980,5.5
325,20,1981,5.5
325,20,1982,5.5
325,20,1985,2.5
325,20,1986,2.0
325,20,2016,3.0
325,20,2017,3.0
325,200,1954,2.5
325,200,1955,70.0
325,200,1965,3.0
325,200,1967,15.0
325,200,1971,18.0
325,200,1972,18.0
325,200,1973,18.0
325,200,1974,1.5
325,200,1980,1.5
325,200,1981,1.5
325,200,1982,3.0
325,200,1983,3.0
325,200,1991,6.0
325,200,1994,8.999999999999996
325,200,1995,146.76
325,200,1996,42.36
325,200,1997,198.35999999999999
325,200,2002,29.999999999999996
325,200,2003,30.000000000000004
325,200,2004,1.7763568394002505e-15
325,200,2011,30.0
325,200,2012,10.0
325,200,2017,8.0
325,200,2024,24.0
325,210,1950,4.0
325,210,1961,45.0
325,210,2007,15.0
325,210,2009,15.0
325,220,1959,4.0
325,220,1961,15.0
325,220,1962,57.55
325,220,1963,59.55
325,220,1964,63.85
325,220,1965,56.25
325,220,1966,17.7
325,220,1982,5.0
325,220,1983,5.0
325,220,1984,5.0
325,220,1985,5.0
325,220,1986,10.0
325,220,1987,10.0
325,220,1988,10.0
325,220,1989,10.0
325,220,1990,10.0
325,220,1991,7.5
325,220,1992,7.5
325,220,1993,7.5
325,220,1994,7.5
325,220,1995,7.5
325,220,1996,7.5
325,220,1997,15.0
325,220,1998,17.5
325,220,1999,12.5
325,220,2000,19.8
325,220,2001,12.6
325,220,2002,15.6
325,220,2003,20.5
325,220,2004,2.4
325,220,2005,8.07
325,220,2007,12.0
325,220,2008,3.0
325,220,2009,15.0
325,220,2013,31.0
325,220,2014,22.5
325,220,2015,22.5
325,220,2016,22.8
325,220,2017,11.5
325,220,2018,10.0
325,220,2019,11.2
325,220,2020,1.8
325,220,2021,1.2
325,220,2022,1.8
325,220,2023,3.0
325,220,2024,2.4
325,220,2025,42.0
325,235,1989,71.2
325,255,1991,2.1999999999999993
325,255,1992,4.4
325,255,1995,27.6
325,255,1996,27.6
325,255,2001,20.0
325,255,2002,20.0
325,255,2003,20.0
325,255,2004,20.0
325,255,2022,16.0
325,255,2023,8.0
325,255,2024,8.0
325,260,1961,0.5
325,260,1969,126.0
325,260,1970,126.0
325,260,1973,58.099999999999994
325,260,1974,59.5
325,260,1975,1.0
325,260,1982,30.0
325,260,1983,41.879999999999995
325,375,2003,6.0
325,380,2001,0.4
325,380,2005,5.4
325,380,2006,4.8
325,380,2007,7.2
325,380,2008,6.8
325,380,2009,5.0
325,380,2010,4.0
325,380,2011,4.0
325,380,2012,8.0
325,380,2013,4.0
325,666,1993,8.5
325,666,1994,8.5
325,666,1995,8.5
325,666,1996,8.5
325,666,1998,5.0
325,666,1999,5.0
325,666,2000,4.0
325,666,2001,2.0
325,666,2002,2.0
325,666,2003,2.0
325,666,2006,4.95
325,666,2007,32.05
325,666,2008,20.0
325,666,2011,15.0
325,666,2012,10.0
325,666,2013,9.0
325,666,2014,18.0
325,666,2015,18.0
325,666,2016,35.0
325,666,2017,50.0
325,666,2018,35.0
325,666,2021,6.0
325,666,2022,6.0
325,666,2023,6.0
325,666,2024,6.0
338,2,2002,4.2
338,2,2004,4.2
338,2,2011,7.5
338,2,2012,7.5
338,2,2017,7.5
338,200,1998,0.4
338,200,2000,0.38
338,200,2001,0.1
338,205,2015,10.0
338,210,1996,0.76
338,255,1992,12.0
338,255,1997,6.0
338,260,1972,0.39
338,325,1992,0.74
338,325,2005,17.5
338,325,2014,12.0
338,325,2016,6.0
338,325,2023,45.0
338,620,1973,0.28
338,620,1978,7.68
338,620,1980,1.14
338,820,1995,0.24
339,2,2017,0.38
339,2,2018,0.88
339,2,2019,4.74
339,2,2020,12.3
339,2,2021,1.04
339,2,2023,0.78
339,2,2024,5.2
339,2,2025,0.75
339,220,2012,14.5
339,220,2013,7.25
339,220,2014,7.25
339,255,2007,4.75
339,255,2015,6.5
339,265,1963,3.2
339,315,1963,1.6
339,325,2003,1.96
339,325,2005,7.34
339,325,2015,0.24
339,325,2017,0.24
339,325,2025,20.0
339,355,2024,18.75
339,365,1950,19.6
339,365,1951,9.58
339,365,1952,20.5
339,365,1953,35.15
339,365,1954,36.95
339,365,1955,97.61
339,365,1956,74.28999999999999
339,365,1957,53.6
339,365,1958,59.32
339,365,1959,140.9
339,365,1960,69.2
339,365,1961,44.29
339,640,2024,14.4
339,640,2025,2.0
339,710,1961,30.0
339,710,1962,42.0
339,710,1963,6.95
339,710,1964,7.95
339,710,1965,139.8
339,710,1966,74.0
339,710,1967,163.06
339,710,1968,265.03999999999996
339,710,1969,297.28999999999996
339,710,1970,249.54
339,710,1971,331.75
339,710,1972,134.37
339,710,1973,106.3
339,710,1974,136.6
339,710,1975,52.65
339,710,1976,4.95
339,710,1977,6.6
339,710,1978,4.95
339,710,1995,25.5
341,2,2018,15.0
341,2,2020,4.5
341,2,2021,0.9
341,2,2022,1.8
341,2,2024,5.58
341,2,2025,0.72
341,255,2025,0.7
341,305,2015,1.28
341,640,2016,0.15
343,2,1998,3.24
343,2,1999,3.24
343,2,2000,5.0
343,2,2001,0.14
343,2,2006,0.13
343,2,2022,1.08
343,2,2023,4.68
343,2,2024,1.08
343,2,2025,5.22
343,205,2013,1.12
343,220,1999,1.69
343,255,1998,6.48
343,255,2000,11.5
343,316,1995,0.4
343,325,1999,3.0
343,345,2001,5.5
343,350,1999,1.2
343,350,2001,2.1
343,355,1999,71.64
343,365,1994,29.0
343,369,2001,110.22
343,640,2012,0.15
343,640,2016,0.15
343,640,2025,3.6
343,666,2009,6.0
343,705,1998,1.68
344,2,1997,7.0
344,2,2001,55.0
344,2,2014,21.64
344,2,2016,19.97
344,2,2017,2.5
344,2,2018,2.5
344,2,2022,29.0
344,2,2025,12.67
344,20,1997,5.95
344,220,2023,88.9
344,220,2024,90.25
344,220,2025,114.25
344,225,1996,2.7
344,225,1997,32.3
344,255,1995,0.72
344,255,2015,10.8
344,255,2017,10.8
344,290,2003,8.0
344,290,2004,8.0
344,316,2007,0.2
344,316,2008,0.3
344,325,2001,2.0
344,325,2002,2.0
344,325,2007,1.5
344,365,1991,1.0
344,365,1992,29.0
344,365,1993,29.0
344,365,2007,14.5
344,365,2008,58.0
344,369,2014,5.0
344,375,2008,44.0
344,640,2025,14.4
344,666,2007,4.0
344,666,2019,4.8
344,703,2003,16.0
345,2,1951,24.25999999999999
345,2,1952,293.84000000000003
345,2,1953,444.17999999999995
345,2,1954,450.5
345,2,1955,263.77
345,2,1956,208.2
345,2,1957,124.19999999999999
345,2,1958,42.0
345,2,1959,205.98000000000002
345,2,1960,96.0
345,2,1961,57.6
345,2,1975,3.2
345,2,1976,3.2
345,2,1983,52.0
345,2,1984,57.0
345,2,2012,0.44
345,2,2018,0.48
345,2,2020,0.48
345,2,2021,0.78
345,2,2022,2.31
345,2,2024,0.6
345,2,2025,0.3
345,20,1954,0.38
345,20,2023,3.0
345,200,1951,118.6
345,200,1952,116.0
345,200,1954,3.0
345,200,1956,73.6
345,200,1959,3.0
345,200,1976,5.24
345,200,1977,10.64
345,200,1978,19.04
345,200,1979,13.04
345,200,1980,10.64
345,211,2023,1.0
345,211,2024,2.5
345,211,2025,2.5
345,220,1957,34.5
345,220,1974,0.75
345,220,1975,0.75
345,220,1976,1.5
345,220,1977,1.5
345,220,1978,2.25
345,220,1979,2.25
345,220,1980,2.25
345,220,1981,2.25
345,220,1982,2.25
345,220,1983,2.25
345,220,1984,2.25
345,220,1985,2.25
345,220,1986,2.25
345,220,1987,1.5
345,220,1988,1.5
345,220,1989,1.5
345,220,1990,0.75
345,220,2022,4.5
345,220,2023,13.0
345,220,2024,56.0
345,220,2025,40.0
345,230,2023,25.0
345,255,2018,3.25
345,255,2019,13.0
345,255,2023,3.25
345,255,2024,10.45
345,255,2025,13.0
345,260,1976,1.8
345,260,1977,2.4
345,260,1978,4.8
345,260,1979,4.8
345,260,1980,2.4
345,290,1974,17.08
345,290,1975,17.08
345,290,1976,17.08
345,290,1977,17.08
345,290,1978,17.08
345,290,1979,17.08
345,290,1980,17.08
345,290,1981,17.08
345,290,1982,17.08
345,290,1983,17.08
345,310,2024,10.8
345,341,2010,16.04
345,349,2016,8.8
345,352,2023,39.6
345,360,1972,9.5
345,360,1973,9.5
345,360,1980,5.0
345,360,1981,5.0
345,365,1960,22.56
345,365,1961,56.64
345,365,1962,343.81
345,365,1963,365.61
345,365,1964,298.15999999999997
345,365,1965,372.55
345,365,1966,412.95
345,365,1967,487.65
345,365,1968,562.75
345,365,1969,318.55
345,365,1970,243.95
345,365,1971,253.25
345,365,1972,276.25
345,365,1973,172.75
345,365,1974,194.62
345,365,1975,624.1800000000001
345,365,1976,511.4
345,365,1977,629.03
345,365,1978,495.27
345,365,1979,840.35
345,365,1980,694.64
345,365,1981,497.69000000000005
345,365,1982,583.1
345,365,1983,570.22
345,365,1984,74.25
345,365,1985,88.5
345,365,1986,60.0
345,365,1987,94.25
345,365,1988,403.29999999999995
345,365,1989,58.44999999999999
345,365,1990,122.5
345,365,1991,72.5
345,365,1997,5.8
345,365,2016,14.5
345,365,2017,65.26
345,365,2019,70.74
345,365,2020,140.29
345,365,2021,62.07
345,365,2025,4.8
345,369,1997,6.8
345,369,1998,5.8
345,369,2001,26.54
345,370,2021,54.52
345,380,1977,7.0
345,380,1978,14.0
345,380,1979,14.0
345,380,1980,7.0
345,380,1983,10.0
345,380,1987,2.5
345,380,1988,2.5
345,380,1989,25.2
345,380,1990,25.2
345,390,2023,7.5
345,660,1991,1.02
345,666,2025,10.0
345,705,1995,6.33
345,710,2020,6.5
345,710,2022,157.0
345,710,2023,278.0
345,710,2024,75.0
345,710,2025,75.0
346,2,1996,45.8
346,2,1997,25.2
346,2,1999,15.72
346,2,2017,0.47
346,2,2019,0.47
346,2,2020,0.31
346,2,2021,12.4
346,360,1997,10.8
346,360,1998,2.08
346,365,1998,0.25
346,630,1996,0.5
346,640,2025,1.4
346,651,1996,4.8
346,651,1997,5.0
346,694,1999,9.0
346,696,1996,6.48
346,696,1997,37.400000000000006
346,710,1993,6.0
346,710,1994,6.0
347,2,2018,1.17
347,2,2020,3.25
347,2,2021,8.8
347,2,2025,8.0
347,640,2014,1.4
347,640,2022,1.1
347,640,2023,13.85
349,2,1992,10.0
349,2,1993,22.0
349,2,1994,11.4
349,2,1995,15.0
349,2,2001,0.13
349,2,2014,0.98
349,2,2021,6.84
349,2,2023,9.66
349,2,2024,3.0
349,20,1998,0.35
349,20,1999,2.8
349,220,2003,14.5
349,220,2004,14.5
349,220,2011,26.0
349,225,1995,4.46
349,225,1998,3.5
349,225,1999,15.2
349,255,2001,38.4
349,316,1995,0.3
349,316,1996,0.5
349,325,2023,16.0
349,325,2024,16.0
349,365,2003,0.28
349,365,2010,34.0
349,640,2009,1.5
349,666,1996,19.25
349,666,2009,3.0
350,2,1950,94.7
350,2,1951,397.62
350,2,1952,306.0
350,2,1953,84.4
350,2,1954,79.1
350,2,1955,107.24
350,2,1956,88.12
350,2,1957,347.7
350,2,1958,382.43
350,2,1959,262.26
350,2,1960,250.83999999999997
350,2,1961,144.08
350,2,1962,335.67
350,2,1963,101.83
350,2,1964,531.08
350,2,1965,492.53
350,2,1966,199.75
350,2,1967,237.88
350,2,1968,68.2
350,2,1969,231.58
350,2,1970,99.24
350,2,1971,305.66
350,2,1972,166.0
350,2,1973,191.20000000000002
350,2,1974,427.71
350,2,1975,681.4
350,2,1976,971.29
350,2,1977,439.95
350,2,1978,503.83
350,2,1979,308.75
350,2,1980,240.4
350,2,1981,202.3
350,2,1982,40.94
350,2,1983,95.78
350,2,1984,85.9
350,2,1985,56.2
350,2,1986,87.22
350,2,1987,30.7
350,2,1988,141.79999999999998
350,2,1989,789.8
350,2,1990,765.51
350,2,1991,348.5
350,2,1992,1395.62
350,2,1993,352.69000000000005
350,2,1994,191.28
350,2,1995,525.0899999999999
350,2,1996,90.05
350,2,1997,642.36
350,2,1998,973.22
350,2,1999,265.7
350,2,2000,271.75
350,2,2001,218.05
350,2,2002,148.45
350,2,2003,1501.46
350,2,2004,824.09
350,2,2005,101.93
350,2,2006,20.28
350,2,2007,253.41
350,2,2008,4.8
350,2,2009,916.8
350,2,2010,150.77
350,2,2011,19.3
350,2,2012,6.5
350,2,2014,61.0
350,2,2015,92.36
350,2,2016,21.6
350,2,2017,25.200000000000003
350,2,2018,33.3
350,2,2019,87.2
350,2,2020,1.0
350,2,2021,7.04
350,2,2022,123.5
350,2,2023,53.92
350,2,2024,166.45999999999998
350,2,2025,45.5
350,20,1955,22.5
350,20,1958,27.5
350,20,1959,27.5
350,20,1979,2.5
350,20,1981,4.0
350,20,1982,4.0
350,20,1984,3.5
350,20,2000,1.5
350,20,2001,6.0
350,20,2002,7.5
350,20,2003,7.5
350,20,2004,20.0
350,20,2005,20.0
350,140,2008,48.0
350,200,1950,2.4
350,200,1951,2.4
350,200,1954,72.8
350,200,1955,72.8
350,200,1968,4.13
350,200,1975,40.0
350,200,1976,43.5
350,200,1977,40.0
350,200,1978,41.2
350,200,1980,20.0
350,200,1981,35.0
350,200,1982,15.0
350,200,1994,26.0
350,200,1997,13.0
350,200,2000,22.0
350,200,2001,22.0
350,200,2022,14.400000000000006
350,200,2023,14.4
350,210,1971,9.0
350,210,1972,13.0
350,210,1981,270.0
350,210,1982,314.8
350,210,1991,39.6
350,210,1992,141.7
350,210,1993,190.8
350,210,1994,143.5
350,210,1995,126.2
350,210,1996,24.0
350,210,1997,120.0
350,210,1998,75.0
350,210,2001,125.6
350,210,2002,125.6
350,210,2003,247.25
350,210,2004,14.5
350,210,2005,20.5
350,210,2006,29.0
350,210,2007,5.0
350,210,2008,9.75
350,210,2009,24.5
350,210,2010,15.75
350,210,2011,9.75
350,210,2015,13.25
350,210,2020,13.0
350,210,2022,13.0
350,220,1967,5.6
350,220,1971,146.7
350,220,1972,200.1
350,220,1973,12.5
350,220,1975,70.0
350,220,1976,181.8
350,220,1977,362.8
350,220,1978,608.25
350,220,1979,4.5
350,220,1980,5.449999999999989
350,220,1981,4.5
350,220,1982,4.25
350,220,1983,4.0
350,220,1988,275.67
350,220,1989,368.22
350,220,1990,15.42
350,220,1991,11.42
350,220,1992,273.67
350,220,1993,35.0
350,220,1994,35.0
350,220,1995,8.0
350,220,1996,8.0
350,220,1997,9.44
350,220,1998,5.37
350,220,1999,93.17
350,220,2000,2.76
350,220,2001,74.2
350,220,2002,39.4
350,220,2003,64.0
350,220,2004,49.8
350,220,2005,14.219999999999999
350,220,2006,59.28
350,220,2007,67.88999999999999
350,220,2008,0.8
350,220,2010,10.0
350,220,2011,19.5
350,220,2012,5.0
350,220,2013,5.0
350,220,2014,5.0
350,220,2015,5.0
350,220,2016,5.0
350,220,2017,5.0
350,220,2018,5.0
350,220,2019,5.0
350,220,2020,5.0
350,220,2021,217.8
350,220,2022,207.3
350,220,2023,294.06
350,220,2024,393.96
350,220,2025,398.75
350,225,1984,60.0
350,225,1985,70.0
350,225,1986,70.0
350,255,1990,63.76
350,255,1991,67.62
350,255,1992,69.98000000000002
350,255,1993,291.14
350,255,1994,795.28
350,255,1995,188.4
350,255,1996,1.6500000000000057
350,255,1998,27.299999999999955
350,255,1999,101.06
350,255,2000,123.69
350,255,2003,150.28
350,255,2004,120.0
350,255,2005,60.52
350,255,2006,361.08000000000004
350,255,2007,275.76
350,255,2010,122.39999999999998
350,255,2013,1.5
350,255,2014,110.0
350,255,2015,10.899999999999977
350,255,2020,10.9
350,255,2022,20.42
350,255,2023,17.68
350,255,2024,19.8
350,255,2025,28.6
350,260,1960,10.0
350,260,1964,103.5
350,260,1967,50.760000000000005
350,260,1968,30.88
350,260,1969,30.38
350,260,1970,173.18
350,260,1971,120.0
350,260,1972,310.0
350,260,1975,49.76
350,260,1976,91.74
350,260,1977,122.5
350,260,1978,70.5
350,260,1979,330.0
350,260,1980,187.9
350,260,1981,167.66
350,260,1983,192.8
350,260,1984,136.04
350,260,1985,50.199999999999996
350,260,1986,0.34
350,260,1988,125.44
350,260,1989,17.04
350,325,1951,100.0
350,325,1966,8.1
350,325,1969,26.4
350,325,1970,28.6
350,325,1973,42.0
350,325,1975,39.3
350,325,1977,15.0
350,325,1978,57.4
350,325,1979,88.05
350,325,1980,20.0
350,325,1981,81.66
350,325,1982,76.84
350,325,1983,50.0
350,325,1984,68.65
350,325,1985,0.4
350,325,1986,3.6
350,325,1987,5.25
350,325,1988,5.25
350,325,1993,4.75
350,325,1994,4.75
350,325,1995,8.0
350,325,2005,15.25
350,325,2006,5.5
350,325,2007,15.0
350,325,2008,15.0
350,325,2010,2.75
350,325,2015,2.75
350,325,2018,1.08
350,325,2020,2.75
350,325,2022,2.75
350,325,2023,17.0
350,325,2024,44.0
350,325,2025,36.75
350,365,1998,137.68
350,365,1999,369.0
350,365,2000,299.28
350,365,2001,135.8
350,365,2002,47.0
350,365,2003,20.0
350,365,2004,22.0
350,365,2005,63.3
350,365,2019,1.0
350,369,2001,63.3
350,380,1985,12.0
350,380,1986,12.0
350,380,2001,120.0
350,380,2004,14.0
350,380,2005,2.0
350,380,2008,120.0
350,385,1967,75.0
350,385,1980,14.8
350,385,1981,15.2
350,385,1986,28.8
350,385,1994,1.6
350,385,1995,6.4
350,385,1997,10.0
350,390,2015,1.22
350,630,1975,32.0
350,663,1983,48.0
350,663,1988,7.2
350,663,1989,60.8
350,666,2004,7.0
350,666,2005,8.0
350,666,2020,6.0
350,666,2021,6.0
350,666,2025,43.25
352,2,1990,7.85
352,2,1997,5.0
352,20,1989,0.35
352,20,1990,0.35
352,140,1984,23.27
352,140,1985,20.52
352,140,1986,18.72
352,140,1987,18.0
352,140,1988,18.0
352,200,1982,3.5
352,200,1985,0.6
352,211,2025,0.36
352,220,1983,18.7
352,220,1985,12.9
352,220,1986,13.8
352,220,1987,15.05
352,220,1988,80.39999999999999
352,220,1989,8.1
352,220,1990,56.75
352,220,1991,82.2
352,220,1994,36.6
352,220,2000,2.04
352,220,2001,5.8
352,220,2005,18.0
352,220,2010,0.54
352,220,2011,0.72
352,220,2020,10.0
352,220,2021,10.0
352,220,2023,8.1
352,225,1988,12.5
352,225,1989,19.4
352,225,1990,14.4
352,255,2025,19.5
352,290,1990,2.4
352,316,2007,0.7
352,317,2007,15.6
352,325,1991,11.7
352,325,1992,11.7
352,325,2004,16.4
352,325,2011,18.0
352,345,1973,8.4
352,345,1982,1.8
352,345,1986,8.1
352,345,1988,12.0
352,345,2019,19.2
352,345,2020,21.0
352,345,2021,1.8
352,345,2025,3.3
352,350,1964,7.0
352,350,1965,0.6
352,350,1992,14.7
352,350,1993,9.6
352,350,1996,18.6
352,350,1997,31.14
352,350,1998,7.2
352,350,2000,1.8
352,350,2003,6.48
352,365,1964,11.2
352,365,1965,7.0
352,365,1973,0.8
352,365,1995,34.0
352,365,1996,152.5
352,365,1997,62.0
352,365,1999,112.5
352,365,2001,173.96
352,365,2002,65.0
352,365,2006,21.75
352,365,2010,43.2
352,365,2011,22.4
352,365,2012,6.0
352,652,1984,0.8
352,666,2002,0.6
352,666,2017,22.5
352,666,2019,0.4
352,666,2024,119.9
352,666,2025,5.1
352,698,2017,7.02
355,2,1999,4.2
355,2,2007,3.0
355,2,2008,5.8
355,2,2011,3.0
355,2,2015,4.0
355,2,2025,338.0
355,20,2004,2.1
355,210,2020,44.0
355,211,2005,132.0
355,211,2008,80.0
355,211,2009,102.0
355,220,2006,21.75
355,220,2007,29.0
355,220,2008,14.5
355,220,2009,14.5
355,220,2010,7.25
355,220,2011,10.0
355,220,2012,5.0
355,220,2025,9.8
355,225,2003,1.85
355,225,2004,11.4
355,265,1964,13.4
355,290,1971,4.5
355,290,1972,4.5
355,290,1988,20.0
355,290,2022,1.76
355,315,1954,71.25
355,315,1955,95.0
355,315,1963,9.6
355,315,1964,10.0
355,315,1965,10.0
355,315,1966,10.0
355,315,1967,10.0
355,315,1968,10.0
355,315,1969,10.0
355,315,1970,13.0
355,315,1971,22.45
355,315,1972,8.0
355,315,1973,8.0
355,315,1985,5.2
355,315,1986,48.0
355,315,1987,24.0
355,315,1990,82.4
355,316,2021,0.4
355,325,1999,3.0
355,325,2007,16.0
355,325,2008,16.0
355,325,2011,16.0
355,325,2025,2.75
355,365,1950,165.75
355,365,1951,87.56
355,365,1952,116.56
355,365,1953,364.25
355,365,1954,617.55
355,365,1955,443.56
355,365,1956,431.0
355,365,1957,304.0
355,365,1958,354.0
355,365,1959,165.0
355,365,1960,481.65
355,365,1961,521.65
355,365,1962,492.75
355,365,1963,543.15
355,365,1964,302.8
355,365,1965,362.4
355,365,1966,208.0
355,365,1967,319.4
355,365,1968,246.4
355,365,1969,522.8
355,365,1970,757.5
355,365,1971,379.6
355,365,1972,432.7
355,365,1973,242.2
355,365,1974,277.9
355,365,1975,328.29999999999995
355,365,1976,296.54999999999995
355,365,1977,408.49999999999994
355,365,1978,803.9999999999999
355,365,1979,287.55
355,365,1980,545.0
355,365,1981,948.65
355,365,1982,575.05
355,365,1983,718.83
355,365,1984,885.2
355,365,1985,525.85
355,365,1986,799.9
355,365,1987,345.35
355,365,1988,152.85
355,365,1989,265.95
355,365,1990,644.03
355,365,1991,325.15
355,365,1992,34.08
355,365,1996,121.6
355,380,2025,7.5
355,385,2019,2.0
355,666,2008,0.28
355,666,2009,2.8
355,666,2010,0.42
359,220,2023,10.0
359,255,2023,2.66
359,290,2024,3.52
359,360,1992,7.619999999999999
359,360,1994,3.0
359,360,1995,11.0
359,666,2025,4.68
360,2,1996,18.4
360,2,1997,18.4
360,2,1998,44.0
360,2,1999,14.0
360,2,2000,3.0
360,2,2001,0.5
360,2,2005,13.0
360,2,2006,2.04
360,2,2007,31.3
360,2,2008,11.0
360,2,2009,0.9499999999999993
360,2,2010,25.200000000000003
360,2,2011,6.0
360,2,2012,3.0
360,2,2013,3.0
360,2,2014,0.28
360,2,2015,3.0
360,2,2016,5.0
360,2,2017,13.16
360,2,2018,20.2
360,2,2019,13.2
360,2,2020,95.0
360,2,2021,59.2
360,2,2022,167.68
360,2,2023,292.44
360,2,2024,113.32
360,2,2025,40.0
360,20,2010,5.0
360,20,2011,5.0
360,200,2004,216.88
360,200,2005,216.88
360,200,2023,18.0
360,200,2025,18.0
360,210,2005,126.48
360,210,2025,205.2
360,220,2013,1.08
360,220,2014,0.12
360,220,2015,0.72
360,225,1998,117.0
360,225,1999,117.0
360,225,2008,3.5
360,225,2010,2.45
360,225,2012,2.45
360,225,2015,2.45
360,225,2018,4.2
360,230,2011,0.56
360,235,2016,171.89
360,235,2017,56.43
360,235,2020,45.6
360,235,2021,11.4
360,255,2004,47.52
360,255,2005,47.52
360,255,2006,41.58
360,255,2007,35.64
360,255,2008,37.32
360,255,2009,5.94
360,255,2020,1.68
360,255,2021,2.32
360,255,2022,1.68
360,255,2023,1.84
360,255,2024,3.76
360,255,2025,0.32
360,315,1954,71.25
360,315,1955,128.0
360,315,1956,53.0
360,315,1957,24.0
360,315,1958,24.0
360,315,1959,24.0
360,315,1960,24.0
360,315,1961,24.0
360,315,1962,24.0
360,315,1963,24.0
360,315,1964,24.0
360,315,1965,20.0
360,315,1966,5.0
360,315,1967,6.0
360,315,1968,6.0
360,315,1969,6.0
360,315,1970,6.0
360,315,1971,6.0
360,315,1972,6.0
360,315,1973,6.0
360,315,1974,5.0
360,315,1981,32.0
360,315,1982,16.0
360,315,1983,32.0
360,315,1984,32.0
360,315,1985,16.0
360,325,2004,2.75
360,325,2005,2.75
360,325,2010,32.0
360,325,2011,32.0
360,325,2012,16.0
360,325,2013,16.0
360,325,2015,16.0
360,355,1989,7.5
360,355,1990,8.25
360,355,1991,8.25
360,355,1992,7.5
360,359,1992,11.4
360,365,1950,7.32
360,365,1951,76.28
360,365,1952,426.8
360,365,1953,867.6
360,365,1954,549.6
360,365,1955,336.0
360,365,1956,397.06
360,365,1957,164.96
360,365,1958,84.96000000000001
360,365,1959,75.96000000000001
360,365,1960,91.6
360,365,1961,6.0
360,365,1962,154.9
360,365,1963,205.71
360,365,1964,396.58
360,365,1965,500.38
360,365,1966,395.63
360,365,1967,435.61
360,365,1968,584.55
360,365,1969,392.8
360,365,1970,554.8
360,365,1971,416.95
360,365,1972,444.0
360,365,1973,437.3
360,365,1974,516.8
360,365,1975,530.9000000000001
360,365,1976,187.15
360,365,1977,176.65000000000003
360,365,1978,82.6
360,365,1979,349.74
360,365,1980,272.25
360,365,1981,201.8
360,365,1982,274.65
360,365,1983,91.3
360,365,1984,70.10000000000001
360,365,1985,147.75
360,365,1986,288.1
360,365,1987,49.85000000000001
360,365,1988,57.900000000000006
360,365,1989,133.64999999999998
360,365,1990,462.45000000000005
360,365,1992,150.0
360,365,1993,1.0
360,365,1994,20.65
360,365,1995,1.0
360,365,1996,13.6
360,365,1997,31.5
360,385,2023,34.2
360,385,2024,136.8
360,385,2025,68.4
360,640,2024,28.8
360,640,2025,14.400000000000006
360,666,1996,6.0
360,666,1997,10.0
360,666,1998,8.0
360,666,1999,9.8
360,666,2000,17.0
360,666,2001,23.8
360,666,2002,19.8
360,666,2003,10.8
360,666,2004,10.8
360,666,2005,7.5
360,666,2006,3.0
360,666,2007,6.0
360,666,2008,6.0
360,666,2009,7.23
360,666,2010,6.75
360,666,2017,18.9
360,666,2018,11.1
360,710,1971,28.8
360,710,1974,57.599999999999994
360,710,1979,14.399999999999999
360,732,2024,10.8
360,732,2025,14.2
365,110,1976,2.1
365,220,2013,6.5
365,255,2014,14.4
365,255,2015,9.6
365,265,1960,17.26
365,265,1961,25.26
365,265,1962,17.26
365,265,1963,25.89
365,265,1964,25.89
365,265,1965,25.89
365,265,1986,77.0
365,265,1987,77.0
365,265,1988,154.0
365,265,1989,115.5
365,265,1990,38.5
365,290,1962,7.0
365,290,1963,110.95
365,290,1964,237.01
365,290,1965,234.01
365,290,1966,279.16
365,290,1967,301.99
365,290,1968,287.92
365,290,1969,322.72
365,290,1970,268.47
365,290,1971,269.62
365,290,1972,269.62
365,290,1973,112.9
365,290,1974,232.4
365,290,1975,228.4
365,290,1976,272.6
365,290,1977,318.5
365,290,1978,271.1
365,290,1979,142.2
365,290,1980,184.4
365,290,1981,173.4
365,290,1982,130.5
365,290,1983,84.7
365,290,1984,52.1
365,290,1985,44.4
365,290,1986,211.7
365,290,1987,213.0
365,290,1988,211.7
365,290,1989,8.8
365,290,1990,71.7
365,290,1991,40.0
365,290,1992,40.0
365,315,1953,7.5
365,315,1954,45.0
365,315,1955,945.0
365,315,1956,1537.5
365,315,1957,1500.0
365,315,1958,1500.0
365,315,1959,900.0
365,315,1960,600.0
365,315,1961,150.0
365,315,1962,150.0
365,315,1963,100.0
365,315,1964,200.0
365,315,1965,225.0
365,315,1966,245.5
365,315,1967,245.5
365,315,1968,225.0
365,315,1969,225.0
365,315,1970,225.0
365,315,1971,225.0
365,315,1972,495.0
365,315,1973,470.0
365,315,1974,662.5
365,315,1975,480.0
365,315,1976,525.5
365,315,1977,557.0
365,315,1978,469.5
365,315,1979,617.0
365,315,1980,557.5
365,315,1981,605.5
365,315,1982,497.0
365,315,1983,612.5
365,315,1984,834.0
365,315,1985,932.0
365,315,1986,1105.5
365,315,1987,1181.5
365,315,1988,1260.5
365,315,1989,1057.0
365,315,1990,538.2
365,315,1991,53.5
365,316,2011,10.4
365,316,2012,7.8
365,316,2013,5.2
365,316,2014,5.2
365,316,2015,13.0
365,316,2016,15.6
365,316,2017,15.6
365,325,1950,36.0
365,355,1991,36.0
365,360,1979,20.0
365,360,1980,25.0
365,360,1981,25.0
365,360,1982,28.0
365,360,1983,28.0
365,360,1984,28.0
365,360,1985,28.0
365,360,1986,28.0
365,360,1987,28.0
365,360,1988,28.0
365,360,1989,25.0
365,360,1990,7.0
365,360,1991,2.0
365,369,1999,368.0
365,369,2000,1146.68
365,369,2001,1.68
365,369,2007,90.0
365,369,2012,30.0
365,369,2013,32.0
365,369,2014,6.0
365,375,1954,25.0
365,375,1959,75.0
365,375,1960,75.0
365,375,1966,60.0
365,375,1967,30.0
365,375,1968,30.0
365,375,1969,30.0
365,375,1970,30.0
365,375,1971,30.0
365,375,1972,30.0
365,375,1974,62.5
365,375,1975,62.5
365,375,1978,62.5
365,375,1979,62.5
365,375,1982,15.0
365,630,2022,9.0
365,630,2024,24.0
365,640,2015,16.0
365,666,2009,0.7
365,666,2010,0.7
365,710,2018,9.6
365,710,2019,4.8
365,710,2021,4.8
365,710,2022,4.8
365,710,2023,6.0
365,710,2025,4.8
365,731,2023,8.7
365,731,2024,211.3
365,731,2025,44.1
366,2,1997,4.0
366,2,2002,1.0
366,2,2003,11.0
366,2,2015,2.4
366,2,2016,2.4
366,2,2017,2.4
366,2,2019,2.2
366,2,2020,3.84
366,2,2021,2.25
366,2,2025,118.32000000000001
366,200,2004,0.42
366,200,2007,18.0
366,200,2008,18.0
366,200,2009,18.0
366,210,2010,1.8
366,210,2011,0.72
366,210,2012,2.28
366,210,2013,1.44
366,210,2014,1.68
366,210,2015,0.6
366,210,2016,29.76
366,210,2017,30.76
366,210,2018,16.0
366,210,2019,16.0
366,211,2010,0.9
366,220,1998,1.0
366,220,1999,1.1
366,220,2008,2.7
366,220,2009,3.6
366,220,2010,2.7
366,220,2013,13.0
366,220,2015,15.16
366,220,2017,2.7
366,220,2018,2.7
366,220,2019,1.44
366,220,2020,2.7
366,220,2021,3.6
366,220,2022,2.7
366,220,2025,26.2
366,255,1993,2.08
366,255,1994,12.0
366,255,1995,7.2
366,255,1997,6.4
366,255,2000,8.8
366,255,2003,2.0
366,255,2004,6.800000000000001
366,255,2005,1.6
366,255,2023,10.08
366,290,2023,1.36
366,290,2024,6.08
366,290,2025,16.56
366,316,2005,12.0
366,355,1997,1.4
366,369,2013,3.6
366,375,1992,2.0
366,375,1995,7.0
366,375,1997,1.08
366,375,1998,2.34
366,375,2005,2.52
366,375,2006,4.2
366,375,2007,0.48
366,375,2009,5.88
366,380,1993,0.57
366,380,1998,0.16
366,380,2002,0.6
366,380,2003,0.6
366,380,2004,4.0
366,380,2005,10.2
366,380,2008,7.5
366,380,2009,15.0
366,380,2010,7.5
366,385,1995,3.0
366,385,2024,4.5
366,390,1994,2.68
366,390,2000,18.0
366,640,2024,10.8
366,640,2025,32.85
366,666,1994,0.3
366,666,1996,1.0
366,666,2020,7.5
366,666,2021,3.0
366,666,2022,1.5
366,666,2023,0.6
366,666,2024,91.85
366,666,2025,0.6
366,732,2020,10.8
366,732,2021,10.8
366,732,2022,10.8
366,732,2023,10.8
367,2,2003,11.0
367,2,2009,11.0
367,2,2010,14.2
367,2,2016,20.0
367,2,2018,11.0
367,2,2019,22.0
367,2,2022,14.5
367,2,2023,7.25
367,200,2015,0.63
367,200,2016,3.82
367,200,2017,8.14
367,200,2018,4.16
367,200,2019,3.66
367,200,2020,8.77
367,200,2021,8.64
367,200,2022,3.56
367,210,2004,8.0
367,210,2007,44.0
367,210,2008,44.0
367,210,2011,22.0
367,255,1993,7.68
367,255,1994,12.0
367,255,1995,5.6
367,255,1999,4.4
367,290,1992,0.12
367,290,1995,0.88
367,290,1996,0.44
367,290,1997,0.44
367,290,2003,1.8
367,290,2023,6.72
367,290,2024,0.96
367,305,2017,19.5
367,305,2018,4.0
367,316,1995,6.24
367,316,2001,3.0
367,325,2007,5.5
367,365,2004,4.79
367,365,2005,4.79
367,380,1993,0.57
367,380,1998,0.16
367,380,2001,1.9
367,380,2002,0.6
367,380,2003,0.6
367,380,2006,8.82
367,380,2007,1.94
367,380,2010,1.6
367,380,2015,2.0
367,380,2016,4.0
367,380,2017,2.0
367,380,2021,0.3
367,380,2022,2.35
367,380,2023,18.4
367,380,2024,2.85
367,385,1995,3.0
367,385,2001,9.0
367,385,2003,12.0
367,390,2018,1.6
367,666,2008,1.8
367,666,2019,5.0
367,666,2020,1.2
367,666,2021,4.2
367,666,2022,2.7
367,666,2023,2.4
368,2,2002,1.11
368,2,2003,1.11
368,2,2004,2.6
368,2,2005,2.6
368,2,2006,13.0
368,2,2007,4.32
368,2,2008,3.0
368,2,2009,3.0
368,2,2015,1.8
368,2,2017,3.6
368,2,2019,1.5
368,2,2020,36.5
368,2,2021,45.5
368,2,2022,42.0
368,2,2023,20.1
368,2,2024,45.33
368,2,2025,23.5
368,200,2013,72.6
368,220,2015,9.75
368,230,2024,17.5
368,255,1993,2.08
368,255,1998,7.2
368,255,1999,4.4
368,255,2000,4.9
368,255,2001,4.4
368,255,2002,2.4
368,255,2004,31.9
368,255,2005,5.6
368,255,2006,12.3
368,255,2016,13.0
368,255,2017,2.24
368,255,2018,5.94
368,255,2019,33.08
368,255,2020,36.41
368,255,2021,10.01
368,255,2022,33.24
368,255,2023,42.9
368,290,1995,0.66
368,290,1996,14.600000000000001
368,290,2000,1.0
368,290,2014,0.64
368,290,2015,1.76
368,290,2016,0.8
368,290,2017,1.6
368,290,2018,1.6
368,290,2025,4.0
368,316,1995,1.8
368,316,1998,8.0
368,325,2006,16.0
368,325,2008,16.0
368,325,2009,16.0
368,355,1999,5.0
368,355,2014,9.0
368,365,1992,69.9
368,365,1993,7.2
368,380,1993,0.57
368,380,1998,0.16
368,380,2001,1.3
368,380,2002,0.6
368,380,2016,5.0
368,380,2020,2.1
368,380,2024,14.2
368,380,2025,0.8
368,385,1995,3.0
368,385,2001,9.9
368,385,2004,12.22
368,385,2005,2.6
368,385,2006,12.0
368,385,2020,25.0
368,385,2021,25.0
368,390,2002,9.72
368,390,2008,8.0
368,390,2009,8.0
368,390,2010,8.0
368,390,2016,8.0
368,666,2015,0.5
368,666,2016,7.5
368,666,2019,3.2
368,666,2020,18.7
368,666,2021,28.3
368,666,2023,33.6
368,666,2024,0.3
368,666,2025,0.75
369,2,2015,3.96
369,2,2016,4.8
369,2,2017,3.6
369,2,2018,16.060000000000002
369,2,2019,2.4
369,2,2020,4.5
369,2,2021,19.88
369,2,2022,879.46
369,2,2023,1834.11
369,2,2024,2778.34
369,2,2025,582.12
369,20,2014,1.28
369,20,2015,4.96
369,20,2022,31.950000000000003
369,20,2023,164.94
369,20,2024,82.74
369,20,2025,100.0
369,200,2015,6.0
369,200,2022,265.3
369,200,2023,155.66
369,200,2024,157.7
369,200,2025,116.36
369,205,2025,6.5
369,210,2022,59.28
369,210,2023,26.0
369,210,2024,84.44
369,210,2025,273.32
369,211,2022,17.6
369,211,2023,19.5
369,211,2024,18.96
369,211,2025,40.4
369,220,2018,3.2
369,220,2019,3.2
369,220,2021,6.4
369,220,2022,37.08
369,220,2023,115.81
369,220,2024,164.68
369,220,2025,190.08
369,230,2022,11.57
369,230,2023,25.42
369,230,2024,56.449999999999996
369,235,2022,1.5799999999999998
369,235,2023,7.9
369,235,2024,36.92
369,235,2025,0.5
369,255,2022,302.61
369,255,2023,578.9399999999999
369,255,2024,729.86
369,255,2025,472.13
369,290,2018,1.9
369,290,2019,4.5
369,290,2022,704.46
369,290,2023,542.09
369,290,2024,130.35
369,290,2025,28.299999999999997
369,316,2018,45.7
369,316,2019,6.4
369,316,2020,13.32
369,316,2022,153.38
369,316,2023,92.57
369,316,2024,147.3
369,316,2025,29.759999999999998
369,317,2022,71.28
369,317,2023,153.6
369,317,2025,9.24
369,325,2022,31.810000000000002
369,325,2023,78.83
369,325,2024,52.01
369,325,2025,45.46
369,341,2022,3.62
369,343,2022,31.2
369,343,2023,59.199999999999996
369,344,2022,3.9
369,344,2023,39.379999999999995
369,344,2024,53.2
369,346,2023,5.5
369,349,2022,37.8
369,349,2023,2.4
369,349,2024,3.36
369,350,2022,7.2
369,350,2023,7.2
369,350,2024,19.759999999999998
369,350,2025,1.73
369,355,2024,14.0
369,360,2022,1.0
369,360,2023,1.0
369,360,2024,123.0
369,366,2022,9.280000000000001
369,366,2023,13.14
369,366,2024,1.8
369,367,2022,10.059999999999999
369,367,2023,6.76
369,367,2025,1.2
369,368,2022,12.24
369,368,2023,7.8
369,368,2024,3.0
369,375,2022,1.6
369,375,2023,19.6
369,375,2025,14.7
369,380,2022,0.8
369,380,2023,79.03999999999999
369,380,2024,56.4
369,380,2025,56.5
369,385,2022,17.119999999999997
369,385,2023,54.57
369,385,2024,130.11
369,385,2025,135.6
369,390,2022,32.480000000000004
369,390,2024,143.4
369,390,2025,79.8
369,600,2022,20.8
369,600,2023,46.8
369,600,2024,26.0
369,640,2019,14.4
369,640,2021,14.4
369,640,2022,37.0
369,640,2023,23.28
369,640,2024,16.119999999999997
369,663,2022,1.54
369,663,2024,216.0
369,694,2023,54.0
369,694,2024,19.8
369,694,2025,1.8
369,696,2015,7.5600000000000005
369,696,2022,1.3
369,696,2023,0.26
369,696,2024,0.26
369,732,2022,10.62
369,732,2023,10.62
369,732,2024,10.62
369,900,2022,16.12
369,900,2023,7.0
369,900,2024,5.6
369,900,2025,78.4
370,365,1998,41.3
370,365,1999,41.3
370,365,2006,116.0
370,365,2011,75.0
370,365,2012,75.0
370,365,2013,75.0
370,365,2014,66.0
370,365,2015,88.88
370,365,2016,117.3
370,365,2017,157.5
370,365,2018,141.21
370,365,2019,332.96
370,365,2020,13.0
370,365,2021,2.0999999999999943
370,365,2022,139.7
370,365,2023,150.45
370,365,2024,313.5
370,365,2025,390.5
370,369,2005,5.94
370,369,2006,23.76
370,369,2009,3.42
370,369,2015,9.6
370,630,2024,0.8
370,710,2017,0.7
370,710,2018,0.7
371,220,2023,3.84
371,317,2004,46.0
371,341,2010,2.24
371,365,1993,1.75
371,365,1994,181.34
371,365,1995,47.089999999999996
371,365,1996,68.05
371,365,2004,68.0
371,365,2009,45.8
371,365,2010,45.8
371,365,2011,1.5
371,365,2013,52.4
371,365,2016,112.4
371,365,2017,21.8
371,365,2019,227.5
371,365,2022,29.0
371,369,2004,3.6
371,369,2010,3.6
371,369,2011,3.6
371,370,2007,1.4
371,663,2019,20.8
371,710,1999,2.4
371,750,2021,32.0
371,750,2023,3.6
371,750,2024,31.8
371,750,2025,21.0
372,2,2001,6.29
372,2,2008,1.6
372,2,2009,4.0
372,2,2014,1.4
372,2,2017,7.36
372,2,2018,6.15
372,2,2019,6.15
372,2,2022,2.46
372,220,2018,34.8
372,255,1998,4.4
372,290,2007,8.0
372,316,2000,6.0
372,316,2001,66.84
372,316,2003,0.8
372,316,2004,0.72
372,316,2005,20.78
372,316,2006,43.56
372,316,2007,4.28
372,316,2009,4.32
372,350,1998,1.8
372,350,1999,1.8
372,350,2004,22.0
372,355,2001,9.76
372,355,2004,1.4
372,355,2005,18.4
372,355,2006,4.5
372,355,2007,1.5
372,355,2009,2.4
372,355,2011,1.68
372,355,2012,9.2
372,355,2013,5.2
372,365,1993,4.28
372,369,1997,4.0
372,369,1998,18.0
372,369,1999,21.5
372,369,2004,13.88
372,369,2005,51.980000000000004
372,369,2006,42.92
372,369,2007,127.8
372,369,2008,69.84
372,369,2009,0.89
372,640,1998,3.4
372,640,2001,2.1
372,640,2007,6.15
372,640,2008,25.45
372,640,2009,24.7
372,640,2024,13.8
372,666,2005,0.2
372,666,2007,13.6
372,666,2008,34.75
372,666,2009,2.08
372,704,2005,3.6
372,705,2006,6.06
373,2,2025,6.0
373,230,2019,13.0
373,316,2017,4.68
373,316,2018,6.12
373,316,2025,7.0
373,317,2002,1.04
373,317,2017,11.88
373,317,2018,11.88
373,325,2025,32.0
373,345,2025,36.0
373,346,2010,0.28
373,355,2002,9.36
373,365,2007,68.08
373,365,2008,18.0
373,365,2009,2.0
373,365,2010,101.4
373,365,2011,484.75
373,365,2012,269.85
373,365,2013,316.3
373,365,2014,564.5
373,365,2015,215.2
373,365,2016,7.2
373,365,2017,109.2
373,365,2018,52.6
373,369,1993,50.0
373,369,1994,25.0
373,369,2002,9.5
373,369,2004,4.0
373,369,2005,43.6
373,369,2006,111.73
373,369,2007,144.59
373,369,2008,12.41
373,369,2009,104.10000000000001
373,369,2010,28.41
373,369,2011,13.63
373,369,2012,5.6
373,369,2013,15.0
373,370,2005,19.76
373,370,2006,42.64
373,370,2008,1.32
373,370,2009,26.96
373,370,2010,8.8
373,370,2011,50.64
373,370,2012,69.08
373,370,2013,33.0
373,370,2014,33.0
373,370,2017,10.4
373,370,2018,43.2
373,370,2024,65.0
373,372,2002,69.0
373,560,2009,2.5
373,560,2010,2.499999999999999
373,640,2000,3.4
373,640,2010,3.9
373,640,2011,7.42
373,640,2012,22.9
373,640,2013,5.3
373,640,2014,19.8
373,640,2015,22.0
373,640,2016,29.2
373,640,2017,3.6
373,640,2018,5.5
373,640,2019,5.5
373,640,2020,28.8
373,640,2022,9.05
373,640,2023,3.0
373,640,2024,10.0
373,640,2025,11.7
373,666,2006,13.2
373,666,2008,1.9
373,666,2009,8.1
373,666,2010,10.1
373,666,2011,5.75
373,666,2012,8.0
373,666,2013,24.5
373,666,2014,5.25
373,666,2015,26.0
373,666,2016,189.7
373,666,2017,32.599999999999994
373,666,2018,130.89999999999998
373,666,2019,22.5
373,666,2020,18.75
373,666,2025,121.8
373,710,2025,129.5
373,770,2018,2.4
373,770,2025,119.0
375,2,1957,2.5
375,2,1974,3.3600000000000003
375,2,1975,5.89
375,2,1982,15.9
375,2,1983,1.4
375,2,1984,1.5
375,2,1988,1.2
375,2,1992,36.0
375,2,1993,36.0
375,2,1996,6.0
375,2,1997,16.399999999999977
375,2,1998,48.0
375,2,1999,86.39999999999998
375,2,2000,91.60000000000002
375,2,2002,4.8
375,2,2008,9.0
375,2,2009,9.0
375,2,2010,10.1
375,2,2011,1.92
375,2,2012,7.8
375,2,2013,25.4
375,2,2014,43.6
375,2,2015,98.4
375,2,2016,19.56
375,2,2017,6.0
375,2,2018,7.68
375,2,2019,36.16
375,2,2020,76.0
375,20,1958,0.76
375,20,2007,3.0
375,20,2011,1.5
375,200,1952,18.0
375,200,1955,11.25
375,200,1956,14.77
375,200,1958,21.18
375,200,1959,23.1
375,200,1960,14.76
375,200,1962,12.4
375,200,1963,1.25
375,200,1964,1.25
375,200,1974,12.26
375,200,1975,14.64
375,200,1985,10.0
375,200,1986,5.0
375,200,1989,10.0
375,200,1990,25.0
375,200,1991,22.5
375,200,1993,54.5
375,200,1994,42.5
375,200,1997,2.5
375,200,2016,0.04
375,200,2017,0.92
375,200,2018,0.16
375,210,1960,6.0
375,210,1968,12.0
375,210,1979,6.5
375,210,1980,8.5
375,210,2007,19.36
375,210,2015,40.0
375,210,2016,40.0
375,210,2017,40.0
375,210,2018,40.0
375,210,2019,40.54
375,210,2020,2.1
375,210,2021,8.0
375,220,1962,1.0
375,220,1963,1.0
375,220,1990,2.7
375,220,1991,2.7
375,220,1992,137.2
375,220,1993,270.7
375,220,1994,122.2
375,220,1995,40.2
375,220,1996,3.15
375,220,1997,3.15
375,220,1998,2.7
375,220,1999,2.7
375,220,2000,2.7
375,220,2001,2.7
375,220,2002,2.7
375,220,2003,2.5
375,220,2005,2.5
375,220,2006,5.0
375,220,2013,52.0
375,220,2014,56.8
375,220,2015,56.8
375,220,2016,4.8
375,220,2024,10.0
375,220,2025,10.0
375,225,1962,10.0
375,225,1963,15.0
375,225,1964,15.0
375,225,2008,64.8
375,225,2010,11.1
375,230,2007,25.0
375,230,2011,12.5
375,255,1990,2.4
375,255,1991,15.360000000000001
375,255,1992,147.45
375,255,1993,39.6
375,255,1994,53.959999999999994
375,255,1998,12.4
375,255,2003,208.4
375,255,2005,17.95
375,255,2006,16.18
375,255,2007,23.15
375,260,1981,3.6
375,260,1985,7.2
375,260,1986,3.6
375,325,1968,0.7
375,325,1985,5.0
375,325,1986,5.0
375,325,1987,5.0
375,325,1996,5.0
375,365,1960,37.58
375,365,1961,41.54
375,365,1962,14.879999999999999
375,365,1963,222.0
375,365,1964,76.86
375,365,1965,71.25
375,365,1966,31.25
375,365,1967,74.75
375,365,1969,20.75
375,365,1970,14.75
375,365,1971,4.25
375,365,1973,12.0
375,365,1974,99.3
375,365,1975,51.7
375,365,1976,35.2
375,365,1977,12.0
375,365,1978,104.5
375,365,1979,35.0
375,365,1980,302.22
375,365,1981,21.0
375,365,1982,31.0
375,365,1983,26.0
375,365,1984,11.0
375,365,1985,31.4
375,365,1986,35.949999999999996
375,365,1987,34.0
375,365,1988,34.15
375,365,1989,76.05
375,365,1990,45.050000000000004
375,365,1991,10.8
375,365,1992,88.19999999999999
375,365,1994,10.8
375,365,1996,195.0
375,380,1958,3.4
375,380,1960,1.04
375,380,1963,2.55
375,380,1966,0.56
375,380,1968,10.0
375,380,1972,26.32
375,380,1973,1.12
375,380,1974,1.1199999999999974
375,380,1975,1.1199999999999974
375,380,1976,38.919999999999995
375,380,1979,5.0
375,380,1981,16.65
375,380,1984,29.4
375,380,1985,62.7
375,380,1986,41.85
375,380,1987,27.0
375,380,1988,105.75
375,380,1990,13.3
375,380,1991,13.3
375,380,1992,26.6
375,380,1993,5.0
375,380,1994,5.0
375,380,1995,5.0
375,380,1996,5.0
375,380,1998,7.59
375,380,1999,3.2600000000000002
375,380,2000,2.7
375,380,2001,2.7
375,380,2002,2.7
375,380,2003,14.5
375,380,2004,14.5
375,380,2005,27.0
375,380,2006,46.42000000000001
375,380,2007,27.4
375,380,2008,10.06
375,380,2009,7.5
375,380,2010,5.0
375,380,2011,14.7
375,380,2013,29.5
375,380,2014,8.02
375,380,2020,2.0
375,380,2023,10.5
375,380,2024,12.25
375,380,2025,8.3
375,385,1992,7.0
375,385,1998,1.5
375,385,1999,0.28
375,385,2005,3.0
375,385,2006,1.5
375,385,2007,3.0
375,385,2013,4.5
375,385,2014,1.5
375,385,2020,3.0
375,385,2021,1.5
375,385,2022,1.5
375,390,2014,5.47
375,390,2015,5.35
375,395,1980,0.22
375,560,2002,5.0
375,560,2003,5.0
375,560,2005,5.0
375,560,2006,5.9
375,560,2007,14.2
375,560,2008,6.3
375,560,2010,0.6
375,560,2011,1.2
375,560,2012,0.6
375,560,2013,3.75
375,666,2001,1.2
375,666,2005,14.7
375,666,2006,13.5
375,666,2008,9.0
375,666,2009,13.0
375,666,2023,16.0
375,666,2024,61.0
375,666,2025,31.0
375,732,2018,9.0
375,732,2019,9.0
375,732,2020,12.6
375,732,2021,10.8
375,732,2022,10.8
375,732,2023,10.8
375,732,2024,21.6
375,732,2025,1.8
380,2,1951,5.74
380,2,1952,13.0
380,2,1958,10.44
380,2,1959,9.0
380,2,1960,9.0
380,2,1962,52.4
380,2,1963,45.04
380,2,1964,30.0
380,2,1965,26.4
380,2,1967,3.5
380,2,1968,6.899999999999999
380,2,1969,43.599999999999994
380,2,1970,20.300000000000004
380,2,1971,19.32
380,2,1975,28.0
380,2,1977,51.0
380,2,1978,72.5
380,2,1979,37.5
380,2,1980,89.85
380,2,1981,227.75
380,2,1982,6.600000000000001
380,2,1983,12.0
380,2,1984,12.450000000000003
380,2,1985,6.550000000000001
380,2,1986,35.85
380,2,1987,50.47
380,2,1988,53.06999999999999
380,2,1989,55.120000000000005
380,2,1990,17.5
380,2,1991,15.0
380,2,1992,15.0
380,2,1993,15.0
380,2,1994,15.0
380,2,1995,46.0
380,2,1998,85.20000000000002
380,2,2005,31.800000000000004
380,2,2006,26.0
380,2,2007,2.0
380,2,2008,8.0
380,2,2009,2.0
380,2,2011,149.8
380,2,2012,185.25
380,2,2013,14.5
380,2,2016,8.56
380,2,2017,5.0
380,2,2021,110.0
380,2,2022,317.5
380,2,2023,64.5
380,2,2024,55.0
380,2,2025,87.0
380,20,2004,10.0
380,20,2005,20.0
380,20,2006,40.0
380,20,2008,10.0
380,200,1950,27.829999999999984
380,200,1951,67.5
380,200,1952,67.5
380,200,1953,180.5
380,200,1954,56.25
380,200,1955,239.52999999999997
380,200,1956,346.18
380,200,1957,112.75
380,200,1959,57.25
380,200,1960,74.05000000000001
380,200,1961,85.97
380,200,1962,19.549999999999997
380,200,1963,118.81
380,200,1964,189.39999999999998
380,200,1965,190.4
380,200,1966,13.5
380,200,1967,16.0
380,200,1968,2.799999999999997
380,200,1969,1.7999999999999972
380,200,1970,1.7999999999999972
380,200,1971,7.079999999999998
380,200,1972,20.799999999999997
380,200,1973,20.14
380,200,1974,21.0
380,200,1975,13.5
380,200,1992,20.0
380,210,1955,1.5
380,210,1956,1.5
380,210,1958,11.0
380,210,1959,3.0
380,210,1962,11.5
380,210,1963,1.5
380,210,1964,10.0
380,210,1965,1.5
380,210,1966,18.0
380,210,1967,18.0
380,210,1968,1.5
380,210,1971,6.0
380,210,1976,6.0
380,210,2000,2.5
380,220,1959,7.5
380,220,1960,30.5
380,220,1961,30.75
380,220,1962,9.75
380,220,1963,7.7
380,220,1964,4.2
380,220,1965,3.0
380,220,1967,12.5
380,220,1968,3.0
380,220,1969,12.5
380,220,1970,12.5
380,220,1971,25.0
380,220,1972,25.0
380,220,1982,3.0
380,220,1985,3.0
380,220,1988,29.0
380,220,1989,29.0
380,220,1990,30.5
380,220,1991,3.0
380,220,1992,1.5
380,220,1994,7.25
380,220,1995,7.25
380,220,1999,0.4
380,220,2000,0.4
380,220,2015,2.0
380,220,2016,6.0
380,220,2017,2.0
380,220,2023,3.3
380,225,1966,17.5
380,225,1967,17.5
380,225,1988,10.26
380,225,1997,0.34
380,225,1998,1.02
380,225,1999,1.36
380,225,2002,1.7
380,230,1986,18.75
380,230,1990,6.25
380,255,1990,3.6
380,255,1991,7.2
380,255,1992,8.9
380,255,1993,8.43
380,255,1994,247.41
380,255,1995,39.14
380,255,1996,34.19
380,255,1997,10.0
380,255,1998,25.77000000000001
380,255,1999,49.31999999999999
380,255,2000,43.920000000000016
380,255,2001,27.36
380,255,2002,17.47
380,255,2003,15.75
380,255,2006,2.0
380,255,2008,0.5
380,255,2011,7.5
380,255,2012,7.5
380,255,2023,2.8
380,255,2024,1.2
380,255,2025,1.2
380,260,1962,0.6
380,260,1978,7.2
380,260,1979,9.6
380,260,1980,7.2
380,260,1981,12.0
380,260,1982,2.4
380,260,1985,7.199999999999999
380,260,1986,8.4
380,260,1987,19.2
380,290,2023,20.0
380,290,2025,1.0
380,305,1990,6.72
380,325,1962,12.6
380,325,1963,18.9
380,325,1964,8.4
380,325,1966,9.5
380,325,1967,14.25
380,325,1968,14.25
380,325,1969,14.25
380,325,1970,28.95
380,325,1971,32.65
380,325,1973,15.0
380,325,1974,5.0
380,325,1975,5.0
380,325,1976,5.0
380,325,1988,10.0
380,325,1989,10.0
380,325,1991,0.7
380,325,1993,5.0
380,325,1994,20.0
380,325,2006,11.0
380,325,2007,22.0
380,325,2008,16.5
380,325,2009,5.5
380,325,2025,4.0
380,366,1996,8.0
380,375,1988,1.2
380,375,1993,4.5
380,375,2001,15.05
380,375,2002,15.05
380,375,2003,17.85
380,375,2004,10.5
380,375,2025,22.05
380,385,1972,28.85
380,385,1978,86.55
380,385,1979,135.4
380,385,1980,106.55
380,385,1981,164.25
380,385,1982,48.85
380,385,1985,7.0
380,385,1990,5.0
380,385,1991,13.0
380,385,1992,14.5
380,385,1993,6.0
380,385,1994,6.0
380,385,2016,4.5
380,385,2017,3.0
380,385,2020,3.0
380,395,1993,5.2
380,560,1998,0.9
380,560,2006,12.3
380,560,2007,3.0
380,560,2008,14.7
380,560,2012,9.0
380,560,2013,18.0
380,666,2006,3.0
380,666,2007,2.0
380,666,2008,2.0
380,666,2009,7.0
380,666,2025,12.0
380,740,1985,17.0
380,830,1989,13.2
380,900,2003,5.6
385,2,1950,17.5
385,2,1951,69.34
385,2,1952,368.06
385,2,1953,401.94
385,2,1954,19.44
385,2,1955,102.32
385,2,1956,193.14
385,2,1957,139.75
385,2,1958,147.02
385,2,1959,116.55
385,2,1960,151.22
385,2,1961,89.47999999999999
385,2,1962,17.6
385,2,1963,206.20000000000002
385,2,1964,40.14
385,2,1965,30.39
385,2,1966,337.44
385,2,1967,365.06
385,2,1968,249.0
385,2,1969,518.68
385,2,1970,68.36
385,2,1973,9.58
385,2,1974,1.08
385,2,1975,41.94
385,2,1976,15.670000000000002
385,2,1977,17.46
385,2,1978,13.5
385,2,1979,32.0
385,2,1980,236.85
385,2,1981,376.7
385,2,1982,381.7
385,2,1983,371.7
385,2,1984,193.35
385,2,1985,22.0
385,2,1986,11.000000000000002
385,2,1987,128.78
385,2,1988,115.07999999999998
385,2,1989,299.63
385,2,1990,111.9
385,2,1991,10.0
385,2,1992,10.0
385,2,1993,23.6
385,2,1994,10.0
385,2,1995,37.72
385,2,1996,107.96
385,2,1997,108.4
385,2,1998,45.199999999999996
385,2,1999,19.0
385,2,2000,15.0
385,2,2001,16.0
385,2,2002,8.0
385,2,2003,9.0
385,2,2004,5.0
385,2,2005,3.0
385,2,2006,59.0
385,2,2007,56.0
385,2,2008,99.0
385,2,2009,99.0
385,2,2010,90.8
385,2,2011,61.400000000000006
385,2,2012,50.8
385,2,2013,5.399999999999999
385,2,2014,1.0
385,2,2015,2.3799999999999955
385,2,2016,2.3799999999999955
385,2,2018,30.600000000000023
385,2,2019,3.0
385,2,2020,10.0
385,2,2021,134.0
385,2,2022,527.0
385,2,2023,20.0
385,2,2024,3.6000000000000227
385,2,2025,20.0
385,20,1955,8.0
385,20,1956,56.93
385,20,1967,12.5
385,20,1973,49.28
385,20,1974,53.76
385,200,1950,92.0
385,200,1951,54.0
385,200,1952,57.51
385,200,1953,7.44
385,200,1972,67.5
385,200,1976,11.9
385,200,1978,6.75
385,200,1981,34.5
385,200,1982,20.0
385,200,1983,16.0
385,200,1984,16.0
385,200,1985,14.0
385,200,1991,4.0
385,200,1992,10.75
385,200,1993,4.0
385,200,1994,4.0
385,200,1995,4.0
385,200,1996,6.75
385,200,1997,26.25
385,200,1998,13.0
385,200,2000,64.8
385,200,2011,40.0
385,200,2012,40.0
385,210,1963,6.0
385,210,1965,6.0
385,210,1966,60.0
385,210,1967,60.0
385,210,1968,12.0
385,210,1995,1.6
385,210,2001,16.0
385,210,2002,75.26
385,210,2013,5.0
385,210,2014,5.0
385,210,2015,5.0
385,210,2016,5.0
385,210,2017,2.0
385,211,1956,28.8
385,211,1966,12.0
385,220,1957,2.0
385,220,1958,2.0
385,220,1959,2.0
385,220,1960,2.0
385,220,1961,2.0
385,220,1962,2.0
385,220,1966,18.0
385,220,1967,14.0
385,220,1968,3.0
385,220,1983,0.5
385,220,1992,4.5
385,220,1993,6.75
385,220,1994,6.75
385,220,1995,6.75
385,220,1996,6.75
385,220,1997,4.5
385,220,2001,0.5
385,220,2005,0.77
385,220,2006,14.0
385,220,2007,14.0
385,220,2008,14.0
385,220,2009,14.0
385,220,2010,20.0
385,220,2011,26.5
385,220,2012,22.5
385,220,2013,12.5
385,220,2014,2.5
385,220,2015,2.5
385,220,2016,4.5
385,220,2018,9.5
385,220,2019,16.5
385,220,2020,2.0
385,220,2021,2.0
385,225,1965,56.0
385,225,1966,56.0
385,225,1967,56.0
385,255,1990,30.0
385,255,1991,30.0
385,255,1992,43.44
385,255,1993,93.84
385,255,1994,15.0
385,255,1998,2.64
385,255,1999,4.3
385,255,2000,5.0
385,255,2002,5.0
385,255,2006,1.5
385,255,2007,22.0
385,255,2008,20.0
385,255,2010,3.98
385,255,2011,2.6900000000000004
385,255,2012,1.53
385,255,2013,1.99
385,255,2017,2.5
385,255,2018,5.0
385,255,2019,0.48
385,255,2020,4.32
385,255,2022,7.5
385,255,2023,6.25
385,255,2024,1.2499999999999991
385,255,2025,3.170000000000001
385,260,1962,40.0
385,260,1964,200.0
385,260,1965,251.0
385,260,1966,236.0
385,260,1967,137.0
385,260,1969,4.2
385,260,1970,86.10000000000001
385,260,1971,81.9
385,260,1977,2.4
385,260,1979,14.4
385,260,1980,16.8
385,260,1989,15.0
385,290,2023,5.6
385,290,2024,3.2
385,325,1953,1.44
385,325,1961,1.44
385,325,2006,17.0
385,325,2007,28.25
385,325,2008,9.05
385,325,2009,4.85
385,325,2010,11.7
385,325,2011,2.75
385,325,2012,5.949999999999999
385,325,2013,2.75
385,325,2017,4.65
385,325,2018,4.65
385,375,1991,5.4
385,375,1995,9.3
385,375,1996,3.0
385,375,2000,11.2
385,375,2004,0.7
385,375,2018,6.0
385,380,1956,1.7
385,380,1957,2.55
385,380,1966,15.0
385,380,1967,15.0
385,380,1979,0.34
385,380,1981,23.939999999999998
385,380,1982,48.7
385,380,1983,41.97
385,380,1984,116.25
385,380,1985,75.0
385,380,1986,90.0
385,380,1987,5.960000000000001
385,380,1988,85.0
385,380,1989,85.0
385,380,1992,12.0
385,380,1993,12.0
385,380,1994,17.0
385,380,1995,5.0
385,380,1999,4.0
385,380,2000,19.999999999999993
385,380,2001,20.0
385,380,2002,6.25
385,380,2010,5.0
385,380,2011,2.5
385,380,2012,5.0
385,380,2013,2.5
385,380,2023,3.6
385,380,2024,3.6
385,380,2025,1.8
385,390,2024,30.0
385,390,2025,9.5
385,560,2010,19.0
385,560,2011,4.75
385,732,2018,114.0
385,732,2019,9.07
385,732,2020,97.43
385,732,2025,20.48
390,2,1950,16.74
390,2,1951,35.94
390,2,1952,326.49
390,2,1953,392.97999999999996
390,2,1954,151.22
390,2,1955,59.49
390,2,1956,69.1
390,2,1957,63.96
390,2,1958,103.55
390,2,1959,202.5
390,2,1960,142.4
390,2,1961,335.08
390,2,1962,41.82
390,2,1963,91.6
390,2,1964,312.8
390,2,1965,282.0
390,2,1966,10.9
390,2,1967,14.0
390,2,1968,50.3
390,2,1969,2.76
390,2,1970,31.16
390,2,1971,14.4
390,2,1972,12.5
390,2,1974,38.5
390,2,1975,89.0
390,2,1976,36.9
390,2,1977,37.8
390,2,1978,127.44999999999999
390,2,1979,54.85
390,2,1980,67.60000000000002
390,2,1981,100.10000000000002
390,2,1982,109.80000000000001
390,2,1983,11.460000000000008
390,2,1984,56.620000000000005
390,2,1985,72.32
390,2,1988,5.0
390,2,1989,0.9000000000000057
390,2,1990,2.75
390,2,1991,14.9
390,2,1992,21.4
390,2,1993,9.25
390,2,1994,50.18
390,2,1995,25.4
390,2,1996,36.4
390,2,1997,64.14
390,2,1998,63.400000000000006
390,2,1999,33.0
390,2,2000,21.0
390,2,2001,31.2
390,2,2002,6.000000000000001
390,2,2003,2.500000000000001
390,2,2004,131.21
390,2,2005,10.21
390,2,2006,5.260000000000001
390,2,2007,79.64000000000001
390,2,2008,3.0
390,2,2011,5.6
390,2,2012,24.200000000000003
390,2,2013,20.0
390,2,2014,20.0
390,2,2015,33.8
390,2,2016,100.2
390,2,2017,53.34
390,2,2018,36.15
390,2,2020,2.88
390,2,2022,23.80000000000001
390,2,2023,12.0
390,2,2024,16.5
390,2,2025,10.099999999999994
390,20,1951,3.2
390,20,1955,25.34
390,20,1972,98.56
390,20,1978,1.28
390,20,1999,20.0
390,20,2001,40.0
390,20,2024,3.0
390,31,2015,0.24
390,160,1987,4.0
390,160,1988,0.42
390,200,1950,27.72
390,200,1951,63.24
390,200,1952,70.84
390,200,1953,223.45
390,200,1954,135.0
390,200,1956,120.32
390,200,1957,16.2
390,200,1958,7.2
390,200,1963,9.52
390,200,1964,33.72
390,200,1970,11.25
390,200,1971,41.25
390,200,1972,5.0
390,200,1976,24.65
390,200,1977,25.0
390,200,1978,13.5
390,200,1980,70.0
390,200,1981,34.0
390,200,1982,18.0
390,200,1983,13.0
390,200,1984,13.0
390,200,1985,13.0
390,200,1986,13.0
390,200,1987,10.0
390,200,1988,10.0
390,200,1989,64.0
390,200,1990,12.0
390,200,1991,24.0
390,200,1992,18.0
390,200,1993,6.0
390,210,1968,1.44
390,210,1969,1.44
390,210,1993,3.36
390,210,1994,2.4
390,210,1995,5.28
390,210,2007,25.0
390,210,2012,45.0
390,210,2014,90.0
390,220,1962,4.75
390,220,1967,2.85
390,220,1990,10.4
390,220,1991,8.2
390,220,1992,3.0
390,220,1993,3.0
390,220,1994,3.0
390,220,1995,85.68
390,220,1997,9.52
390,220,1998,28.56
390,220,2001,4.2
390,220,2002,4.7
390,220,2003,3.5
390,220,2023,4.0
390,220,2024,4.0
390,220,2025,4.0
390,225,1964,105.0
390,225,1965,105.0
390,225,1995,1.3
390,225,1996,1.3
390,225,1997,2.08
390,225,2006,1.3000000000000007
390,225,2007,3.9000000000000004
390,225,2008,6.5
390,225,2018,14.76
390,225,2019,40.25
390,225,2020,31.82
390,225,2021,19.619999999999997
390,225,2022,48.81
390,225,2023,0.86
390,255,1990,64.8
390,255,1991,54.8
390,255,1992,12.4
390,255,1993,17.2
390,255,1994,24.8
390,255,1995,12.4
390,255,1996,24.8
390,255,1997,0.8
390,255,1998,10.0
390,255,1999,10.0
390,255,2001,10.0
390,255,2002,21.12
390,255,2003,36.010000000000005
390,255,2004,85.83
390,255,2005,47.18
390,255,2012,23.5
390,255,2014,47.0
390,255,2020,20.8
390,255,2021,20.8
390,255,2022,20.8
390,255,2023,24.1
390,255,2024,3.48
390,260,1962,7.2
390,260,1963,7.2
390,260,1964,5.0
390,260,1965,5.0
390,260,1976,192.5
390,260,1977,50.0
390,260,1978,57.5
390,260,1980,1.5
390,260,1981,1.5
390,260,1982,1.5
390,260,1989,2.4
390,325,1955,90.0
390,325,1956,45.0
390,325,1957,45.0
390,325,1958,0.72
390,325,1976,5.0
390,325,1977,12.5
390,325,1978,7.5
390,325,1980,7.0
390,325,1981,7.0
390,325,1982,7.0
390,325,1991,5.0
390,325,1992,5.0
390,325,1998,12.0
390,375,2001,0.48
390,375,2002,0.84
390,375,2025,0.7
390,380,1970,89.55
390,380,1971,328.35
390,380,1972,39.8
390,380,1976,43.45
390,380,1977,48.14
390,380,1978,14.64
390,380,1985,2.5
390,380,1986,2.5
390,380,1987,2.5
390,380,1989,4.0
390,380,1990,8.0
390,380,1991,16.0
390,380,1992,12.0
390,380,1993,12.0
390,380,1994,8.0
390,380,1995,4.0
390,380,1996,8.0
390,380,1999,4.0
390,380,2000,16.0
390,380,2001,56.0
390,380,2004,2.5
390,380,2005,2.5
390,380,2012,2.5
390,380,2014,5.0
390,380,2018,2.56
390,380,2019,6.0
390,380,2020,5.92
390,380,2021,2.72
390,380,2022,7.36
390,380,2023,0.16
390,380,2025,0.1
390,385,1951,30.0
390,385,1989,33.0
390,385,1990,33.0
390,385,1991,33.0
390,385,1996,4.25
390,666,2010,5.0
390,666,2013,6.0
390,666,2014,6.0
390,666,2018,0.5
390,666,2019,5.5
390,666,2020,2.0
390,666,2021,0.75
390,666,2022,3.0
390,666,2023,18.97
390,666,2024,28.45
390,666,2025,43.41
395,260,1968,3.0
395,260,1975,3.0
395,385,2011,50.0
395,390,1960,20.0
395,390,1968,23.5
395,390,1975,23.5
402,140,1998,2.65
402,210,2012,10.0
402,230,2009,1.52
402,235,2019,3.04
402,255,1992,7.0
402,255,1998,6.0
402,365,1976,1.5
402,365,1979,18.0
402,365,1982,25.5
402,553,2000,0.88
404,220,1978,0.35
404,220,1984,0.28
404,235,1974,9.86
404,255,1991,6.0
404,265,1974,11.2
404,365,1975,12.0
404,365,1976,10.4
404,365,1978,13.92
404,365,1979,24.27
404,365,1980,1.98
404,365,1981,0.5
404,365,1984,10.0
404,365,1986,35.0
404,365,1988,20.0
404,365,1990,20.0
404,540,1980,0.05
404,710,1984,1.04
404,710,1990,1.5
404,750,1993,4.72
411,2,2007,0.8
411,2,2009,0.5
411,2,2014,10.0
411,230,1982,4.56
411,316,2007,7.2
411,365,1978,4.8
411,365,1980,1.12
411,365,2006,7.25
411,365,2018,7.25
411,369,2001,6.8
411,369,2004,7.2
411,369,2007,19.6
411,369,2008,29.5
411,369,2009,31.299999999999997
411,369,2011,11.2
411,369,2012,60.0
411,369,2014,80.0
411,390,1999,3.0
411,560,2013,1.8
411,560,2014,1.95
411,666,2005,10.5
411,666,2011,45.0
411,710,2009,35.9
411,710,2018,12.7
411,710,2021,0.25
411,710,2024,12.0
420,200,1981,2.5
420,225,1981,0.6
420,372,2004,4.6
420,640,2022,1.4
420,640,2023,0.12
420,640,2025,1.02
420,710,1989,11.88
420,713,2009,16.0
432,2,1969,2.0
432,2,1985,0.18
432,2,1994,0.42
432,2,1997,8.5
432,2,1998,4.25
432,20,2016,1.5
432,20,2018,2.0
432,20,2022,1.5
432,140,2018,18.0
432,200,1988,0.6
432,220,1961,2.3
432,220,1966,1.44
432,220,1988,1.3
432,220,2013,0.22
432,220,2016,3.7
432,220,2017,2.9
432,220,2020,2.08
432,230,2016,12.5
432,230,2022,13.620000000000001
432,315,1963,3.8
432,316,2005,12.84
432,317,2016,4.32
432,355,2007,7.8
432,355,2008,3.21
432,355,2009,10.44
432,355,2012,6.6
432,355,2013,7.2
432,359,2003,3.4
432,365,1961,0.72
432,365,1962,9.96
432,365,1963,0.36
432,365,1967,12.44
432,365,1971,15.0
432,365,1975,10.72
432,365,1976,88.5
432,365,1981,73.17999999999999
432,365,1982,3.88
432,365,1983,14.5
432,365,1984,13.120000000000001
432,365,2017,23.0
432,365,2019,11.5
432,365,2020,11.5
432,365,2021,29.0
432,365,2022,41.4
432,365,2023,18.4
432,365,2024,0.8
432,365,2025,28.0
432,369,2012,1.97
432,475,2000,0.24
432,560,2002,0.9
432,560,2014,0.54
432,560,2017,0.9
432,560,2018,2.34
432,560,2019,7.67
432,560,2020,0.96
432,560,2021,7.0
432,560,2022,0.7
432,560,2023,0.7
432,620,2011,0.19
432,640,2022,4.8
432,640,2023,7.2
432,640,2024,23.8
432,640,2025,4.8
432,651,1990,1.25
432,694,2018,2.88
432,696,2018,1.4
432,696,2020,34.2
432,710,1981,18.0
432,710,2000,6.5
432,710,2017,5.39
432,710,2021,2.45
432,710,2023,17.25
432,710,2025,31.56
433,2,1963,0.14
433,2,2011,2.28
433,2,2017,1.0
433,2,2021,1.0
433,20,1979,11.4
433,20,1982,7.0
433,20,2020,1.4
433,20,2022,1.5
433,20,2023,1.5
433,210,1977,17.0
433,210,1978,17.0
433,210,1979,17.0
433,212,2007,0.24
433,220,1960,0.3
433,220,1961,8.09
433,220,1964,4.1
433,220,1965,0.15
433,220,1966,2.4
433,220,1968,1.0
433,220,1969,37.8
433,220,1971,12.35
433,220,1973,0.8
433,220,1974,16.6
433,220,1976,14.6
433,220,1977,23.72
433,220,1978,2.56
433,220,1979,0.4
433,220,1983,32.8
433,220,1984,3.63
433,220,1986,14.0
433,220,1994,1.08
433,220,1995,5.9799999999999995
433,220,2006,0.76
433,220,2011,8.64
433,220,2015,10.73
433,220,2016,20.0
433,220,2017,3.0
433,220,2018,5.76
433,220,2019,26.24
433,220,2021,2.74
433,220,2023,121.9
433,220,2024,62.15
433,230,2008,1.05
433,230,2009,1.52
433,230,2011,1.56
433,230,2022,12.5
433,230,2023,12.5
433,255,2023,4.8
433,255,2024,2.4
433,317,2017,10.2
433,325,1983,5.0
433,325,2023,11.5
433,325,2024,6.75
433,355,2014,2.0
433,355,2015,2.4
433,355,2022,1.2
433,365,2005,14.5
433,365,2007,11.88
433,365,2015,7.25
433,369,2017,2.6799999999999997
433,390,1987,18.0
433,390,2023,12.0
433,390,2024,6.0
433,560,2005,0.16
433,560,2006,13.64
433,560,2008,4.5600000000000005
433,560,2009,4.16
433,560,2010,3.84
433,560,2014,6.24
433,560,2016,2.56
433,560,2019,3.68
433,560,2020,0.96
433,560,2022,6.3
433,640,2018,8.75
433,640,2022,6.0
433,666,2014,0.6
433,666,2015,4.03
433,666,2016,1.56
433,666,2017,1.32
433,666,2019,10.5
433,666,2020,12.35
433,710,2016,15.95
433,710,2017,20.55
433,710,2023,7.32
433,710,2024,1.4
433,732,2020,7.6
433,850,2011,4.0
433,850,2017,9.0
433,850,2021,17.0
434,2,1970,0.35
434,2,2024,0.36
434,2,2025,1.14
434,211,2002,6.8
434,211,2007,2.76
434,211,2009,0.96
434,220,1961,2.0
434,220,1962,0.7
434,220,1964,1.5999999999999999
434,220,1966,0.72
434,220,1971,1.0
434,220,1982,3.0
434,220,1983,1.3
434,220,1984,1.3
434,220,1985,1.3
434,220,1987,0.87
434,220,1988,0.24
434,220,1989,0.24
434,220,2011,0.22
434,220,2012,19.5
434,220,2013,0.22
434,220,2016,0.96
434,220,2023,1.8
434,220,2024,1.8
434,220,2025,0.4
434,230,2023,1.04
434,260,1985,2.0
434,365,1978,17.0
434,365,1979,5.6
434,365,1982,7.2
434,365,1983,2.1
434,370,2025,1.44
434,437,1971,1.0
434,481,1973,1.0
434,560,2013,2.5
434,560,2024,4.2
434,663,2023,8.7
434,696,2025,0.72
434,710,2010,0.26
434,710,2022,3.34
434,710,2024,0.42
434,850,1978,8.5
435,2,1981,15.0
435,2,1998,4.25
435,2,2014,2.0
435,20,1977,13.22
435,20,1978,13.22
435,20,2012,1.0
435,140,2012,9.0
435,200,1975,5.0
435,200,1976,3.6
435,200,1978,1.8
435,200,1989,8.0
435,200,1990,11.6
435,200,2016,0.32
435,220,1960,1.53
435,220,1961,0.76
435,220,1962,1.15
435,220,1963,5.5
435,220,1964,1.0
435,220,1965,1.0
435,220,1970,21.0
435,220,1971,1.0
435,220,1976,11.2
435,220,1977,10.5
435,220,1978,1.92
435,220,1979,6.3
435,220,1982,7.2
435,220,1989,0.4
435,220,1994,15.5
435,220,2010,10.200000000000001
435,220,2011,1.8
435,220,2019,1.12
435,220,2021,5.76
435,225,2012,0.8
435,230,1977,5.6
435,230,1979,18.0
435,230,1982,9.0
435,230,2000,8.0
435,230,2011,3.4
435,255,1990,4.8
435,255,2000,22.0
435,290,2002,9.6
435,325,1973,0.24
435,325,2000,1.2
435,325,2014,5.5
435,365,1971,12.0
435,365,1981,0.72
435,365,1991,17.5
435,436,1973,0.28
435,640,2015,0.9
435,640,2016,0.9
435,640,2018,0.9
435,696,2019,8.0
435,696,2024,2.7
435,710,1995,2.5
435,710,1996,2.5
435,710,1997,8.0
435,710,2002,17.0
435,710,2003,6.5
435,710,2010,7.2
435,710,2016,34.0
435,710,2019,25.0
435,710,2023,2.4
435,710,2024,123.5
436,2,1969,0.35
436,2,1979,56.0
436,2,2013,2.0
436,2,2015,9.26
436,2,2016,0.4
436,2,2019,2.6
436,2,2020,4.4
436,2,2021,14.399999999999999
436,2,2022,11.2
436,20,2023,1.0
436,220,1960,1.0899999999999999
436,220,1961,1.0
436,220,1964,0.61
436,220,1965,1.32
436,220,1969,2.0
436,220,1971,0.7
436,220,1974,2.5
436,220,1980,7.52
436,220,1982,5.5
436,220,1983,25.2
436,220,1986,0.84
436,220,1991,14.0
436,220,2013,1.02
436,220,2015,0.48
436,220,2019,2.08
436,220,2022,0.92
436,260,1970,0.5
436,260,1971,11.2
436,260,1978,1.8
436,260,1979,0.9
436,260,1984,3.0
436,260,1986,2.2
436,305,2008,1.0
436,325,2022,4.0
436,325,2023,4.0
436,365,2008,7.2
436,365,2020,14.5
436,369,2013,9.2
436,560,2014,3.36
436,560,2018,1.05
436,560,2022,2.8
436,620,1997,3.4
436,640,2022,14.4
436,640,2023,10.0
436,640,2024,3.5
436,640,2025,4.2
436,651,2023,3.96
436,696,2021,1.98
436,710,2009,1.09
436,710,2017,3.0
437,2,1979,5.24
437,2,1992,0.28
437,2,2022,1.72
437,2,2025,0.36
437,20,2019,1.5
437,200,2003,2.0
437,200,2016,0.32
437,210,1971,17.0
437,210,1979,8.5
437,220,1961,2.8
437,220,1962,1.3
437,220,1963,1.14
437,220,1966,1.8
437,220,1967,3.46
437,220,1968,26.0
437,220,1969,1.9
437,220,1970,7.05
437,220,1971,0.24
437,220,1972,0.72
437,220,1974,18.0
437,220,1977,21.6
437,220,1978,14.9
437,220,1979,24.0
437,220,1980,56.2
437,220,1981,18.8
437,220,1984,9.0
437,220,1989,1.6
437,220,1999,2.0
437,220,2014,6.3
437,220,2015,5.0
437,220,2016,5.0
437,220,2018,1.44
437,220,2022,7.6
437,230,2019,12.5
437,355,2000,0.16
437,355,2002,4.8
437,355,2003,19.9
437,355,2017,9.9
437,355,2018,6.8
437,355,2020,3.4
437,355,2021,3.4
437,360,2003,24.0
437,365,2018,0.12
437,369,2003,0.36
437,370,2002,21.32
437,370,2003,15.02
437,370,2004,9.2
437,370,2018,1.99
437,540,2002,1.72
437,560,1995,1.5
437,560,1997,0.36
437,560,2021,2.8
437,560,2023,13.0
437,560,2025,4.2
437,640,2021,1.2
437,640,2022,6.0
437,640,2023,10.8
437,640,2024,3.0
437,666,2004,0.2
437,666,2023,26.4
437,696,2022,0.6
437,710,2017,4.0
437,710,2022,5.6
437,710,2023,16.95
437,820,2019,1.3
438,2,1964,0.24
438,220,1963,0.24
438,220,1979,6.85
438,220,1990,0.9
438,220,1991,1.3
438,220,2017,2.4
438,315,1959,17.1
438,315,1960,0.96
438,344,2000,10.0
438,359,2000,2.4
438,360,1974,0.95
438,360,1979,6.0
438,360,2000,3.12
438,365,1959,0.78
438,365,1960,32.4
438,365,1961,2.0
438,365,1965,18.45
438,365,1967,7.199999999999999
438,365,1969,0.48
438,365,1970,0.77
438,365,1971,3.81
438,365,1972,4.8
438,365,1974,3.52
438,365,1977,8.4
438,365,1978,45.0
438,365,1979,55.0
438,365,1981,0.5
438,365,1982,1.0
438,365,1983,0.8
438,365,1986,38.52
438,365,1989,40.0
438,365,2011,0.6
438,369,1998,3.6399999999999997
438,369,2000,10.2
438,369,2001,5.8
438,560,2003,1.5
438,560,2014,5.12
438,560,2018,1.28
438,560,2019,3.84
438,560,2023,0.7
438,666,2001,0.57
438,696,2024,6.3999999999999995
438,696,2025,6.3999999999999995
438,710,1973,18.0
438,710,1974,18.0
438,710,1976,18.0
438,710,2010,0.7
438,710,2021,0.7
439,2,1968,0.35
439,2,1969,0.35
439,2,2006,2.85
439,2,2022,1.2
439,20,2011,1.5
439,20,2021,1.5
439,140,2011,13.5
439,200,1971,1.44
439,200,1977,8.5
439,200,1981,8.5
439,220,1961,1.0
439,220,1964,1.0
439,220,1965,0.3
439,220,1966,0.15
439,220,1969,1.0
439,220,1970,0.5
439,220,1975,13.84
439,220,1976,7.5
439,220,1977,0.1
439,220,1980,0.08
439,220,1982,1.12
439,220,1983,7.46
439,220,1991,2.6
439,220,2012,1.6
439,220,2019,0.64
439,220,2020,0.32
439,230,2020,2.6
439,230,2021,12.5
439,290,2010,0.12
439,305,2016,0.5
439,325,1986,0.96
439,325,2016,6.0
439,339,2011,1.2
439,355,2018,3.3
439,355,2019,3.3
439,355,2021,3.3
439,360,2009,1.2
439,365,1988,12.0
439,365,1993,7.25
439,365,2005,11.88
439,365,2012,1.6
439,365,2018,14.5
439,369,1999,0.24
439,560,2006,1.12
439,560,2009,1.8
439,560,2015,4.96
439,560,2018,0.48
439,560,2022,1.76
439,620,1983,9.0
439,620,1984,9.0
439,640,2018,6.0
439,640,2021,8.4
439,640,2022,8.85
439,640,2023,14.4
439,640,2024,4.0
439,651,2024,2.29
439,694,2019,2.88
439,696,2023,3.9699999999999998
439,710,1985,0.2
439,710,2024,30.9
439,710,2025,34.3
439,713,2017,2.1
439,840,1986,0.58
439,840,2007,4.0
450,2,1959,0.66
450,2,1964,2.0
450,2,1967,18.0
450,2,1971,1.0
450,2,1972,1.44
450,2,1976,2.39
450,2,1978,1.05
450,2,1986,2.0
450,2,2023,12.5
450,225,1969,0.96
450,225,1984,1.08
450,255,2023,1.5
450,360,1986,0.64
450,360,1987,8.76
450,551,1990,1.5
450,666,2025,0.24
450,696,1990,1.5
450,696,2019,1.12
450,732,1989,12.0
451,2,1973,0.6000000000000001
451,200,1983,1.12
451,220,1984,2.6
451,225,1978,1.6
451,260,1976,1.2
451,317,1994,1.2
451,365,1992,1.44
451,369,1994,5.8
451,369,1995,1.71
451,369,1999,12.6
451,370,1995,6.8
451,370,1997,6.8
451,380,1973,0.48
451,560,1995,5.8
451,560,2012,0.15
451,560,2013,0.6
451,710,1973,27.0
451,710,1987,18.0
451,710,1997,9.0
451,710,2006,9.0
451,710,2011,2.1
451,710,2015,0.9
451,710,2016,2.1
451,740,1980,42.0
452,2,1963,1.0
452,2,1967,1.44
452,2,1972,7.4
452,2,1987,1.52
452,2,2001,8.0
452,2,2007,2.4
452,2,2023,3.36
452,2,2025,0.42
452,20,1961,44.92
452,20,2011,1.5
452,20,2012,1.5
452,20,2014,15.0
452,20,2016,1.5
452,200,1960,12.19
452,200,1961,15.98
452,200,1962,20.0
452,200,1963,3.0
452,200,1964,39.6
452,200,1965,40.32
452,200,1966,9.55
452,200,1972,0.8
452,200,1973,6.24
452,200,1974,15.0
452,200,1975,1.68
452,200,1978,2.4
452,200,1985,5.0
452,200,1987,0.8
452,200,1990,1.2
452,200,1991,1.2
452,200,1994,0.8
452,200,2000,1.44
452,200,2001,1.44
452,200,2002,0.72
452,200,2022,4.48
452,210,1975,8.5
452,210,1976,34.0
452,220,1974,3.8
452,220,1981,5.0
452,220,2014,0.5
452,225,1976,4.8
452,225,1979,6.699999999999999
452,225,1980,8.1
452,225,1999,0.9
452,230,2011,12.5
452,230,2012,12.5
452,230,2016,12.5
452,255,2012,23.76
452,260,1975,18.0
452,260,1980,30.0
452,260,1981,38.0
452,305,2011,1.0
452,305,2012,1.5
452,316,1999,6.6
452,325,1966,14.7
452,325,1972,4.2
452,325,1978,15.6
452,325,1981,5.0
452,325,1987,10.2
452,325,1994,10.2
452,325,1996,6.58
452,325,1997,5.0
452,365,1961,46.0
452,365,1963,1.88
452,365,2004,29.0
452,365,2013,29.0
452,373,2023,2.16
452,475,1989,1.6
452,475,1990,3.2
452,560,1996,0.76
452,560,2003,6.08
452,560,2004,6.4
452,560,2005,0.32
452,560,2013,0.4
452,560,2014,1.3
452,560,2015,0.3
452,560,2025,4.9
452,640,2018,0.45
452,640,2019,2.1
452,640,2020,12.0
452,663,2024,3.36
452,666,1959,0.02
452,666,1973,7.0
452,710,2001,2.1
452,710,2004,1.8
452,710,2007,14.0
452,710,2009,6.24
452,710,2010,2.2
452,710,2011,56.0
452,710,2013,22.48
452,710,2015,13.0
452,710,2016,8.0
452,710,2023,2.4
452,732,2011,4.8
452,740,2024,8.0
452,750,1959,1.2
452,830,2022,36.0
461,2,1986,1.4
461,2,1994,2.85
461,2,1995,2.85
461,2,2020,4.6
461,2,2021,10.0
461,2,2022,4.2
461,2,2023,1.2
461,20,1976,26.44
461,140,1976,7.05
461,140,1978,7.05
461,200,1976,1.2
461,200,1977,1.2
461,200,1986,12.0
461,200,1992,8.0
461,220,1960,0.88
461,220,1964,0.15
461,220,1965,0.15
461,220,1968,1.0
461,220,1969,0.7
461,220,1970,1.42
461,220,1971,1.0
461,220,1973,4.2
461,220,1975,10.82
461,220,1976,12.780000000000001
461,220,1978,1.55
461,220,1979,9.0
461,220,1980,27.0
461,220,1981,18.75
461,220,1986,2.5
461,220,1987,0.24
461,220,1988,0.3
461,220,1991,9.0
461,220,2010,0.72
461,220,2014,14.8
461,220,2019,1.68
461,220,2020,0.56
461,260,1970,0.1
461,260,1975,4.5
461,290,1997,7.2
461,355,1997,2.4
461,365,2022,49.0
461,369,2019,4.8
461,560,2022,0.66
461,560,2023,0.66
461,560,2024,0.66
461,560,2025,4.2
461,620,1982,0.88
461,620,1983,2.25
461,640,2022,4.8
461,651,1982,2.66
461,696,2025,0.4
471,2,1963,0.6
471,2,1971,0.7
471,2,1977,56.0
471,2,1982,28.0
471,2,1983,1.2
471,2,1984,17.4
471,2,1989,2.5
471,2,1990,2.85
471,2,2010,10.0
471,2,2013,1.0
471,2,2015,3.8
471,2,2018,2.0
471,2,2019,4.0
471,2,2023,0.5
471,20,1971,7.5
471,20,1981,26.44
471,20,1982,26.44
471,20,1985,13.22
471,20,2013,3.0
471,200,1963,0.38
471,200,1977,17.0
471,200,1982,6.0
471,200,1984,5.0
471,220,1961,0.46
471,220,1963,0.76
471,220,1964,0.48
471,220,1965,1.96
471,220,1966,1.56
471,220,1967,3.05
471,220,1968,2.44
471,220,1972,0.95
471,220,1973,14.8
471,220,1976,11.0
471,220,1979,1.32
471,220,1981,1.7
471,220,1982,3.1
471,220,1983,1.32
471,220,1984,102.5
471,220,1986,9.6
471,220,1987,4.8
471,220,1988,1.52
471,220,1989,0.66
471,220,1990,5.28
471,220,2005,4.8
471,220,2015,2.4
471,220,2016,1.28
471,220,2017,7.92
471,220,2021,3.36
471,220,2022,1.92
471,225,1982,45.0
471,230,2013,9.0
471,230,2014,9.2
471,260,1968,0.6
471,260,1982,4.5
471,317,2016,6.8
471,345,2016,4.0
471,346,2002,8.68
471,360,1992,3.12
471,360,1996,4.8
471,365,2013,7.25
471,365,2014,29.0
471,365,2016,11.22
471,560,1997,2.2
471,560,1998,4.8
471,560,2002,1.2
471,560,2015,1.44
471,560,2020,2.0
471,560,2021,0.5
471,560,2023,1.8
471,651,1983,2.6
471,666,1985,2.75
471,666,1986,1.32
471,666,1997,4.0
471,666,1998,4.0
471,666,1999,4.0
471,666,2001,6.0
471,666,2006,2.8
471,666,2008,0.6
471,666,2014,0.7
471,666,2015,2.24
471,696,2018,0.28
471,696,2020,0.28
471,710,1976,18.0
471,710,2012,9.1
471,710,2013,119.0
471,710,2014,85.1
475,2,1971,3.6799999999999997
475,2,1973,2.25
475,2,1974,0.75
475,2,1975,84.0
475,2,1976,84.0
475,2,1978,8.0
475,2,1980,2.0
475,2,1981,12.0
475,2,1982,6.0
475,2,1983,3.44
475,2,1984,9.79
475,2,1985,96.31
475,2,1986,3.3
475,2,1987,1.0
475,2,1988,1.0
475,2,1992,2.75
475,2,1993,2.31
475,2,1994,1.98
475,2,2002,4.0
475,2,2003,12.0
475,2,2011,54.0
475,2,2014,62.55
475,2,2015,7.2
475,2,2016,6.48
475,2,2018,3.6
475,2,2021,4.0
475,2,2023,4.85
475,2,2024,6.85
475,2,2025,2.85
475,20,1986,5.0
475,20,2009,1.0
475,20,2010,1.0
475,20,2015,2.8
475,20,2021,6.0
475,140,1994,54.0
475,140,2021,54.0
475,200,1959,5.32
475,200,1961,1.2
475,200,1962,7.9
475,200,1963,1.2
475,200,1964,1.5
475,200,1965,1.49
475,200,1966,8.2
475,200,1967,3.3200000000000003
475,200,1968,7.120000000000001
475,200,1969,1.12
475,200,1972,59.0
475,200,1973,4.8
475,200,1974,12.0
475,200,1977,56.3
475,200,1978,63.67
475,200,1979,44.65
475,200,1980,59.800000000000004
475,200,1981,5.0
475,200,1982,24.2
475,200,1983,10.059999999999999
475,200,1984,157.16
475,200,1985,204.69
475,200,1986,48.45
475,200,1992,41.0
475,200,1993,34.44
475,200,1994,29.52
475,210,1965,7.2
475,210,1966,60.0
475,210,1972,54.0
475,210,1980,18.0
475,210,1981,12.0
475,210,1982,10.5
475,210,1986,17.0
475,210,2021,24.0
475,210,2022,17.5
475,211,1969,5.14
475,220,1965,2.5
475,220,1968,9.1
475,220,1976,12.0
475,220,1977,24.0
475,220,1978,54.0
475,220,1980,59.44
475,220,1981,18.44
475,220,1982,227.2
475,220,1984,98.0
475,220,1985,105.2
475,220,1986,7.4
475,220,1987,4.0
475,220,1988,4.0
475,220,1989,14.5
475,220,1990,18.1
475,220,1994,5.04
475,220,2012,10.8
475,220,2013,7.52
475,220,2017,7.2
475,220,2018,20.8
475,220,2020,10.4
475,220,2021,6.8
475,220,2023,13.0
475,220,2025,17.76
475,225,1980,10.5
475,225,1981,10.5
475,255,1996,13.2
475,255,2014,3.0
475,255,2016,3.0
475,260,1963,7.619999999999999
475,260,1974,10.8
475,260,1975,4.5
475,260,1976,4.5
475,260,1977,2.7
475,260,1978,1.8000000000000007
475,260,1979,51.32
475,260,1980,75.0
475,260,1981,170.4
475,260,1982,304.4
475,260,1984,10.4
475,260,1985,51.199999999999996
475,260,1986,49.4
475,260,1988,2.2
475,290,1967,7.2
475,290,2003,16.75
475,305,1967,0.96
475,305,1981,7.5
475,305,1982,15.0
475,305,1983,6.0
475,305,1984,7.5
475,305,1985,7.5
475,305,1986,7.5
475,305,2017,0.75
475,305,2023,2.4
475,315,1967,12.0
475,315,1969,6.0
475,315,1971,8.0
475,315,1986,48.0
475,315,1987,48.0
475,316,2014,2.88
475,316,2015,27.64
475,325,1965,45.0
475,325,1966,45.0
475,325,1980,20.8
475,325,1981,21.7
475,325,1982,54.75
475,325,1983,5.7
475,325,1984,60.3
475,325,1985,88.0
475,325,1986,18.0
475,325,1987,55.0
475,325,1988,55.0
475,325,1992,10.8
475,325,1993,2.4
475,325,1994,2.4
475,325,2001,7.9
475,325,2003,8.1
475,325,2004,11.0
475,325,2006,6.0
475,325,2007,20.700000000000003
475,325,2009,29.0
475,325,2010,17.0
475,325,2019,5.5
475,325,2020,5.5
475,325,2021,6.0
475,325,2023,5.5
475,325,2024,13.2
475,345,1980,11.25
475,345,1981,11.25
475,345,2015,12.75
475,345,2016,12.25
475,355,2015,2.6
475,355,2023,18.75
475,360,1991,3.6
475,360,1992,4.04
475,365,1966,45.9
475,365,1967,22.8
475,365,1968,2.88
475,365,1969,11.52
475,365,1975,335.2
475,365,1976,3.5
475,365,1977,6.5
475,365,1978,3.0
475,365,1980,210.0
475,365,1981,62.5
475,365,1986,7.2
475,365,1987,7.2
475,365,2000,35.64
475,365,2001,0.75
475,365,2002,1.75
475,365,2003,29.0
475,365,2014,57.5
475,365,2015,89.5
475,365,2017,23.8
475,365,2018,23.8
475,365,2019,12.3
475,365,2020,14.5
475,365,2021,6.6
475,369,2006,10.0
475,369,2007,32.45
475,369,2008,10.6
475,369,2013,1.4
475,369,2014,33.52
475,369,2015,13.12
475,370,2010,7.2
475,380,1980,7.0
475,380,1983,16.0
475,380,1984,16.0
475,380,1985,16.0
475,385,2013,13.2
475,560,2015,3.45
475,560,2018,0.7
475,560,2019,0.35
475,560,2024,2.1
475,615,1968,5.76
475,625,1967,0.96
475,640,2007,8.25
475,640,2008,22.35
475,640,2021,3.0
475,640,2023,21.0
475,640,2024,43.7
475,651,1968,25.52
475,651,1969,15.4
475,651,1970,14.0
475,666,2007,0.9
475,666,2009,5.25
475,666,2012,10.5
475,666,2013,5.25
475,670,2023,2.7
475,696,2014,6.6
475,696,2017,9.1
475,696,2020,4.53
475,710,2010,189.7
475,710,2014,68.5
475,710,2015,28.0
475,710,2016,37.0
475,710,2020,48.4
475,710,2021,76.3
475,710,2022,35.3
475,710,2023,24.5
475,732,2020,0.7
475,732,2024,4.8
475,770,2016,0.96
475,770,2017,1.2
475,770,2018,0.24
475,770,2021,71.9
475,820,2024,20.0
475,830,2009,29.4
481,2,1969,3.4
481,2,1975,33.5
481,2,1976,28.0
481,2,1977,28.0
481,2,1978,1.8
481,2,1981,30.5
481,2,1982,5.4
481,2,1990,1.0
481,20,2023,1.5
481,140,1980,7.95
481,140,1981,5.5
481,140,1983,10.08
481,140,1984,4.9799999999999995
481,220,1961,2.94
481,220,1964,3.0
481,220,1965,0.15
481,220,1966,1.9
481,220,1968,4.2
481,220,1969,0.7
481,220,1970,0.95
481,220,1971,9.0
481,220,1973,1.5
481,220,1974,10.55
481,220,1975,0.95
481,220,1976,15.68
481,220,1978,71.71
481,220,1980,24.6
481,220,1983,1.12
481,220,1984,88.8
481,220,1985,2.6
481,220,1986,7.94
481,220,1987,9.83
481,220,1988,19.0
481,220,1990,19.0
481,220,2011,0.7
481,220,2012,0.7
481,220,2015,4.35
481,220,2016,2.61
481,220,2019,1.4
481,220,2023,1.85
481,230,1984,4.8
481,230,1990,9.0
481,230,2023,12.5
481,255,2011,4.5
481,255,2015,0.15
481,255,2016,0.21
481,305,1978,2.4
481,305,2004,0.3
481,365,2024,1.05
481,380,1984,1.2
481,380,1988,2.5
481,433,1976,3.0
481,560,2006,18.48
481,560,2007,18.48
481,560,2010,26.880000000000003
481,560,2013,2.2
481,710,2004,6.7
481,710,2006,1.05
481,710,2019,24.7
481,710,2021,2.4
481,710,2024,5.2
481,740,1971,14.6
482,2,2006,9.2
482,200,1973,0.48
482,200,1992,0.6
482,220,1961,2.26
482,220,1965,0.76
482,220,1966,2.0
482,220,1968,2.5
482,220,1978,0.48
482,220,1983,5.5
482,220,1984,1.3
482,220,1988,1.5
482,317,2008,0.38
482,325,1971,2.4
482,365,1985,6.0
482,365,2020,1.2
482,365,2022,1.8
482,365,2023,9.0
482,369,2011,6.8
482,370,2021,34.0
482,620,1981,1.06
482,620,1982,2.61
482,651,1980,0.24
482,696,2021,1.6
482,710,2018,1.68
482,710,2021,0.56
483,2,1983,10.399999999999999
483,2,1984,9.2
483,2,1986,13.9
483,2,1987,2.65
483,2,1988,9.45
483,2,1989,56.0
483,2,2006,0.64
483,2,2014,6.0
483,2,2016,2.2
483,2,2017,6.4
483,2,2020,3.08
483,20,2006,0.35
483,20,2023,1.5
483,210,1995,0.76
483,211,2007,18.48
483,211,2008,12.01
483,211,2010,7.39
483,220,1960,1.16
483,220,1961,1.0
483,220,1965,0.3
483,220,1971,3.55
483,220,1973,2.5
483,220,1974,12.5
483,220,1975,9.64
483,220,1976,6.68
483,220,1977,2.76
483,220,1980,9.6
483,220,1983,13.88
483,220,1985,1.28
483,220,1986,14.84
483,220,1987,24.95
483,220,2008,3.0
483,220,2012,3.52
483,220,2013,1.4
483,220,2019,0.64
483,220,2020,0.48
483,220,2021,3.8499999999999996
483,225,1976,1.6
483,225,2006,1.9
483,230,1983,3.8
483,325,2014,32.0
483,355,2008,0.8
483,355,2009,3.2
483,365,1998,6.6
483,365,1999,7.25
483,365,2006,14.5
483,365,2010,7.25
483,369,2001,15.959999999999999
483,369,2007,6.8
483,369,2008,57.400000000000006
483,369,2009,31.770000000000003
483,369,2010,10.979999999999999
483,369,2011,1.4
483,369,2013,18.4
483,369,2014,19.759999999999998
483,475,2021,2.8
483,475,2022,4.2
483,620,1994,3.4
483,620,2008,3.4
483,640,2018,7.0
483,640,2021,7.0
483,640,2022,1.8
483,640,2023,26.4
483,640,2024,9.4
483,666,2006,0.72
483,666,2008,3.72
483,666,2015,1.32
483,696,2021,8.4
483,696,2023,4.34
483,696,2024,0.33
483,710,2007,4.9
483,710,2008,2.2
483,710,2010,15.6
483,710,2013,39.0
483,710,2021,25.0
483,710,2025,4.0
483,830,2009,1.56
483,830,2010,1.56
483,900,1983,9.2
484,40,1978,12.200000000000001
484,40,1979,9.8
484,40,1980,8.4
484,94,2009,2.9
484,200,2015,2.24
484,220,1960,1.0
484,220,1961,0.5800000000000001
484,220,1963,0.15
484,220,1965,0.15
484,220,1970,1.0
484,220,1971,1.79
484,220,1974,7.4399999999999995
484,220,1978,7.5
484,220,1981,2.8
484,220,1985,2.8
484,220,1988,4.62
484,230,1983,18.0
484,315,1983,7.2
484,325,2021,2.1
484,355,1998,1.8
484,355,1999,1.2
484,365,1968,1.04
484,365,1969,22.5
484,365,1970,7.6
484,365,1971,9.6
484,365,1972,1.08
484,365,1975,1.3
484,365,1978,2.25
484,365,1979,13.8
484,365,1980,8.5
484,365,1984,25.2
484,365,1988,23.5
484,365,1989,43.5
484,365,1990,43.5
484,365,1991,18.0
484,365,2003,2.9
484,365,2013,29.6
484,365,2021,1.2
484,369,1997,14.4
484,369,2005,3.6
484,433,1967,1.0
484,540,1979,2.8
484,560,1997,2.7
484,560,2010,31.63
484,560,2012,25.98
484,560,2013,5.6
484,560,2014,0.8
484,560,2018,0.2
484,696,2014,5.04
484,705,1999,0.48
484,705,2000,0.24
484,710,1971,14.0
484,710,1978,13.5
484,710,2006,0.52
484,710,2007,0.13
484,710,2009,1.17
484,710,2024,8.5
490,2,1961,8.8
490,2,1962,5.0
490,2,1963,27.9
490,2,1964,58.15
490,2,1965,17.13
490,2,1966,16.04
490,2,1967,15.75
490,2,1968,7.0
490,2,1971,72.0
490,2,1975,89.25
490,2,1976,3.0
490,2,1977,28.0
490,2,1987,17.8
490,2,2009,28.0
490,2,2018,0.56
490,20,1966,3.0
490,20,1976,39.66
490,200,1962,2.5
490,200,1963,2.82
490,200,1969,4.0
490,200,1970,2.8
490,200,1979,2.0
490,200,1980,1.2
490,211,1960,1.7999999999999998
490,211,1961,0.24000000000000002
490,211,1962,2.34
490,211,1963,0.2
490,211,1964,0.5
490,211,2002,11.2
490,220,1965,3.5
490,220,1966,7.6
490,220,1971,84.5
490,220,1972,14.95
490,220,1973,4.8
490,220,1975,324.25
490,220,1976,1.2
490,220,1978,8.85
490,220,1981,4.75
490,220,1982,9.5
490,220,1983,4.75
490,220,1984,16.1
490,220,1996,27.0
490,260,1962,0.05
490,260,1963,0.24
490,260,1966,0.05
490,325,1964,1.2
490,325,1965,2.62
490,325,1969,23.5
490,325,1970,16.45
490,325,1971,2.88
490,325,1979,12.5
490,325,1980,7.8
490,325,1985,1.44
490,325,1986,1.44
490,345,1996,20.0
490,345,1997,4.8
490,345,2012,6.0
490,355,2013,1.2
490,355,2015,1.2
490,360,1971,6.0
490,365,2002,6.8
490,369,1996,13.799999999999999
490,369,2000,19.6
490,369,2006,17.2
490,369,2010,155.59
490,369,2012,9.2
490,369,2016,42.9
490,370,1997,1.44
490,370,2024,0.4
490,372,1999,46.0
490,372,2000,69.0
490,452,2005,19.06
490,560,2020,8.68
490,560,2023,8.15
490,560,2025,43.75
490,620,1998,10.4
490,630,1962,3.0
490,640,2024,14.0
490,651,1988,1.0
490,651,1990,4.0
490,666,1964,3.36
490,696,2023,5.4
490,710,1973,0.5
490,710,1974,0.5
490,710,1975,25.0
490,710,1976,90.6
490,710,1978,27.6
490,710,1981,6.0
490,710,1982,5.6
490,710,1987,18.0
490,710,2015,1.5
490,710,2023,12.0
490,710,2024,24.0
490,731,1974,8.4
490,731,1975,6.5
500,2,1966,0.35
500,2,1969,2.8
500,2,1971,2.62
500,2,1972,20.04
500,2,1982,14.1
500,2,2009,2.0
500,2,2015,4.9
500,2,2017,15.5
500,2,2020,4.6
500,20,1966,3.75
500,20,1970,2.5
500,200,1965,0.72
500,200,1966,1.6
500,200,1982,0.1
500,220,2017,4.96
500,225,1977,0.9
500,255,2007,0.28
500,260,1964,0.76
500,290,1999,35.0
500,305,2009,0.56
500,305,2010,1.12
500,305,2018,0.35
500,305,2022,1.0
500,315,1966,9.4
500,315,1967,4.0
500,315,1968,16.8
500,315,1969,4.0
500,316,2002,3.42
500,316,2018,1.12
500,316,2020,11.16
500,316,2021,3.6
500,325,1973,13.1
500,325,1985,10.0
500,325,1988,0.72
500,325,1989,20.0
500,345,2020,15.0
500,355,1998,14.0
500,355,2012,6.0
500,355,2015,1.0
500,355,2016,0.12
500,355,2018,4.0
500,355,2022,15.5
500,365,1968,0.35
500,365,1969,0.30000000000000004
500,365,1970,0.35
500,365,1973,3.98
500,365,1974,45.83
500,365,1975,118.89999999999999
500,365,1976,29.96
500,365,1977,6.0
500,365,1987,14.4
500,365,1998,2.9
500,365,2004,17.82
500,365,2009,13.8
500,365,2011,438.55
500,365,2012,148.25
500,365,2013,20.0
500,365,2022,48.5
500,365,2023,15.5
500,365,2025,1.0
500,369,1995,30.8
500,369,1998,31.0
500,369,1999,3.6
500,369,2004,6.84
500,369,2005,4.32
500,369,2006,5.0
500,369,2010,28.6
500,369,2011,29.200000000000003
500,369,2012,57.2
500,369,2020,0.4
500,370,1998,7.2
500,370,2000,6.0
500,370,2004,10.2
500,370,2010,3.4
500,370,2018,3.6
500,370,2019,22.43
500,370,2020,36.400000000000006
500,560,1995,1.5
500,560,2002,2.7
500,560,2004,0.75
500,560,2005,1.86
500,560,2009,1.8
500,560,2010,3.7600000000000002
500,560,2012,1.98
500,620,1975,3.6
500,620,1976,3.8
500,620,1987,7.03
500,620,2002,9.2
500,640,2020,10.5
500,666,1964,2.0
500,666,1966,1.0
500,666,1967,0.38
500,666,1968,10.0
500,666,1969,9.030000000000001
500,666,2002,18.0
500,666,2005,3.75
500,666,2009,10.05
500,666,2017,0.3
500,666,2021,2.5
500,696,2025,0.9
500,710,2008,13.5
500,710,2021,0.7
500,731,1987,10.73
501,2,1968,0.5
501,2,1970,0.19
501,2,1973,1.5
501,2,1978,147.75
501,2,1979,2.2
501,2,1980,24.21
501,2,1981,59.21
501,2,1982,23.31
501,2,1985,5.6
501,2,1990,3.0
501,2,1991,3.0
501,2,2015,1.0
501,2,2016,18.6
501,2,2017,6.2
501,2,2019,5.640000000000001
501,2,2020,16.7
501,2,2024,2.48
501,2,2025,23.04
501,20,1964,1.14
501,20,1965,15.0
501,20,1966,3.04
501,20,1972,7.5
501,20,1977,39.66
501,20,1978,39.66
501,20,1986,26.44
501,20,1987,26.44
501,20,1990,27.0
501,200,1964,4.890000000000001
501,200,1966,15.75
501,200,1968,1.2
501,200,1969,2.8
501,200,1971,15.0
501,200,1972,1.2
501,200,1974,23.810000000000002
501,200,1975,18.0
501,200,1976,1.2
501,200,1977,0.96
501,200,1978,1.5
501,200,1979,33.35
501,200,1980,68.34
501,200,1981,84.53999999999999
501,200,1982,53.54
501,200,1983,13.0
501,200,1984,12.0
501,200,1987,125.0
501,200,1990,11.4
501,200,1991,11.4
501,220,1967,2.1
501,220,1971,10.5
501,220,1974,1.92
501,220,1976,12.0
501,220,1977,13.7
501,220,1980,4.0
501,220,1987,22.0
501,220,1989,46.9
501,220,2011,7.6
501,220,2018,1.92
501,230,1994,30.0
501,230,1997,41.0
501,230,2012,35.0
501,255,1990,1.2
501,255,2013,1.44
501,255,2021,3.6
501,260,1977,3.6
501,260,1978,4.35
501,260,1979,2.7
501,260,1980,4.35
501,325,1974,2.25
501,325,1975,6.75
501,325,1976,3.6
501,325,1987,5.0
501,325,1997,5.0
501,325,2019,12.0
501,325,2020,54.0
501,341,2017,1.3
501,345,2014,10.0
501,345,2015,19.0
501,360,1978,18.0
501,360,1979,18.0
501,360,1980,18.0
501,365,2011,21.75
501,365,2012,7.25
501,369,2009,34.32
501,560,2011,5.6
501,560,2012,5.12
501,640,2024,14.4
501,663,2010,83.16
501,663,2012,20.79
501,663,2017,9.0
501,666,1982,8.0
501,666,1983,4.0
501,666,2025,93.75
501,696,2018,4.16
501,696,2022,1.08
501,710,1997,15.0
501,710,2000,15.0
501,710,2007,11.2
501,710,2010,13.0
501,710,2014,6.5
501,710,2015,9.75
501,710,2016,13.1
501,710,2018,0.8
501,732,2024,2.27
510,2,1970,0.7
510,2,1971,1.5
510,2,1972,0.63
510,2,1973,1.05
510,2,1974,1.05
510,2,1981,1.9
510,2,1989,0.44
510,20,1965,2.28
510,20,1966,21.4
510,20,1971,12.0
510,20,1979,79.32
510,200,1977,17.0
510,200,1978,8.5
510,200,1979,14.94
510,200,1980,14.94
510,200,1989,4.76
510,200,2003,5.0
510,210,2009,3.6
510,210,2016,20.0
510,220,2018,17.3
510,220,2020,8.55
510,220,2021,24.35
510,260,1964,3.52
510,260,1965,0.61
510,265,1979,7.04
510,265,1980,7.04
510,290,2000,2.4
510,325,1973,0.48
510,325,1977,1.4
510,325,1979,10.48
510,325,2005,10.0
510,325,2006,10.0
510,365,1965,1.44
510,365,1966,0.78
510,365,1967,0.78
510,365,1972,4.25
510,365,1973,4.0
510,365,1974,175.45
510,365,1977,19.0
510,365,1978,48.56
510,365,1979,136.94
510,365,1980,11.0
510,365,1981,11.0
510,369,2011,1.8
510,369,2012,1.8
510,560,2009,0.4
510,696,2006,1.66
510,696,2025,4.0
510,710,1970,10.0
510,710,1971,46.0
510,710,1972,46.0
510,710,1973,115.2
510,710,1974,8.4
510,710,1975,48.0
510,710,1977,10.0
510,710,1978,10.0
510,710,1979,11.3
510,710,1981,108.0
510,710,1982,9.0
510,710,1986,0.95
510,710,1992,18.0
510,710,1994,5.0
510,710,2002,0.76
510,710,2003,46.0
510,710,2006,0.26
510,710,2007,0.26
510,710,2009,25.0
510,710,2011,75.85
510,710,2012,113.65
510,710,2013,129.9
510,710,2014,13.5
510,710,2015,20.0
510,710,2017,1.56
510,710,2021,28.5
510,731,1980,20.4
510,900,2007,0.44
516,2,2015,1.4
516,2,2016,2.94
516,200,1982,0.7
516,220,1966,8.4
516,220,1967,1.9
516,220,1969,3.0
516,220,1973,0.24
516,220,1982,1.7
516,220,1983,11.04
516,220,1984,1.7
516,260,1966,0.05
516,325,1981,0.72
516,365,1980,0.77
516,365,1981,4.5
516,365,1998,12.0
516,369,2001,1.4
516,369,2002,3.4
516,560,2009,1.32
516,560,2010,2.24
516,560,2019,2.0
516,651,1982,0.96
516,710,2012,5.25
517,2,1965,0.16
517,2,2021,2.0
517,200,1975,0.6
517,200,1977,0.6
517,200,2013,0.12
517,211,1971,0.05
517,220,1962,10.5
517,220,1973,1.9
517,220,1975,2.0
517,220,1983,3.6399999999999997
517,220,1984,5.84
517,220,1985,2.9
517,220,1986,1.5
517,220,1988,1.92
517,220,1989,2.6
517,220,1990,3.0
517,220,1991,4.5
517,220,1992,2.83
517,230,2009,11.0
517,260,1964,0.12
517,260,1972,0.05
517,317,1997,1.8
517,317,2019,0.72
517,325,1974,0.6
517,365,1999,14.5
517,365,2000,14.5
517,365,2014,14.5
517,365,2015,29.0
517,365,2021,46.0
517,369,2013,2.5
517,370,1998,6.8
517,370,1999,6.8
517,560,1996,1.08
517,560,1997,0.72
517,560,1998,1.8
517,560,2006,3.0
517,560,2007,12.6
517,560,2012,0.9
517,640,2012,4.5
517,640,2017,6.9
517,640,2021,17.15
517,640,2022,15.9
517,651,1992,2.1
517,666,2008,11.0
517,666,2013,12.75
517,694,2022,0.68
517,710,2007,7.5
517,710,2008,2.6
517,710,2017,1.0
517,710,2018,3.1
517,710,2023,37.0
520,2,1981,3.0
520,2,1982,27.880000000000003
520,2,1983,9.0
520,2,1984,9.0
520,2,1985,42.0
520,2,1986,15.3
520,2,2013,0.58
520,200,1961,1.8
520,200,2013,2.0
520,220,1973,0.24
520,220,2016,2.08
520,225,1969,0.8
520,260,1978,1.8
520,325,1960,10.46
520,325,1962,0.48
520,325,1968,4.2
520,325,1978,22.2
520,325,1979,40.44
520,325,1980,25.6
520,325,1981,5.32
520,325,1982,16.36
520,325,2015,0.28
520,325,2023,4.0
520,325,2024,3.52
520,325,2025,1.8
520,365,1963,11.280000000000001
520,365,1965,30.66
520,365,1966,52.879999999999995
520,365,1967,72.08
520,365,1972,24.4
520,365,1973,164.93
520,365,1974,282.6
520,365,1975,127.74
520,365,1976,185.0
520,365,1977,29.0
520,531,1999,0.18
520,560,2013,0.38
520,560,2021,0.96
520,620,1990,16.0
520,640,2020,1.68
520,640,2021,1.12
520,651,1960,0.24
520,651,1961,0.28
520,651,1978,23.0
520,651,1979,21.96
520,651,1981,13.2
520,651,1982,10.0
520,670,1984,5.6
520,690,1979,22.4
520,694,2019,8.16
520,696,1983,13.760000000000002
520,696,2015,0.97
520,710,1980,75.0
520,710,1981,75.0
520,710,1982,7.0
520,710,2017,1.8
522,2,1991,1.0
522,2,2014,5.3
522,2,2016,0.98
522,2,2019,7.02
522,20,2014,1.5
522,200,2012,0.56
522,200,2020,0.8
522,210,2021,20.0
522,210,2022,14.0
522,220,1977,2.8
522,220,1978,5.6
522,220,1979,36.2
522,220,1980,3.29
522,220,1981,6.0
522,220,1982,2.8
522,220,1983,2.6
522,220,1985,1.23
522,220,1987,1.2
522,220,1992,2.8
522,220,2012,5.6
522,220,2021,1.8
522,230,1986,7.6
522,290,1995,2.0
522,325,2013,4.82
522,325,2014,0.24
522,325,2016,0.24
522,365,1992,14.4
522,365,1993,5.8
522,365,2002,2.8
522,370,2005,7.2
522,560,2000,1.19
522,640,2022,4.8
522,640,2023,0.28
522,645,1980,1.92
522,670,2016,5.2
522,710,2014,8.0
522,710,2015,3.9
522,710,2016,5.0
522,710,2019,3.73
522,710,2021,24.0
530,2,1953,6.0
530,2,1956,1.14
530,2,1957,15.0
530,2,1958,18.8
530,2,1959,5.9
530,2,1960,16.8
530,2,1961,2.8
530,2,1962,16.0
530,2,1963,26.5
530,2,1964,3.9
530,2,1965,11.88
530,2,1966,97.28
530,2,1967,26.0
530,2,1968,33.12
530,2,1969,1.6800000000000002
530,2,1970,66.6
530,2,1971,45.56
530,2,1972,4.62
530,2,1973,5.24
530,2,1974,36.2
530,2,1975,51.4
530,2,1976,86.4
530,2,1977,22.0
530,2,1997,36.8
530,2,2014,9.6
530,2,2018,9.6
530,20,1954,7.2
530,20,1972,5.0
530,20,1976,7.5
530,200,1966,0.55
530,200,1969,22.44
530,210,1971,3.0
530,220,1965,0.7
530,220,1966,0.7
530,220,1967,5.45
530,220,1968,0.7
530,220,1970,4.75
530,220,1972,39.2
530,220,1977,28.0
530,220,1978,6.0
530,220,2016,1.92
530,255,2019,2.4
530,260,1970,1.5
530,260,1971,0.14
530,260,1975,1.8
530,265,1979,13.2
530,265,1980,13.2
530,265,1989,25.0
530,310,1997,24.0
530,310,2013,40.8
530,315,1950,1.6
530,315,1983,42.0
530,315,1988,42.0
530,316,1997,7.0
530,316,1998,7.0
530,325,1970,12.6
530,325,1988,5.2
530,345,1960,5.6
530,345,1975,4.8
530,345,1977,29.4
530,345,2012,8.96
530,346,2022,1.5
530,346,2023,1.5
530,355,1998,25.0
530,355,1999,50.0
530,355,2002,20.0
530,355,2004,9.0
530,360,1978,9.5
530,365,1965,1.6
530,365,1976,19.2
530,365,1977,1053.54
530,365,1978,949.99
530,365,1979,100.0
530,365,1980,316.0
530,365,1981,327.0
530,365,1982,515.05
530,365,1983,310.5
530,365,1984,227.7
530,365,1985,247.0
530,365,1986,297.3
530,365,1987,238.9
530,365,1988,107.8
530,365,1989,22.0
530,365,1990,2.0
530,365,1991,80.0
530,365,1998,154.58
530,365,1999,82.9
530,365,2000,64.28
530,365,2003,173.76
530,365,2004,230.32
530,365,2010,58.0
530,365,2019,69.0
530,365,2024,38.0
530,365,2025,63.0
530,369,1997,1.2
530,369,1998,1.2
530,369,2000,27.0
530,369,2011,76.47999999999999
530,369,2012,182.38
530,369,2013,62.26
530,369,2014,18.88
530,369,2015,6.86
530,369,2016,50.0
530,369,2017,50.0
530,370,1998,20.0
530,370,2000,7.2
530,380,1951,19.4
530,380,1954,0.51
530,380,1955,1.02
530,380,1957,1.02
530,380,1960,1.7
530,380,1961,1.26
530,380,1963,0.34
530,380,1966,0.68
530,620,1983,50.0
530,630,1970,4.2
530,630,1971,5.6
530,630,1972,4.2
530,630,2021,0.15
530,640,2021,9.6
530,640,2024,4.5
530,680,1986,51.0
530,696,2024,5.4
530,705,2000,15.56
530,710,1999,19.25
530,710,2012,1.75
530,710,2013,50.0
530,710,2014,1.75
530,710,2018,4.4
530,710,2019,4.4
530,710,2020,24.5
530,710,2021,6.0
530,710,2022,43.2
530,731,1985,21.0
531,200,1997,2.4
531,255,1994,1.8
531,325,1997,33.6
531,325,2000,20.0
531,355,1999,12.6
531,355,2004,9.54
531,355,2005,69.0
531,365,1995,4.0
531,365,1996,43.4
531,365,1998,212.25
531,365,1999,16.0
531,365,2001,57.0
531,365,2004,70.0
531,365,2005,3.2
531,369,1999,2.8
531,369,2002,18.25
531,369,2003,17.0
531,370,2005,26.46
531,370,2007,3.6
531,375,1994,8.1
531,375,1995,2.7
531,530,1997,17.0
531,666,1993,21.0
531,710,1994,10.0
540,2,1988,5.0
540,2,1994,5.0
540,2,2013,0.6
540,2,2017,1.6
540,20,1980,2.5
540,20,1982,4.2
540,20,1987,1.4
540,20,1990,2.8
540,20,1998,2.1
540,20,2013,3.0
540,20,2019,3.0
540,20,2024,1.5
540,20,2025,3.0
540,40,1975,1.2
540,135,2001,10.0
540,135,2004,5.4
540,140,1988,11.0
540,140,1998,15.2
540,140,2007,6.25
540,140,2013,27.0
540,200,1979,3.4
540,200,2017,2.0
540,210,1980,8.5
540,210,2005,11.2
540,220,1986,23.0
540,220,1987,5.2
540,220,1988,9.75
540,220,1989,9.75
540,220,2000,0.3
540,220,2019,15.0
540,220,2022,11.0
540,220,2023,15.0
540,220,2025,37.0
540,225,1976,1.8
540,225,1982,15.0
540,225,1987,7.6
540,225,1990,10.0
540,225,2014,0.38
540,230,1985,15.2
540,230,1986,15.2
540,230,1989,15.2
540,230,1993,16.8
540,230,1994,18.1
540,230,2024,14.0
540,230,2025,44.0
540,235,1974,1.4
540,235,1975,42.739999999999995
540,235,1976,2.8
540,235,1983,0.76
540,235,1993,1.52
540,290,1994,18.0
540,290,1995,0.72
540,310,1993,2.52
540,310,2002,34.0
540,315,1976,5.4
540,315,1986,0.4
540,316,1999,4.32
540,316,2000,6.96
540,316,2007,5.8
540,317,1994,15.48
540,317,1999,123.6
540,317,2000,33.0
540,317,2001,26.0
540,317,2002,2.4
540,317,2020,1.44
540,325,2017,17.5
540,325,2018,12.0
540,355,1993,27.72
540,355,1999,24.14
540,355,2014,2.0
540,355,2015,9.91
540,355,2017,6.34
540,355,2019,7.28
540,359,2000,3.0
540,359,2001,37.2
540,359,2002,60.0
540,359,2003,10.0
540,359,2005,18.4
540,359,2006,3.0
540,359,2007,19.2
540,359,2008,29.2
540,359,2009,20.0
540,360,1977,4.2
540,360,1978,4.2
540,360,1980,5.7
540,360,1981,6.48
540,360,1983,11.4
540,360,1984,11.4
540,360,1985,11.4
540,365,1975,176.95
540,365,1976,182.18
540,365,1977,130.15
540,365,1978,128.9
540,365,1979,112.9
540,365,1980,93.52
540,365,1981,257.05
540,365,1982,325.0
540,365,1983,576.4300000000001
540,365,1984,489.2
540,365,1985,509.1
540,365,1986,670.9499999999999
540,365,1987,1178.97
540,365,1988,944.97
540,365,1989,127.33
540,365,1990,127.18
540,365,1993,46.84
540,365,1994,56.88
540,365,1996,2.9
540,365,1997,7.300000000000001
540,365,1998,96.9
540,365,2000,57.75
540,365,2001,77.35
540,365,2002,18.0
540,365,2015,29.0
540,365,2016,100.28
540,365,2017,62.7
540,365,2018,188.1
540,365,2019,125.4
540,368,2018,60.0
540,369,1996,40.8
540,369,1998,34.0
540,369,1999,21.96
540,369,2001,6.8
540,369,2002,34.0
540,369,2003,37.85
540,369,2006,3.6
540,369,2007,3.6
540,369,2020,7.2
540,370,1993,7.56
540,370,1999,176.32
540,370,2000,48.0
540,370,2015,9.68
540,370,2016,3.6
540,370,2017,17.919999999999998
540,370,2018,14.0
540,370,2022,34.8
540,560,1995,0.24
540,560,2016,16.0
540,560,2017,5.25
540,615,1980,6.0
540,666,2004,2.96
540,666,2005,8.88
540,666,2016,21.0
540,705,1998,1.52
540,705,1999,9.6
540,710,2016,14.75
540,710,2019,16.0
540,710,2020,42.0
541,20,2023,0.35
541,20,2025,1.5
541,140,2014,2.7
541,200,2013,6.8
541,220,2015,5.0
541,220,2016,43.0
541,230,2013,2.57
541,230,2025,12.5
541,235,1975,28.42
541,235,1976,18.48
541,235,2011,0.14
541,235,2012,0.14
541,255,2015,0.48
541,265,1977,13.3
541,265,1978,15.2
541,265,1979,15.2
541,265,1980,13.3
541,265,1981,18.0
541,315,1977,3.8
541,317,2014,2.0
541,360,2013,0.12
541,365,1976,15.7
541,365,1977,134.65
541,365,1978,478.5
541,365,1979,96.19
541,365,1980,38.6
541,365,1981,41.6
541,365,1982,63.7
541,365,1983,59.1
541,365,1984,94.35
541,365,1985,72.75
541,365,1986,6.0
541,365,1999,2.4
541,365,2019,7.25
541,369,2014,6.8
541,560,2003,0.88
541,560,2020,1.05
541,560,2021,3.79
541,560,2022,5.04
541,560,2023,2.65
541,696,2024,1.08
541,710,2014,4.2
541,710,2016,3.24
541,710,2018,3.45
541,750,2019,15.0
551,2,2019,6.0
551,2,2020,1.0
551,2,2023,5.0
551,2,2024,0.8
551,20,1965,16.37
551,20,1966,0.29
551,20,1971,3.75
551,20,1976,92.54
551,20,2006,3.0
551,200,1964,5.34
551,200,1966,16.5
551,200,1971,122.3
551,200,1972,2.8
551,200,1973,2.8
551,200,1978,7.3500000000000005
551,200,1980,1.2
551,260,1974,9.0
551,325,1969,6.6
551,325,1970,3.6
551,325,1971,18.82
551,325,1972,20.15
551,325,1973,16.45
551,325,1976,14.0
551,325,1977,1.15
551,325,1978,0.96
551,325,1980,7.05
551,325,1981,19.9
551,325,2006,3.14
551,325,2011,0.52
551,325,2012,2.6
551,325,2016,3.12
551,325,2019,32.0
551,325,2021,10.0
551,345,1971,19.7
551,365,1975,48.0
551,365,1976,2.2
551,365,1979,4.0
551,365,1980,127.41
551,365,1981,219.1
551,365,1982,43.0
551,365,1984,18.0
551,365,2015,14.5
551,365,2019,5.3
551,369,2000,4.8
551,369,2002,2.16
551,369,2012,4.8
551,369,2016,7.2
551,369,2017,7.2
551,380,1977,2.4
551,380,1978,2.4
551,552,1964,1.41
551,560,2005,0.06
551,560,2012,2.77
551,560,2016,1.05
551,560,2022,2.4
551,666,2017,6.0
551,666,2021,9.8
551,710,1977,37.14
551,710,1978,31.14
551,710,1981,14.4
551,710,1996,7.5
551,710,2000,38.5
551,710,2006,23.5
551,710,2007,5.0
551,710,2008,1.75
551,710,2012,50.75
551,710,2016,32.75
551,710,2017,32.75
551,710,2020,1.8
552,2,1967,0.7
552,2,1993,0.28
552,140,1984,18.0
552,140,1985,18.0
552,140,1986,18.0
552,140,1987,10.8
552,200,1950,0.96
552,200,1951,11.200000000000001
552,200,1952,2.4
552,200,1953,7.199999999999999
552,200,1954,35.0
552,200,1955,27.08
552,200,1956,7.52
552,200,1958,61.2
552,200,1960,14.799999999999999
552,200,1962,14.26
552,200,1963,14.26
552,200,1981,6.8
552,200,1982,72.0
552,200,1984,8.0
552,200,1987,6.4
552,200,1992,45.0
552,220,1962,1.9
552,220,1963,5.7
552,220,1975,6.3
552,220,1977,1.05
552,220,1987,0.2
552,220,1988,2.28
552,220,1999,3.68
552,230,1983,22.8
552,230,1986,22.8
552,230,1990,1.52
552,260,1975,1.5
552,315,1991,28.8
552,315,1992,18.0
552,316,2000,2.16
552,317,2001,0.8
552,325,1967,9.0
552,325,1978,4.08
552,325,1983,10.0
552,325,1986,50.0
552,325,1998,1.44
552,355,2000,6.0
552,365,1975,5.7
552,365,1999,21.6
552,369,2001,9.2
552,369,2005,3.6
552,369,2006,3.6
552,501,1981,8.0
552,541,1977,1.2
552,560,1967,8.4
552,560,1971,4.9
552,560,1972,21.0
552,560,1973,0.1
552,560,1974,1.68
552,560,1975,28.6
552,560,1976,19.68
552,560,1977,0.24
552,620,2003,15.6
552,666,1978,11.53
552,710,1982,9.0
552,710,1983,1.6
552,710,1985,9.9
552,710,1986,120.9
552,710,1987,12.0
552,710,1991,18.0
552,710,2004,13.5
552,710,2005,21.0
552,710,2006,21.0
552,710,2023,20.4
552,731,1984,6.6
553,2,1990,8.5
553,20,2022,3.0
553,200,1964,5.41
553,200,1980,10.0
553,200,1981,14.2
553,200,1985,2.1
553,200,1986,5.68
553,200,1987,0.6
553,200,2016,0.32
553,220,1977,6.0
553,220,1978,6.95
553,220,1979,6.0
553,220,1984,1.3
553,220,1985,4.55
553,220,1989,1.3
553,220,1990,2.6
553,260,1976,1.8
553,260,1979,2.04
553,260,1980,3.84
553,260,1986,4.4
553,260,1988,2.2
553,260,1989,2.2
553,560,1972,0.48
553,560,1994,3.64
553,560,2008,2.54
553,560,2012,0.8
553,560,2013,3.06
553,560,2014,1.92
553,560,2015,3.0900000000000003
553,560,2024,2.4
553,710,2022,16.0
560,2,1951,73.2
560,2,1952,91.5
560,2,1956,112.4
560,2,1959,1.2
560,2,1962,4.5
560,2,1963,165.95
560,2,1964,5.1
560,2,1965,4.95
560,2,1966,2.16
560,2,1967,0.72
560,2,1968,0.72
560,2,1969,0.35
560,2,1972,15.4
560,2,1973,15.4
560,2,1976,14.0
560,2,1987,1.52
560,2,1988,12.0
560,2,1997,9.2
560,2,1999,18.4
560,2,2006,14.0
560,2,2007,24.0
560,2,2008,11.0
560,2,2009,8.8
560,2,2010,13.2
560,2,2011,15.9
560,2,2012,9.3
560,20,1956,50.0
560,20,1990,0.35
560,20,1991,2.1
560,20,1994,4.2
560,20,1995,8.4
560,20,1996,8.4
560,200,1950,36.8
560,200,1952,89.3
560,200,1953,50.61
560,200,1954,46.75
560,200,1955,105.19999999999999
560,200,1956,91.0
560,200,1957,206.64999999999998
560,200,1958,168.95
560,200,1959,67.0
560,200,1960,10.0
560,200,1962,165.8
560,200,1963,113.6
560,200,1964,121.39999999999999
560,200,1965,165.42999999999998
560,200,1966,160.0
560,200,1967,8.0
560,200,1968,6.4
560,200,1969,5.6
560,200,1970,39.2
560,200,1971,8.4
560,200,1972,21.1
560,200,1973,12.0
560,200,1974,9.6
560,200,1975,6.0
560,200,1976,5.6
560,200,1977,6.8
560,200,1978,4.0
560,200,1979,4.0
560,200,1980,2.4
560,200,1981,2.0
560,200,1982,2.4
560,200,1983,52.4
560,200,1984,51.6
560,200,1987,4.75
560,200,2005,8.64
560,200,2007,19.0
560,200,2010,4.41
560,200,2012,2.97
560,200,2015,1.8
560,210,2005,2.5
560,210,2006,2.5
560,220,1960,2.8
560,220,1962,61.9
560,220,1963,191.0
560,220,1964,87.25
560,220,1965,55.5
560,220,1966,149.7
560,220,1967,91.19999999999999
560,220,1968,73.10000000000002
560,220,1969,47.150000000000006
560,220,1970,380.35
560,220,1971,178.65
560,220,1972,64.70000000000002
560,220,1973,136.12000000000003
560,220,1974,87.81
560,220,1975,57.93000000000001
560,220,1976,61.19999999999999
560,220,1977,14.699999999999989
560,220,1978,198.0
560,220,1980,12.0
560,220,1983,0.95
560,220,1984,12.95
560,220,1989,3.25
560,220,2005,15.3
560,220,2006,30.0
560,220,2007,30.0
560,220,2008,1.3
560,220,2009,0.85
560,220,2010,0.85
560,225,1964,18.5
560,225,1965,71.5
560,225,1966,46.25
560,225,1967,75.0
560,225,1968,57.5
560,225,1969,46.25
560,225,1990,2.05
560,225,1991,7.5
560,225,1997,1.85
560,230,1985,3.8
560,230,1986,3.8
560,230,1987,3.8
560,230,1991,9.0
560,255,2001,17.6
560,255,2005,225.0
560,255,2006,27.5
560,255,2007,258.0
560,255,2008,252.5
560,255,2009,5.0
560,260,1958,0.24
560,260,1976,3.0
560,260,1977,13.2
560,260,1978,13.2
560,260,1979,8.4
560,260,1980,98.4
560,260,1981,3.5999999999999943
560,260,1982,13.2
560,260,1983,6.5
560,260,1984,16.4
560,260,1985,15.2
560,260,1986,6.6
560,260,1987,1.8
560,325,1969,8.46
560,325,1970,2.25
560,325,1971,2.25
560,325,1973,4.700000000000003
560,325,1974,4.700000000000003
560,325,1977,4.5
560,325,1978,4.5
560,325,1979,4.5
560,325,1980,2.2500000000000018
560,325,1982,4.85
560,325,1983,0.34999999999999964
560,325,1986,2.25
560,365,2014,50.0
560,369,1992,140.0
560,380,2008,131.5
560,380,2009,105.2
560,380,2010,157.8
560,380,2011,184.1
560,380,2012,105.2
560,390,1965,12.0
560,581,1981,5.0
560,663,1973,22.14
560,663,1974,22.759999999999998
560,666,1977,20.400000000000006
560,666,1981,0.40000000000000036
560,666,1982,0.40000000000000036
560,666,1983,0.5799999999999983
560,666,1984,0.40000000000000036
560,666,1986,117.48
560,666,1987,5.5
560,666,1992,201.6
560,666,1993,218.4
560,666,1994,201.6
560,666,1999,3.0
560,666,2000,6.0
560,666,2010,2.0
560,666,2011,3.0
560,666,2012,5.0
560,750,1978,27.0
560,750,1979,21.6
565,2,1994,0.84
565,2,1995,2.4
565,2,2012,5.0
565,140,2004,10.0
565,140,2009,10.6
565,325,2004,6.0
565,359,2001,4.8
565,369,2001,2.4
565,369,2010,3.4
565,560,1998,4.8
565,560,2017,1.2
565,560,2024,1.5
565,620,2002,11.399999999999999
565,710,1997,5.0
565,710,2001,14.0
565,710,2006,75.0
565,710,2008,25.0
565,710,2009,4.62
565,710,2012,51.5
565,710,2013,9.0
565,710,2016,3.36
565,710,2017,33.64
565,710,2024,54.0
565,710,2025,0.2
565,750,1994,1.5
565,750,1995,1.9
565,750,2011,0.75
565,750,2014,1.9
570,2,1989,0.18
570,2,1998,5.0
570,200,1979,5.0
570,220,2017,1.3
570,220,2018,1.3
570,220,2019,1.3
570,230,1989,7.6
570,230,1991,3.8
570,230,2001,3.8
570,255,2001,2.4
570,255,2004,1.2
570,260,1980,2.88
570,325,1986,10.0
570,620,1983,0.88
570,666,1977,1.2
570,666,2006,0.72
570,900,2004,0.24
571,2,1979,0.16
571,2,1987,9.5
571,2,1988,16.0
571,2,1989,4.2
571,2,1990,10.0
571,2,1993,1.26
571,2,1997,18.4
571,2,2001,15.18
571,2,2009,1.0
571,2,2010,1.0
571,2,2018,1.52
571,2,2019,1.52
571,2,2024,11.2
571,20,1990,2.45
571,20,1996,15.84
571,20,1997,52.8
571,20,2000,26.4
571,20,2013,1.75
571,200,1977,1.2
571,200,1978,0.6
571,200,1979,6.8
571,200,1980,2.44
571,200,1981,3.6
571,200,1985,2.5
571,200,1987,7.5
571,200,1988,15.0
571,200,1990,1.2
571,200,1992,2.0
571,200,1995,8.27
571,200,1996,12.68
571,220,1985,2.6
571,220,1995,3.9
571,220,2000,12.6
571,220,2002,1.44
571,220,2003,5.6
571,220,2016,1.5
571,220,2018,3.6
571,220,2019,4.5
571,220,2020,49.5
571,225,1990,8.75
571,225,2003,5.6
571,225,2004,10.15
571,225,2013,6.25
571,225,2019,0.6
571,225,2020,12.6
571,225,2021,7.8
571,225,2022,5.4
571,225,2023,0.6
571,230,1987,9.0
571,230,1988,9.0
571,230,1993,7.6
571,230,2009,9.0
571,230,2010,9.0
571,230,2016,3.2
571,305,2000,14.6
571,365,1981,7.0
571,365,1996,3.5
571,369,2012,6.0
571,501,1991,2.0
571,501,1993,2.0
571,666,1991,0.48
571,666,1992,0.48
571,666,2019,0.6
571,666,2020,12.6
571,666,2021,7.8
571,666,2022,5.4
571,666,2023,0.6
572,560,2000,1.14
572,560,2001,1.26
572,666,1979,5.5
572,713,2020,2.1
580,2,1971,0.1
580,2,1972,0.35
580,200,1968,1.2
580,200,1974,0.6
580,220,1961,3.0999999999999996
580,220,1963,1.46
580,220,1964,0.32
580,220,1965,7.5600000000000005
580,220,1967,11.61
580,220,1969,0.95
580,220,1974,1.370000000000001
580,220,1975,0.6
580,220,1985,5.6
580,220,1996,4.0
580,316,2025,2.6
580,365,1979,43.2
580,365,1980,42.5
580,365,1983,7.5
580,365,1985,0.6
580,365,1996,17.12
580,560,2018,1.56
580,696,2020,0.84
580,731,1975,5.6
580,731,1979,20.4
581,140,2012,1.04
581,220,1987,1.3
581,325,1977,0.72
581,369,2008,5.6
581,696,2025,0.13
590,2,1968,0.35
590,20,1996,32.5
590,200,1971,0.4
590,200,1990,2.5
590,200,1993,3.5
590,220,1979,3.3
590,220,1997,1.3
590,666,2004,2.5
590,666,2016,2.5
590,750,1974,2.2
590,750,1990,7.0
590,750,1993,4.4
590,750,2004,7.0
590,750,2014,27.5
590,750,2016,25.85
590,750,2017,18.85
590,750,2021,0.88
590,750,2022,4.0
591,2,1983,2.0
591,2,1990,0.08
591,200,1977,0.8
591,200,1980,3.5
591,220,1979,17.6
591,325,1983,13.0
591,365,1979,1.0
591,365,1980,2.32
591,365,1986,10.0
591,620,1980,0.19
591,666,2013,2.5
591,696,2011,2.8
591,710,2011,5.0
591,710,2014,10.0
591,750,1982,1.9
591,750,1988,0.95
591,750,2005,14.6
591,750,2013,7.0
591,750,2014,5.84
591,750,2016,7.5
591,750,2018,9.5
591,750,2021,19.0
600,2,1957,2.5
600,2,1962,21.6
600,2,1964,15.24
600,2,1965,46.1
600,2,1966,137.42
600,2,1967,89.4
600,2,1968,5.2
600,2,1971,1.0
600,2,1974,107.55
600,2,1975,92.55
600,2,1976,99.86999999999999
600,2,1977,252.87
600,2,1978,161.65
600,2,1979,97.05
600,2,1980,71.0
600,2,1981,424.42
600,2,1982,113.6
600,2,1983,146.9
600,2,1986,18.0
600,2,1987,2.0
600,2,1988,41.0
600,2,1989,56.0
600,2,1990,28.0
600,2,1991,43.2
600,2,1993,86.4
600,2,1994,116.57000000000001
600,2,1996,34.4
600,2,1997,136.88
600,2,1999,8.28
600,2,2000,7.2
600,2,2006,19.9
600,2,2009,2.6
600,2,2010,35.4
600,2,2011,454.09999999999997
600,2,2012,432.2
600,2,2013,44.599999999999994
600,2,2014,8.8
600,2,2015,46.84
600,2,2016,277.0
600,2,2017,434.67999999999995
600,2,2018,332.7
600,2,2019,47.72
600,2,2020,7.24
600,2,2021,5.640000000000001
600,2,2022,349.0
600,2,2023,324.0
600,2,2025,266.3
600,20,1973,18.0
600,20,2011,10.0
600,20,2012,2.0
600,200,1977,18.0
600,200,2018,4.0
600,210,1981,12.0
600,210,1982,12.0
600,210,1983,18.5
600,210,2011,151.5
600,210,2012,397.0
600,211,2008,18.92
600,211,2009,36.099999999999994
600,220,1956,28.36
600,220,1957,11.99
600,220,1958,10.44
600,220,1959,12.719999999999999
600,220,1960,18.78
600,220,1961,10.1
600,220,1962,9.49
600,220,1963,15.7
600,220,1964,0.7
600,220,1965,35.980000000000004
600,220,1966,21.4
600,220,1967,31.6
600,220,1968,49.9
600,220,1969,5.4
600,220,1970,24.0
600,220,1973,2.5
600,220,1974,55.1
600,220,1975,82.5
600,220,1976,81.55
600,220,1977,115.55
600,220,1978,239.75
600,220,1979,521.14
600,220,1980,277.75
600,220,1981,165.15
600,220,1982,223.82999999999998
600,220,1983,99.08
600,220,1984,59.1
600,220,1985,33.0
600,220,1986,12.5
600,220,1987,12.0
600,220,1988,22.439999999999998
600,220,1990,9.6
600,220,1991,19.2
600,220,1992,16.8
600,220,1995,27.5
600,220,1996,55.0
600,220,1997,82.72
600,220,2001,5.0
600,220,2002,154.5
600,220,2010,36.0
600,220,2011,597.25
600,220,2012,173.0
600,220,2013,10.0
600,220,2014,548.05
600,220,2016,9.5
600,220,2017,50.0
600,220,2018,50.0
600,220,2021,13.0
600,220,2022,150.52
600,225,1978,1.5
600,225,2005,17.6
600,230,1981,120.2
600,230,1982,120.2
600,230,1983,93.7
600,230,1988,35.2
600,230,1989,70.4
600,230,1990,63.0
600,255,2014,4.8
600,255,2022,1.08
600,255,2023,18.0
600,260,1978,10.75
600,260,1980,1.05
600,260,1981,10.35
600,260,1982,9.3
600,260,1983,4.8
600,305,1979,46.75
600,305,1980,37.8
600,305,2023,0.75
600,305,2024,0.45
600,315,1968,9.0
600,315,1969,9.0
600,315,1970,10.5
600,325,1969,26.4
600,325,1970,26.4
600,325,1971,0.24
600,325,1974,35.64
600,325,1975,31.7
600,325,1976,34.5
600,325,1977,21.299999999999997
600,325,1978,5.6
600,325,1979,60.0
600,325,1980,30.0
600,325,1981,5.0
600,325,1982,50.0
600,325,1983,14.7
600,325,2010,32.0
600,325,2011,42.5
600,325,2012,13.0
600,325,2013,7.5
600,325,2014,10.25
600,365,1961,27.0
600,365,1962,62.04
600,365,1967,28.400000000000002
600,365,1968,28.400000000000002
600,365,1981,1.4
600,365,2001,6.0
600,365,2005,69.0
600,365,2006,27.0
600,365,2007,27.0
600,365,2008,27.0
600,369,2010,16.2
600,369,2020,4.96
600,370,1999,51.48
600,370,2000,120.12
600,380,1983,3.5
600,390,1987,18.0
600,390,1988,18.0
600,390,1990,36.0
600,560,1980,49.0
600,560,1981,49.0
600,620,1985,16.5
600,630,1970,19.2
600,640,2021,31.2
600,640,2023,7.0
600,640,2024,14.4
600,640,2025,9.0
600,645,1960,3.2
600,651,1980,2.7
600,651,1981,12.68
600,666,1983,14.4
600,666,1984,14.4
600,666,2003,12.0
600,666,2004,14.0
600,666,2005,14.0
600,666,2023,146.74
600,666,2024,114.5
600,666,2025,114.5
600,670,1993,12.0
600,694,2021,0.84
600,696,2020,3.6
600,710,2010,227.20000000000002
600,710,2011,33.85
600,710,2012,34.4
600,710,2017,120.0
600,710,2018,75.0
600,710,2021,2.0
600,710,2022,6.0
600,710,2023,4.0
615,2,1963,2.2
615,2,1977,0.16
615,2,1978,22.67
615,2,1979,0.08
615,2,1981,112.0
615,2,1982,84.0
615,2,1983,196.0
615,2,1984,167.0
615,2,1985,15.0
615,2,1990,28.0
615,2,1995,5.7
615,2,1996,2.85
615,2,2000,22.0
615,2,2001,66.6
615,2,2002,58.6
615,2,2010,11.4
615,2,2011,11.4
615,2,2015,3.0
615,2,2016,17.0
615,2,2018,2.88
615,2,2019,2.88
615,2,2020,3.84
615,2,2022,32.0
615,2,2023,40.0
615,2,2024,40.0
615,20,2005,3.0
615,20,2006,6.0
615,200,1976,9.0
615,200,1977,3.0
615,200,1978,3.0
615,200,1979,1.5
615,200,1984,62.99999999999999
615,200,2010,47.0
615,200,2011,42.25
615,200,2012,4.75
615,200,2015,37.5
615,200,2016,37.5
615,210,1976,51.0
615,210,1977,14.0
615,210,1978,14.0
615,210,1979,7.0
615,210,2015,12.5
615,210,2016,25.0
615,220,1962,15.84
615,220,1964,1.4
615,220,1965,37.8
615,220,1970,14.0
615,220,1971,14.0
615,220,1983,4.0
615,220,1984,4.8
615,220,1995,4.68
615,220,2005,11.7
615,220,2006,2.4
615,220,2008,6.5
615,220,2009,52.0
615,220,2010,52.0
615,220,2011,26.0
615,220,2016,26.0
615,220,2019,52.0
615,220,2020,39.0
615,220,2021,39.0
615,220,2023,5.0
615,225,1998,0.8
615,230,2005,25.0
615,230,2006,50.0
615,255,1995,4.5
615,255,2002,4.5
615,255,2013,8.8
615,255,2014,12.8
615,255,2015,12.0
615,255,2016,551.0
615,260,1988,4.5
615,290,2014,29.6
615,315,1987,40.0
615,315,1988,40.0
615,315,1991,48.0
615,316,1994,18.0
615,316,1995,0.12
615,316,1996,24.5
615,316,2002,32.0
615,316,2003,36.0
615,317,1995,43.2
615,317,1996,5.4
615,325,1977,33.0
615,325,1982,2.5
615,325,1983,2.5
615,325,2010,13.75
615,325,2011,27.5
615,325,2013,48.0
615,325,2014,185.8
615,325,2015,30.0
615,325,2016,39.0
615,325,2017,57.5
615,325,2020,57.5
615,325,2022,57.5
615,360,1984,5.7
615,365,1961,7.0
615,365,1962,37.800000000000004
615,365,1963,79.4
615,365,1964,178.16
615,365,1965,315.74
615,365,1966,439.07
615,365,1967,525.3
615,365,1968,58.300000000000004
615,365,1969,78.7
615,365,1970,0.48
615,365,1972,179.75
615,365,1973,110.25
615,365,1974,12.5
615,365,1975,56.04
615,365,1976,70.46000000000001
615,365,1977,1001.4
615,365,1978,1224.47
615,365,1979,1814.5
615,365,1980,1336.76
615,365,1981,1268.65
615,365,1982,1255.7
615,365,1983,488.1
615,365,1984,400.4
615,365,1985,333.9
615,365,1986,162.9
615,365,1987,343.0
615,365,1988,269.0
615,365,1989,453.6
615,365,1990,663.75
615,365,1991,899.95
615,365,1994,166.75
615,365,1995,237.7
615,365,1996,46.45
615,365,1999,101.16
615,365,2000,243.31
615,365,2001,378.8
615,365,2002,101.2
615,365,2003,153.6
615,365,2004,246.0
615,365,2005,92.4
615,365,2006,202.0
615,365,2007,503.4
615,365,2008,1503.25
615,365,2009,1015.35
615,365,2010,686.0
615,365,2011,987.6
615,365,2012,650.0
615,365,2013,304.0
615,365,2014,313.0
615,365,2015,453.0
615,365,2016,871.55
615,365,2017,1004.9
615,365,2018,1136.0
615,365,2020,449.45
615,365,2021,77.45
615,365,2022,172.45
615,365,2023,114.95
615,365,2024,87.45
615,365,2025,60.0
615,369,1996,4.2
615,369,1998,87.2
615,369,1999,103.34
615,369,2000,62.8
615,369,2001,40.8
615,369,2002,18.4
615,369,2003,5.4
615,369,2004,5.14
615,369,2005,18.1
615,369,2006,4.52
615,369,2007,3.8
615,369,2009,7.6
615,369,2010,2.66
615,369,2011,38.4
615,369,2012,7.03
615,369,2014,3.42
615,370,1997,28.0
615,370,1999,182.4
615,370,2000,57.0
615,370,2001,22.8
615,370,2002,22.8
615,375,2014,5.0
615,380,2016,103.0
615,390,2014,4.75
615,390,2015,4.75
615,560,1998,1.0
615,560,1999,1.0
615,560,2000,10.5
615,560,2001,10.5
615,560,2008,12.5
615,560,2009,0.7
615,560,2013,0.4
615,560,2015,1.5
615,560,2016,8.5
615,560,2017,8.6
615,600,1962,2.16
615,651,1962,7.2
615,651,1963,8.48
615,651,1964,1.44
615,651,1978,3.2
615,651,1992,13.25
615,651,1993,12.5
615,651,1994,12.5
615,651,1995,11.75
615,710,1988,4.75
615,710,1990,44.5
615,710,1991,80.0
615,710,1995,4.75
615,710,2000,9.7
615,710,2001,10.6
615,710,2002,14.45
615,710,2006,65.6
615,710,2010,18.0
615,710,2014,155.05
615,710,2015,242.75
615,710,2016,494.75
615,710,2017,43.1
615,710,2018,54.1
615,710,2019,24.0
615,710,2020,3.0
615,710,2022,137.5
615,710,2023,186.1
615,710,2024,30.0
616,2,1960,5.28
616,2,1965,6.0
616,2,1968,11.59
616,2,1969,16.8
616,2,1972,3.84
616,2,1973,21.939999999999998
616,2,1974,7.5
616,2,1976,10.48
616,2,1978,9.8
616,2,1979,43.94
616,2,1980,23.22
616,2,1981,13.6
616,2,1982,20.09
616,2,1983,75.12
616,2,1984,107.7
616,2,1985,84.0
616,2,1987,56.0
616,2,1988,17.0
616,2,1989,48.25
616,2,1992,8.0
616,2,1995,18.4
616,2,1996,22.59
616,2,1997,24.799999999999997
616,2,1998,18.4
616,2,1999,9.6
616,2,2002,43.599999999999994
616,2,2003,0.6
616,2,2006,1.8
616,2,2008,3.46
616,2,2010,6.92
616,2,2011,6.92
616,2,2013,40.0
616,2,2014,40.0
616,2,2015,6.76
616,2,2016,12.04
616,2,2017,66.5
616,2,2018,42.26
616,2,2019,14.5
616,2,2020,14.5
616,2,2022,15.0
616,2,2023,11.4
616,2,2024,26.4
616,2,2025,7.36
616,20,2022,1.0
616,20,2023,3.0
616,140,1983,27.57
616,200,1965,17.2
616,200,1977,20.1
616,210,2018,138.0
616,220,1957,10.5
616,220,1959,12.5
616,220,1960,36.76
616,220,1961,5.9
616,220,1963,6.66
616,220,1964,4.2
616,220,1967,4.5
616,220,1968,5.7
616,220,1970,48.7
616,220,1973,4.0
616,220,1974,6.0
616,220,1975,11.32
616,220,1977,4.0
616,220,1978,1.9
616,220,1979,27.0
616,220,1981,10.5
616,220,1982,39.5
616,220,1984,11.05
616,220,1985,216.0
616,220,1987,0.2
616,220,1990,4.25
616,220,1997,0.4
616,220,1999,2.8
616,220,2016,2.88
616,220,2017,3.6
616,230,2024,52.0
616,255,1992,24.0
616,255,1997,6.0
616,255,2005,168.0
616,255,2017,3.4
616,260,1969,6.0
616,260,1985,14.4
616,305,1979,37.8
616,305,1997,2.6
616,305,2018,0.4
616,316,1994,7.8
616,316,1995,32.5
616,316,1996,39.0
616,316,1997,6.5
616,317,1995,5.0
616,317,1996,6.0
616,317,1997,1.0
616,325,1965,16.8
616,325,1971,0.24
616,325,1975,2.88
616,325,1977,31.2
616,325,1978,2.16
616,325,1979,13.2
616,325,1980,48.0
616,325,1981,0.64
616,325,1991,20.0
616,325,2015,0.45
616,380,1960,2.38
616,380,1980,31.5
616,380,1981,31.5
616,640,2014,10.15
616,640,2016,24.85
616,640,2017,24.5
616,640,2020,1.2
616,640,2021,19.05
616,640,2022,19.1
616,640,2023,20.7
616,696,2016,3.0
616,710,1977,18.0
616,710,1994,27.0
620,2,1959,0.48
620,2,1963,3.0
620,2,1964,14.7
620,2,1965,9.0
620,2,1966,6.75
620,2,1968,40.0
620,2,1969,40.0
620,2,1970,224.0
620,2,1975,2.85
620,2,1978,0.38
620,140,1975,36.0
620,140,1976,36.0
620,140,1977,144.0
620,140,1978,144.0
620,140,1981,24.75
620,140,1982,24.75
620,200,1957,3.24
620,200,1959,0.06
620,200,1960,14.0
620,200,1961,17.0
620,200,1966,18.8
620,200,1967,11.8
620,200,1968,16.8
620,200,1969,110.9
620,200,1970,10.6
620,200,1973,125.8
620,200,1976,4.0
620,200,1977,4.0
620,200,1978,4.0
620,200,1979,4.0
620,200,1980,18.28
620,200,1981,31.52
620,200,1982,21.0
620,200,1983,35.0
620,200,1984,14.8
620,200,1985,8.0
620,220,1962,2.1
620,220,1969,0.96
620,220,1971,421.0
620,220,1972,467.3
620,220,1973,499.52
620,220,1974,492.77
620,220,1975,68.92
620,220,1977,22.9
620,220,1978,60.34
620,220,1979,405.84000000000003
620,220,1980,155.0
620,220,1981,170.0
620,220,1982,355.6
620,220,1983,101.6
620,220,1984,50.8
620,220,2008,3.0
620,220,2009,3.0
620,220,2010,3.0
620,220,2011,1.0
620,235,1978,3.2
620,260,1975,0.5
620,260,1976,0.5
620,260,1977,2.0
620,260,1978,2.0
620,260,1982,33.6
620,260,1983,61.6
620,260,1984,56.8
620,260,1985,52.0
620,305,1987,30.0
620,305,2011,0.8
620,315,1970,13.0
620,315,1971,33.0
620,315,1972,19.5
620,315,1973,19.5
620,315,1974,15.0
620,315,1976,7.2
620,315,1977,7.2
620,315,1978,144.0
620,315,1979,148.0
620,315,1981,100.2
620,315,1982,192.2
620,315,1983,212.0
620,315,1984,63.4
620,315,1985,7.8
620,315,1986,7.8
620,325,1971,1.55
620,325,1974,7.2
620,325,1976,120.0
620,325,1977,13.5
620,325,1978,19.5
620,325,1979,93.6
620,325,1980,271.0
620,325,1981,261.9
620,325,1982,166.5
620,325,1983,221.89999999999998
620,325,1984,139.5
620,325,1985,81.6
620,325,1986,3.0
620,325,2006,2.75
620,325,2007,2.75
620,325,2009,19.28
620,325,2010,19.28
620,325,2011,6.0
620,325,2013,1.44
620,345,1976,56.1
620,345,1977,56.1
620,345,1978,22.5
620,345,1979,22.5
620,345,1980,22.5
620,345,1981,22.5
620,345,1982,20.0
620,345,1983,45.0
620,345,1984,69.5
620,345,1985,65.0
620,365,1970,98.5
620,365,1971,84.5
620,365,1972,47.2
620,365,1973,87.8
620,365,1974,1251.55
620,365,1975,1539.2
620,365,1976,1624.45
620,365,1977,2804.45
620,365,1978,3821.9300000000003
620,365,1979,2393.28
620,365,1980,2453.05
620,365,1981,2530.45
620,365,1982,1926.4299999999998
620,365,1983,737.5
620,365,1984,333.0
620,365,1985,531.25
620,365,1986,390.5
620,365,1987,153.5
620,365,1988,8.5
620,365,1989,217.5
620,365,1990,11.2
620,365,2005,0.8
620,365,2006,12.8
620,365,2007,12.96
620,365,2008,12.8
620,365,2010,14.9
620,365,2013,35.5
620,625,2013,10.8
620,640,1980,22.8
620,640,1981,11.4
620,640,2019,34.05
620,640,2020,0.44
620,640,2024,4.5
620,651,1959,0.28
620,651,1970,24.7
620,663,2013,10.78
620,696,2012,75.0
620,696,2013,60.0
620,696,2016,2.4
620,710,1980,2.5
620,710,1981,2.5
620,710,1982,2.5
620,710,1983,2.5
620,710,1984,2.5
620,731,1980,6.0
625,2,1965,3.2
625,2,1966,4.0
625,2,1978,168.0
625,2,1979,42.0
625,2,1981,38.24
625,2,1982,71.9
625,2,1983,2.8
625,2,1984,33.8
625,2,1987,2.4
625,2,1988,2.4
625,20,1977,26.44
625,20,1978,26.44
625,200,1957,1.52
625,200,1958,0.76
625,200,1960,5.32
625,200,1961,16.74
625,200,1962,32.16
625,200,1963,16.8
625,200,1964,2.0
625,200,1965,2.0
625,200,1984,7.5
625,210,1964,34.0
625,220,1980,0.24
625,220,1981,10.5
625,220,1983,2.56
625,220,1986,0.2
625,235,1986,1.25
625,260,1962,1.78
625,260,1964,0.14
625,260,1978,3.6
625,260,1979,3.6
625,260,1980,2.4
625,290,1999,12.0
625,315,1968,6.75
625,315,1970,12.0
625,317,2007,6.0
625,325,1982,11.1
625,325,1983,11.1
625,325,1987,11.1
625,325,1988,11.1
625,345,1969,18.5
625,345,2009,0.29
625,360,1984,30.0
625,360,1985,60.0
625,365,1960,0.6
625,365,1966,6.25
625,365,1967,6.25
625,365,1969,152.05
625,365,1970,484.4
625,365,1971,63.74
625,365,1974,2.8
625,365,1977,3.0
625,365,1997,8.8
625,365,2001,91.08
625,365,2002,30.96
625,365,2003,85.5
625,365,2004,278.25
625,365,2005,93.03
625,365,2006,21.75
625,365,2007,21.75
625,365,2008,22.55
625,365,2009,23.35
625,365,2010,31.549999999999997
625,365,2011,72.08
625,365,2012,48.3
625,365,2015,52.760000000000005
625,365,2016,52.760000000000005
625,365,2017,23.76
625,365,2018,0.18
625,369,1996,2.16
625,369,2006,7.699999999999999
625,369,2007,1.2
625,369,2008,22.0
625,369,2009,33.0
625,369,2010,91.9
625,369,2011,86.09
625,369,2012,22.95
625,369,2013,33.7
625,370,1996,24.9
625,370,1999,24.0
625,370,2001,12.0
625,370,2002,2.56
625,370,2003,13.26
625,370,2007,0.36
625,370,2008,50.6
625,370,2009,13.8
625,370,2010,4.6
625,370,2013,66.2
625,370,2014,8.2
625,370,2015,38.22
625,370,2016,38.1
625,370,2017,0.43
625,370,2018,1.07
625,370,2019,18.4
625,370,2022,0.8
625,370,2023,0.22
625,371,2006,4.4
625,620,1988,62.4
625,620,1989,6.6
625,630,1975,4.5
625,630,2006,13.9
625,630,2008,2.75
625,630,2023,0.7
625,640,2023,4.8
625,640,2024,14.4
625,640,2025,22.5
625,651,1957,0.56
625,651,1958,3.8
625,651,1959,3.8
625,651,1981,12.1
625,651,1982,6.96
625,651,1983,8.26
625,651,1984,35.04
625,651,1986,2.82
625,651,1988,0.62
625,651,1989,2.5
625,651,1990,3.75
625,670,1981,30.46
625,678,1985,3.4
625,696,2013,9.0
625,696,2017,1.0
625,696,2018,2.0
625,696,2019,2.0
625,696,2022,1.8
625,698,1986,5.29
625,703,1995,3.3
625,703,2024,34.0
625,703,2025,34.0
625,710,1968,6.0
625,710,1969,6.0
625,710,1970,101.5
625,710,1971,23.0
625,710,1972,69.0
625,710,1973,23.0
625,710,1978,10.0
625,710,1981,108.0
625,710,1987,108.0
625,710,1989,7.0
625,710,1991,46.0
625,710,1992,6.3
625,710,1997,54.0
625,710,2002,13.5
625,710,2003,94.5
625,710,2004,13.5
625,710,2005,15.780000000000001
625,710,2006,56.0
625,710,2007,20.5
625,710,2008,13.5
625,710,2009,14.0
625,710,2010,14.0
625,710,2011,15.25
625,710,2012,19.25
625,710,2013,17.5
625,710,2014,7.200000000000003
625,710,2015,12.0
625,710,2016,18.0
625,710,2017,41.2
625,710,2018,32.2
626,365,2011,65.25
626,365,2015,18.0
626,365,2016,3.6
626,369,2007,37.12
626,369,2008,44.16
626,369,2009,1.44
626,500,2016,4.0
626,560,2012,1.5
626,696,2013,13.2
626,696,2014,25.1
626,696,2021,8.25
626,696,2022,8.25
626,710,2014,12.0
630,2,1950,20.06
630,2,1951,5.64
630,2,1952,0.36
630,2,1953,0.86
630,2,1954,19.8
630,2,1955,33.82
630,2,1956,28.86
630,2,1957,53.74
630,2,1958,92.72
630,2,1959,72.32
630,2,1960,139.92
630,2,1961,74.62
630,2,1962,82.92
630,2,1963,105.2
630,2,1964,138.72
630,2,1965,496.28000000000003
630,2,1966,596.26
630,2,1967,321.83
630,2,1968,820.65
630,2,1969,855.7
630,2,1970,713.1
630,2,1971,1234.9
630,2,1972,615.28
630,2,1973,1365.6399999999999
630,2,1974,2198.54
630,2,1975,4160.02
630,2,1976,4228.06
630,2,1977,4600.370000000001
630,2,1978,2081.88
630,2,1979,205.16
630,2,1984,4.0
630,2,1985,4.25
630,2,1986,49.95
630,20,1955,1.52
630,20,1960,0.76
630,20,1973,6.0
630,20,1975,39.0
630,20,1976,46.5
630,20,1977,14.5
630,20,1978,2.5
630,20,1979,2.5
630,20,1984,12.25
630,20,1989,0.7
630,20,1990,1.05
630,20,1991,7.0
630,140,1989,3.8
630,140,1990,5.7
630,140,1991,38.0
630,200,1959,2.4
630,200,1968,78.55
630,200,1969,49.0
630,200,1970,55.0
630,200,1971,295.2
630,200,1972,717.95
630,200,1973,654.7
630,200,1974,490.9
630,200,1975,689.8
630,200,1976,47.5
630,200,1977,78.25
630,200,1978,249.75
630,200,1979,151.5
630,200,1981,3.0
630,200,1984,127.0
630,200,1985,52.0
630,210,1971,42.0
630,210,1973,21.0
630,210,1974,21.0
630,210,1975,21.0
630,210,1976,28.0
630,210,1977,40.0
630,210,1978,42.0
630,210,1981,32.0
630,210,1984,20.0
630,210,1985,40.0
630,220,1966,5.0
630,220,1967,5.0
630,220,1968,5.0
630,220,1969,5.0
630,220,1970,10.0
630,220,1971,153.2
630,220,1972,2.0
630,220,1973,2.0
630,220,1974,2.0
630,220,1975,2.0
630,220,1977,95.4
630,220,1978,333.9
630,220,1981,143.1
630,220,1996,1.44
630,225,1971,5.0
630,225,1972,5.0
630,225,1975,143.75
630,225,1976,143.75
630,225,1983,1.6
630,225,1984,54.15
630,260,1969,3.75
630,260,1970,3.75
630,260,1971,3.75
630,260,1974,60.0
630,265,1989,8.0
630,290,1994,84.66
630,290,1995,174.3
630,305,1985,200.0
630,325,1968,4.5
630,325,1969,36.2
630,325,1970,36.300000000000004
630,325,1971,28.4
630,325,1972,29.1
630,325,1973,2.1
630,325,1974,82.4
630,325,1975,173.1
630,325,1976,159.15
630,325,1977,123.75
630,325,1978,274.25
630,325,1979,166.75
630,325,1980,44.0
630,325,1981,171.5
630,365,1967,226.2
630,365,1968,7.8
630,365,1970,80.36
630,365,1971,336.4
630,365,1972,6.0
630,365,1977,530.0
630,365,1978,740.0
630,365,1986,116.0
630,365,1987,100.0
630,365,1988,90.0
630,365,1989,90.0
630,365,1990,327.1
630,365,1991,760.15
630,365,1992,220.0
630,365,1993,220.0
630,365,1994,3.740000000000009
630,365,1995,17.58
630,365,1996,229.88
630,365,2000,82.25
630,365,2001,118.5
630,365,2002,75.0
630,365,2003,75.0
630,365,2006,353.85
630,365,2007,268.75
630,365,2009,35.0
630,365,2010,22.0
630,365,2011,18.0
630,365,2016,409.0
630,365,2023,21.0
630,365,2024,42.0
630,369,1993,4.75
630,369,1994,2.75
630,369,1995,2.75
630,369,1996,2.75
630,369,1997,2.75
630,369,1998,54.75
630,369,1999,2.75
630,369,2000,2.75
630,369,2001,130.0
630,369,2002,130.0
630,370,2000,8.32
630,370,2001,14.56
630,370,2002,15.6
630,370,2011,15.0
630,380,1985,16.0
630,530,1985,35.0
630,620,1980,93.6
630,620,1981,105.69999999999999
630,620,1985,11.2
630,620,1986,5.0
630,620,1987,5.0
630,652,1982,178.0
630,652,1983,46.0
630,666,1985,21.58
630,666,1986,21.5
630,710,1982,190.0
630,710,1983,215.0
630,710,1984,180.0
630,710,1985,122.61
630,710,1986,510.98
630,710,1987,520.66
630,710,1988,181.47
630,710,1989,57.660000000000004
630,710,1990,77.15
630,710,1991,85.15
630,710,1992,85.2
630,710,1993,286.0
630,710,1994,236.0
630,710,1995,10.0
630,710,1996,267.5
630,710,1998,16.0
630,710,1999,17.9
630,710,2000,17.9
630,710,2001,25.950000000000003
630,710,2002,27.450000000000003
630,710,2003,26.900000000000006
630,710,2004,19.400000000000006
630,731,1982,92.5
630,731,1983,188.5
630,731,1984,148.5
630,731,1985,120.5
630,731,1986,40.5
630,731,1987,109.5
630,731,1988,113.5
630,731,1989,10.0
630,731,1993,6.0
630,731,1994,2.0
630,731,1995,2.0
630,731,2002,116.0
630,731,2003,113.5
630,731,2004,27.0
630,732,1986,45.0
630,740,1980,125.0
630,770,1980,15.0
630,770,1981,30.0
630,770,1982,30.0
630,770,1989,0.72
630,770,1990,2.4
630,770,1991,2.88
630,770,2002,0.24
640,2,1950,99.99000000000001
640,2,1951,119.2
640,2,1952,333.18
640,2,1953,164.64000000000001
640,2,1954,118.35
640,2,1955,353.01
640,2,1956,293.37
640,2,1957,545.35
640,2,1958,415.83
640,2,1959,593.8
640,2,1960,567.98
640,2,1961,321.5
640,2,1962,240.6
640,2,1963,545.6
640,2,1964,650.5
640,2,1965,526.35
640,2,1966,428.68
640,2,1967,374.04
640,2,1968,288.25
640,2,1969,528.47
640,2,1970,243.19
640,2,1971,505.69
640,2,1972,606.72
640,2,1973,669.86
640,2,1974,1231.6
640,2,1975,351.31
640,2,1976,164.5
640,2,1977,164.75
640,2,1978,761.62
640,2,1979,754.88
640,2,1980,184.8
640,2,1981,226.2
640,2,1982,136.2
640,2,1983,99.85
640,2,1984,56.5
640,2,1985,223.49999999999994
640,2,1986,108.75999999999999
640,2,1987,511.25000000000006
640,2,1988,177.64999999999998
640,2,1989,143.75
640,2,1990,107.60000000000002
640,2,1991,219.04999999999995
640,2,1992,822.89
640,2,1993,1372.69
640,2,1994,689.8299999999999
640,2,1995,249.59999999999997
640,2,1996,243.71000000000004
640,2,1997,204.30000000000007
640,2,1998,750.1500000000001
640,2,1999,425.0999999999999
640,2,2000,434.34999999999997
640,2,2001,93.5
640,2,2002,389.90000000000003
640,2,2003,162.60000000000002
640,2,2004,43.099999999999994
640,2,2005,254.20000000000002
640,2,2007,14.7
640,2,2008,38.54
640,2,2009,20.560000000000002
640,2,2010,2.7
640,2,2011,169.99999999999997
640,2,2012,248.39
640,2,2013,327.02000000000004
640,2,2014,303.38
640,2,2015,32.079999999999984
640,2,2016,156.58
640,2,2017,126.72
640,2,2018,93.28
640,2,2019,97.02
640,2,2020,8.5
640,2,2021,6.16
640,2,2022,1.6999999999999993
640,2,2023,35.0
640,2,2024,21.0
640,20,1952,4.0
640,20,1953,6.0
640,20,1954,53.6
640,20,1955,92.2
640,20,1956,14.0
640,20,1957,18.96
640,20,1958,79.2
640,20,1968,9.0
640,20,1969,9.0
640,20,1970,9.0
640,20,1971,9.0
640,20,1972,9.0
640,20,1973,9.0
640,20,1986,67.2
640,20,1987,67.2
640,20,2010,1.75
640,20,2011,7.0
640,20,2012,5.25
640,20,2013,3.0
640,20,2018,1.0
640,20,2019,6.5
640,20,2020,1.5
640,20,2021,4.5
640,20,2022,1.5
640,20,2023,1.5
640,200,1957,51.6
640,200,1958,36.6
640,200,1959,310.2
640,200,1971,40.0
640,200,1972,41.2
640,200,1983,58.0
640,200,1984,149.5
640,200,1985,149.5
640,200,1986,94.0
640,200,1987,134.0
640,200,1988,132.0
640,200,1989,6.0
640,200,1994,18.0
640,200,1995,33.0
640,200,1996,45.0
640,200,1997,45.0
640,200,1998,168.0
640,200,1999,153.0
640,200,2000,150.0
640,200,2001,135.0
640,200,2002,135.0
640,210,1971,9.6
640,210,1977,6.0
640,210,1978,6.0
640,210,1979,6.0
640,210,1980,64.24000000000001
640,210,1981,58.24
640,210,1982,62.72
640,210,1983,58.24
640,210,1985,6.0
640,210,1986,6.0
640,210,1987,19.5
640,210,1988,158.51999999999998
640,210,1989,66.3
640,210,1990,121.6
640,210,1991,41.0
640,210,1992,26.6
640,210,1993,10.0
640,210,1994,10.0
640,210,1995,13.5
640,210,1996,4.5
640,210,1997,18.5
640,210,1998,22.25
640,210,1999,13.25
640,210,2000,22.25
640,210,2005,26.5
640,210,2006,13.25
640,210,2008,13.25
640,210,2009,13.25
640,210,2010,13.25
640,210,2011,42.25
640,210,2012,37.5
640,210,2013,67.25
640,210,2014,37.5
640,210,2017,12.5
640,210,2018,29.75
640,210,2019,17.25
640,210,2023,12.5
640,211,1982,40.32
640,211,1983,35.84
640,220,1972,7.75
640,220,1973,0.2699999999999996
640,220,1977,0.56
640,220,1982,15.0
640,220,1983,16.0
640,220,1988,1.0
640,220,1989,1.0
640,220,1990,1.0
640,220,1991,1.0
640,220,1992,1.0
640,220,1995,73.94
640,220,1996,72.5
640,220,1998,95.59
640,220,1999,62.84
640,220,2000,3.4399999999999977
640,220,2001,112.0
640,220,2002,91.5
640,220,2013,15.0
640,220,2014,7.5
640,220,2020,2.5
640,220,2021,7.5
640,220,2022,2.5
640,220,2023,2.5
640,225,1977,2.5
640,225,1978,2.5
640,225,1979,2.5
640,225,1980,2.5
640,225,1996,5.0
640,255,1990,145.03
640,255,1991,229.89
640,255,1992,95.32
640,255,1993,243.36
640,255,1994,169.51999999999998
640,255,1995,70.58000000000004
640,255,1996,8.0
640,255,1997,8.0
640,255,1998,8.0
640,255,2004,20.56
640,255,2005,58.0
640,255,2006,100.95999999999998
640,255,2007,189.44
640,255,2008,184.0
640,255,2009,63.03999999999999
640,255,2010,22.72
640,255,2011,37.4
640,255,2012,26.4
640,255,2013,9.88
640,255,2014,48.0
640,255,2015,12.0
640,255,2017,24.0
640,255,2018,27.0
640,255,2019,27.0
640,255,2021,0.5
640,255,2022,12.0
640,255,2023,15.0
640,255,2024,3.5
640,260,1964,63.0
640,260,1966,39.8
640,260,1967,133.0
640,260,1968,21.02
640,260,1969,28.54
640,260,1970,92.35
640,260,1971,317.03000000000003
640,260,1972,363.7
640,260,1974,25.0
640,260,1975,184.0
640,260,1976,181.61
640,260,1977,27.200000000000003
640,260,1978,135.5
640,260,1979,74.42
640,260,1980,142.68
640,260,1981,164.76
640,260,1982,194.86
640,260,1983,199.66
640,260,1984,155.06
640,260,1985,111.56
640,260,1986,47.80000000000001
640,260,1987,4.9199999999999875
640,260,1988,121.88
640,260,1989,18.840000000000003
640,325,1964,3.0
640,325,1967,27.3
640,325,1968,26.6
640,325,1969,12.6
640,325,1970,13.2
640,325,1971,22.0
640,325,1972,28.0
640,325,1973,40.0
640,325,1974,22.0
640,325,1975,22.0
640,325,1976,6.0
640,325,1977,22.75
640,325,1978,2.5
640,325,1979,2.5
640,325,1980,2.5
640,325,1984,51.4
640,325,1985,50.2
640,325,1986,2.5
640,325,1987,60.75
640,325,1988,70.75
640,325,1989,14.0
640,325,1994,9.7
640,325,1995,23.46
640,325,1996,37.34
640,325,1997,36.0
640,325,1998,10.0
640,325,1999,5.0
640,325,2000,10.48
640,325,2001,15.0
640,325,2002,15.0
640,325,2003,15.0
640,325,2005,35.0
640,325,2006,30.0
640,325,2008,30.0
640,325,2009,5.0
640,325,2010,5.0
640,325,2011,12.75
640,325,2012,7.5
640,325,2013,35.75
640,325,2014,10.0
640,325,2015,2.5
640,325,2018,2.75
640,325,2019,2.75
640,325,2023,24.75
640,325,2024,9.0
640,365,1993,23.58
640,365,1994,7.28
640,365,1995,46.05
640,365,1996,101.5
640,365,2009,16.0
640,365,2010,16.0
640,365,2019,150.3
640,365,2020,32.0
640,365,2021,31.2
640,385,1960,12.8
640,385,1964,25.0
640,385,1975,6.0
640,385,1976,6.0
640,385,1977,6.0
640,385,1981,58.24
640,385,1983,35.2
640,385,1985,35.2
640,385,1987,32.0
640,385,1991,3.0
640,385,1992,5.4
640,385,1993,15.0
640,385,1994,5.4
640,385,2001,3.2
640,385,2002,3.2
640,385,2011,6.4
640,390,1964,60.0
640,390,1981,28.6
640,390,1982,28.6
640,390,2012,8.58
640,620,1975,22.4
640,666,2001,45.6
640,666,2002,89.4
640,666,2003,48.0
640,666,2004,9.6
640,666,2007,3.0
640,666,2008,0.5999999999999943
640,666,2010,30.0
640,670,2011,57.6
640,713,1989,28.8
640,732,2025,3.0
640,770,2022,0.72
640,770,2023,3.6
640,770,2024,4.8
640,770,2025,3.36
645,2,1956,23.8
645,2,1957,6.9
645,2,1958,4.2
645,2,1983,27.3
645,2,1985,9.1
645,2,1986,9.1
645,2,1987,36.0
645,2,1988,150.0
645,2,2004,7.68
645,2,2005,47.6
645,2,2006,60.2
645,2,2007,160.95
645,2,2008,275.25
645,2,2009,331.3
645,2,2010,385.87
645,2,2011,433.52000000000004
645,2,2012,375.46000000000004
645,2,2013,268.24
645,2,2014,246.76
645,2,2015,788.34
645,2,2016,889.61
645,2,2017,487.64
645,2,2018,14.620000000000001
645,2,2019,16.48
645,2,2020,2.72
645,2,2022,11.0
645,2,2023,8.2
645,2,2024,12.059999999999999
645,2,2025,7.2
645,20,1955,0.38
645,20,1980,1.75
645,20,1981,1.75
645,20,1982,2.45
645,20,1983,12.25
645,20,1985,3.5
645,20,1986,7.0
645,20,1987,7.0
645,20,1988,13.65
645,20,1989,2.8
645,20,1990,1.05
645,20,2005,0.33
645,20,2006,0.33
645,20,2007,0.66
645,20,2008,0.44
645,20,2009,2.0
645,20,2010,5.5
645,140,1979,36.0
645,140,1980,99.5
645,140,1981,36.0
645,140,1982,45.75
645,140,1983,48.5
645,140,1984,71.35
645,140,1985,98.1
645,140,1986,57.0
645,140,1987,38.0
645,140,1988,77.0
645,200,1952,58.52
645,200,1953,50.46
645,200,1954,17.08
645,200,1955,56.459999999999994
645,200,1956,75.5
645,200,1957,33.75
645,200,1958,54.0
645,200,1963,90.0
645,200,1964,28.2
645,200,1965,81.2
645,200,1966,44.0
645,200,1971,1.8
645,200,1976,23.8
645,200,1977,23.8
645,200,1980,5.0
645,200,1982,43.5
645,200,1986,7.14
645,200,1987,9.52
645,200,1988,7.14
645,200,2005,4.75
645,200,2007,4.8
645,220,1967,28.0
645,220,1968,24.5
645,220,1969,4.5
645,220,1970,58.5
645,220,1971,24.799999999999997
645,220,1972,5.6
645,220,1973,2.25
645,220,1974,2.2600000000000002
645,220,1975,69.82
645,220,1976,66.45
645,220,1977,110.4
645,220,1978,67.0
645,220,1979,74.75
645,220,1980,280.56
645,220,1981,622.25
645,220,1982,647.9
645,220,1983,811.12
645,220,1984,972.28
645,220,1985,939.25
645,220,1986,107.35
645,220,1987,88.1
645,220,1988,220.1
645,220,1989,65.0
645,220,1990,189.5
645,220,2010,2.04
645,220,2022,26.0
645,220,2024,56.0
645,220,2025,48.0
645,225,1979,3.6
645,225,1980,9.85
645,225,1981,6.25
645,225,1982,8.75
645,225,1983,43.75
645,225,1984,8.0
645,225,1985,8.0
645,225,1986,8.0
645,225,1987,25.1
645,225,1988,23.2
645,225,1989,1.6
645,225,1990,5.7
645,230,1989,2.5
645,230,2015,0.84
645,230,2016,31.5
645,255,1990,17.4
645,255,2011,36.0
645,255,2012,18.0
645,255,2014,5.7
645,255,2015,12.93
645,255,2016,3.5
645,255,2017,12.0
645,260,1979,12.0
645,260,1980,2.4
645,260,1982,26.4
645,260,1983,14.4
645,260,1984,17.4
645,260,1988,30.4
645,260,1989,23.2
645,265,1981,25.0
645,290,1977,40.0
645,290,1978,20.0
645,290,1979,20.0
645,290,1981,150.0
645,290,1982,50.0
645,290,2005,3.3
645,290,2006,63.45
645,290,2007,23.25
645,290,2018,2.4
645,305,1981,15.0
645,305,1982,40.0
645,305,1983,40.0
645,305,1984,40.0
645,305,1985,40.0
645,305,1986,25.0
645,310,1981,30.0
645,310,2005,81.92
645,310,2007,9.24
645,315,1966,20.0
645,315,1967,20.0
645,315,1968,33.5
645,315,1969,28.5
645,315,1975,77.0
645,315,1976,112.0
645,315,1977,4.0
645,315,1981,100.0
645,315,1984,40.0
645,315,1985,40.0
645,316,2014,4.16
645,316,2015,86.12
645,316,2016,78.32
645,316,2017,16.0
645,316,2018,10.0
645,325,1982,38.4
645,325,1984,50.0
645,325,2009,70.0
645,325,2017,148.0
645,345,1977,13.2
645,345,1978,34.3
645,345,1979,14.3
645,345,1980,69.35
645,345,1988,2.0
645,345,2010,0.72
645,345,2011,4.08
645,349,2016,0.8
645,350,2005,12.96
645,350,2006,23.04
645,355,2014,4.1
645,355,2015,56.3
645,355,2016,82.0
645,355,2017,2.0
645,355,2022,17.6
645,360,1982,62.5
645,360,1983,62.5
645,360,1984,62.5
645,365,1958,129.64000000000001
645,365,1959,173.98
645,365,1960,175.54
645,365,1961,129.54
645,365,1962,277.66
645,365,1963,111.21000000000001
645,365,1964,293.0
645,365,1965,166.84
645,365,1966,276.61
645,365,1967,315.73
645,365,1968,334.26
645,365,1969,384.51
645,365,1970,126.65
645,365,1971,160.89000000000001
645,365,1972,639.25
645,365,1973,1843.75
645,365,1974,1422.74
645,365,1975,966.36
645,365,1976,934.56
645,365,1977,881.46
645,365,1978,1674.96
645,365,1979,1234.1399999999999
645,365,1980,1758.8899999999999
645,365,1981,1560.8899999999999
645,365,1982,1735.27
645,365,1983,1559.54
645,365,1984,2526.27
645,365,1985,1877.17
645,365,1986,2150.54
645,365,1987,2116.45
645,365,1988,868.56
645,365,1989,1191.06
645,365,1990,542.5
645,365,2006,72.5
645,365,2007,29.0
645,365,2008,101.5
645,365,2010,72.5
645,365,2011,87.0
645,365,2013,51.0
645,365,2014,334.25
645,365,2015,473.85
645,365,2016,352.8
645,365,2017,172.5
645,365,2018,427.25
645,365,2019,127.5
645,366,2015,1.2
645,369,2006,20.240000000000002
645,369,2007,43.660000000000004
645,369,2008,2.24
645,369,2009,14.56
645,369,2010,13.440000000000001
645,369,2011,58.4
645,369,2012,124.54
645,369,2013,55.7
645,370,2015,13.8
645,370,2016,27.6
645,380,1980,8.25
645,390,1983,105.0
645,560,1985,25.0
645,560,1986,25.0
645,560,1987,25.0
645,560,1988,25.0
645,560,2006,12.75
645,560,2007,4.5
645,560,2010,0.3
645,560,2011,3.6
645,560,2012,5.1
645,560,2015,2.4
645,630,2014,32.6
645,630,2015,9.2
645,630,2020,0.45
645,640,2005,2.42
645,640,2006,49.83
645,640,2007,10.78
645,640,2023,3.0
645,640,2024,3.0
645,651,1980,16.0
645,651,1981,33.32
645,651,1982,58.32
645,651,1983,58.32
645,651,1985,3.36
645,651,1986,13.86
645,651,1987,73.86
645,651,1988,73.86
645,651,1989,63.36
645,663,1985,2.4
645,663,2004,18.6
645,663,2005,21.59
645,663,2007,12.58
645,666,2023,15.12
645,696,2004,2.82
645,696,2005,2.04
645,710,1982,392.5
645,710,1983,592.0
645,710,1984,792.0
645,710,1985,702.0
645,710,1986,759.0
645,710,1987,830.0
645,710,1988,197.5
645,710,1989,25.0
645,710,2004,20.0
645,710,2015,43.0
645,710,2016,43.0
645,710,2024,7.5
645,732,2005,3.0
645,732,2016,320.4
645,732,2017,106.8
645,732,2020,1.4
645,770,2005,15.2
645,770,2006,4.0
645,770,2023,0.96
645,770,2024,0.96
645,900,2004,0.22
651,2,1950,23.85
651,2,1954,0.16
651,2,1976,56.0
651,2,1977,112.0
651,2,1978,9.0
651,2,1979,339.0
651,2,1980,414.34
651,2,1981,889.55
651,2,1982,1369.15
651,2,1983,970.0
651,2,1984,383.05
651,2,1985,436.45
651,2,1986,989.1500000000001
651,2,1987,1099.25
651,2,1988,278.87
651,2,1989,188.9
651,2,1990,369.5
651,2,1991,656.56
651,2,1992,695.68
651,2,1993,644.18
651,2,1994,1298.24
651,2,1995,1242.27
651,2,1996,329.95000000000005
651,2,1997,447.74
651,2,1998,334.2
651,2,1999,426.1
651,2,2000,736.98
651,2,2001,728.08
651,2,2002,258.71
651,2,2003,137.20999999999998
651,2,2004,290.62
651,2,2005,402.62
651,2,2006,280.46
651,2,2007,161.90999999999997
651,2,2008,95.03
651,2,2009,16.0
651,2,2010,99.65
651,2,2011,20.0
651,2,2012,57.400000000000006
651,2,2013,458.0
651,2,2014,163.8
651,2,2015,558.26
651,2,2016,59.56
651,2,2017,29.099999999999994
651,2,2018,44.5
651,2,2019,27.400000000000006
651,2,2020,65.4
651,2,2021,38.4
651,2,2022,33.4
651,2,2023,62.599999999999994
651,2,2024,14.0
651,2,2025,14.0
651,20,1982,132.2
651,20,1984,3.5
651,20,1985,1.05
651,20,1986,4.2
651,20,1987,3.5
651,20,1988,1.75
651,20,1990,4.9
651,20,2011,4.5
651,20,2012,1.6
651,20,2013,7.5
651,20,2014,6.0
651,20,2015,6.0
651,20,2016,12.0
651,200,1950,98.71000000000001
651,200,1951,39.91
651,200,1953,0.3
651,200,1954,81.9
651,200,1955,106.6
651,200,1956,73.6
651,200,1961,0.55
651,200,1973,33.75
651,200,1975,141.25
651,200,1976,47.0
651,200,1977,14.28
651,200,1978,36.91
651,200,1979,23.41
651,200,1981,130.4
651,200,1982,200.8
651,200,1983,10.0
651,200,1984,20.0
651,200,1985,10.0
651,200,1988,7.0
651,200,1989,8.399999999999999
651,200,2023,104.0
651,210,1984,25.0
651,210,1996,193.44
651,210,1997,4.44
651,210,2006,45.72
651,210,2007,66.66
651,210,2008,25.92
651,210,2013,9.5
651,210,2015,9.5
651,210,2017,17.25
651,210,2018,12.5
651,210,2021,17.25
651,210,2022,32.5
651,210,2023,47.75
651,220,1954,41.58
651,220,1955,41.58
651,220,1956,9.0
651,220,1973,85.0
651,220,1974,228.4
651,220,1975,225.5
651,220,1976,33.85
651,220,1977,273.4
651,220,1978,89.25
651,220,1979,65.3
651,220,1980,311.06
651,220,1981,106.5
651,220,1982,51.599999999999994
651,220,1983,240.79000000000002
651,220,1984,51.0
651,220,1985,52.75
651,220,1986,46.120000000000005
651,220,1987,42.47000000000003
651,220,1988,7.109999999999999
651,220,1989,33.7
651,220,1990,32.5
651,220,1998,1.12
651,220,1999,0.64
651,220,2000,0.8
651,220,2012,4.5
651,220,2013,44.0
651,220,2014,19.25
651,220,2015,698.45
651,220,2016,893.0
651,220,2017,509.0
651,220,2018,550.0
651,220,2019,84.0
651,220,2020,10.0
651,220,2021,46.0
651,220,2022,86.89999999999998
651,220,2023,119.60000000000002
651,220,2024,55.0
651,220,2025,643.0
651,225,1980,6.0
651,225,1984,11.5
651,225,1985,57.5
651,225,1986,69.0
651,225,1987,69.0
651,230,1984,217.4
651,230,1985,30.0
651,230,1986,15.0
651,230,2011,37.5
651,230,2013,62.5
651,230,2014,50.0
651,230,2015,50.0
651,230,2016,100.0
651,255,1991,1.4399999999999995
651,255,2000,1.0
651,255,2001,5.399999999999999
651,255,2002,23.0
651,255,2003,122.1
651,255,2013,12.0
651,255,2014,19.46
651,255,2015,16.8
651,255,2016,215.0
651,255,2017,220.0
651,255,2018,6.0
651,255,2019,57.0
651,255,2020,275.0
651,255,2021,352.1
651,255,2022,14.0
651,255,2023,23.0
651,255,2024,45.0
651,260,1981,9.6
651,260,1982,19.2
651,290,1971,1.4
651,305,2002,78.56
651,315,1954,10.0
651,315,1955,155.48
651,315,1956,240.48
651,315,1957,542.0
651,315,1965,20.0
651,315,1966,33.5
651,315,1967,87.0
651,315,1968,53.0
651,315,1969,284.0
651,315,1970,50.0
651,316,1993,162.5
651,316,1994,149.5
651,316,1995,6.5
651,316,1996,0.85
651,316,1997,0.85
651,317,1993,25.0
651,317,1994,23.0
651,317,1995,1.0
651,325,1950,29.1
651,325,1951,5.82
651,325,1955,36.0
651,325,1975,10.8
651,325,1976,11.7
651,325,1981,32.5
651,325,1982,267.5
651,325,1983,12.0
651,325,1984,35.5
651,325,2012,12.0
651,325,2013,5.5
651,325,2015,8.25
651,325,2017,2.75
651,325,2020,516.5
651,325,2021,589.75
651,325,2022,94.25
651,325,2023,42.75
651,341,2006,70.5
651,341,2007,109.0
651,345,1956,16.8
651,365,1955,386.6
651,365,1956,861.46
651,365,1957,454.0
651,365,1958,392.66
651,365,1959,271.7
651,365,1960,160.5
651,365,1961,534.1
651,365,1962,673.4
651,365,1963,729.0
651,365,1964,836.95
651,365,1965,928.47
651,365,1966,1492.67
651,365,1967,2139.92
651,365,1968,1209.73
651,365,1969,946.73
651,365,1970,1914.45
651,365,1971,1979.1499999999999
651,365,1972,3253.45
651,365,1973,2487.0
651,365,1974,873.4
651,365,1975,90.0
651,365,1992,2.9
651,365,1993,8.9
651,365,1994,16.4
651,365,1995,11.9
651,365,1996,5.4
651,365,1997,150.4
651,365,1999,50.75
651,365,2002,60.0
651,365,2003,60.0
651,365,2004,60.0
651,365,2005,153.75
651,365,2006,60.0
651,365,2007,75.0
651,365,2009,7.84
651,365,2010,369.15999999999997
651,365,2011,437.25
651,365,2012,72.5
651,365,2013,29.0
651,365,2014,110.0
651,365,2015,5.0
651,365,2016,176.0
651,365,2017,1261.7
651,365,2018,855.2
651,365,2019,695.5
651,365,2020,427.5
651,369,2005,26.0
651,369,2009,26.0
651,369,2010,26.0
651,375,2006,68.0
651,375,2016,23.0
651,380,1984,7.0
651,560,2014,2.1
651,620,1990,20.0
651,640,2011,4.2
651,640,2012,8.4
651,652,1970,16.8
651,663,2019,76.0
651,670,1981,2.4
651,696,2015,13.200000000000003
651,696,2016,13.200000000000003
651,710,1975,87.5
651,710,1979,200.0
651,710,1980,270.0
651,710,1982,100.0
651,710,1983,44.0
651,710,1984,442.5
651,710,1985,74.07
651,710,1993,7.5
651,710,2016,8.5
651,710,2017,15.75
651,710,2018,15.75
651,731,1980,12.0
651,731,1981,21.0
651,731,1982,21.0
651,731,1983,21.0
651,731,1984,12.0
651,732,2017,60.0
652,2,1950,2.4
652,2,1954,8.4
652,20,1951,1.2
652,200,1950,47.0
652,200,1951,0.04
652,200,1952,20.4
652,200,1953,18.0
652,200,1954,0.23
652,200,1956,10.8
652,200,1969,0.75
652,200,1982,0.4
652,220,1950,11.02
652,220,1976,7.62
652,220,1977,21.12
652,220,1978,49.769999999999996
652,220,1979,34.5
652,220,1980,10.8
652,220,1981,10.8
652,230,1965,7.39
652,260,1975,4.16
652,290,1973,43.2
652,290,1984,8.0
652,290,1985,16.0
652,310,1973,36.0
652,315,1955,30.48
652,315,1956,40.5
652,315,1957,97.5
652,315,1965,7.0
652,315,1966,10.0
652,315,1967,10.0
652,315,1968,10.0
652,315,1969,10.0
652,315,1970,10.0
652,315,1971,10.0
652,315,1972,10.0
652,315,1973,28.8
652,315,1977,30.0
652,315,1978,30.0
652,315,1979,30.0
652,315,1980,164.0
652,315,1981,30.0
652,315,1982,32.0
652,315,1983,76.0
652,315,1984,86.0
652,315,1985,28.0
652,315,1986,4.0
652,315,1991,281.37
652,315,1992,201.69
652,317,1993,144.42
652,325,1950,48.84
652,355,1992,52.5
652,360,1955,0.28
652,365,1955,76.8
652,365,1956,96.7
652,365,1957,375.9
652,365,1958,122.2
652,365,1959,36.67
652,365,1960,37.93
652,365,1961,27.15
652,365,1962,34.75
652,365,1963,89.25
652,365,1964,65.25
652,365,1965,85.41
652,365,1966,501.0
652,365,1967,895.2
652,365,1968,818.95
652,365,1969,864.55
652,365,1970,860.2
652,365,1971,725.45
652,365,1972,1506.65
652,365,1973,3174.1
652,365,1974,3410.38
652,365,1975,1407.18
652,365,1976,519.6
652,365,1977,879.6
652,365,1978,790.85
652,365,1979,1585.85
652,365,1980,1691.85
652,365,1981,1302.2
652,365,1982,1809.09
652,365,1983,2155.21
652,365,1984,1715.3600000000001
652,365,1985,1535.74
652,365,1986,1263.15
652,365,1987,1450.5
652,365,1988,1310.1
652,365,1989,662.5
652,365,1990,738.5
652,365,1991,16.93
652,365,1992,6.48
652,365,1993,4.64
652,365,1998,20.0
652,365,1999,23.0
652,365,2000,9.0
652,365,2001,8.0
652,365,2002,25.0
652,365,2003,25.0
652,365,2004,5.0
652,365,2005,15.0
652,365,2006,26.0
652,365,2008,62.0
652,365,2009,84.7
652,365,2010,353.4
652,365,2011,409.8
652,365,2012,498.0
652,365,2013,498.0
652,365,2014,1.5
652,365,2015,16.0
652,365,2016,3.24
652,365,2017,37.44
652,365,2018,199.06
652,365,2019,104.0
652,365,2020,79.75
652,365,2021,7.35
652,370,2003,24.0
652,370,2008,171.6
652,620,1979,394.5
652,620,1982,136.5
652,630,2006,54.0
652,630,2008,2.5
652,630,2009,7.0
652,630,2010,7.0
652,630,2011,45.5
652,630,2012,3.5
652,640,2025,2.24
652,651,1966,13.8
652,710,1982,1.25
652,710,1983,1.25
652,710,1984,1.25
652,710,1985,1.25
652,710,2009,56.0
652,710,2010,15.0
652,710,2014,5.0
652,731,1981,6.0
652,731,1982,9.5
652,731,1983,9.0
652,731,1984,6.0
652,731,1991,4.0
652,731,1992,4.0
652,731,1993,4.0
652,770,1994,1.44
660,2,1958,40.0
660,2,1962,12.5
660,2,1963,12.5
660,2,1971,6.25
660,2,1972,6.25
660,2,1975,1.0
660,2,1976,2.6
660,2,1980,2.6
660,2,1981,1.6
660,2,1982,16.22
660,2,1983,59.4
660,2,1984,67.05
660,2,1985,43.25
660,2,1994,17.5
660,2,1995,41.769999999999996
660,2,1996,26.93
660,2,1997,8.8
660,2,1998,7.8
660,2,1999,4.19
660,2,2000,4.29
660,2,2005,1.0
660,2,2009,15.94
660,2,2010,10.2
660,2,2012,30.8
660,2,2013,23.06
660,2,2014,5.0
660,2,2015,37.7
660,2,2016,26.5
660,2,2017,27.86
660,2,2018,25.54
660,2,2019,48.54
660,2,2020,44.9
660,2,2021,42.6
660,2,2022,30.3
660,2,2023,14.29
660,20,1950,0.36
660,20,2017,1.5
660,20,2018,2.5
660,140,2017,14.6
660,140,2018,18.0
660,200,1952,0.6
660,200,1953,8.25
660,200,1954,3.0599999999999996
660,200,1955,16.5
660,200,1957,2.34
660,200,1958,31.080000000000002
660,200,1959,10.8
660,200,1965,19.38
660,200,1975,9.36
660,200,1977,7.92
660,211,2009,6.96
660,211,2010,2.16
660,220,1957,37.8
660,220,1961,4.6
660,220,1962,0.28
660,220,1963,5.7
660,220,1965,15.0
660,220,1966,72.0
660,220,1967,80.2
660,220,1968,0.8
660,220,1971,3.75
660,220,1972,42.2
660,220,1973,37.55
660,220,1974,29.7
660,220,1975,1.0
660,220,1976,1.88
660,220,1978,2.16
660,220,1980,12.15
660,220,1981,7.22
660,220,1982,12.0
660,220,1984,102.6
660,220,1985,28.0
660,220,2009,1.4
660,220,2011,0.96
660,220,2013,3.45
660,220,2015,0.48
660,220,2017,2.18
660,220,2018,4.38
660,220,2019,7.23
660,220,2024,2.4
660,235,1973,6.0
660,255,2007,2.4
660,255,2008,1.4
660,325,1973,11.1
660,325,1974,11.1
660,325,1980,22.2
660,325,2014,0.6
660,325,2015,1.25
660,325,2016,1.5
660,325,2017,2.25
660,360,1984,36.0
660,365,1972,3.6
660,365,1982,8.120000000000001
660,365,1983,6.0
660,630,1952,0.6
660,645,1957,0.24
660,652,1992,39.6
660,652,1993,39.6
660,663,1983,28.0
660,663,2009,27.72
660,663,2010,27.72
660,663,2015,8.280000000000001
660,663,2024,6.2
660,696,2007,3.06
660,696,2010,24.0
660,696,2018,2.4
663,2,1957,15.12
663,2,1958,0.5
663,2,1963,1.0
663,2,1965,14.7
663,2,1966,74.0
663,2,1967,69.7
663,2,1968,28.279999999999998
663,2,1969,142.02
663,2,1970,115.4
663,2,1971,49.440000000000005
663,2,1972,54.65
663,2,1973,34.65
663,2,1974,53.5
663,2,1975,322.85
663,2,1976,346.19
663,2,1977,457.41
663,2,1978,575.85
663,2,1979,255.65
663,2,1980,333.2
663,2,1981,147.58
663,2,1982,221.2
663,2,1983,86.25
663,2,1984,215.5
663,2,1985,175.65
663,2,1986,12.0
663,2,1987,10.8
663,2,1988,4.8
663,2,1989,23.0
663,2,1990,16.0
663,2,1993,1.41
663,2,1994,5.2
663,2,1995,18.86
663,2,1996,75.18
663,2,1997,77.2
663,2,1998,248.12
663,2,1999,4.52
663,2,2000,26.08
663,2,2001,21.07
663,2,2002,15.16
663,2,2003,101.51
663,2,2004,35.879999999999995
663,2,2006,5.1
663,2,2007,164.8
663,2,2008,28.2
663,2,2009,10.0
663,2,2010,3.0
663,2,2011,20.2
663,2,2012,47.519999999999996
663,2,2013,35.62
663,2,2014,51.3
663,2,2015,53.05
663,2,2016,76.75
663,2,2017,126.9
663,2,2018,59.78
663,2,2019,135.93
663,2,2020,4.47
663,2,2021,22.4
663,2,2022,23.2
663,2,2023,4.5
663,2,2024,12.5
663,20,2003,1.5
663,20,2004,1.5
663,20,2016,2.0
663,20,2017,4.0
663,20,2018,2.0
663,140,1987,3.85
663,140,1988,3.85
663,200,1950,0.38
663,200,1952,7.43
663,200,1953,0.03
663,200,1954,6.4
663,200,1955,13.3
663,200,1956,21.080000000000002
663,200,1958,43.550000000000004
663,200,1959,4.0
663,200,1960,52.58
663,200,1961,25.75
663,200,1962,65.6
663,200,1963,38.120000000000005
663,200,1964,33.2
663,200,1965,36.1
663,200,1966,15.44
663,200,1967,37.6
663,200,1968,16.4
663,200,1969,30.500000000000004
663,200,1970,32.0
663,200,1971,40.12
663,200,1972,32.28
663,200,1973,21.0
663,200,1974,1.2
663,200,1975,0.72
663,200,1976,25.46
663,200,1981,136.2
663,200,1982,113.46
663,200,1983,175.5
663,200,1984,112.5
663,200,1985,112.5
663,200,1988,14.25
663,200,1989,22.5
663,200,1991,24.0
663,200,1999,18.2
663,200,2000,83.2
663,200,2001,114.4
663,200,2002,116.96000000000001
663,200,2003,122.2
663,200,2004,68.60000000000001
663,200,2010,0.96
663,200,2015,0.51
663,200,2016,20.0
663,210,2009,68.4
663,210,2011,46.6
663,210,2012,84.66
663,210,2013,3.4
663,210,2014,124.52
663,210,2015,76.38
663,210,2016,93.96
663,210,2017,173.64
663,210,2018,0.48
663,210,2019,1.2
663,210,2023,6.36
663,211,2000,10.0
663,211,2001,16.6
663,211,2005,28.4
663,211,2007,10.3
663,211,2008,95.7
663,211,2009,91.2
663,211,2010,0.6
663,211,2011,102.6
663,220,1965,4.75
663,220,1966,5.7
663,220,1967,4.75
663,220,1981,117.58
663,220,1982,392.62
663,220,1983,168.3
663,220,1984,4.5
663,220,1987,29.0
663,220,1988,58.0
663,220,1989,10.0
663,220,2006,8.0
663,220,2014,5.0
663,220,2017,2.5
663,220,2024,10.0
663,225,2017,40.0
663,225,2018,20.0
663,230,1975,3.8
663,230,1976,11.4
663,230,1987,27.2
663,230,1988,27.2
663,230,2003,12.5
663,230,2004,12.5
663,230,2006,8.0
663,230,2014,8.0
663,255,2003,11.25
663,255,2004,2.25
663,255,2006,4.5
663,255,2007,4.5
663,255,2016,20.349999999999998
663,255,2017,13.3
663,255,2018,28.85
663,255,2019,10.1
663,255,2020,17.95
663,290,2014,2.75
663,290,2016,2.75
663,305,2011,1.2
663,305,2012,1.2
663,325,2012,4.8
663,325,2014,0.8
663,325,2021,45.0
663,325,2022,27.0
663,365,1982,334.0
663,365,1983,204.0
663,365,1984,296.0
663,365,1986,190.1
663,365,1987,61.9
663,365,1988,18.9
663,365,1989,18.6
663,365,2001,8.0
663,365,2009,60.0
663,365,2010,80.0
663,365,2011,40.0
663,365,2012,44.0
663,365,2018,56.0
663,365,2019,56.0
663,369,1999,20.0
663,369,2000,20.0
663,369,2008,33.0
663,560,2003,32.0
663,560,2004,47.36
663,560,2006,23.36
663,625,1986,4.2
663,630,1974,76.8
663,630,1975,44.8
663,640,1956,0.48
663,640,1999,20.0
663,645,1980,25.92
663,645,1988,115.94999999999999
663,651,1956,8.82
663,660,1967,1.44
663,666,2015,48.0
663,670,1967,4.32
663,670,1968,2.88
663,670,1985,3.6
663,690,1967,2.88
663,696,2005,13.0
663,696,2013,33.0
663,696,2015,50.12
663,696,2017,1.26
663,696,2019,10.0
663,696,2020,126.0
663,710,2005,37.5
663,710,2010,2.4
663,710,2014,1.4
663,710,2016,24.0
663,710,2023,11.0
663,710,2024,11.0
663,732,2012,3.0
663,770,1967,5.6
666,2,1950,1.9300000000000002
666,2,1951,1.01
666,2,1952,1.9
666,2,1953,5.1
666,2,1954,0.48
666,2,1955,0.96
666,2,1956,2.9
666,2,1957,10.34
666,2,1958,2.0
666,2,1959,12.78
666,2,1961,15.0
666,2,1962,46.0
666,2,1963,3.75
666,2,1964,96.03
666,2,1965,136.56
666,2,1966,121.03999999999999
666,2,1967,98.0
666,2,1968,576.18
666,2,1969,1198.8799999999999
666,2,1970,795.86
666,2,1971,1286.55
666,2,1972,851.44
666,2,1973,2074.59
666,2,1974,975.2800000000001
666,2,1975,1127.3000000000002
666,2,1976,1952.42
666,2,1977,985.24
666,2,1978,1172.4
666,2,1979,622.96
666,2,1980,1173.03
666,2,1981,1615.79
666,2,1982,802.99
666,2,1983,417.2
666,2,1984,249.79999999999998
666,2,1985,245.77999999999997
666,2,1986,1161.0
666,2,1987,1079.5
666,2,1988,581.5
666,2,1989,24.0
666,2,1990,81.4
666,2,1991,1200.0
666,2,1992,1334.5
666,2,1993,715.9
666,2,1994,760.55
666,2,1995,366.05
666,2,1996,75.82
666,2,1997,57.7
666,2,1998,1293.0
666,2,1999,706.6500000000001
666,2,2000,82.65
666,2,2001,95.2
666,2,2002,318.75
666,2,2003,102.65
666,2,2004,50.89999999999998
666,2,2005,257.22
666,2,2006,322.29999999999995
666,2,2007,139.46000000000004
666,2,2008,26.58000000000004
666,2,2009,28.960000000000008
666,2,2010,47.0
666,2,2011,56.3
666,2,2012,121.2
666,2,2013,70.1
666,2,2014,110.5
666,2,2015,187.62
666,2,2016,395.65
666,2,2017,102.14999999999998
666,2,2018,123.31
666,2,2019,93.47000000000003
666,2,2020,51.44
666,2,2021,20.0
666,2,2022,25.319999999999993
666,2,2023,218.58999999999997
666,2,2024,110.71000000000001
666,2,2025,85.23000000000002
666,20,1951,0.6
666,20,1977,7.5
666,20,2007,1.0
666,20,2008,1.0
666,20,2009,6.0
666,20,2010,6.0
666,20,2011,1.0
666,20,2012,0.5
666,200,1950,25.03
666,200,1951,11.370000000000001
666,200,1952,0.8
666,200,1953,18.0
666,200,1955,16.8
666,200,1956,171.3
666,200,1958,8.64
666,200,1959,18.9
666,200,1960,61.57
666,200,1961,10.8
666,200,1962,65.9
666,200,1963,27.3
666,200,1964,55.349999999999994
666,200,1965,66.83
666,200,1966,81.83
666,200,1967,86.13
666,200,1968,20.79
666,200,1969,35.0
666,200,1970,105.0
666,200,1971,105.0
666,200,1972,105.0
666,200,1973,76.3
666,200,1974,2.4
666,210,1951,4.92
666,210,1967,17.3
666,210,1973,0.44
666,220,1950,3.0
666,220,1951,67.2
666,220,1952,43.44
666,220,1953,28.0
666,220,1954,1.15
666,220,1955,102.7
666,220,1956,562.95
666,220,1957,105.0
666,220,1958,113.14999999999999
666,220,1959,173.33
666,220,1960,31.0
666,220,1961,33.55
666,220,1962,79.2
666,220,1963,241.8
666,220,1964,234.8
666,220,1965,213.7
666,220,1966,232.2
666,220,1968,35.0
666,220,1996,6.5
666,220,1997,6.5
666,220,1998,3.25
666,225,1963,0.18
666,225,1967,0.8
666,255,1991,10.120000000000001
666,255,1994,6.0
666,255,1995,6.0
666,255,1996,4.8
666,255,1997,2.4
666,255,1998,6.0
666,255,1999,570.0
666,255,2000,306.0
666,255,2001,21.0
666,255,2002,31.44
666,255,2003,86.14
666,255,2004,7.5
666,255,2005,21.0
666,255,2006,15.0
666,255,2007,25.0
666,255,2008,15.0
666,255,2009,15.0
666,255,2010,22.5
666,255,2011,28.5
666,255,2012,15.0
666,255,2013,90.1
666,255,2014,351.0
666,255,2015,351.0
666,255,2016,33.0
666,255,2017,33.0
666,255,2018,33.0
666,255,2019,33.0
666,255,2020,33.0
666,255,2021,33.0
666,255,2022,33.0
666,255,2023,34.10000000000002
666,255,2024,35.2
666,255,2025,35.75
666,260,1960,45.12
666,260,1962,70.0
666,260,1963,76.68
666,260,1964,10.32
666,260,1965,9.84
666,260,1968,273.75
666,260,1969,103.0
666,260,1970,251.25
666,260,1971,13.5
666,260,1973,9.6
666,260,1974,9.6
666,260,1975,4.8
666,260,1976,4.8
666,260,1977,150.0
666,260,1978,4.8
666,260,1979,4.8
666,260,1980,9.6
666,260,1981,4.8
666,260,1982,4.8
666,305,1981,8.0
666,325,1952,24.0
666,325,1968,11.25
666,325,1969,7.0
666,325,1970,23.75
666,325,1973,14.5
666,325,1974,14.5
666,325,1975,21.5
666,325,1979,21.75
666,325,1980,11.75
666,325,2014,76.5
666,325,2015,110.5
666,325,2016,68.0
666,325,2022,5.5
666,325,2023,5.5
666,325,2024,15.75
666,325,2025,11.25
666,380,1952,3.2
666,380,1953,16.8
666,500,1968,0.3
666,560,1969,12.5
670,2,1952,5.9
670,2,1953,0.5
670,2,1955,18.0
670,2,1956,8.8
670,2,1957,87.28
670,2,1958,12.9
670,2,1959,3.96
670,2,1960,6.3
670,2,1961,7.56
670,2,1962,21.68
670,2,1965,48.0
670,2,1966,141.35
670,2,1967,171.0
670,2,1968,164.0
670,2,1972,93.0
670,2,1973,169.8
670,2,1974,547.1
670,2,1975,206.4
670,2,1976,398.55
670,2,1977,765.15
670,2,1978,836.2
670,2,1979,505.0
670,2,1980,631.16
670,2,1981,1311.6200000000001
670,2,1982,1875.04
670,2,1983,1625.56
670,2,1984,577.26
670,2,1985,344.24
670,2,1986,1438.45
670,2,1987,1005.77
670,2,1988,152.2
670,2,1989,171.8
670,2,1990,1019.16
670,2,1991,396.59
670,2,1992,871.75
670,2,1993,865.48
670,2,1994,589.88
670,2,1995,882.66
670,2,1996,1402.12
670,2,1997,1716.95
670,2,1998,2205.62
670,2,1999,1510.62
670,2,2000,2.19
670,2,2001,31.82
670,2,2002,88.64
670,2,2003,116.46000000000001
670,2,2004,321.3
670,2,2005,150.3
670,2,2006,169.86
670,2,2007,146.81
670,2,2008,243.6
670,2,2009,238.84
670,2,2010,361.42
670,2,2011,390.34000000000003
670,2,2012,395.45
670,2,2013,646.73
670,2,2014,1386.8
670,2,2015,1814.38
670,2,2016,1523.65
670,2,2017,3021.47
670,2,2018,2395.12
670,2,2019,2393.19
670,2,2020,1573.13
670,2,2021,713.76
670,2,2022,1384.75
670,2,2023,302.15
670,2,2024,184.77999999999997
670,2,2025,2179.16
670,20,1986,4.2
670,20,1987,4.2
670,20,1988,2.1
670,20,1992,78.6
670,20,1993,78.9
670,20,1994,62.88
670,20,1995,63.28
670,20,1996,60.28
670,20,1997,29.450000000000003
670,20,1998,29.880000000000003
670,20,1999,24.48
670,20,2000,20.25
670,20,2001,6.0
670,20,2002,5.4
670,20,2003,5.67
670,20,2004,18.09
670,20,2006,9.6
670,20,2007,14.1
670,20,2008,12.0
670,20,2009,3.9
670,20,2011,38.4
670,20,2012,46.5
670,20,2013,39.0
670,20,2014,48.3
670,20,2015,121.12
670,20,2016,10.58
670,20,2017,9.82
670,20,2018,48.52
670,20,2019,149.66000000000003
670,20,2020,55.019999999999996
670,20,2021,88.03999999999999
670,20,2022,33.45
670,20,2023,28.7
670,20,2024,66.57
670,20,2025,85.59
670,140,1987,3.0
670,140,1988,3.0
670,140,1989,4.0
670,140,1990,30.0
670,140,1991,26.0
670,140,1992,10.0
670,140,2016,22.0
670,200,1950,0.4
670,200,1952,1.3199999999999998
670,200,1953,0.48
670,200,1954,0.48
670,200,1955,0.38
670,200,1956,0.96
670,200,1957,0.38
670,200,1958,1.2
670,200,1964,5.0
670,200,1966,83.6
670,200,1967,46.48
670,200,1968,248.96
670,200,1969,246.46
670,200,1970,4.75
670,200,1971,9.5
670,200,1972,21.119999999999997
670,200,1973,25.0
670,200,1976,15.0
670,200,1977,12.5
670,200,1978,2.5
670,200,1981,11.9
670,200,1983,30.0
670,200,1984,30.0
670,200,1985,30.0
670,200,1986,425.0
670,200,1987,429.0
670,200,1988,72.0
670,200,1989,929.2
670,200,1990,653.2
670,200,1991,348.05
670,200,1992,6.25
670,200,1993,171.0
670,200,1996,213.0
670,200,1997,1029.0
670,200,1998,617.0
670,200,2000,44.599999999999994
670,200,2008,29.16
670,200,2009,462.82
670,200,2010,555.0
670,200,2011,389.8
670,200,2012,104.6
670,200,2013,657.1
670,200,2014,622.5
670,200,2015,758.0
670,200,2016,824.5
670,200,2017,392.0
670,200,2018,45.0
670,200,2019,45.0
670,200,2021,9.0
670,200,2022,9.0
670,210,1980,12.0
670,210,1981,30.0
670,210,1982,30.0
670,210,1983,6.0
670,210,2011,12.5
670,210,2012,25.0
670,210,2013,25.0
670,210,2014,25.0
670,210,2015,25.0
670,211,2000,1.4
670,211,2001,14.0
670,211,2002,14.0
670,211,2003,14.7
670,211,2004,46.9
670,211,2006,7.0
670,211,2011,7.0
670,211,2012,21.0
670,211,2013,21.0
670,211,2014,9.8
670,211,2019,48.0
670,211,2020,16.0
670,211,2021,32.0
670,211,2022,8.0
670,211,2023,9.6
670,211,2024,33.6
670,211,2025,43.2
670,220,1966,2.3
670,220,1967,4.2
670,220,1969,81.9
670,220,1970,82.6
670,220,1971,0.32
670,220,1972,16.0
670,220,1973,7.68
670,220,1975,65.15
670,220,1976,159.85
670,220,1977,141.0
670,220,1978,173.85
670,220,1979,259.85
670,220,1980,435.95
670,220,1981,410.6
670,220,1982,276.95
670,220,1983,80.5
670,220,1984,172.25
670,220,1985,903.32
670,220,1986,930.9300000000001
670,220,1987,272.0
670,220,1988,273.01
670,220,1989,183.01
670,220,1990,293.3
670,220,1991,214.05
670,220,1992,128.5
670,220,1993,49.0
670,220,1997,7.71
670,220,1998,31.240000000000002
670,220,1999,36.25
670,220,2000,23.5
670,220,2001,7.25
670,220,2002,367.75
670,220,2003,21.5
670,220,2004,750.1
670,220,2005,0.9
670,220,2006,3.84
670,220,2007,23.46
670,220,2008,22.5
670,220,2009,25.5
670,220,2010,84.8
670,220,2011,177.2
670,220,2012,118.0
670,220,2013,155.01999999999998
670,220,2014,231.75
670,220,2015,346.6
670,220,2016,72.16
670,220,2017,141.5
670,220,2018,160.48
670,220,2019,237.8
670,220,2020,98.5
670,220,2021,47.33000000000001
670,220,2022,120.80000000000001
670,220,2023,51.0
670,220,2024,31.0
670,225,1975,100.0
670,225,1976,120.0
670,225,1977,100.0
670,225,1986,22.8
670,225,1987,22.8
670,225,1988,56.4
670,225,1989,35.0
670,225,1990,40.0
670,225,1991,41.8
670,225,1992,54.7
670,225,1993,59.5
670,225,1994,40.0
670,225,1995,38.8
670,225,1996,51.6
670,225,1997,7.6
670,225,2009,10.0
670,225,2010,40.0
670,225,2011,40.0
670,225,2014,85.0
670,225,2015,145.0
670,225,2016,45.0
670,225,2020,5.0
670,225,2021,10.0
670,225,2022,15.0
670,225,2023,20.0
670,230,1985,21.0
670,230,1986,21.0
670,230,1987,36.0
670,230,2015,12.5
670,230,2017,12.5
670,230,2018,44.0
670,230,2020,30.0
670,230,2022,591.75
670,230,2023,197.25
670,230,2024,197.25
670,255,1991,12.6
670,255,2010,11.2
670,255,2011,71.8
670,255,2012,78.0
670,255,2013,78.49
670,255,2014,62.47
670,255,2015,2.76
670,255,2016,14.97
670,255,2017,104.5
670,255,2018,138.97
670,255,2022,63.0
670,255,2023,21.0
670,255,2024,21.0
670,260,1969,52.5
670,260,1978,1.8
670,260,1979,1.8
670,260,1980,1.0
670,260,1981,2.5
670,260,1982,2.5
670,260,1983,0.5
670,260,1987,12.2
670,260,1989,58.8
670,305,1990,5.0
670,305,2010,14.8
670,317,2013,0.96
670,317,2014,0.48
670,317,2015,3.36
670,317,2016,3.84
670,317,2019,7.2
670,317,2020,9.6
670,325,1968,34.8
670,325,1969,34.8
670,325,1976,9.0
670,325,1980,5.0
670,325,1981,49.5
670,325,1982,38.4
670,325,1983,76.02
670,325,1984,44.120000000000005
670,325,1985,15.0
670,325,2002,82.75
670,325,2004,5.5
670,325,2007,15.0
670,325,2008,15.0
670,325,2009,15.0
670,325,2012,0.8
670,325,2015,89.0
670,325,2016,89.0
670,325,2017,48.0
670,325,2022,8.25
670,325,2023,2.75
670,325,2024,2.75
670,345,2015,20.2
670,345,2016,61.1
670,345,2017,9.7
670,355,2015,8.0
670,355,2016,1.2
670,355,2017,14.72
670,365,2019,12.0
670,369,2018,25.0
670,369,2019,55.2
670,369,2021,10.8
670,375,2012,3.6
670,375,2013,3.6
670,375,2014,7.2
670,375,2015,7.2
670,380,2010,3.0
670,380,2011,3.0
670,380,2014,160.0
670,560,2006,6.9
670,560,2007,6.75
670,560,2008,0.75
670,560,2011,3.75
670,560,2014,0.75
670,560,2015,8.4
670,560,2016,3.15
670,560,2017,10.95
670,560,2018,0.9
670,560,2019,4.5
670,560,2020,3.6
670,640,2004,14.7
670,640,2007,3.5
670,640,2023,19.8
670,640,2024,24.0
670,651,1957,20.4
670,651,1958,0.28
670,663,1959,2.0
670,696,2024,7.4
670,696,2025,18.5
670,710,1987,225.0
670,710,1988,225.0
670,710,2008,36.45
670,710,2009,36.45
670,710,2015,35.0
670,710,2016,35.0
670,710,2017,55.0
670,710,2018,75.5
670,710,2019,40.0
670,710,2020,40.0
670,710,2021,65.0
670,710,2022,20.0
670,732,2018,10.5
670,732,2022,2.5
670,732,2023,22.400000000000002
670,732,2024,28.900000000000002
670,770,2005,4.8
678,2,1950,0.36
678,2,1952,4.0
678,2,1978,13.8
678,2,1979,410.31
678,20,1955,0.8
678,200,1974,5.0
678,315,1957,18.28
678,325,1963,0.72
678,325,1974,4.2
678,325,1981,22.2
678,365,1957,22.0
678,365,1958,7.720000000000001
678,365,1961,23.36
678,365,1967,26.52
678,365,1968,27.0
678,365,1969,11.2
678,365,1975,6.08
678,365,1979,328.45
678,365,1980,705.15
678,365,1981,127.86
678,365,1982,45.2
678,365,1983,9.2
678,365,1984,94.25
678,365,1985,101.05
678,365,1988,79.9
678,651,1967,15.16
678,651,1975,3.2
678,670,1955,0.2
678,670,1976,0.4
678,670,1977,12.8
678,670,1979,5.0
678,920,1984,10.2
678,920,1985,6.8
679,2,2006,3.2
679,2,2008,6.3
679,2,2011,12.4
679,2,2013,3.0
679,2,2015,11.0
679,220,1998,1.4
679,220,1999,2.8
679,230,2013,9.0
679,290,2001,18.9
679,290,2002,20.0
679,316,1999,42.0
679,316,2000,58.2
679,316,2002,22.2
679,316,2010,1.92
679,316,2013,0.64
679,325,2007,35.0
679,325,2008,35.0
679,365,1990,77.8
679,365,1991,112.8
679,365,1994,4.0
679,365,2000,53.2
679,365,2001,13.73
679,365,2002,524.0
679,365,2003,18.0
679,365,2004,229.75
679,365,2005,245.75
679,365,2010,90.0
679,369,1995,20.8
679,369,1999,7.2
679,369,2003,40.35
679,369,2004,23.04
679,369,2005,21.6
679,369,2006,34.8
679,369,2007,31.2
679,369,2011,0.84
679,370,2000,46.33
679,370,2010,137.41
679,370,2011,30.490000000000002
679,370,2012,27.72
679,560,2010,16.8
679,663,2010,5.9
679,670,2010,1.4
679,670,2015,2.5
679,696,2015,19.0
679,696,2016,5.3
679,696,2017,5.5
679,696,2018,8.7
679,710,1995,146.25
679,731,2001,37.5
679,731,2002,18.75
679,900,2005,49.0
680,20,1967,2.28
680,200,1967,26.52
680,200,1968,1.58
680,200,1969,10.0
680,290,1979,40.0
680,365,1968,11.4
680,365,1969,48.0
680,365,1970,16.8
680,365,1971,50.4
680,365,1972,112.22
680,365,1973,85.98
680,365,1974,70.69
680,365,1975,14.200000000000001
680,365,1977,8.0
680,365,1978,55.0
680,365,1979,1038.44
680,365,1980,1217.76
680,365,1981,496.28000000000003
680,365,1982,41.0
680,365,1983,99.0
680,365,1984,70.5
680,365,1985,52.4
680,365,1986,73.5
680,365,1987,37.5
680,365,1988,11.98
680,365,1989,50.0
680,530,1987,51.0
690,2,1971,56.0
690,2,1974,2.0
690,2,1975,4.0
690,2,1976,16.0
690,2,1977,316.25
690,2,1978,319.25
690,2,1979,7.0
690,2,1980,18.54
690,2,1983,137.25
690,2,1984,63.8
690,2,1985,76.15
690,2,1986,30.55
690,2,1987,6.25
690,2,1990,5.0
690,2,1991,41.25
690,2,1992,896.35
690,2,1993,663.6
690,2,1994,17.9
690,2,1995,394.45
690,2,1996,1002.56
690,2,1997,311.15
690,2,1998,14.2
690,2,1999,4.8
690,2,2003,18.9
690,2,2005,5.0
690,2,2006,5.0
690,2,2007,288.12
690,2,2009,1.27
690,2,2010,37.0
690,2,2011,36.22
690,2,2012,22.16
690,2,2013,51.8
690,2,2014,689.8
690,2,2015,267.8
690,2,2016,126.18
690,2,2017,56.02
690,2,2018,62.0
690,2,2019,7.0
690,2,2021,1263.0
690,2,2022,1310.0
690,2,2023,74.0
690,2,2024,12.0
690,2,2025,37.5
690,20,1966,7.5
690,200,1953,0.14
690,200,1954,4.78
690,200,1955,1.1
690,200,1958,1.8
690,200,1960,43.75
690,200,1961,4.48
690,200,1962,9.6
690,200,1963,4.75
690,200,1964,55.830000000000005
690,200,1965,23.259999999999998
690,200,1966,3.36
690,200,1968,91.94
690,200,1969,121.44
690,200,1970,57.5
690,200,1971,52.5
690,200,1972,30.0
690,200,1973,4.1
690,200,1978,184.5
690,200,1979,186.75
690,200,1981,7.14
690,200,1982,4.75
690,200,1983,4.75
690,200,1984,13.4
690,200,1985,31.4
690,200,1986,68.0
690,200,1987,17.0
690,200,1989,0.5
690,200,1995,105.69999999999999
690,200,1996,92.8
690,200,1997,57.6
690,200,1999,8.0
690,200,2000,32.0
690,200,2010,3.0
690,200,2011,3.0
690,211,1984,18.6
690,211,1986,18.6
690,211,1998,5.6
690,211,1999,4.9
690,220,1968,8.0
690,220,1974,3.2
690,220,1975,72.9
690,220,1976,214.1
690,220,1977,168.6
690,220,1980,5.7
690,220,1981,5.55
690,220,1982,26.700000000000003
690,220,1983,20.3
690,220,1984,113.6
690,220,1985,247.22
690,220,1986,49.5
690,220,1987,27.0
690,220,1990,3.0
690,220,1991,15.6
690,220,1997,2.4
690,220,1998,12.5
690,220,1999,160.0
690,220,2000,150.4
690,220,2005,6.5
690,220,2009,2.4
690,220,2016,1.25
690,220,2017,25.0
690,220,2018,3.75
690,220,2019,33.25
690,220,2020,52.0
690,220,2021,181.75
690,220,2022,24.0
690,220,2023,15.5
690,220,2024,26.0
690,225,2001,50.0
690,225,2016,20.0
690,225,2017,5.0
690,225,2018,15.0
690,225,2019,15.0
690,225,2020,15.0
690,255,1994,3.75
690,255,1999,9.6
690,255,2000,9.6
690,255,2004,1.76
690,255,2017,4.8
690,260,1982,132.0
690,260,1983,63.0
690,260,1984,195.0
690,305,1997,0.3
690,305,1998,10.5
690,305,1999,10.2
690,305,2013,12.6
690,305,2014,11.4
690,325,1968,4.4
690,325,1969,4.4
690,325,1970,1.4
690,325,1988,3.6
690,325,1989,10.8
690,325,1990,10.8
690,325,1991,10.8
690,325,1996,10.8
690,325,1997,10.8
690,325,2008,4.5
690,325,2009,4.5
690,325,2010,9.0
690,325,2011,9.0
690,325,2012,9.0
690,325,2013,9.0
690,325,2021,120.0
690,325,2022,235.0
690,325,2023,407.5
690,325,2024,350.0
690,325,2025,230.0
690,345,1990,54.6
690,345,1991,447.4
690,365,1979,11.0
690,365,1980,11.0
690,365,1984,34.0
690,365,1985,264.0
690,365,1989,57.25
690,365,1990,187.75
690,365,1994,5.9
690,365,1995,145.9
690,365,1996,92.6
690,365,1997,99.0
690,365,2010,37.5
690,365,2011,67.5
690,365,2015,49.5
690,380,1982,10.0
690,380,1983,26.0
690,380,1984,16.0
690,640,2025,43.2
690,651,1988,2.5
690,651,1989,13.46
690,651,1990,12.98
690,696,2017,22.4
690,696,2018,15.0
690,710,2000,34.0
690,710,2001,16.8
690,710,2002,22.2
690,710,2003,23.2
690,830,1979,18.3
690,830,1994,8.6
690,900,1993,30.0
690,900,1997,0.36
690,900,1998,3.6
692,2,1973,0.2
692,2,1974,1.1
692,2,1982,10.3
692,2,1983,10.0
692,2,1984,10.0
692,2,1985,44.7
692,2,1986,46.5
692,2,1987,159.5
692,2,1988,45.5
692,2,1989,9.36
692,2,1990,361.5
692,2,1991,68.44
692,2,1992,50.75
692,2,1993,0.5
692,2,1995,52.8
692,2,1996,42.36
692,2,1997,196.6
692,2,1998,3.6
692,2,2000,298.68
692,2,2001,3.25
692,2,2002,52.35
692,2,2003,1.0
692,2,2005,62.5
692,2,2006,2.85
692,2,2007,26.7
692,2,2008,2.7
692,2,2010,68.0
692,2,2013,60.0
692,2,2015,15.0
692,2,2017,19.88
692,2,2018,6.74
692,2,2019,2.04
692,2,2021,179.6
692,2,2022,244.13
692,2,2023,293.63
692,2,2024,849.76
692,2,2025,29.6
692,20,2016,4.05
692,200,1971,0.2
692,200,1972,6.56
692,200,1980,4.8
692,200,1981,1.6
692,200,1985,10.4
692,200,2001,25.0
692,200,2003,0.48
692,200,2006,60.0
692,200,2018,32.0
692,200,2020,15.2
692,210,1994,6.02
692,210,1996,9.0
692,210,1997,0.14
692,210,1998,4.76
692,211,2008,16.08
692,211,2015,2.4
692,211,2016,3.0
692,220,1978,10.399999999999999
692,220,1979,10.399999999999999
692,220,1980,10.5
692,220,1981,2.4
692,220,1984,18.0
692,220,1986,6.3
692,220,1987,7.2
692,220,1988,7.2
692,220,1989,6.3
692,220,1995,18.3
692,220,2010,15.3
692,225,1986,30.0
692,255,1994,2.4
692,260,1977,2.4
692,260,1978,1.2
692,260,1981,29.4
692,260,1984,88.0
692,260,1986,44.0
692,260,1987,76.0
692,260,1988,76.0
692,260,1989,44.0
692,325,1982,44.4
692,325,2018,9.0
692,325,2019,9.0
692,325,2021,4.5
692,325,2022,4.5
692,338,2004,10.0
692,365,2016,10.0
692,365,2018,21.12
692,380,1980,6.4
692,380,1981,6.48
692,380,1984,13.0
692,380,1986,6.5
692,380,1987,6.5
692,380,1988,6.5
692,380,1989,6.5
692,640,2005,3.15
692,640,2008,2.25
692,640,2011,3.51
692,640,2012,22.91
692,640,2013,7.92
692,640,2016,4.07
692,640,2017,6.71
692,640,2018,2.86
692,640,2019,5.5
692,640,2020,12.06
692,640,2022,10.5
692,663,2019,3.2
692,696,2010,14.8
692,698,2005,0.84
692,710,2016,8.8
692,770,2019,0.84
694,2,1997,0.06
694,2,1998,0.78
694,2,1999,0.36
694,2,2009,280.0
694,2,2011,160.0
694,2,2012,280.0
694,2,2015,355.0
694,2,2016,287.5
694,2,2017,142.5
694,2,2018,400.5
694,2,2019,758.4
694,2,2020,572.0
694,2,2021,1307.76
694,2,2022,1311.64
694,2,2023,913.45
694,2,2024,582.0
694,2,2025,670.0
694,20,2014,3.0
694,20,2015,5.0
694,20,2016,4.0
694,20,2019,5.0
694,140,1979,14.4
694,140,1992,24.0
694,200,1968,2.4
694,200,1969,3.0
694,200,1970,6.0
694,200,1971,16.0
694,200,1975,37.5
694,200,1976,26.1
694,200,1982,20.25
694,200,1983,82.25
694,200,1984,95.5
694,200,1985,1.5
694,200,1986,1.5
694,200,1996,95.25
694,200,1997,32.29
694,200,1998,7.02
694,200,1999,3.24
694,200,2019,64.0
694,200,2020,64.0
694,200,2021,50.0
694,200,2022,509.5
694,200,2023,589.5
694,200,2024,299.0
694,200,2025,191.5
694,210,1996,44.25
694,210,1997,14.75
694,211,1998,16.8
694,211,1999,8.4
694,220,1977,55.400000000000006
694,220,1978,16.2
694,220,1980,57.4
694,220,1981,48.0
694,220,1982,106.5
694,220,1983,377.99
694,220,1984,244.11
694,220,1987,56.75
694,220,1988,86.65
694,220,1989,9.7
694,220,1990,4.75
694,220,1991,4.75
694,220,1992,39.4
694,220,1993,9.72
694,220,1994,9.48
694,220,1995,9.72
694,220,1996,39.0
694,220,1997,182.79
694,220,1998,277.43
694,220,1999,48.54
694,220,2000,2.5
694,220,2007,27.0
694,220,2010,0.36
694,220,2012,25.29
694,220,2013,58.8
694,220,2015,5.0
694,220,2018,1.3
694,220,2019,1313.5
694,220,2020,383.6
694,220,2021,444.5
694,220,2022,451.0
694,220,2023,83.0
694,220,2024,24.0
694,220,2025,46.5
694,225,2014,30.0
694,225,2015,50.0
694,225,2016,40.0
694,225,2022,5.3
694,255,1996,18.0
694,255,1997,6.0
694,255,2015,74.5
694,255,2016,264.6
694,255,2017,81.95
694,255,2018,36.699999999999996
694,255,2019,0.3
694,255,2020,21.5
694,255,2021,25.2
694,255,2022,28.8
694,255,2025,10.2
694,325,1996,7.5
694,325,1997,2.5
694,325,2009,6.0
694,325,2010,30.0
694,325,2011,30.0
694,325,2012,30.0
694,325,2013,12.0
694,325,2017,20.0
694,325,2018,20.0
694,325,2021,320.0
694,325,2022,924.5
694,325,2023,418.0
694,325,2024,269.0
694,325,2025,121.0
694,365,2018,20.0
694,365,2019,20.0
694,369,2021,28.0
694,375,2024,5.0
694,385,2024,15.0
694,385,2025,15.0
694,560,1991,12.0
694,640,2013,11.2
694,640,2014,22.4
694,640,2017,7.7
694,640,2018,40.5
694,640,2019,68.9
694,640,2020,40.5
694,640,2021,112.3
694,640,2022,105.6
694,640,2023,2.52
694,710,2017,31.4
694,710,2018,94.2
694,770,2017,1.92
696,2,1971,0.18
696,2,1972,1.4
696,2,1973,5.1000000000000005
696,2,1974,6.6
696,2,1975,56.0
696,2,1977,13.3
696,2,1981,100.0
696,2,1983,28.0
696,2,1984,61.4
696,2,1985,5.45
696,2,1986,94.31
696,2,1987,150.0
696,2,1988,22.0
696,2,1989,5.94
696,2,1990,5.94
696,2,1993,92.0
696,2,1994,212.8
696,2,1995,26.2
696,2,1996,154.4
696,2,1997,5.7
696,2,1998,19.98
696,2,1999,11.48
696,2,2000,12.2
696,2,2001,18.099999999999998
696,2,2002,17.2
696,2,2003,36.0
696,2,2004,385.5
696,2,2005,1269.1699999999998
696,2,2006,1005.67
696,2,2007,480.35
696,2,2008,682.0
696,2,2009,398.35
696,2,2010,157.25
696,2,2011,831.25
696,2,2012,935.37
696,2,2013,1094.78
696,2,2014,523.8
696,2,2015,1258.6
696,2,2016,1103.44
696,2,2017,486.90000000000003
696,2,2018,888.38
696,2,2019,403.65999999999997
696,2,2020,244.75
696,2,2021,326.08
696,2,2022,375.84000000000003
696,2,2023,407.65999999999997
696,2,2024,311.72
696,2,2025,351.15999999999997
696,20,1968,7.5
696,20,1969,7.5
696,20,1971,3.75
696,20,1978,52.88
696,20,1982,18.12
696,20,1985,0.7
696,20,1986,2.8
696,20,2010,2.0
696,20,2011,11.0
696,20,2012,9.5
696,20,2013,4.5
696,20,2014,12.5
696,20,2015,12.0
696,20,2016,6.0
696,20,2017,4.0
696,20,2018,21.0
696,20,2019,28.5
696,20,2020,42.0
696,20,2021,21.0
696,20,2022,28.6
696,20,2024,42.0
696,140,1982,8.25
696,140,1983,8.25
696,200,1968,2.4
696,200,1969,4.8
696,200,1970,66.64
696,200,1971,20.439999999999998
696,200,1972,3.64
696,200,1973,1.6
696,200,1975,33.2
696,200,1976,87.9
696,200,1977,77.7
696,200,1978,27.8
696,200,1979,0.8
696,200,1980,14.94
696,200,1981,20.939999999999998
696,200,1983,72.6
696,200,1984,85.25
696,200,1985,84.97
696,200,1986,19.950000000000003
696,200,1987,1.2
696,200,1988,9.0
696,200,1989,12.0
696,200,1990,15.0
696,200,1991,16.4
696,200,1992,20.4
696,200,1993,225.6
696,200,1994,59.0
696,200,1995,36.0
696,200,1996,33.6
696,200,1997,67.6
696,200,1998,83.2
696,200,1999,22.0
696,200,2001,1.72
696,200,2004,1.72
696,200,2013,66.0
696,200,2018,7.5
696,200,2019,7.5
696,200,2020,4.0
696,200,2021,2.0
696,200,2024,26.0
696,200,2025,22.0
696,210,1990,10.0
696,210,1991,10.0
696,210,1997,226.15
696,210,1998,230.51
696,210,1999,22.51
696,210,2021,10.0
696,210,2023,24.5
696,210,2024,4.5
696,220,1972,22.75
696,220,1973,81.45
696,220,1974,93.45
696,220,1975,50.75
696,220,1976,169.45
696,220,1977,213.56
696,220,1978,144.4
696,220,1979,32.9
696,220,1980,83.62
696,220,1981,68.5
696,220,1982,71.0
696,220,1983,23.5
696,220,1984,35.0
696,220,1985,27.5
696,220,1989,549.5
696,220,1990,338.25
696,220,1991,105.45
696,220,1993,22.5
696,220,1994,42.25
696,220,1995,106.25
696,220,1996,229.1
696,220,1997,258.6
696,220,1998,258.65000000000003
696,220,1999,267.75
696,220,2000,158.75
696,220,2001,155.9
696,220,2002,195.85
696,220,2003,594.4
696,220,2004,751.88
696,220,2005,787.4
696,220,2006,808.8
696,220,2007,246.5
696,220,2008,27.8
696,220,2009,22.0
696,220,2010,58.4
696,220,2012,5.0
696,220,2013,353.0
696,220,2015,66.0
696,220,2016,100.0
696,220,2017,79.0
696,220,2020,57.5
696,220,2021,7.5
696,220,2023,242.0
696,220,2024,340.5
696,220,2025,177.0
696,225,1982,17.5
696,225,1984,97.5
696,225,1985,2.5
696,225,1986,10.0
696,225,1989,1.6
696,225,2011,80.0
696,225,2012,45.0
696,230,1982,15.2
696,230,2019,62.5
696,255,1990,164.0
696,255,1991,76.0
696,255,1994,1.5
696,255,1995,7.5
696,255,1996,17.4
696,255,1997,21.599999999999998
696,255,1998,20.1
696,255,1999,19.5
696,255,2000,10.5
696,255,2001,10.5
696,255,2002,10.2
696,255,2003,4.2
696,255,2004,4.859999999999999
696,255,2005,4.04
696,255,2006,46.7
696,255,2007,3.5
696,255,2008,4.15
696,255,2009,6.85
696,255,2010,32.1
696,255,2011,6.0
696,255,2013,18.8
696,255,2014,70.0
696,255,2015,8.0
696,255,2016,11.0
696,255,2017,20.6
696,255,2018,5.0
696,255,2019,15.0
696,255,2020,20.0
696,255,2021,15.0
696,255,2024,10.0
696,260,1975,4.8
696,260,1980,88.0
696,260,1981,180.56
696,260,1982,0.96
696,260,1983,0.96
696,260,1984,1.44
696,260,1985,1.76
696,260,1986,0.16
696,325,1968,2.8
696,325,1974,0.24
696,325,1976,18.0
696,325,1977,5.2
696,325,1978,5.2
696,325,1979,5.2
696,325,1980,10.0
696,325,1981,40.1
696,325,1982,23.8
696,325,1983,15.120000000000001
696,325,1984,29.799999999999997
696,325,1985,21.7
696,325,1986,1.96
696,325,1987,29.700000000000003
696,325,1988,14.4
696,325,1989,15.0
696,325,1990,8.25
696,325,1991,13.85
696,325,1992,10.1
696,325,1993,5.0
696,325,1994,5.0
696,325,1995,15.0
696,325,2006,6.25
696,325,2007,36.0
696,325,2011,2.5
696,325,2012,2.75
696,325,2013,327.7
696,325,2014,16.0
696,325,2015,73.25
696,325,2016,8.0
696,325,2017,2.5
696,325,2018,9.6
696,325,2019,9.6
696,325,2023,2.75
696,325,2024,2.75
696,325,2025,21.5
696,345,2017,10.4
696,345,2018,2.0
696,355,2003,18.0
696,360,1993,15.84
696,360,1994,23.76
696,360,2006,7.92
696,360,2007,31.68
696,365,1986,3.0
696,365,1987,3.0
696,365,1992,120.0
696,365,1993,142.5
696,365,1994,202.0
696,365,1995,208.0
696,365,1996,37.5
696,365,1997,102.0
696,365,1998,137.0
696,365,1999,75.2
696,365,2000,45.0
696,365,2008,1.0
696,365,2009,149.0
696,365,2010,324.0
696,365,2011,126.0
696,365,2012,126.0
696,365,2013,126.0
696,365,2018,40.0
696,365,2019,80.0
696,365,2020,80.0
696,375,2008,2.1
696,375,2010,3.15
696,375,2013,1.2
696,375,2014,1.8
696,375,2015,0.6
696,375,2016,16.0
696,380,1980,16.439999999999998
696,380,1981,10.0
696,380,1990,19.5
696,380,1991,6.5
696,380,1996,8.0
696,380,1997,8.0
696,380,1998,8.0
696,380,2008,0.56
696,380,2009,1.0
696,380,2010,39.84
696,380,2011,47.1
696,380,2013,15.0
696,380,2015,7.5
696,380,2016,7.5
696,380,2017,10.0
696,380,2018,2.5
696,380,2020,80.0
696,380,2021,40.0
696,380,2024,80.0
696,560,1991,9.0
696,560,1992,54.0
696,560,1993,54.0
696,560,1996,0.8
696,560,2003,1.0
696,560,2006,12.6
696,560,2007,1.08
696,560,2009,2.16
696,560,2010,2.56
696,560,2011,2.16
696,560,2012,2.16
696,560,2013,6.36
696,560,2014,11.34
696,560,2015,7.619999999999997
696,560,2016,14.68
696,560,2017,11.100000000000001
696,560,2018,11.100000000000001
696,560,2019,4.439999999999998
696,560,2020,5.399999999999999
696,560,2021,7.140000000000001
696,620,2006,18.0
696,620,2009,18.0
696,620,2010,18.0
696,640,1999,22.8
696,640,2000,18.0
696,640,2005,11.1
696,640,2006,9.0
696,640,2007,9.0
696,640,2008,9.0
696,640,2010,6.6
696,640,2012,9.6
696,640,2013,5.0
696,640,2014,5.0
696,640,2015,10.0
696,640,2022,67.55
696,640,2023,47.999999999999986
696,640,2024,9.0
696,666,2022,187.5
696,710,1993,7.0
696,710,1994,7.0
696,710,2013,15.0
696,710,2014,15.0
696,710,2015,15.0
696,710,2016,15.0
696,710,2017,37.0
696,710,2018,46.0
696,710,2019,12.0
696,710,2020,19.2
696,731,1989,49.25
696,732,2021,17.6
696,732,2022,17.6
696,732,2023,18.1
696,732,2024,198.1
696,732,2025,180.0
696,820,2013,15.0
696,820,2014,15.0
696,830,1983,15.0
696,830,1987,11.0
696,830,1989,30.0
696,830,2009,3.6
696,830,2010,3.6
696,830,2011,3.6
696,830,2012,3.6
696,830,2013,3.6
696,830,2014,7.8
696,830,2015,10.2
696,830,2016,7.2
696,850,1993,18.0
696,850,1994,18.0
696,850,1995,27.0
696,900,2019,40.0
696,900,2023,20.0
696,900,2024,20.0
696,920,2015,0.9
698,2,1966,2.4
698,2,1971,3.0
698,2,1973,0.15
698,2,1975,34.3
698,2,1981,38.8
698,2,1982,29.5
698,2,1983,52.0
698,2,1984,12.0
698,2,1986,27.0
698,2,1990,36.12
698,2,1993,5.73
698,2,1994,15.74
698,2,1995,9.629999999999999
698,2,1996,25.2
698,2,1997,4.0
698,2,1998,12.1
698,2,2002,2.81
698,2,2003,2.81
698,2,2004,8.0
698,2,2005,140.0
698,2,2006,278.43
698,2,2007,11.75
698,2,2008,68.0
698,2,2009,3.0
698,2,2010,3.0
698,2,2012,40.0
698,2,2013,40.0
698,2,2014,474.2
698,2,2015,5.6
698,2,2016,135.02
698,2,2017,89.16
698,2,2020,4.0
698,2,2021,4.0
698,20,1970,11.25
698,20,1973,7.5
698,20,1979,13.22
698,20,1981,13.22
698,20,1983,13.22
698,20,2000,3.5
698,20,2001,0.7
698,20,2008,4.0
698,20,2013,3.0
698,20,2014,3.0
698,20,2015,3.0
698,20,2016,3.0
698,200,1959,1.37
698,200,1960,0.91
698,200,1963,0.61
698,200,1964,0.84
698,200,1965,0.96
698,200,1967,7.0
698,200,1968,4.95
698,200,1969,36.0
698,200,1970,15.0
698,200,1971,35.239999999999995
698,200,1972,2.5
698,200,1973,57.32
698,200,1974,36.1
698,200,1975,70.1
698,200,1976,150.0
698,200,1977,250.48000000000002
698,200,1978,78.0
698,200,1979,25.0
698,200,1981,10.8
698,200,1982,107.0
698,200,1983,246.39
698,200,1984,78.25
698,200,1985,71.9
698,200,1986,16.2
698,200,1988,13.0
698,200,1989,86.7
698,200,1990,11.2
698,200,1993,10.0
698,200,1994,119.2
698,200,1995,218.25
698,200,1996,135.25
698,200,1997,97.0
698,200,1998,8.58
698,200,2000,98.0
698,200,2001,13.0
698,200,2004,38.0
698,200,2005,38.0
698,200,2013,289.0
698,200,2014,144.5
698,200,2017,545.0
698,200,2018,235.0
698,200,2022,4.32
698,200,2023,4.32
698,210,1974,9.2
698,210,1975,13.5
698,210,1996,10.75
698,210,1997,10.75
698,210,2013,34.5
698,210,2014,17.25
698,210,2015,18.5
698,210,2016,18.5
698,220,1978,3.0
698,220,1982,21.9
698,220,1983,18.3
698,220,1984,18.0
698,220,1985,14.0
698,220,1986,5.65
698,220,1987,4.75
698,220,1988,4.75
698,220,1989,22.75
698,220,1990,9.5
698,220,1995,38.0
698,220,1996,56.25
698,220,1997,42.17
698,220,1998,1.2
698,220,2001,4.32
698,220,2002,9.78
698,220,2003,13.32
698,220,2004,3.0
698,220,2006,3.9
698,220,2009,91.8
698,220,2010,14.0
698,220,2011,14.0
698,220,2012,87.0
698,220,2013,79.0
698,220,2014,44.0
698,220,2017,21.0
698,225,1974,0.45
698,225,1975,0.75
698,225,1989,0.3
698,225,1995,7.5
698,225,1996,25.0
698,225,2000,19.0
698,225,2001,3.8
698,225,2019,1.8
698,230,2013,25.0
698,230,2014,25.0
698,230,2015,44.0
698,230,2016,70.0
698,230,2017,26.0
698,255,2013,16.0
698,255,2014,8.0
698,255,2017,0.16
698,255,2018,3.68
698,255,2019,5.28
698,255,2020,4.64
698,260,1984,4.4
698,260,1987,35.0
698,325,1971,23.76
698,325,1974,13.1
698,325,1975,13.1
698,325,1982,5.0
698,325,1983,5.0
698,325,1984,5.0
698,325,1985,2.5
698,325,1989,5.0
698,325,1996,2.75
698,325,1997,2.75
698,325,2001,9.0
698,325,2010,13.5
698,325,2011,6.75
698,325,2013,5.5
698,325,2014,2.75
698,325,2015,5.5
698,325,2016,5.5
698,380,1980,3.7
698,380,1981,3.7
698,380,1982,6.2
698,380,1983,2.5
698,380,1984,2.5
698,380,1989,2.5
698,380,1995,5.0
698,380,1996,2.5
698,385,2016,75.0
698,385,2017,75.0
698,390,2015,5.0
698,390,2016,5.0
698,560,1994,9.0
698,560,1996,27.0
698,630,1972,6.29
698,630,1973,6.29
698,640,2017,0.74
698,640,2018,43.620000000000005
698,640,2019,80.47
698,640,2020,76.56
698,651,1988,1.5
698,651,1990,2.75
698,663,1975,49.6
698,663,1982,0.6
698,670,1972,2.1
698,690,1980,2.88
698,694,1993,39.6
698,696,1974,7.84
698,696,2006,15.0
698,710,2002,3.6
698,710,2003,17.5
698,770,1994,0.72
698,770,2002,1.2
698,830,1981,5.0
698,830,1983,10.0
698,830,2015,70.0
698,830,2016,70.0
698,900,2016,40.0
700,2,2005,18.8
700,2,2007,20.8
700,2,2008,72.8
700,2,2009,260.0
700,2,2010,227.5
700,2,2011,486.4
700,2,2012,401.28999999999996
700,2,2013,155.66
700,2,2014,88.4
700,2,2015,109.62
700,2,2016,66.9
700,2,2017,233.44
700,2,2018,281.76
700,2,2019,365.75
700,2,2020,231.26
700,2,2021,64.83
700,20,2016,10.0
700,20,2018,3.0
700,140,2016,90.0
700,140,2018,27.0
700,200,2010,5.8
700,225,2013,7.4
700,225,2014,16.65
700,225,2015,9.25
700,315,1977,42.0
700,315,1983,28.0
700,315,1984,21.0
700,316,2007,14.36
700,316,2008,31.189999999999998
700,316,2009,16.83
700,317,2006,3.36
700,317,2008,8.7
700,325,2009,19.8
700,325,2010,59.4
700,325,2011,49.5
700,325,2012,29.7
700,346,2011,13.86
700,346,2013,2.8
700,365,1955,4.0
700,365,1956,3.6
700,365,1957,100.03999999999999
700,365,1958,225.14
700,365,1959,275.0
700,365,1960,39.4
700,365,1961,55.2
700,365,1962,63.99
700,365,1963,39.730000000000004
700,365,1964,56.400000000000006
700,365,1965,90.92
700,365,1966,197.59
700,365,1967,230.13
700,365,1968,145.12
700,365,1969,166.23000000000002
700,365,1970,120.05
700,365,1971,25.2
700,365,1974,46.8
700,365,1975,136.8
700,365,1976,230.0
700,365,1977,32.7
700,365,1978,155.8
700,365,1979,449.15999999999997
700,365,1980,632.06
700,365,1981,552.58
700,365,1982,455.2
700,365,1983,240.6
700,365,1984,372.6
700,365,1985,157.6
700,365,1986,210.35
700,365,1987,489.15
700,365,1988,927.1
700,365,1989,1820.3600000000001
700,365,1990,1612.31
700,365,1991,1236.0
700,365,2002,34.4
700,365,2005,14.6
700,365,2009,29.0
700,365,2010,72.5
700,365,2011,82.65
700,365,2012,87.0
700,365,2013,87.0
700,365,2014,217.5
700,369,2008,17.6
700,370,2019,13.6
700,385,2009,0.64
700,640,2007,4.8
700,710,2017,1.5
700,750,2015,12.15
700,750,2016,3.3
701,2,2021,18.16
701,20,2021,2.5
701,140,2021,22.5
701,210,2011,4.75
701,210,2012,4.75
701,210,2013,9.5
701,210,2014,9.5
701,210,2015,14.25
701,210,2016,4.75
701,220,2013,1.8
701,220,2017,0.72
701,220,2021,35.0
701,255,2011,0.3
701,255,2015,3.0
701,255,2016,9.0
701,255,2017,6.0
701,255,2021,6.0
701,305,2011,3.2
701,316,2016,2.16
701,325,2011,27.1
701,325,2012,2.5
701,325,2013,5.0
701,325,2014,5.0
701,325,2015,9.5
701,325,2016,17.5
701,325,2017,9.5
701,325,2021,133.25
701,345,2021,1.64
701,365,2009,38.0
701,365,2010,32.3
701,365,2011,136.2
701,365,2012,56.0
701,365,2013,12.8
701,365,2014,17.0
701,365,2015,50.5
701,365,2016,36.0
701,365,2021,1.5
701,369,2003,18.0
701,369,2004,9.0
701,369,2008,7.2
701,369,2011,42.96
701,369,2012,28.4
701,370,2011,2.0
701,370,2016,1.44
701,370,2017,0.96
701,372,2004,11.5
701,640,2011,20.0
701,640,2012,20.0
701,640,2015,32.0
701,640,2016,110.9
701,640,2017,75.55
701,640,2021,7.199999999999989
701,666,2016,0.14
701,666,2021,2.06
701,696,2016,2.64
701,696,2021,1.3
701,710,2016,228.3
701,710,2017,15.5
702,355,2013,3.6
702,365,1994,29.0
702,365,2006,12.6
702,365,2007,7.2
702,365,2009,33.96
702,365,2016,7.02
702,365,2017,19.21
702,365,2018,0.75
702,365,2019,3.4400000000000004
702,365,2022,2.7199999999999998
702,710,2018,3.0
702,710,2019,1.4
702,710,2025,75.0
703,365,2003,9.57
703,365,2005,2.9
703,365,2015,4.1
703,365,2016,8.1
703,365,2017,12.2
703,365,2018,0.89
703,365,2019,15.2
703,365,2023,10.15
703,370,2023,30.0
703,640,2021,4.8
703,640,2022,13.8
703,640,2023,14.0
703,705,2004,5.8
704,2,2015,35.86
704,20,2015,3.0
704,20,2016,3.0
704,220,2014,2.6
704,220,2015,36.25
704,220,2016,29.55
704,220,2019,21.75
704,220,2021,7.25
704,220,2022,21.75
704,220,2023,7.25
704,230,2015,25.0
704,230,2016,25.0
704,365,2001,8.05
704,365,2002,9.45
704,365,2010,30.0
704,365,2017,5.25
704,365,2018,6.0
704,365,2019,49.0
704,365,2020,92.0
704,365,2021,6.8
704,640,2018,1.4
704,640,2019,7.0
704,640,2023,9.6
704,710,2014,16.2
704,710,2018,117.0
704,710,2024,47.0
704,710,2025,32.0
705,2,2004,18.6
705,2,2007,6.2
705,2,2008,2.6
705,2,2009,2.6
705,2,2012,3.1
705,2,2014,3.1
705,2,2016,3.1
705,2,2017,3.1
705,20,2013,3.0
705,20,2014,3.0
705,20,2016,3.0
705,20,2017,3.0
705,20,2023,1.5
705,220,2014,13.0
705,230,2013,25.0
705,230,2014,25.0
705,230,2016,25.0
705,230,2017,25.0
705,230,2023,12.5
705,230,2024,73.0
705,255,2024,12.0
705,316,2023,5.2
705,365,1995,99.12
705,365,1996,1.8
705,365,1997,64.4
705,365,1999,68.0
705,365,2000,120.6
705,365,2001,136.0
705,365,2002,21.75
705,365,2004,30.8
705,365,2005,39.8
705,365,2006,29.0
705,365,2007,72.1
705,365,2008,7.75
705,365,2009,20.3
705,365,2010,37.45
705,365,2011,46.75
705,365,2012,77.3
705,365,2013,41.7
705,365,2014,15.2
705,365,2015,442.5
705,365,2016,199.0
705,365,2017,163.25
705,365,2018,266.75
705,365,2019,220.0
705,365,2020,266.0
705,365,2021,195.0
705,365,2022,187.7
705,365,2023,185.0
705,365,2024,330.0
705,369,1999,0.6699999999999999
705,369,2005,4.279999999999999
705,369,2006,2.28
705,369,2007,4.94
705,369,2011,10.0
705,369,2012,11.14
705,369,2013,56.22
705,369,2014,0.8
705,640,1999,3.4
705,640,2001,3.4
705,640,2012,1.05
705,640,2022,3.0
705,640,2023,6.0
705,640,2024,13.5
705,666,2008,3.75
705,666,2009,5.75
705,666,2010,8.0
705,710,2016,11.0
705,710,2025,2.1
705,732,2006,14.4
710,2,1984,58.5
710,2,1985,97.5
710,2,1988,16.0
710,2,1994,35.0
710,2,1995,1.8
710,2,1996,1.8
710,20,1984,2.5
710,20,1985,5.0
710,200,1987,5.0
710,200,1999,20.0
710,200,2000,40.0
710,200,2001,40.0
710,200,2002,30.0
710,200,2003,30.0
710,200,2004,30.0
710,200,2005,30.0
710,220,1967,14.25
710,220,1977,72.0
710,220,1978,83.0
710,220,1983,15.0
710,220,1987,6.0
710,220,1988,5.900000000000006
710,220,1989,16.400000000000006
710,220,1990,5.0
710,220,1991,15.0
710,220,1992,5.0
710,220,1993,5.0
710,220,1994,10.0
710,220,1996,15.0
710,220,1999,5.0
710,220,2004,16.0
710,255,1999,1.4800000000000004
710,260,1979,8.0
710,260,1980,4.0
710,325,1986,5.0
710,325,1987,5.0
710,365,1950,2512.8199999999997
710,365,1951,2132.25
710,365,1952,1663.0
710,365,1953,977.5
710,365,1954,1105.3400000000001
710,365,1955,1024.6599999999999
710,365,1956,637.0000000000002
710,365,1957,602.6499999999999
710,365,1958,655.75
710,365,1959,889.8700000000003
710,365,1960,764.1300000000001
710,365,1961,63.809999999999945
710,365,1962,17.159999999999968
710,365,1963,35.02999999999997
710,365,1965,171.5
710,365,1966,107.00000000000001
710,365,1967,130.0
710,365,1968,180.0
710,365,1990,87.0
710,365,1991,266.25
710,365,1992,1007.5
710,365,1993,1011.25
710,365,1994,72.0
710,365,1995,496.5
710,365,1996,1239.0
710,365,1997,733.75
710,365,1998,65.25
710,365,1999,1267.0
710,365,2000,1942.5
710,365,2001,2048.75
710,365,2002,1977.0
710,365,2003,1525.75
710,365,2004,2178.0
710,365,2005,2284.0
710,365,2006,1653.5
710,365,2007,813.8
710,365,2008,1256.65
710,365,2009,955.75
710,365,2010,450.25
710,365,2011,550.5
710,365,2012,380.0
710,365,2013,495.0
710,365,2014,466.0
710,365,2015,604.0
710,365,2016,652.95
710,365,2017,1170.75
710,365,2018,1836.75
710,365,2019,1256.25
710,365,2020,514.5
710,365,2021,461.75
710,365,2022,452.0
710,365,2023,218.5
710,365,2024,30.0
710,365,2025,15.0
710,369,1992,18.43
710,369,1993,18.43
710,369,1994,10.64
710,369,1996,10.0
710,369,1997,3.0
710,369,1998,8.4
710,369,1999,18.4
710,369,2000,28.9
710,369,2001,41.0
710,369,2002,58.0
710,369,2003,3.0
710,369,2004,3.0
710,369,2005,71.97
710,369,2006,118.1
710,369,2007,53.5
710,369,2008,53.5
710,369,2009,27.57
710,369,2012,631.6
710,369,2013,9.899999999999991
710,369,2014,63.60000000000001
710,369,2015,56.099999999999994
710,369,2016,80.1
710,369,2017,24.0
710,369,2018,48.000000000000014
710,369,2019,48.0
710,369,2020,48.0
710,369,2021,48.0
710,369,2022,36.0
710,369,2023,7.2
710,370,2013,170.0
710,666,1998,10.0
710,666,1999,10.0
710,704,2015,34.0
710,704,2016,68.0
710,740,1989,15.0
710,740,1990,30.0
712,290,1979,0.42
712,365,1951,5.4
712,365,1952,27.9
712,365,1953,5.4
712,365,1954,3.0
712,365,1955,10.4
712,365,1956,9.4
712,365,1957,12.0
712,365,1958,12.0
712,365,1960,10.0
712,365,1961,65.60000000000001
712,365,1962,89.9
712,365,1963,85.9
712,365,1964,119.9
712,365,1965,137.37
712,365,1966,115.6
712,365,1967,62.5
712,365,1968,15.0
712,365,1969,21.6
712,365,1970,15.0
712,365,1971,13.46
712,365,1972,8.29
712,365,1973,58.0
712,365,1974,76.0
712,365,1975,194.75
712,365,1976,31.25
712,365,1977,29.5
712,365,1978,46.82
712,365,1979,28.82
712,365,1980,59.92
712,365,1981,71.9
712,365,1982,155.9
712,365,1983,117.82
712,365,1984,113.82
712,365,1985,97.5
712,365,1986,27.0
712,365,1987,36.0
712,365,1988,27.0
712,365,2008,14.5
712,365,2010,63.6
712,365,2011,2.8
712,365,2012,77.75
712,365,2015,73.32000000000001
712,365,2019,16.52
712,365,2021,24.78
712,900,2022,2.6
713,2,1951,97.8
713,2,1952,303.72
713,2,1953,382.64
713,2,1954,307.7
713,2,1955,588.81
713,2,1956,251.82999999999998
713,2,1957,366.21
713,2,1958,717.8100000000001
713,2,1959,920.67
713,2,1960,472.16
713,2,1961,107.89
713,2,1962,145.53
713,2,1963,319.84000000000003
713,2,1964,314.04
713,2,1965,471.53
713,2,1966,290.65
713,2,1967,439.95
713,2,1968,255.26999999999998
713,2,1969,542.58
713,2,1970,531.8100000000001
713,2,1971,307.34999999999997
713,2,1972,199.76
713,2,1973,284.67999999999995
713,2,1974,274.23
713,2,1975,87.58000000000001
713,2,1976,124.36000000000001
713,2,1977,451.26
713,2,1978,382.94000000000005
713,2,1979,181.25
713,2,1980,145.57
713,2,1981,362.13
713,2,1982,427.45000000000005
713,2,1983,343.02
713,2,1984,146.55
713,2,1985,340.76
713,2,1986,522.41
713,2,1987,68.66
713,2,1988,129.25
713,2,1989,80.25
713,2,1990,77.5
713,2,1991,340.78999999999996
713,2,1992,203.75
713,2,1993,617.0
713,2,1994,405.43000000000006
713,2,1995,865.9300000000001
713,2,1996,411.79999999999995
713,2,1997,2282.56
713,2,1998,1896.27
713,2,1999,1618.83
713,2,2000,511.78
713,2,2001,317.75
713,2,2002,291.02
713,2,2003,108.0
713,2,2004,11.0
713,2,2005,644.52
713,2,2006,503.40000000000003
713,2,2007,12.5
713,2,2008,11.33
713,2,2009,0.16
713,2,2010,35.16
713,2,2011,136.74
713,2,2012,411.25
713,2,2013,614.11
713,2,2014,1075.78
713,2,2015,534.6
713,2,2016,92.6
713,2,2017,486.6
713,2,2018,92.44
713,2,2019,55.41
713,2,2020,110.96
713,2,2021,152.4
713,2,2022,162.0
713,2,2023,196.01999999999998
713,2,2024,344.2
713,2,2025,386.46000000000004
713,20,1991,5.0
713,20,1992,32.5
713,20,1993,30.0
713,200,2025,12.0
713,210,1987,260.0
713,210,1988,260.0
713,210,1989,27.0
713,210,1990,27.0
713,210,1991,27.0
713,210,1992,27.0
713,220,1995,5.0
713,220,1996,609.0
713,220,1997,1780.15
713,220,1998,1687.15
713,220,2004,5.0
713,220,2005,50.0
713,225,1986,12.0
713,225,1987,12.75
713,225,1988,12.75
713,255,1990,172.5
713,255,1991,90.0
713,255,1994,6.0
713,255,1999,30.0
713,255,2000,36.0
713,255,2003,3.6
713,255,2009,36.0
713,255,2010,36.0
713,255,2011,36.0
713,255,2014,3.0
713,255,2021,3.0
713,255,2023,3.0
713,255,2024,12.0
713,260,1988,55.0
713,260,1989,82.5
713,325,1978,2.5
713,325,1982,2.5
713,325,1988,4.5
713,325,1989,4.5
713,325,2014,2.75
713,325,2021,2.75
713,325,2023,5.5
713,325,2024,11.0
713,390,1987,80.64
713,666,1975,1.64
713,666,2000,9.0
713,740,1955,33.6
713,740,1957,14.0
713,740,1958,0.24
713,740,1959,0.24
713,740,1969,10.0
713,740,1986,92.4
713,830,1984,1.6
731,365,1950,885.44
731,365,1951,405.99
731,365,1952,235.39
731,365,1953,717.89
731,365,1954,284.51
731,365,1955,370.51
731,365,1956,456.01
731,365,1957,438.01
731,365,1958,374.95
731,365,1959,228.95
731,365,1960,90.4
731,365,1961,34.400000000000006
731,365,1962,146.14999999999998
731,365,1963,146.75
731,365,1964,127.75
731,365,1965,72.60000000000001
731,365,1966,816.15
731,365,1967,561.25
731,365,1968,1011.2
731,365,1969,357.20000000000005
731,365,1970,396.0
731,365,1971,1188.1
731,365,1972,154.25
731,365,1973,117.0
731,365,1974,365.95000000000005
731,365,1975,73.5
731,365,1976,40.25
731,365,1977,37.25
731,365,1978,6.0
731,365,1979,17.099999999999994
731,365,1980,22.5
731,365,1981,23.650000000000006
731,365,1982,20.0
731,365,1983,232.25
731,365,1984,7.850000000000001
731,365,1985,906.6
731,365,1986,753.75
731,365,1987,492.04999999999995
731,365,1988,445.75
731,365,1989,301.9
731,365,1990,147.4
731,365,1991,9.400000000000006
731,365,1992,12.650000000000006
731,365,1993,7.150000000000006
731,365,1994,9.400000000000006
731,365,1995,63.150000000000006
731,365,1996,63.150000000000006
731,365,2000,9.0
731,365,2001,19.799999999999997
731,705,1995,6.72
731,710,1958,469.3
731,710,1959,360.5
731,710,1960,285.0
731,710,1961,5.0
731,710,1962,5.0
731,710,1963,5.0
731,710,1964,5.0
731,710,1965,5.0
731,710,1966,5.0
731,710,1967,107.0
731,710,1968,119.0
731,710,1969,65.0
731,710,1970,65.0
731,710,1971,90.0
731,710,1972,60.0
731,710,1973,67.99999999999999
731,710,1974,96.45000000000002
731,710,1975,117.94999999999999
731,710,1976,66.0
731,710,1977,25.75
731,710,1978,59.75
731,710,1979,2.0
731,710,1980,171.0
731,710,1981,80.0
731,710,1982,285.75
731,710,1983,10.5
731,710,1984,10.5
731,710,1985,7.0
731,710,1986,150.0
731,710,1987,150.0
731,710,1988,200.0
731,710,1989,90.0
731,710,1990,90.0
731,710,1991,90.0
732,2,1950,167.14000000000001
732,2,1951,177.12
732,2,1952,239.28
732,2,1953,221.5
732,2,1954,157.43
732,2,1955,201.79000000000002
732,2,1956,335.58
732,2,1957,167.4
732,2,1958,141.79
732,2,1959,129.81
732,2,1960,72.28
732,2,1961,62.900000000000006
732,2,1962,14.599999999999994
732,2,1963,157.26
732,2,1964,275.5
732,2,1965,625.75
732,2,1966,565.72
732,2,1967,129.5
732,2,1968,351.64
732,2,1969,578.22
732,2,1970,92.9
732,2,1971,242.73
732,2,1972,399.6
732,2,1973,253.82
732,2,1974,441.94
732,2,1975,523.58
732,2,1976,439.46000000000004
732,2,1977,1018.58
732,2,1978,274.01
732,2,1979,1205.56
732,2,1980,706.96
732,2,1981,658.55
732,2,1982,404.79999999999995
732,2,1983,92.94999999999999
732,2,1984,150.55
732,2,1985,274.9
732,2,1986,191.04999999999995
732,2,1987,330.62
732,2,1988,876.02
732,2,1989,1309.05
732,2,1990,669.3599999999999
732,2,1991,393.35
732,2,1992,211.74
732,2,1993,81.01999999999998
732,2,1994,27.0
732,2,1995,850.12
732,2,1997,57.15000000000009
732,2,1998,253.43000000000006
732,2,1999,279.41999999999996
732,2,2000,209.04999999999995
732,2,2001,141.39999999999998
732,2,2002,35.10000000000002
732,2,2003,106.0
732,2,2004,321.61
732,2,2005,119.14999999999998
732,2,2006,170.55999999999995
732,2,2007,162.51999999999998
732,2,2008,216.79999999999995
732,2,2009,19.19999999999999
732,2,2010,778.5500000000001
732,2,2011,181.14999999999986
732,2,2012,174.28999999999996
732,2,2013,92.22999999999999
732,2,2014,324.05
732,2,2015,126.6
732,2,2016,225.85000000000002
732,2,2017,254.42000000000007
732,2,2018,699.66
732,2,2019,835.56
732,2,2020,824.82
732,2,2021,727.5
732,2,2022,422.5
732,2,2023,155.70000000000002
732,2,2024,983.1
732,2,2025,201.7
732,20,1950,2.5
732,20,1966,3.8
732,20,1977,4.0
732,20,2000,1.75
732,20,2001,7.0
732,20,2002,7.0
732,20,2003,7.0
732,20,2004,5.25
732,20,2005,3.5
732,20,2006,3.5
732,20,2007,1.75
732,140,1980,21.6
732,200,1985,9.0
732,200,1988,9.0
732,200,1989,34.0
732,200,1990,121.0
732,200,1991,114.0
732,200,1992,89.5
732,200,1993,99.0
732,200,1995,4.5
732,200,1997,7.0
732,200,1999,55.5
732,200,2000,109.5
732,200,2001,40.5
732,200,2016,112.0
732,200,2018,12.0
732,200,2019,48.0
732,200,2021,36.0
732,200,2023,48.0
732,200,2024,12.0
732,210,1981,6.5
732,210,1982,5.0
732,210,1983,15.0
732,210,1984,10.0
732,210,1985,23.0
732,210,1986,23.0
732,210,1988,10.0
732,210,1989,56.5
732,210,1990,26.5
732,210,1993,60.5
732,210,1994,50.0
732,210,1995,37.5
732,210,1997,6.5
732,210,1998,20.0
732,210,1999,20.0
732,210,2000,20.0
732,210,2003,10.0
732,210,2004,10.0
732,210,2005,10.0
732,210,2007,32.5
732,210,2008,10.0
732,210,2010,10.0
732,210,2012,10.0
732,220,1972,6.0
732,220,1975,3.1
732,220,1976,3.1
732,220,1977,3.1
732,220,1978,3.1
732,220,1984,7.5
732,220,1986,7.5
732,220,1987,0.5
732,220,1993,18.0
732,220,1994,18.28
732,220,1995,18.0
732,220,1996,18.0
732,220,1997,16.56
732,220,1998,111.35000000000001
732,220,1999,57.30000000000001
732,220,2000,0.269999999999996
732,220,2003,6.5
732,220,2005,6.5
732,220,2006,3.25
732,220,2007,2.0
732,220,2008,2.0
732,220,2010,2.0
732,220,2012,2.0
732,220,2016,16.0
732,220,2017,34.5
732,220,2019,392.0
732,220,2021,10.0
732,225,1975,13.5
732,230,1993,18.0
732,230,1994,90.0
732,255,1990,12.0
732,255,1993,9.599999999999994
732,255,1998,5.0
732,255,1999,6.760000000000019
732,255,2000,10.599999999999966
732,255,2001,5.599999999999994
732,255,2002,5.599999999999998
732,255,2003,13.0
732,255,2004,13.799999999999997
732,255,2005,15.399999999999999
732,255,2006,8.0
732,255,2007,8.800000000000011
732,255,2008,95.60000000000002
732,255,2009,130.90000000000003
732,255,2010,36.9
732,255,2011,71.9
732,255,2012,48.26
732,255,2013,27.0
732,255,2014,59.0
732,255,2015,30.0
732,255,2016,43.60000000000002
732,255,2017,127.80000000000001
732,255,2018,40.89999999999998
732,255,2019,19.0
732,255,2020,68.0
732,255,2021,8.7
732,255,2023,9.6
732,255,2024,2.4
732,260,1981,2.4
732,260,1982,2.4
732,260,1983,7.2
732,260,1984,4.8
732,260,1985,12.0
732,260,1986,9.600000000000001
732,260,1988,4.800000000000001
732,260,1989,26.4
732,290,2025,1.9
732,305,2012,0.6
732,325,1981,5.0
732,325,1982,2.5
732,325,1983,7.5
732,325,1984,5.0
732,325,1985,32.5
732,325,1986,22.5
732,325,1988,20.0
732,325,1989,112.5
732,325,1990,52.5
732,325,1993,45.0
732,325,1997,2.5
732,325,1998,5.25
732,325,1999,5.25
732,325,2000,5.25
732,365,1996,60.1
732,365,1997,131.2
732,365,1998,14.2
732,365,1999,29.0
732,365,2000,29.0
732,365,2003,10.0
732,365,2004,31.75
732,365,2005,86.95
732,365,2006,103.0
732,385,1953,8.0
732,666,1998,8.8
732,666,1999,12.0
732,666,2000,19.2
732,666,2002,90.0
732,666,2012,35.0
732,666,2013,27.65
732,666,2014,24.0
732,666,2015,46.9
732,666,2016,51.1
732,666,2021,30.0
732,666,2023,2.0
732,666,2024,8.0
732,666,2025,8.0
732,740,1966,1.0
732,850,2001,18.0
732,850,2002,54.0
740,2,1952,8.06
740,2,1953,219.81
740,2,1954,275.76
740,2,1955,370.85
740,2,1956,246.70000000000005
740,2,1957,213.89999999999998
740,2,1958,624.5999999999999
740,2,1959,312.81000000000006
740,2,1960,321.24999999999994
740,2,1961,146.26
740,2,1962,71.32000000000002
740,2,1963,55.099999999999994
740,2,1964,28.799999999999727
740,2,1965,98.34999999999991
740,2,1966,22.600000000000023
740,2,1967,26.699999999999932
740,2,1968,33.05000000000001
740,2,1969,24.649999999999977
740,2,1970,39.349999999999966
740,2,1971,60.35000000000002
740,2,1972,51.60000000000002
740,2,1973,53.099999999999966
740,2,1974,98.54999999999995
740,2,1975,296.45000000000005
740,2,1976,84.30000000000018
740,2,1977,46.65000000000009
740,2,1978,321.05000000000007
740,2,1979,377.08000000000004
740,2,1980,377.9000000000001
740,2,1981,379.04999999999995
740,2,1982,248.10000000000014
740,2,1983,288.39999999999986
740,2,1984,485.45000000000005
740,2,1985,94.0
740,2,1986,241.55000000000018
740,2,1987,210.85000000000036
740,2,1988,249.42999999999984
740,2,1989,301.34000000000015
740,2,1990,310.1399999999999
740,2,1991,439.3800000000001
740,2,1992,393.4699999999998
740,2,1993,365.5999999999997
740,2,1994,114.58000000000004
740,2,1995,207.0
740,2,1996,180.9699999999999
740,2,1997,87.80000000000007
740,2,1998,715.5
740,2,1999,660.3
740,2,2000,80.49999999999994
740,2,2001,60.19999999999999
740,2,2002,82.65000000000003
740,2,2003,118.95000000000005
740,2,2004,76.15000000000003
740,2,2005,71.40000000000003
740,2,2006,128.74
740,2,2007,215.2199999999999
740,2,2008,561.12
740,2,2009,456.22
740,2,2010,317.74
740,2,2011,30.28
740,2,2012,59.70000000000002
740,2,2013,111.76000000000002
740,2,2014,141.28
740,2,2015,61.76000000000002
740,2,2016,77.98000000000002
740,2,2017,79.74000000000001
740,2,2018,291.74
740,2,2019,500.20000000000005
740,2,2020,567.7
740,2,2021,375.04999999999995
740,2,2022,613.1500000000001
740,2,2023,357.15
740,2,2024,546.75
740,2,2025,483.25
740,200,1953,0.9
740,200,1957,12.5
740,200,1959,7.0
740,200,1960,10.5
740,200,1961,10.5
740,200,1962,4.2
740,200,1967,4.4
740,200,1968,4.4
740,200,1969,6.6
740,200,1970,6.6
740,200,1971,8.8
740,200,1972,6.6
740,200,1973,6.6
740,200,1974,6.600000000000001
740,200,1982,3.0
740,200,1983,6.0
740,200,1984,6.0
740,200,1985,9.0
740,200,1986,6.0
740,200,1987,3.0
740,200,2008,20.0
740,200,2009,10.0
740,200,2010,20.0
740,200,2021,10.0
740,200,2022,10.0
740,200,2024,20.0
740,200,2025,20.0
740,210,1980,6.0
740,210,1981,6.0
740,220,1960,8.0
740,220,1985,10.0
740,220,2002,7.5
740,220,2003,7.5
740,220,2004,5.0
740,220,2006,15.0
740,220,2007,15.0
740,225,1960,10.4
740,225,1992,5.0
740,255,2009,2.25
740,255,2010,2.25
740,255,2011,6.75
740,255,2012,9.0
740,255,2013,4.5
740,255,2014,4.5
740,255,2015,4.5
740,255,2022,15.0
740,255,2023,5.0
740,255,2024,10.0
740,255,2025,15.0
740,325,1993,5.25
740,325,1995,5.25
740,325,1996,5.25
740,325,1998,5.25
740,325,2003,10.5
740,325,2004,5.25
740,325,2005,5.25
740,325,2006,5.25
740,380,1964,10.0
740,380,1966,10.0
740,380,1967,10.0
740,380,1968,10.0
740,380,1969,15.0
740,380,1970,10.0
740,380,1972,5.0
740,380,1974,5.0
740,380,1977,5.0
740,380,1978,10.0
740,380,2001,8.0
740,385,2023,6.0
740,385,2024,24.0
740,385,2025,24.0
740,900,2014,1.4
740,900,2018,1.4
750,2,1951,0.5
750,2,1952,67.2
750,2,1954,47.4
750,2,1955,189.0
750,2,1956,4.2
750,2,1957,3.36
750,2,1961,102.99
750,2,1962,7.4399999999999995
750,2,1963,99.9
750,2,1964,25.5
750,2,1965,25.5
750,2,1968,1.5
750,2,1969,0.75
750,2,1970,0.75
750,2,1971,1.55
750,2,1972,1.95
750,2,1973,0.75
750,2,1974,0.75
750,2,1975,0.75
750,2,1976,0.75
750,2,1988,43.0
750,2,1994,6.3
750,2,2006,80.0
750,2,2007,83.7
750,2,2010,40.0
750,2,2011,200.0
750,2,2013,733.0
750,2,2014,740.0
750,2,2015,11.199999999999989
750,2,2016,40.6
750,2,2017,27.0
750,2,2018,25.2
750,2,2019,498.62
750,2,2020,215.82
750,2,2021,65.69999999999999
750,2,2022,81.28999999999999
750,2,2023,74.8
750,2,2024,65.2
750,2,2025,167.49
750,20,1956,4.8
750,20,1957,8.0
750,20,1958,8.0
750,20,1963,24.85
750,20,1964,56.25
750,20,1967,2.4
750,20,1968,15.0
750,20,1985,4.0
750,20,1986,4.0
750,20,1987,8.0
750,20,1988,4.0
750,20,2013,10.5
750,20,2014,8.75
750,20,2015,49.0
750,20,2023,1.5
750,20,2024,7.5
750,20,2025,15.0
750,140,2017,10.4
750,140,2019,20.8
750,200,1950,118.36000000000001
750,200,1951,8.0
750,200,1952,8.0
750,200,1953,115.50999999999999
750,200,1954,87.5
750,200,1955,69.44999999999999
750,200,1956,158.39999999999998
750,200,1957,528.0
750,200,1958,687.52
750,200,1959,749.3399999999999
750,200,1960,490.99999999999994
750,200,1961,597.8000000000001
750,200,1963,8.980000000000004
750,200,1964,12.329999999999998
750,200,1965,63.099999999999966
750,200,1966,20.600000000000023
750,200,1967,156.10000000000002
750,200,1968,20.0
750,200,1969,25.19999999999999
750,200,1970,56.05000000000001
750,200,1971,150.27000000000004
750,200,1972,94.18
750,200,1973,78.60000000000002
750,200,1974,78.5
750,200,1975,39.19999999999999
750,200,1976,31.30000000000001
750,200,1977,1.1999999999999886
750,200,1978,1.1999999999999886
750,200,1979,94.80000000000001
750,200,1980,41.69999999999999
750,200,1981,1.1999999999999318
750,200,1983,91.5
750,200,1984,100.0
750,200,1985,7.0
750,200,1986,25.799999999999983
750,200,1987,407.45000000000005
750,200,1988,106.54999999999998
750,200,1989,274.75
750,200,1990,158.3
750,200,1991,185.0
750,200,1992,65.0
750,200,1993,2.5
750,200,1995,50.0
750,200,1997,7.5
750,200,1998,12.5
750,200,1999,5.0
750,200,2002,18.18
750,200,2020,16.0
750,200,2021,76.68
750,200,2022,93.42000000000002
750,200,2023,21.6
750,200,2024,21.42
750,210,1976,1.5
750,210,1977,1.5
750,210,1980,1.5
750,210,1981,1.5
750,210,1983,6.5
750,220,1953,191.7
750,220,1954,89.1
750,220,1957,250.8
750,220,1958,221.3
750,220,1961,63.0
750,220,1962,2.8499999999999996
750,220,1968,12.299999999999997
750,220,1970,12.249999999999996
750,220,1971,31.36
750,220,1972,31.000000000000004
750,220,1973,25.0
750,220,1974,24.999999999999996
750,220,1975,18.749999999999996
750,220,1980,3.5
750,220,1981,12.5
750,220,1982,15.000000000000004
750,220,1983,15.000000000000004
750,220,1984,24.5
750,220,1985,465.50000000000006
750,220,1986,467.5
750,220,1987,146.85
750,220,1988,130.9
750,220,1989,39.650000000000006
750,220,1990,17.650000000000006
750,220,1991,8.650000000000006
750,220,1992,8.100000000000001
750,220,1993,6.600000000000001
750,220,1994,13.600000000000001
750,220,1995,7.0
750,220,1996,1.5
750,220,1997,1.5
750,220,1998,1.5
750,220,1999,1.5
750,220,2000,5.0
750,220,2001,4.999999999999998
750,220,2004,138.75
750,220,2005,94.75
750,220,2014,2.0
750,220,2015,9.599999999999994
750,220,2016,36.0
750,220,2017,3.75
750,220,2018,68.5
750,220,2019,33.60000000000002
750,220,2020,60.549999999999955
750,220,2021,131.75
750,220,2022,141.19999999999993
750,220,2023,76.25
750,220,2024,19.75
750,220,2025,16.0
750,255,1990,16.5
750,255,1991,16.5
750,255,1992,16.5
750,255,1993,16.5
750,255,1994,11.0
750,255,2004,3.0
750,255,2005,3.0
750,255,2006,3.0
750,255,2007,3.0
750,255,2008,3.0
750,255,2009,3.0
750,255,2010,21.400000000000002
750,255,2011,21.7
750,255,2012,5.4
750,255,2013,12.5
750,255,2014,3.0
750,255,2015,10.0
750,255,2017,0.4800000000000004
750,255,2018,0.96
750,255,2019,7.519999999999996
750,255,2020,7.039999999999999
750,255,2021,1.9200000000000017
750,255,2022,0.4800000000000004
750,255,2025,0.4800000000000004
750,260,1966,38.08
750,260,1967,115.0
750,260,1975,115.0
750,260,1986,11.0
750,260,1987,16.5
750,260,1988,16.499999999999996
750,260,1989,16.5
750,290,1966,40.0
750,290,1975,64.0
750,290,1976,95.52
750,290,1977,24.88
750,290,1978,24.4
750,290,1979,24.4
750,290,1980,24.4
750,290,1981,24.4
750,290,1982,24.4
750,290,1983,24.4
750,290,1984,24.4
750,290,1985,64.4
750,290,1986,40.0
750,290,1998,0.48
750,290,1999,5.76
750,290,2000,16.439999999999998
750,290,2001,49.0
750,290,2022,1.0
750,315,1955,0.16
750,315,1969,20.25
750,315,1970,20.25
750,315,1971,42.75
750,315,1972,42.75
750,315,1973,26.6
750,315,1974,26.6
750,315,1975,4.1
750,315,1976,4.1
750,315,1977,4.1
750,316,2000,0.09
750,316,2001,0.09
750,316,2002,0.09
750,316,2003,0.09
750,316,2004,0.09
750,316,2005,0.09
750,316,2006,0.09
750,316,2007,0.09
750,316,2008,0.09
750,316,2009,0.09
750,316,2010,0.09
750,316,2011,0.09
750,316,2012,0.09
750,316,2013,0.09
750,316,2014,0.09
750,316,2015,0.09
750,316,2016,0.09
750,316,2017,0.09
750,316,2018,0.18
750,316,2019,0.18
750,316,2020,0.18
750,316,2021,0.54
750,316,2022,0.54
750,316,2023,0.54
750,316,2024,0.54
750,316,2025,0.72
750,317,1996,50.31
750,317,1997,50.31
750,317,2001,27.09
750,317,2002,27.09
750,325,1954,4.0
750,325,1971,36.0
750,325,1978,2.5
750,325,1979,2.5
750,325,1980,3.75
750,325,1981,3.75
750,325,1982,3.75
750,325,1983,3.75
750,325,1984,3.75
750,325,1985,3.75
750,325,1986,3.75
750,325,1987,3.75
750,325,1988,2.5
750,325,2000,8.5
750,325,2001,5.0
750,325,2002,5.5
750,325,2003,2.75
750,325,2004,13.75
750,325,2005,11.25
750,325,2010,2.75
750,325,2011,298.75
750,325,2012,2.75
750,325,2022,12.5
750,365,1955,4.0
750,365,1956,4.0
750,365,1961,334.04
750,365,1962,302.08
750,365,1963,445.21
750,365,1964,491.46000000000004
750,365,1965,539.78
750,365,1966,467.28
750,365,1967,459.37
750,365,1968,900.0
750,365,1969,999.74
750,365,1970,268.24
750,365,1971,1110.99
750,365,1972,1156.99
750,365,1973,616.75
750,365,1974,584.0
750,365,1975,334.20000000000005
750,365,1976,628.48
750,365,1977,1091.85
750,365,1978,539.0500000000001
750,365,1979,496.5
750,365,1980,1059.1
750,365,1981,801.0
750,365,1982,1425.9
750,365,1983,1515.9
750,365,1984,1206.65
750,365,1985,1438.9
750,365,1986,2525.25
750,365,1987,2321.25
750,365,1988,2598.55
750,365,1989,2157.2
750,365,1990,1421.3000000000002
750,365,1991,585.25
750,365,1992,7.5
750,365,1993,8.5
750,365,1994,47.44999999999999
750,365,1995,325.86
750,365,1996,94.49000000000001
750,365,1997,861.8399999999999
750,365,1998,257.4
750,365,1999,738.65
750,365,2000,494.29999999999995
750,365,2001,568.36
750,365,2002,1115.31
750,365,2003,2059.2
750,365,2004,1235.4
750,365,2005,189.75
750,365,2006,165.75
750,365,2007,956.7499999999999
750,365,2008,422.35
750,365,2009,274.9000000000001
750,365,2010,245.05000000000018
750,365,2011,614.0
750,365,2012,2258.75
750,365,2013,2524.0
750,365,2014,445.5
750,365,2015,510.5
750,365,2016,353.0
750,365,2017,42.0
750,365,2019,10.0
750,365,2020,136.0
750,365,2021,371.78
750,365,2022,366.0
750,365,2023,278.0
750,365,2024,456.0
750,365,2025,460.0
750,369,1992,6.5
750,369,1993,6.5
750,369,1994,6.5
750,369,1995,19.0
750,369,1997,69.3
750,369,1999,34.44
750,369,2000,19.6
750,369,2001,38.620000000000005
750,369,2002,29.91
750,369,2003,77.68
750,369,2004,74.56
750,369,2011,13.2
750,369,2012,45.2
750,369,2013,102.0
750,369,2014,42.0
750,369,2015,42.0
750,369,2016,35.4
750,369,2017,15.4
750,369,2018,13.2
750,369,2021,20.0
750,369,2022,20.0
750,369,2023,20.0
750,369,2024,16.0
750,369,2025,36.0
750,380,1980,3.5
750,380,1981,3.5
750,380,1986,15.0
750,380,1987,70.0
750,380,1988,140.0
750,380,1989,130.0
750,380,1990,45.0
750,380,1991,10.0
750,452,1979,6.0
750,560,1999,11.88
750,560,2001,9.9
750,666,1965,20.0
750,666,1966,20.0
750,666,1967,20.0
750,666,1968,20.0
750,666,1997,37.5
750,666,1998,53.6
750,666,1999,13.600000000000001
750,666,2000,44.4
750,666,2001,75.6
750,666,2002,87.75
750,666,2003,143.15
750,666,2004,185.65
750,666,2005,236.2
750,666,2006,197.9
750,666,2007,102.0
750,666,2008,40.5
750,666,2009,108.5
750,666,2010,105.5
750,666,2011,117.6
750,666,2012,100.5
750,666,2013,55.0
750,666,2014,92.75
750,666,2015,94.25
750,666,2016,225.75
750,666,2017,183.0
750,666,2018,166.25
750,666,2019,66.30000000000001
750,666,2020,25.25
750,666,2021,62.5
750,666,2022,133.25
750,666,2023,76.0
750,666,2024,10.0
750,666,2025,43.5
750,703,1995,54.0
750,703,2003,76.0
750,703,2006,18.0
750,703,2007,18.0
750,703,2015,4.0
750,703,2016,5.0
750,703,2017,5.0
750,704,2003,252.0
750,704,2004,126.0
750,704,2009,209.0
750,704,2010,209.0
750,704,2011,209.0
750,705,1997,3.3
750,705,1998,3.3
750,705,1999,3.3
750,705,2000,3.3
750,705,2001,3.3
750,850,1963,7.2
750,900,1970,17.0
750,900,1971,17.0
760,220,2015,0.95
760,220,2016,0.95
760,750,1968,0.75
760,750,2004,0.11
760,800,2021,4.5
770,2,1950,11.0
770,2,1952,0.24
770,2,1954,3.0
770,2,1955,92.46000000000001
770,2,1956,184.1
770,2,1957,250.01999999999998
770,2,1958,150.57999999999998
770,2,1959,313.0
770,2,1960,45.74
770,2,1961,40.94
770,2,1962,84.44
770,2,1963,224.95
770,2,1964,91.52
770,2,1965,23.75
770,2,1966,5.65
770,2,1968,10.8
770,2,1973,31.29
770,2,1974,90.2
770,2,1975,45.7
770,2,1976,19.4
770,2,1977,24.119999999999997
770,2,1978,200.53
770,2,1979,46.45
770,2,1980,194.22
770,2,1981,36.2
770,2,1982,93.0
770,2,1983,253.62
770,2,1984,478.85
770,2,1985,548.6
770,2,1986,134.45
770,2,1987,95.5
770,2,1988,77.6
770,2,1989,607.5500000000001
770,2,1990,28.1
770,2,1991,19.8
770,2,1993,1.0
770,2,1994,3.6000000000000014
770,2,1996,160.2
770,2,1997,110.0
770,2,2002,20.5
770,2,2003,3.6000000000000014
770,2,2004,48.0
770,2,2005,142.14
770,2,2006,77.52000000000001
770,2,2007,374.17999999999995
770,2,2008,279.47
770,2,2009,127.5
770,2,2010,1010.2
770,2,2011,245.07999999999998
770,2,2012,252.2
770,2,2013,122.13999999999999
770,2,2014,191.56
770,2,2015,95.17
770,2,2016,43.260000000000005
770,2,2017,21.16
770,2,2018,27.0
770,2,2020,11.6
770,2,2023,7.0
770,2,2024,3.0
770,2,2025,7.0
770,20,1986,2.5
770,20,1988,5.0
770,20,2015,20.0
770,140,2013,3.0
770,140,2014,4.0
770,140,2015,5.0
770,140,2016,4.0
770,140,2017,4.0
770,200,1950,158.56
770,200,1951,168.94
770,200,1952,145.06
770,200,1953,95.48
770,200,1954,92.16
770,200,1955,59.94
770,200,1956,3.0
770,200,1957,287.1
770,200,1958,185.13
770,200,1965,28.0
770,200,1967,3.0
770,200,1968,27.78
770,200,1969,14.28
770,200,1973,14.28
770,200,1974,60.0
770,200,1982,198.4
770,200,1988,104.84
770,200,1989,2.7
770,200,1990,1.2
770,200,1991,1.2
770,200,1993,184.14
770,200,1994,375.5
770,200,2008,0.76
770,200,2013,0.6
770,200,2017,5.4
770,200,2018,15.100000000000001
770,200,2019,2.0
770,200,2021,7.0
770,200,2022,2.0
770,210,1994,50.0
770,210,1995,1.52
770,210,1997,18.0
770,210,1998,9.0
770,210,2020,80.4
770,210,2022,44.0
770,210,2023,22.0
770,210,2024,213.0
770,210,2025,22.0
770,211,2022,67.2
770,211,2023,11.2
770,220,1968,7.8
770,220,1969,288.0
770,220,1970,201.0
770,220,1971,168.75
770,220,1972,168.75
770,220,1975,60.60000000000001
770,220,1976,99.60000000000001
770,220,1977,199.25
770,220,1978,136.25
770,220,1979,360.0
770,220,1980,385.40000000000003
770,220,1981,190.4
770,220,1982,160.4
770,220,1983,44.08
770,220,1985,15.0
770,220,1986,45.0
770,220,1987,24.5
770,220,1988,30.3
770,220,1989,0.2
770,220,1990,0.2
770,220,1991,12.2
770,220,1992,59.5
770,220,1993,4.5
770,220,1994,4.5
770,220,1995,7.0
770,220,1996,60.0
770,220,1997,5.0
770,220,1998,116.9
770,220,1999,80.64999999999998
770,220,2000,82.4
770,220,2001,78.9
770,220,2002,35.28
770,220,2003,35.27999999999997
770,220,2004,29.35
770,220,2005,13.5
770,220,2006,26.5
770,220,2008,3.0400000000000205
770,220,2009,20.0
770,220,2010,19.52
770,220,2011,23.38
770,220,2012,16.28
770,220,2013,29.32
770,220,2014,5.96
770,225,1983,55.0
770,225,1984,55.0
770,225,1985,30.0
770,225,1987,30.0
770,225,1988,30.0
770,225,2007,39.0
770,225,2008,73.0
770,225,2009,44.0
770,225,2016,19.5
770,225,2017,19.5
770,230,2013,10.4
770,235,1975,22.0
770,255,1990,8.8
770,255,1991,7.7
770,255,1997,2.4
770,255,1999,2.4
770,255,2006,6.0
770,255,2007,54.6
770,255,2008,56.4
770,255,2009,15.0
770,255,2010,11.0
770,255,2013,7.5
770,255,2018,28.0
770,255,2019,28.0
770,255,2022,28.0
770,255,2023,3.0
770,255,2025,3.0
770,260,1966,126.0
770,260,1973,3.75
770,260,1974,3.75
770,260,1975,3.75
770,260,1976,3.75
770,260,1979,58.75
770,260,1980,63.75
770,260,1981,48.75
770,317,1993,0.72
770,325,1975,2.25
770,325,1976,6.75
770,325,1977,6.75
770,325,1978,6.75
770,325,1989,3.0
770,325,1999,5.0
770,325,2000,5.0
770,325,2010,65.75
770,325,2011,75.0
770,325,2012,75.0
770,325,2013,109.0
770,325,2014,27.0
770,325,2015,12.2
770,325,2016,12.0
770,325,2017,77.16
770,325,2018,112.16999999999999
770,325,2019,25.64
770,325,2023,16.75
770,325,2025,16.75
770,338,2015,5.2
770,360,1988,24.0
770,365,1966,0.4
770,365,1968,199.0
770,365,1969,80.0
770,365,1970,24.0
770,365,1984,30.0
770,365,1985,36.0
770,365,1995,36.25
770,365,1996,87.0
770,365,2002,106.14
770,365,2004,87.0
770,365,2007,6.6
770,365,2008,17.6
770,365,2009,6.6
770,365,2010,26.4
770,365,2011,28.6
770,365,2012,28.6
770,365,2013,28.6
770,365,2014,28.6
770,365,2015,37.4
770,365,2016,43.199999999999996
770,365,2017,37.4
770,365,2018,79.0
770,365,2019,59.6
770,365,2020,37.4
770,365,2021,6.6
770,365,2023,26.4
770,365,2024,26.4
770,365,2025,2.2
770,368,2022,13.2
770,369,1997,420.0
770,369,1998,440.0
770,369,1999,420.0
770,369,2001,4.5
770,369,2004,12.4
770,369,2005,12.4
770,369,2006,12.4
770,369,2007,15.100000000000001
770,369,2008,12.0
770,369,2009,69.9
770,369,2010,71.7
770,369,2011,129.6
770,369,2012,7.5
770,369,2013,7.5
770,369,2014,8.1
770,369,2015,1.5
770,369,2016,7.5
770,369,2017,7.5
770,369,2018,11.79
770,369,2019,11.9
770,369,2020,7.5
770,369,2021,7.5
770,369,2022,7.5
770,369,2023,1.5
770,370,1997,12.8
770,370,1998,12.8
770,370,1999,12.8
770,380,1987,13.000000000000004
770,380,1988,12.999999999999998
770,380,1993,6.5
770,380,1999,1.7999999999999998
770,380,2000,2.0999999999999996
770,380,2001,2.0999999999999996
770,380,2002,2.0999999999999996
770,380,2003,2.0999999999999996
770,380,2004,1.7999999999999998
770,380,2008,6.6
770,380,2009,80.0
770,380,2010,240.0
770,380,2016,4.0
770,380,2018,12.0
770,380,2020,80.0
770,380,2023,80.0
770,380,2024,80.0
770,620,2004,112.5
770,620,2005,112.5
770,620,2007,9.0
770,620,2008,13.5
770,620,2009,13.5
770,620,2010,9.0
770,630,1967,27.6
770,630,1974,52.4
770,630,1975,4.4
770,640,1995,2.5
770,640,1996,2.5
770,640,2007,25.1
770,640,2008,31.700000000000003
770,640,2009,6.6
770,640,2015,24.48
770,640,2017,8.0
770,640,2018,16.0
770,640,2022,4.8
770,640,2023,18.599999999999994
770,640,2024,16.7
770,640,2025,5.0
770,651,2021,40.5
770,651,2022,40.5
770,660,2002,48.0
770,663,1971,36.0
770,663,2013,24.0
770,663,2014,114.4
770,663,2015,7.3
770,694,2021,10.8
770,696,1987,1.52
770,696,2009,33.6
770,710,1964,2.0
770,710,1965,165.25
770,710,1966,457.2
770,710,1967,117.4
770,710,1968,167.5
770,710,1969,157.5
770,710,1970,182.5
770,710,1971,346.0
770,710,1972,488.75
770,710,1973,121.25
770,710,1974,11.25
770,710,1975,75.5
770,710,1976,135.3
770,710,1977,24.5
770,710,1978,297.0
770,710,1979,217.0
770,710,1980,245.3
770,710,1981,206.5
770,710,1982,67.5
770,710,1983,407.42
770,710,1984,289.25
770,710,1985,114.5
770,710,1986,67.5
770,710,1987,421.5
770,710,1988,122.5
770,710,1989,331.1
770,710,1990,331.1
770,710,1991,287.5
770,710,1993,460.0
770,710,1996,13.600000000000009
770,710,1997,28.299999999999997
770,710,1998,24.299999999999997
770,710,1999,10.400000000000006
770,710,2000,42.0
770,710,2001,220.0
770,710,2002,264.0
770,710,2003,223.5
770,710,2004,22.049999999999997
770,710,2005,22.5
770,710,2006,45.5
770,710,2009,55.89999999999998
770,710,2010,121.45000000000005
770,710,2011,172.3
770,710,2012,251.55000000000007
770,710,2013,204.85000000000002
770,710,2014,317.40000000000003
770,710,2015,221.1500000000001
770,710,2016,336.2800000000001
770,710,2017,222.14999999999998
770,710,2018,192.5
770,710,2019,101.39999999999998
770,710,2020,59.10000000000002
770,710,2021,749.98
770,710,2022,977.4000000000001
770,710,2023,1203.0
770,710,2024,140.39999999999998
770,710,2025,148.39999999999998
770,850,1970,11.52
770,850,2004,27.0
770,900,1990,144.0
770,900,1991,72.0
770,920,1992,3.4
770,920,1994,3.4
771,2,1977,22.2
771,2,1981,16.7
771,2,1982,9.32
771,2,1988,11.1
771,2,1991,18.0
771,2,1992,25.39
771,2,1995,8.64
771,2,1997,0.95
771,2,2000,60.72
771,2,2002,4.75
771,2,2013,54.0
771,2,2015,54.0
771,2,2021,9.0
771,2,2022,4.99
771,2,2023,4.22
771,2,2024,2.43
771,20,2017,1.5
771,20,2022,1.5
771,200,1973,1.8
771,200,1976,36.0
771,200,1978,36.0
771,200,1982,59.4
771,200,1994,36.0
771,200,2002,16.0
771,200,2003,8.0
771,200,2004,16.0
771,200,2010,23.2
771,200,2019,16.0
771,200,2020,32.0
771,200,2021,2.0
771,200,2022,18.0
771,200,2024,16.0
771,210,2001,18.75
771,220,1977,6.0
771,220,1980,1.6
771,220,1985,2.0
771,220,1986,2.64
771,220,2001,6.0
771,220,2012,6.5
771,220,2013,9.0
771,220,2015,10.0
771,220,2017,6.0
771,220,2019,10.0
771,220,2025,26.0
771,225,2019,13.0
771,230,2017,12.5
771,230,2022,12.5
771,255,2001,7.5
771,255,2013,14.0
771,255,2021,11.8
771,255,2022,11.8
771,305,2019,0.6
771,316,1995,32.0
771,316,2015,7.8
771,325,1975,11.25
771,325,1976,13.5
771,325,1977,13.5
771,325,2001,21.25
771,325,2006,16.0
771,325,2011,5.5
771,325,2012,4.0
771,325,2013,12.0
771,325,2015,12.0
771,325,2017,4.5
771,325,2018,24.5
771,325,2022,10.6
771,325,2025,5.5
771,345,1975,9.6
771,345,2013,10.0
771,345,2015,9.6
771,345,2016,9.0
771,345,2018,27.0
771,360,2005,2.7
771,365,1973,70.42
771,365,1974,42.0
771,365,1981,25.5
771,365,1990,22.0
771,365,1993,29.0
771,365,1994,4.9
771,365,1995,58.0
771,365,1999,140.25
771,365,2000,118.5
771,365,2001,38.65
771,365,2002,13.65
771,365,2006,21.0
771,365,2007,21.75
771,365,2011,28.0
771,365,2012,21.75
771,365,2013,49.55
771,365,2015,77.6
771,365,2016,155.0
771,365,2017,95.75
771,365,2019,36.25
771,369,1995,15.8
771,369,2002,3.04
771,369,2011,2.28
771,369,2012,3.9
771,369,2013,10.2
771,369,2014,2.4
771,369,2015,17.4
771,369,2016,24.0
771,369,2020,9.2
771,380,1985,4.5
771,640,2007,1.05
771,640,2008,2.25
771,640,2013,3.3
771,640,2017,6.0
771,640,2018,14.1
771,640,2021,35.3
771,640,2022,44.2
771,640,2023,55.55
771,640,2024,11.05
771,651,1975,13.2
771,651,1993,15.0
771,710,1975,4.8
771,710,1976,20.0
771,710,1977,20.76
771,710,1978,8.76
771,710,1979,1.14
771,710,1980,53.34
771,710,1981,30.22
771,710,1982,58.95
771,710,1983,109.2
771,710,1984,9.0
771,710,1985,78.95
771,710,1986,1.14
771,710,1987,0.95
771,710,1988,230.95
771,710,1989,302.0
771,710,1990,97.0
771,710,1991,61.25
771,710,1992,87.15
771,710,1993,5.0
771,710,1994,20.0
771,710,1995,9.0
771,710,1996,6.5600000000000005
771,710,1999,33.0
771,710,2000,11.0
771,710,2001,2.19
771,710,2004,7.0
771,710,2005,0.54
771,710,2006,183.94
771,710,2007,59.52
771,710,2008,9.44
771,710,2010,12.5
771,710,2011,84.5
771,710,2012,163.3
771,710,2013,428.4
771,710,2014,129.4
771,710,2015,374.1
771,710,2016,191.89
771,710,2018,18.0
771,710,2019,575.6
771,710,2020,24.5
771,710,2022,179.0
771,710,2024,15.000000000000004
771,732,1997,25.25
771,732,2000,9.6
771,732,2001,180.0
771,750,1971,6.680000000000001
771,750,1972,1.5
771,750,1973,3.34
771,750,1974,2.2
771,750,2020,2.16
771,770,1971,3.0
771,770,1985,12.0
771,770,1990,80.0
771,770,2004,8.89
771,770,2005,6.48
771,820,1999,10.9
771,830,1985,25.9
775,2,1957,4.2
775,2,1959,22.8
775,2,1961,11.4
775,2,1962,13.5
775,2,1963,18.78
775,2,1964,14.879999999999999
775,2,1965,11.1
775,2,1966,2.5
775,2,1967,5.0
775,2,1968,6.0
775,2,1971,21.6
775,2,1972,4.0
775,2,1975,53.459999999999994
775,2,1976,3.4
775,2,1977,7.1
775,2,1978,13.6
775,2,1980,16.5
775,2,1982,3.4
775,20,1951,0.24
775,20,1952,0.36
775,20,1954,0.6
775,20,1959,2.4
775,20,1960,2.4
775,20,1961,2.4
775,20,1979,4.199999999999999
775,20,1980,1.4
775,20,1986,1.4
775,20,1990,1.05
775,200,1950,3.95
775,200,1953,16.0
775,200,1954,30.599999999999998
775,200,1955,15.94
775,200,1956,29.86
775,200,1957,48.89
775,200,1958,31.080000000000002
775,200,1959,2.28
775,200,1960,2.5199999999999996
775,200,1961,0.34
775,200,1962,0.34
775,200,1963,0.34
775,200,1964,0.34
775,200,1965,0.34
775,200,1966,0.14
775,200,1967,0.07
775,200,1991,2.4
775,210,2017,17.6
775,211,2016,0.28
775,220,1955,1.0
775,220,1961,2.85
775,220,1963,2.85
775,220,1964,2.85
775,220,1965,2.85
775,220,1967,0.95
775,220,1970,0.95
775,220,2014,10.0
775,220,2015,10.0
775,225,1976,1.6
775,225,1977,1.6
775,225,1978,2.4
775,225,1979,15.0
775,225,1980,5.0
775,225,1986,7.6
775,225,1990,5.7
775,255,2003,0.8
775,255,2015,4.0
775,255,2016,4.0
775,290,1990,33.2
775,290,1991,22.2
775,290,1992,16.9
775,305,2018,1.0
775,325,1976,4.8
775,345,1958,29.0
775,345,1965,4.76
775,345,1971,6.25
775,345,1990,16.5
775,345,1991,32.1
775,345,2001,14.58
775,345,2006,5.35
775,345,2007,5.35
775,345,2008,45.0
775,355,1999,7.0
775,365,1963,5.64
775,365,1995,50.75
775,365,1997,36.25
775,365,2001,86.35
775,365,2002,133.35000000000002
775,365,2004,112.5
775,365,2005,144.75
775,365,2006,166.0
775,365,2007,112.5
775,365,2010,32.56
775,365,2011,367.51
775,365,2012,130.46
775,365,2013,41.3
775,365,2014,20.65
775,365,2015,11.88
775,365,2017,68.55
775,365,2018,71.8
775,365,2019,31.1
775,365,2020,63.99
775,365,2022,110.99
775,365,2023,110.0
775,365,2024,131.75
775,365,2025,24.0
775,369,1999,7.2
775,369,2002,14.56
775,369,2003,40.4
775,369,2007,14.0
775,369,2008,4.0
775,369,2009,20.0
775,369,2011,7.2
775,369,2015,3.6
775,369,2019,5.6
775,369,2021,2.4
775,369,2022,2.4
775,369,2023,0.6
775,369,2024,0.6
775,370,2015,6.0
775,370,2016,51.0
775,370,2019,7.2
775,390,1980,17.5
775,390,1982,35.0
775,390,1994,3.4
775,390,2014,3.8
775,666,1954,7.92
775,666,1955,30.36
775,666,2000,8.98
775,666,2001,2.0
775,666,2003,2.0
775,666,2009,2.97
775,666,2010,2.97
775,666,2011,1.0
775,666,2019,1.8000000000000007
775,710,1989,34.07
775,710,1990,221.84
775,710,1991,182.05
775,710,1992,14.25
775,710,1993,330.98
775,710,1994,93.48
775,710,1995,173.52
775,710,1996,115.02
775,710,1997,194.52
775,710,1998,156.28
775,710,1999,115.8
775,710,2000,2.5
775,710,2001,2.5
775,710,2002,8.5
775,710,2003,9.0
775,710,2004,72.0
775,710,2005,20.25
775,710,2006,12.0
775,710,2007,3.9
775,710,2008,12.8
775,710,2009,19.4
775,710,2010,5.0
775,710,2011,1.3000000000000114
775,710,2012,253.9
775,710,2013,191.0
775,710,2014,70.9
775,710,2015,62.400000000000006
775,710,2016,59.5
775,710,2018,90.7
775,710,2019,56.2
775,710,2021,38.0
775,710,2022,88.4
775,710,2024,86.0
775,710,2025,46.0
775,731,1999,11.2
775,731,2009,8.4
775,731,2010,7.2
775,732,2019,84.85
775,740,1958,0.96
775,740,1959,1.2
775,740,1960,0.96
775,740,1969,19.2
775,740,1978,8.8
775,750,2000,4.8
775,750,2006,8.98
775,750,2007,2.8
775,750,2008,4.2
775,750,2013,6.0
775,750,2015,27.0
775,750,2016,12.0
775,750,2019,3.0
775,750,2020,148.2
775,750,2023,7.5
775,816,2018,10.4
780,2,1964,0.24
780,2,1969,2.1
780,2,1971,3.38
780,2,1972,1.88
780,2,1976,0.1
780,2,1984,8.8
780,2,1985,38.5
780,2,1986,19.64
780,2,1987,14.8
780,2,1990,14.8
780,2,1997,36.0
780,2,1998,6.0
780,2,2000,10.0
780,2,2002,9.0
780,2,2003,3.0
780,2,2004,3.0
780,2,2005,6.0
780,2,2007,5.0
780,2,2011,10.0
780,2,2018,54.0
780,2,2021,54.0
780,2,2022,0.28
780,2,2024,7.5
780,2,2025,6.0
780,20,1984,3.4
780,160,1993,12.9
780,160,1994,4.3
780,200,1950,0.32
780,200,1952,0.48
780,200,1953,17.16
780,200,1955,7.5
780,200,1956,1.1
780,200,1957,1.69
780,200,1958,20.29
780,200,1959,7.8
780,200,1960,4.4399999999999995
780,200,1971,19.0
780,200,1975,1.0
780,200,1986,3.4
780,200,1987,0.7
780,200,1988,0.56
780,200,1990,3.38
780,200,1991,6.8
780,200,2000,42.96
780,200,2001,6.0
780,211,1990,0.58
780,211,1991,0.58
780,220,1978,6.5
780,220,1993,2.1
780,220,1994,0.7
780,220,2017,8.0
780,220,2018,8.0
780,315,1991,13.5
780,316,1996,9.0
780,316,1997,1.8
780,316,2000,9.48
780,316,2001,18.599999999999998
780,316,2002,0.92
780,316,2003,6.44
780,317,2002,2.88
780,325,1985,3.12
780,325,1987,0.21
780,325,1989,1.04
780,365,1971,10.32
780,365,1977,17.0
780,365,1993,21.75
780,365,1994,43.5
780,365,1998,28.32
780,365,1999,17.82
780,365,2000,4.4
780,365,2001,58.3
780,365,2013,21.75
780,369,1994,5.76
780,369,1995,43.2
780,369,1996,52.1
780,369,1997,11.0
780,369,1998,10.2
780,369,2000,54.0
780,369,2001,18.0
780,369,2006,20.8
780,560,1987,2.82
780,666,1959,23.0
780,666,1987,15.75
780,666,1988,15.75
780,666,1995,5.25
780,666,1996,60.55
780,666,1998,0.40000000000000036
780,666,1999,10.5
780,666,2000,108.65
780,666,2001,21.1
780,666,2002,10.5
780,666,2005,12.21
780,666,2007,0.8999999999999986
780,666,2009,21.0
780,666,2011,10.5
780,705,1996,12.0
780,710,1972,45.0
780,710,1980,18.0
780,710,1986,5.0
780,710,1987,51.0
780,710,1988,3.0
780,710,1989,5.0
780,710,1991,139.3
780,710,1992,18.6
780,710,1994,23.0
780,710,1995,15.0
780,710,1996,52.0
780,710,1998,28.0
780,710,1999,18.0
780,710,2000,27.95
780,710,2001,21.95
780,710,2002,3.5
780,710,2003,8.75
780,710,2004,18.75
780,710,2005,29.25
780,710,2006,50.25
780,710,2007,48.5
780,710,2008,66.63
780,710,2010,5.0
780,710,2018,1.14
780,710,2019,59.4
780,710,2023,5.0
780,750,2000,16.0
780,750,2006,9.5
780,750,2007,20.5
780,750,2008,11.0
780,750,2017,37.0
780,750,2018,37.0
780,750,2022,2.8
780,770,2000,3.6
780,770,2008,1.0
780,770,2025,5.0
780,830,1984,36.0
780,830,1987,26.0
780,830,2000,0.9
780,850,2008,0.7
780,900,2014,5.2
780,900,2024,1.14
781,640,1997,0.45
781,640,2024,7.2
781,640,2025,9.6
781,696,2025,1.5
781,750,1992,1.9000000000000001
781,750,2006,14.6
781,750,2010,4.5
781,750,2013,4.5
781,750,2019,1.8
781,750,2020,2.8
781,750,2021,1.8
781,780,1998,8.0
790,2,1989,0.95
790,2,2019,2.3
790,200,1965,1.68
790,200,1970,2.5
790,200,1971,2.5
790,200,1972,2.5
790,200,1975,8.5
790,200,1981,1.2
790,200,1984,2.5
790,200,1985,1.44
790,200,1995,0.72
790,200,2004,0.48
790,220,1971,3.8
790,220,1975,6.0
790,220,1976,6.0
790,220,1985,2.6
790,220,2002,1.3
790,220,2018,1.3
790,290,2002,2.75
790,290,2004,2.75
790,290,2019,5.5
790,290,2025,5.5
790,316,2008,0.96
790,325,2018,6.0
790,325,2019,6.0
790,365,2004,7.25
790,365,2015,14.5
790,369,2002,5.8
790,370,2003,5.8
790,560,2004,1.92
790,560,2005,1.04
790,666,1970,5.76
790,705,2001,9.57
790,710,2005,1.75
790,710,2016,8.7
790,710,2017,0.6
790,710,2019,14.85
790,710,2021,0.3
790,750,1974,1.9
790,750,1992,5.2
790,750,2001,2.26
790,750,2002,0.24
790,750,2003,3.75
790,750,2004,23.75
790,750,2005,4.5
790,750,2011,2.64
790,750,2014,4.5
790,850,2019,9.0
790,900,1971,2.0
800,2,1950,26.0
800,2,1951,89.14
800,2,1952,43.15
800,2,1953,23.02
800,2,1954,33.24
800,2,1955,49.18
800,2,1956,9.76
800,2,1957,87.87
800,2,1958,14.899999999999999
800,2,1959,9.86
800,2,1960,27.9
800,2,1961,52.38
800,2,1962,112.75
800,2,1963,103.34
800,2,1964,70.4
800,2,1965,86.54
800,2,1966,54.35
800,2,1967,139.9
800,2,1968,76.89
800,2,1969,119.66
800,2,1970,257.58
800,2,1971,231.57
800,2,1972,145.84
800,2,1973,213.88
800,2,1974,104.28
800,2,1975,45.45
800,2,1976,30.8
800,2,1977,45.61
800,2,1978,143.55
800,2,1979,192.55
800,2,1980,209.57
800,2,1981,299.6
800,2,1982,35.58
800,2,1983,65.56
800,2,1984,92.57
800,2,1985,97.5
800,2,1986,78.0
800,2,1987,206.9
800,2,1988,361.95000000000005
800,2,1989,198.0
800,2,1990,224.79
800,2,1991,280.16
800,2,1992,31.5
800,2,1993,131.5
800,2,1994,223.81
800,2,1995,165.09
800,2,1996,442.87
800,2,1997,377.84
800,2,1998,35.7
800,2,1999,44.5
800,2,2000,25.1
800,2,2001,13.25
800,2,2002,145.81
800,2,2003,126.14
800,2,2004,39.29
800,2,2005,17.0
800,2,2006,5.0
800,2,2009,4.0
800,2,2011,49.75
800,2,2012,21.15
800,2,2013,53.31
800,2,2014,31.75
800,2,2015,26.6
800,2,2016,46.25
800,2,2017,29.4
800,2,2018,46.6
800,2,2019,23.96
800,2,2020,23.3
800,2,2022,31.380000000000003
800,2,2023,14.25
800,2,2024,30.9
800,2,2025,23.5
800,20,1950,2.16
800,20,1968,11.25
800,20,1978,11.8
800,20,1981,12.0
800,20,1984,7.5
800,20,1987,2.5
800,20,1991,3.5
800,20,1992,3.5
800,20,1993,1.5
800,20,1994,4.5
800,20,1996,1.05
800,20,1998,1.05
800,20,2009,4.5
800,20,2016,1.5
800,20,2019,1.5
800,20,2022,1.0
800,20,2023,6.5
800,20,2024,2.0
800,20,2025,2.0
800,200,1950,33.6
800,200,1951,2.04
800,200,1952,1.74
800,200,1953,1.74
800,200,1954,4.640000000000001
800,200,1971,5.6
800,200,1972,1.6
800,200,1973,81.1
800,200,1975,7.5
800,200,1976,0.6
800,200,1978,24.9
800,200,1981,25.73
800,200,1982,31.73
800,200,1983,28.73
800,200,1984,41.53
800,200,1985,8.3
800,200,1986,3.2
800,200,1987,5.1
800,200,1988,3.6
800,200,1989,3.6
800,200,1990,3.6
800,200,1991,3.2
800,200,1992,43.599999999999994
800,200,1995,3.75
800,200,1996,3.75
800,200,2004,25.0
800,200,2005,5.0
800,200,2006,18.2
800,200,2012,5.0
800,200,2013,10.799999999999997
800,200,2016,11.25
800,200,2017,11.25
800,210,1971,6.0
800,210,1973,13.5
800,210,1974,6.0
800,210,1976,12.0
800,210,1977,6.0
800,210,1979,12.0
800,210,1980,6.0
800,210,1983,53.0
800,210,1984,101.5
800,210,1986,21.0
800,210,1987,53.0
800,210,1993,8.0
800,210,1994,9.0
800,210,1995,28.0
800,210,2005,16.0
800,210,2007,7.5
800,210,2013,9.25
800,210,2019,9.25
800,210,2021,10.0
800,210,2022,10.0
800,220,1954,31.92
800,220,1973,1.5
800,220,1976,12.0
800,220,1977,12.0
800,220,1978,12.0
800,220,1979,21.75
800,220,1980,21.0
800,220,1983,19.8
800,220,1984,42.0
800,220,1985,42.0
800,220,1986,0.2
800,220,1988,3.0
800,220,1989,3.0
800,220,1996,85.4
800,220,1997,71.5
800,220,2001,5.4
800,220,2009,41.1
800,220,2013,5.2
800,220,2014,5.2
800,220,2015,32.0
800,220,2016,16.0
800,220,2018,61.0
800,220,2021,32.0
800,220,2023,23.2
800,225,1973,7.2
800,225,1987,24.0
800,225,1988,29.0
800,225,1991,19.0
800,225,1992,19.0
800,225,1996,5.7
800,225,1998,5.7
800,225,2017,26.0
800,225,2023,1.85
800,230,1996,12.8
800,230,1997,443.59000000000003
800,230,2016,12.5
800,230,2019,12.5
800,230,2022,13.0
800,230,2023,12.5
800,255,1991,41.0
800,255,1992,44.0
800,255,1993,3.96
800,255,1994,3.0
800,255,1995,17.0
800,255,1996,7.0
800,255,1997,3.0
800,255,2000,29.7
800,255,2001,89.1
800,255,2004,4.62
800,255,2010,0.95
800,255,2011,0.05
800,255,2012,7.35
800,255,2013,8.8
800,255,2014,0.75
800,255,2015,26.2
800,255,2016,44.5
800,255,2017,7.3
800,255,2018,41.9
800,255,2019,20.6
800,255,2021,13.5
800,255,2022,10.0
800,260,1976,88.0
800,260,1977,44.0
800,260,1979,7.2
800,260,1980,3.6000000000000014
800,260,1983,5.0
800,260,1986,15.0
800,260,1987,54.0
800,260,1988,4.0
800,260,1989,4.0
800,305,1988,6.0
800,305,1996,18.0
800,305,1998,18.0
800,305,2009,2.1
800,305,2010,3.1
800,305,2011,1.5
800,305,2020,3.3
800,305,2021,2.0
800,305,2022,1.5
800,305,2023,0.8
800,316,1993,32.0
800,316,1994,112.0
800,316,1996,8.0
800,316,1997,8.0
800,325,1973,1.44
800,325,1974,1.44
800,325,1976,5.0
800,325,1979,92.8
800,325,1980,46.4
800,325,1982,1.44
800,325,1983,47.5
800,325,1984,22.5
800,325,1986,11.66
800,325,1987,24.34
800,325,1988,29.32
800,325,1989,12.0
800,325,1992,10.5
800,325,1995,76.8
800,325,1999,115.0
800,325,2002,5.4
800,325,2005,13.0
800,325,2006,13.0
800,325,2012,2.75
800,325,2013,8.75
800,325,2014,6.0
800,325,2015,22.5
800,325,2016,46.0
800,325,2017,15.5
800,325,2018,35.25
800,325,2019,2.75
800,325,2021,12.5
800,365,2008,2.88
800,365,2011,21.75
800,365,2015,14.5
800,365,2018,14.5
800,365,2021,21.75
800,365,2022,4.0
800,369,1993,4.8
800,369,1994,16.8
800,369,1996,1.2
800,369,1997,1.2
800,369,2010,26.5
800,369,2011,7.2
800,369,2012,103.8
800,369,2013,46.7
800,369,2014,45.95
800,369,2015,45.8
800,369,2016,71.9
800,369,2017,99.15
800,369,2018,55.0
800,380,1997,4.45
800,380,2002,0.4
800,380,2003,5.2
800,380,2005,0.4
800,380,2010,26.8
800,380,2011,157.8
800,380,2012,34.8
800,380,2013,169.5
800,380,2014,7.5
800,380,2015,12.5
800,380,2016,12.5
800,380,2017,4.0
800,380,2018,25.0
800,390,2012,7.25
800,560,2008,13.05
800,560,2011,6.6
800,560,2012,2.4
800,560,2013,9.0
800,560,2016,3.0
800,560,2017,2.4
800,560,2018,0.75
800,560,2019,1.8
800,560,2020,8.1
800,666,1975,37.4
800,666,1976,6.0
800,666,1977,3.0
800,666,1980,2.75
800,666,1981,2.75
800,666,1982,2.75
800,666,1988,27.2
800,666,1996,5.0
800,666,1998,2.0
800,666,2001,1.2
800,666,2004,10.6
800,666,2014,2.34
800,666,2015,2.84
800,666,2016,2.34
800,666,2018,11.0
800,666,2019,11.5
800,666,2020,22.5
800,666,2021,30.5
800,666,2022,12.0
800,666,2023,15.0
800,666,2024,4.0
800,710,1985,12.6
800,710,1987,135.1
800,710,1988,124.6
800,710,1989,60.6
800,710,1990,2.0
800,710,1991,223.25
800,710,1992,187.25
800,710,1996,150.0
800,710,2000,21.0
800,710,2005,63.25
800,710,2006,63.25
800,710,2009,10.8
800,710,2012,18.0
800,710,2013,26.8
800,710,2014,7.2
800,710,2015,0.56
800,710,2016,73.5
800,710,2017,117.4
800,710,2018,46.800000000000004
800,710,2019,92.4
800,710,2020,5.5
800,710,2021,29.05
800,710,2022,177.0
800,710,2023,195.10000000000002
800,732,2018,285.95
800,732,2019,71.2
800,732,2020,71.2
800,732,2023,1.0
800,732,2024,35.6
800,740,1963,7.5
800,740,1964,13.5
800,740,1966,3.5
800,740,1969,1.5
800,820,1982,6.4
800,830,1981,10.0
800,830,2004,57.82
800,830,2010,3.0
800,830,2011,3.6
800,830,2012,75.0
800,850,1980,3.8
800,850,1985,7.6
800,850,1986,3.8
800,900,1982,3.0
800,900,1983,13.5
800,900,1984,24.0
800,900,1985,2.5
800,920,1973,1.8
800,920,1974,1.8
800,920,1992,0.9
800,920,1999,0.9
800,920,2000,0.9
800,920,2002,0.6
800,920,2004,0.75
800,920,2005,0.45
811,2,1955,3.6
811,2,1956,10.950000000000001
811,2,1957,4.47
811,2,1958,4.0
811,2,1961,0.38
811,2,1962,3.4899999999999998
811,2,1963,8.4
811,2,1964,3.9
811,2,1966,9.0
811,2,1967,1.8
811,2,1970,8.02
811,2,1971,21.7
811,2,1972,97.58000000000001
811,2,1973,113.12
811,2,1974,25.4
811,20,2012,3.0
811,220,1954,2.83
811,220,1955,15.47
811,220,1956,25.08
811,220,1957,6.0
811,220,1959,2.26
811,220,1960,1.4
811,220,1961,2.0
811,220,1962,2.0
811,220,1963,2.1
811,220,1964,16.75
811,220,1965,33.84
811,220,1968,1.7
811,220,1969,17.6
811,220,1993,2.6
811,290,1994,30.0
811,316,1994,27.12
811,316,2013,29.16
811,317,1997,4.8
811,317,2012,4.68
811,325,2018,2.4
811,345,1965,5.6
811,345,2010,30.0
811,355,1986,8.0
811,355,1996,4.0
811,355,1997,4.0
811,355,2010,4.24
811,365,1964,20.66
811,365,1965,2.56
811,365,1967,9.4
811,365,1978,4.5
811,365,1980,33.82
811,365,1983,13.4
811,365,1984,67.0
811,365,1985,63.4
811,365,1986,127.54
811,365,1987,49.68
811,365,1988,7.64
811,365,1989,124.03
811,365,1990,47.75
811,365,2021,5.8
811,369,1994,11.6
811,369,1996,22.4
811,369,1997,13.0
811,369,2012,54.0
811,591,1995,0.8999999999999999
811,694,2021,0.6
811,698,1994,0.48
811,710,1965,0.57
811,710,1966,27.68
811,710,1967,9.0
811,710,1968,13.0
811,710,1978,38.2
811,710,1985,6.0
811,710,1988,2.0
811,710,1994,5.0
811,710,2007,56.0
811,710,2009,4.0
811,710,2012,16.0
811,710,2013,39.0
811,710,2018,2.25
811,710,2019,0.75
811,710,2021,28.8
811,710,2022,37.8
811,710,2023,55.5
811,740,1954,1.54
811,816,2006,13.6
811,900,1972,6.0
812,2,1956,1.4
812,2,1957,0.9
812,2,1958,10.46
812,2,1959,0.46
812,2,1960,3.0
812,2,1961,4.01
812,2,1962,14.0
812,2,1963,11.5
812,2,1964,7.0
812,2,1965,7.0
812,2,1966,14.0
812,2,1967,10.5
812,2,1968,3.5
812,2,1969,9.7
812,2,1970,23.130000000000003
812,2,1971,1.0
812,2,1972,13.53
812,2,1973,44.05
812,2,1974,1.0
812,2,1975,1.0
812,20,2012,3.0
812,20,2013,3.0
812,220,1954,0.66
812,220,1955,1.6199999999999999
812,220,1959,1.4
812,220,1962,0.18
812,220,1963,3.8
812,220,2015,6.5
812,365,1962,4.95
812,365,1967,3.6
812,365,1971,3.0
812,365,1975,35.85
812,365,1976,21.0
812,365,1977,134.2
812,365,1978,25.5
812,365,1980,35.0
812,365,1981,54.11
812,365,1982,1.44
812,365,1983,94.0
812,365,1984,25.7
812,365,1985,59.21
812,365,1987,18.0
812,365,1988,18.0
812,365,1997,42.5
812,365,1998,21.75
812,365,1999,3.5
812,365,2000,7.25
812,365,2003,0.45
812,365,2005,3.5
812,365,2011,14.5
812,365,2018,66.15
812,365,2019,18.15
812,365,2020,17.16
812,365,2021,3.4
812,365,2024,7.25
812,369,1999,26.0
812,369,2009,26.0
812,710,1971,10.0
812,710,1990,8.0
812,710,2008,6.5
812,710,2012,16.0
812,710,2013,16.0
812,710,2015,0.96
812,710,2017,1.95
812,710,2018,66.25
812,710,2019,8.9
812,710,2023,3.2
812,816,1987,11.4
812,900,1971,3.0
816,2,2017,54.0
816,2,2021,54.0
816,2,2024,13.6
816,2,2025,71.6
816,20,2012,2.5
816,20,2013,5.0
816,20,2014,15.0
816,20,2015,3.0
816,20,2024,2.5
816,20,2025,3.5
816,220,2011,16.0
816,230,2014,12.5
816,230,2015,25.0
816,255,2001,6.0
816,265,1976,12.0
816,265,1977,12.0
816,290,2002,4.0
816,290,2005,15.0
816,310,1968,28.0
816,310,1969,28.0
816,315,1961,1.0
816,315,1966,15.0
816,315,1970,6.0
816,315,1971,6.0
816,315,1980,42.0
816,315,1981,42.0
816,315,1984,1.6
816,316,2003,20.0
816,316,2005,26.0
816,316,2014,12.0
816,316,2015,12.0
816,316,2016,24.0
816,316,2024,41.4
816,316,2025,41.4
816,317,2014,5.4
816,317,2016,5.4
816,360,1997,2.4
816,360,2009,0.8
816,360,2010,0.8
816,360,2011,0.4
816,365,1954,10.0
816,365,1955,19.0
816,365,1956,9.0
816,365,1957,24.0
816,365,1958,25.5
816,365,1959,58.5
816,365,1960,103.0
816,365,1961,93.80000000000001
816,365,1962,47.2
816,365,1963,106.8
816,365,1964,210.72
816,365,1965,584.64
816,365,1966,1070.42
816,365,1967,1086.06
816,365,1968,988.54
816,365,1969,759.15
816,365,1970,934.85
816,365,1971,797.25
816,365,1972,956.65
816,365,1973,1283.1
816,365,1974,854.5
816,365,1975,492.5
816,365,1976,30.0
816,365,1977,30.0
816,365,1978,227.0
816,365,1979,1248.89
816,365,1980,974.55
816,365,1981,1031.44
816,365,1982,531.86
816,365,1983,916.32
816,365,1984,555.32
816,365,1985,27.5
816,365,1986,77.5
816,365,1987,49.5
816,365,1988,64.5
816,365,1989,128.0
816,365,1990,116.03999999999999
816,365,1995,271.25
816,365,1996,171.55
816,365,1997,102.05
816,365,1998,174.55
816,365,1999,145.6
816,365,2000,1.75
816,365,2001,21.75
816,365,2002,53.75
816,365,2003,1.75
816,365,2004,298.95
816,365,2005,163.95
816,365,2006,16.05
816,365,2007,1.75
816,365,2008,41.75
816,365,2009,54.55
816,365,2010,160.35
816,365,2011,979.35
816,365,2012,702.75
816,365,2013,311.45
816,365,2014,884.4000000000001
816,365,2015,624.0
816,365,2016,591.6
816,365,2017,465.0
816,365,2018,333.0
816,365,2019,143.0
816,365,2020,15.0
816,365,2021,63.0
816,365,2022,63.0
816,369,1995,1.9
816,369,1996,38.9
816,369,1997,2.85
816,369,1998,2.85
816,369,1999,22.5
816,369,2000,9.5
816,369,2005,15.6
816,369,2006,26.0
816,369,2008,11.0
816,369,2011,20.0
816,369,2012,18.0
816,369,2013,18.0
816,369,2014,36.0
816,369,2015,11.0
816,369,2016,11.0
816,369,2017,10.0
816,369,2018,10.0
816,666,2006,0.24
816,666,2007,5.76
816,666,2008,6.0
816,666,2009,6.0
816,666,2013,26.0
816,666,2014,13.8
816,666,2015,7.35
816,666,2016,133.6
816,666,2017,171.25
816,666,2018,171.25
816,666,2021,9.0
816,710,1957,36.0
816,710,1964,54.86
816,710,1965,66.82000000000001
816,710,1966,52.9
816,710,1967,16.9
816,710,1968,162.5
816,710,1969,121.5
816,710,1970,273.5
816,710,1971,393.71
816,710,1972,360.52
816,710,1974,4.4
816,731,1996,3.5
816,731,1997,3.5
816,731,1998,31.25
816,732,2017,60.0
816,732,2018,60.0
816,732,2025,60.0
816,750,2023,30.0
816,850,2018,7.6
817,2,1954,0.48
817,2,1955,62.86
817,2,1956,67.78
817,2,1957,24.3
817,2,1958,19.48
817,2,1959,20.0
817,2,1960,42.72
817,2,1961,111.06
817,2,1962,164.9
817,2,1963,131.63
817,2,1964,84.94
817,2,1965,130.91
817,2,1966,199.09
817,2,1967,260.53
817,2,1968,308.23
817,2,1969,589.92
817,2,1970,655.9
817,2,1971,977.7
817,2,1972,2160.67
817,2,1973,629.3
817,2,1974,351.5
817,220,1953,0.48
817,220,1954,43.28
817,220,1955,24.48
817,220,1956,52.92
817,220,1957,4.0
817,220,1958,0.4
817,630,1972,96.0
817,713,1972,153.6
817,732,1972,140.8
817,740,1954,0.88
820,2,1961,0.7
820,2,1967,4.8
820,2,1968,65.4
820,2,1969,4.8
820,2,1971,61.45
820,2,1972,10.0
820,2,1973,10.0
820,2,1974,18.16
820,2,1975,84.9
820,2,1976,271.2
820,2,1977,48.0
820,2,1978,65.3
820,2,1979,61.8
820,2,1980,84.0
820,2,1981,55.8
820,2,1983,21.0
820,2,1984,4.0
820,2,1985,128.88
820,2,1986,94.01
820,2,1991,28.0
820,2,1994,51.0
820,2,1995,176.17000000000002
820,2,1997,335.4
820,2,1999,6.0
820,2,2002,6.45
820,2,2003,25.22
820,2,2004,7.75
820,2,2005,1.0
820,2,2006,12.8
820,2,2007,13.8
820,2,2009,10.0
820,2,2010,10.84
820,2,2011,2.2
820,2,2013,5.7
820,2,2014,10.0
820,2,2015,3.6
820,2,2016,9.3
820,2,2017,3.3
820,2,2019,1.0
820,2,2020,1.0
820,2,2022,25.5
820,2,2023,11.0
820,20,1966,15.0
820,20,1967,15.05
820,20,1968,15.05
820,20,1969,46.65
820,20,1970,11.25
820,20,1972,15.0
820,20,1982,0.7
820,20,1983,7.7
820,20,1984,7.0
820,20,2001,3.15
820,20,2007,3.5
820,20,2016,1.75
820,140,2002,20.5
820,140,2010,18.0
820,200,1958,12.85
820,200,1959,18.1
820,200,1960,4.6
820,200,1961,1.12
820,200,1962,30.990000000000002
820,200,1963,67.51
820,200,1964,92.05
820,200,1965,9.8
820,200,1966,35.73
820,200,1967,107.25
820,200,1968,10.5
820,200,1971,85.83999999999999
820,200,1972,8.84
820,200,1977,36.0
820,200,1978,4.4
820,200,1979,4.4
820,200,1983,45.1
820,200,1984,2.4
820,200,1985,0.4
820,200,1988,1.92
820,200,1989,10.92
820,200,1991,4.8
820,200,1992,13.0
820,200,1994,3.0
820,200,1995,26.5
820,200,1996,15.93
820,200,1997,35.93
820,200,1998,0.25
820,200,1999,394.25
820,200,2002,20.0
820,200,2003,67.5
820,200,2004,13.5
820,200,2006,5.0
820,200,2007,17.5
820,200,2009,3.2
820,200,2010,7.75
820,200,2015,10.0
820,200,2016,31.91
820,200,2017,13.6
820,200,2018,3.6
820,200,2020,1.89
820,210,1971,11.5
820,210,1976,24.0
820,210,1977,12.0
820,210,1984,30.0
820,210,1985,6.5
820,210,1986,6.5
820,210,1999,18.0
820,210,2013,2.5
820,210,2014,2.5
820,210,2017,1.5
820,210,2018,3.0
820,210,2019,3.0
820,210,2020,3.0
820,210,2021,1.5
820,211,1983,51.0
820,211,1984,90.3
820,211,1985,3.6
820,220,1963,7.6
820,220,1964,4.75
820,220,1966,7.6
820,220,1969,4.75
820,220,1972,54.230000000000004
820,220,1973,198.1
820,220,1974,56.04
820,220,1979,23.5
820,220,1984,21.75
820,220,1985,5.25
820,220,1986,5.25
820,220,1996,15.4
820,220,1997,1.0
820,220,1998,3.6
820,220,1999,15.0
820,220,2000,0.74
820,220,2003,15.2
820,220,2004,12.9
820,220,2005,9.9
820,220,2007,2.0
820,220,2008,6.0
820,220,2009,315.27
820,220,2010,14.4
820,220,2011,2.25
820,220,2012,16.0
820,220,2013,53.0
820,220,2014,40.0
820,220,2016,12.1
820,220,2018,1.2
820,220,2019,1.2
820,225,1982,2.5
820,225,1983,27.5
820,225,1984,25.0
820,225,1988,12.0
820,225,1989,20.0
820,225,2001,11.25
820,225,2002,6.0
820,225,2007,12.5
820,225,2010,9.0
820,225,2016,6.25
820,230,2009,299.52
820,230,2015,73.0
820,230,2016,146.0
820,230,2017,73.0
820,255,1997,22.0
820,255,1999,42.0
820,255,2008,20.0
820,255,2009,0.9599999999999937
820,255,2013,6.0
820,255,2014,6.96
820,255,2015,13.120000000000001
820,255,2016,26.08
820,255,2017,15.92
820,255,2018,3.44
820,255,2019,3.44
820,255,2020,3.44
820,255,2021,2.16
820,260,1972,4.8
820,260,1973,14.4
820,260,1979,14.4
820,260,1980,40.5
820,260,1982,22.0
820,260,1983,87.5
820,260,1984,320.08000000000004
820,290,2007,23.0
820,290,2008,73.0
820,290,2009,57.6
820,290,2010,19.4
820,305,2018,0.4
820,325,1970,13.5
820,325,1971,18.0
820,325,1972,13.5
820,325,1983,30.6
820,325,1984,30.6
820,325,1985,225.1
820,325,1997,157.85
820,325,1998,34.65
820,325,1999,162.25
820,325,2000,17.6
820,325,2002,7.7
820,325,2003,12.5
820,325,2004,18.7
820,325,2006,14.5
820,325,2009,107.3
820,325,2010,14.5
820,325,2022,18.0
820,365,1995,535.5
820,365,1999,14.5
820,365,2001,1.0
820,365,2002,45.739999999999995
820,365,2003,16.0
820,365,2007,393.2
820,365,2008,394.3
820,365,2009,394.3
820,365,2010,0.2
820,365,2012,2.5
820,365,2013,15.0
820,369,1995,24.89
820,380,1972,2.25
820,380,1973,6.75
820,380,1976,9.0
820,380,1977,4.5
820,380,1979,205.6
820,380,1980,2.25
820,380,1983,4.5
820,380,1984,11.5
820,380,1985,7.5
820,380,1986,7.5
820,380,1987,5.0
820,380,1989,6.5
820,380,1999,15.0
820,380,2000,8.0
820,385,2021,48.0
820,390,2017,4.75
820,390,2018,4.75
820,560,2001,10.0
820,560,2002,12.0
820,560,2016,0.75
820,560,2017,10.35
820,560,2018,14.19
820,560,2019,9.99
820,560,2020,9.6
820,560,2021,8.4
820,640,2024,7.0
820,696,2017,1.62
820,710,2009,5.12
820,710,2019,27.5
820,710,2021,55.0
820,710,2022,27.5
820,732,1993,12.6
820,732,1995,20.7
820,732,2009,5.0
820,770,2002,7.85
820,770,2003,7.85
820,830,1971,1.54
820,830,1978,2.66
820,835,2016,11.6
820,850,1999,54.0
820,850,2005,9.0
820,850,2006,9.0
820,900,1969,23.1
820,900,1971,13.86
820,920,1967,0.73
830,2,1969,5.6
830,2,1970,44.2
830,2,1971,40.7
830,2,1972,8.0
830,2,1973,27.5
830,2,1974,27.5
830,2,1975,21.0
830,2,1976,51.24000000000001
830,2,1977,52.58
830,2,1978,49.66
830,2,1979,267.1
830,2,1980,154.7
830,2,1981,93.0
830,2,1982,87.0
830,2,1983,165.5
830,2,1984,72.0
830,2,1985,63.0
830,2,1986,9.0
830,2,1987,231.8
830,2,1988,519.46
830,2,1989,229.3
830,2,1990,174.24
830,2,1991,35.4
830,2,1992,8.4
830,2,1993,81.54
830,2,1994,10.8
830,2,1995,14.9
830,2,1996,55.0
830,2,1997,439.91999999999996
830,2,1998,592.12
830,2,1999,178.68
830,2,2000,518.0
830,2,2001,55.05
830,2,2002,204.95
830,2,2003,42.45
830,2,2004,359.25
830,2,2005,530.25
830,2,2006,30.0
830,2,2007,7.5
830,2,2008,23.5
830,2,2009,702.14
830,2,2010,675.84
830,2,2011,445.14
830,2,2012,430.21999999999997
830,2,2013,630.36
830,2,2014,23.28
830,2,2015,74.92
830,2,2016,554.66
830,2,2017,111.2
830,2,2018,34.8
830,2,2019,2.48
830,2,2020,5.0
830,2,2021,138.5
830,2,2022,336.0
830,2,2023,62.5
830,2,2024,4.0
830,2,2025,8.0
830,20,1984,0.8
830,20,1985,4.0
830,20,1986,4.0
830,20,1987,3.2
830,20,1993,4.5
830,20,1994,6.0
830,20,1995,3.0
830,20,2008,9.5
830,200,1965,0.72
830,200,1966,8.0
830,200,1969,108.8
830,200,1970,33.0
830,200,1971,51.74000000000001
830,200,1972,33.79
830,200,1973,43.67
830,200,1974,7.5
830,200,1976,7.14
830,200,1982,62.0
830,200,1983,62.0
830,200,1994,3.3
830,200,1995,6.6
830,200,1996,3.3
830,200,1997,5.5
830,200,1998,72.6
830,200,1999,71.5
830,200,2000,6.0
830,200,2001,6.0
830,200,2018,44.0
830,200,2019,66.0
830,200,2020,22.0
830,210,1970,5.0
830,210,1971,18.0
830,210,1972,12.0
830,210,1974,12.0
830,210,1975,6.0
830,210,1976,6.0
830,210,1993,24.0
830,210,1994,84.5
830,210,1995,66.84
830,210,2013,9.0
830,210,2014,13.5
830,210,2015,4.5
830,210,2017,24.0
830,210,2018,16.0
830,210,2019,24.0
830,220,1969,3.8
830,220,1970,3.8
830,220,1980,12.0
830,220,1982,4.0
830,220,1983,13.1
830,220,1990,59.2
830,220,1991,15.7
830,220,1992,44.0
830,220,1993,59.6
830,220,1994,32.5
830,220,1995,18.0
830,220,1996,28.5
830,220,1997,18.63
830,220,1999,13.5
830,220,2000,16.1
830,220,2001,0.48
830,220,2006,5.9
830,220,2007,10.800000000000011
830,220,2008,4.2000000000000455
830,220,2009,30.0
830,220,2012,50.0
830,220,2013,22.6
830,220,2014,0.8
830,220,2015,30.2
830,220,2016,4.4
830,220,2017,190.0
830,220,2018,381.0
830,220,2019,329.0
830,220,2020,98.0
830,220,2021,24.0
830,220,2022,96.0
830,220,2023,24.0
830,225,1974,28.0
830,225,1979,44.25
830,225,1980,40.75
830,225,1981,54.0
830,225,1991,30.0
830,225,1992,30.0
830,225,2008,95.0
830,225,2014,2.5
830,225,2015,30.0
830,255,1996,9.0
830,255,1997,9.0
830,255,1998,18.0
830,255,2007,18.64
830,255,2008,116.64
830,255,2009,63.68
830,255,2010,161.21
830,255,2011,170.60999999999999
830,255,2012,14.690000000000001
830,255,2013,4.13
830,255,2016,18.48
830,255,2017,56.52
830,255,2018,53.52
830,255,2019,16.48
830,255,2020,4.4
830,255,2021,4.4
830,255,2022,4.4
830,255,2023,4.399999999999977
830,255,2024,4.399999999999977
830,255,2025,4.4
830,325,1971,3.84
830,325,1979,1.44
830,325,1982,1.44
830,325,1990,20.75
830,325,1991,20.75
830,325,1994,6.25
830,325,1995,6.25
830,325,1996,15.75
830,325,1997,18.25
830,325,1998,64.0
830,325,2007,10.25
830,325,2008,18.25
830,325,2009,13.0
830,325,2011,40.0
830,325,2012,65.5
830,325,2013,51.0
830,325,2014,25.5
830,325,2017,8.25
830,325,2018,5.5
830,325,2019,8.25
830,380,1972,4.5
830,380,1974,4.5
830,380,1975,2.25
830,380,1976,2.25
830,380,1982,13.0
830,380,1990,15.0
830,380,1991,15.0
830,380,1997,72.6
830,380,1999,7.5
830,380,2000,199.7
830,380,2001,134.6
830,380,2003,12.0
830,380,2011,119.0
830,380,2012,114.0
830,380,2013,15.0
830,380,2019,5.0
830,560,1992,20.0
830,663,1977,18.4
830,663,1994,29.4
830,666,1969,14.4
830,666,1971,27.349999999999998
830,666,1972,34.800000000000004
830,666,1974,6.9
830,666,1975,6.9
830,666,1976,6.6
830,666,1977,32.3
830,666,1989,1.3
830,666,1990,15.65
830,666,1991,15.55
830,666,1994,6.0
830,666,1995,6.0
830,666,1996,47.25
830,666,1997,48.95
830,666,1998,37.0
830,666,1999,17.0
830,666,2000,42.0
830,666,2001,42.0
830,666,2002,17.0
830,666,2003,17.0
830,666,2004,6.800000000000001
830,666,2006,31.0
830,666,2007,69.0
830,666,2009,35.0
830,666,2010,70.0
830,666,2011,73.75
830,666,2012,57.0
830,666,2013,15.0
830,666,2015,12.5
830,666,2016,42.5
830,666,2017,2.0
830,666,2018,6.0
830,666,2019,15.0
830,666,2020,24.0
830,666,2021,36.5
830,666,2022,56.5
830,666,2023,56.5
830,666,2024,23.5
830,666,2025,23.5
830,680,1975,6.4
830,690,1984,3.52
830,698,1977,5.0
830,750,1973,18.0
830,750,1974,18.0
830,750,1975,30.96
830,771,1984,1.76
830,900,2010,30.0
830,900,2011,30.0
830,900,2012,15.0
830,900,2013,6.0
830,920,1969,0.16
830,920,1973,0.32
835,2,1965,0.6
835,2,1968,0.7
835,2,1970,5.24
835,2,1971,9.5
835,2,1974,13.719999999999999
835,2,1981,0.7
835,2,1982,11.799999999999999
835,2,1983,25.9
835,2,1986,13.0
835,2,1996,7.25
835,2,1997,15.5
835,2,1998,7.25
835,2,2003,0.27
835,2,2004,0.3
835,2,2013,14.5
835,2,2014,36.25
835,2,2015,36.25
835,20,1997,1.4
835,20,2024,3.0
835,200,1965,4.5
835,200,1966,1.2
835,200,1967,18.3
835,200,1971,8.5
835,200,1972,0.45
835,200,1973,0.9
835,200,1974,0.9
835,200,1975,0.9
835,200,1976,0.45
835,200,1978,13.53
835,200,1981,0.5
835,200,1983,59.5
835,200,1984,59.5
835,210,2011,14.25
835,210,2014,4.75
835,220,1972,0.32
835,220,1978,3.0
835,220,1979,6.0
835,220,1990,3.9
835,220,1991,3.9
835,220,1999,4.32
835,220,2001,5.1
835,220,2002,0.6
835,220,2005,0.72
835,220,2006,1.44
835,220,2012,20.0
835,220,2014,10.0
835,225,1997,5.0
835,230,2024,25.0
835,255,2009,32.8
835,255,2010,32.8
835,255,2011,193.4
835,255,2014,63.0
835,260,1978,2.4
835,260,1979,4.8
835,260,1981,7.2
835,325,1982,0.48
835,380,2011,7.5
835,380,2014,2.5
835,390,2011,14.25
835,390,2014,4.75
835,830,1978,26.6
835,830,1979,53.2
835,830,2023,11.2
835,850,1997,9.0
835,900,1996,9.8
840,2,1951,2.0
840,2,1952,0.5
840,2,1953,32.0
840,2,1954,21.599999999999998
840,2,1955,28.299999999999997
840,2,1956,38.64
840,2,1957,41.96
840,2,1958,34.89
840,2,1959,28.28
840,2,1960,50.2
840,2,1961,44.269999999999996
840,2,1962,11.15
840,2,1963,4.199999999999999
840,2,1964,2.2800000000000002
840,2,1965,98.74
840,2,1966,85.07000000000001
840,2,1967,42.91
840,2,1968,16.0
840,2,1969,26.06
840,2,1970,8.56
840,2,1971,90.17
840,2,1972,50.2
840,2,1973,100.67
840,2,1974,20.75
840,2,1975,106.73
840,2,1976,236.62
840,2,1977,154.55
840,2,1978,140.32999999999998
840,2,1979,45.84
840,2,1980,62.49999999999999
840,2,1981,5.0
840,2,1982,2.7199999999999998
840,2,1983,109.69
840,2,1984,38.2
840,2,1985,22.630000000000003
840,2,1987,26.2
840,2,1988,12.0
840,2,1990,11.2
840,2,1991,13.2
840,2,1992,42.24
840,2,1993,44.64
840,2,1994,42.5
840,2,1995,3.5
840,2,1996,1.5
840,2,1997,13.55
840,2,1998,31.21
840,2,2001,9.2
840,2,2002,5.24
840,2,2003,3.14
840,2,2004,19.68
840,2,2005,6.29
840,2,2006,13.45
840,2,2007,12.21
840,2,2008,10.48
840,2,2009,0.24
840,2,2011,59.68
840,2,2012,6.0
840,2,2013,55.3
840,2,2014,12.1
840,2,2015,45.8
840,2,2016,81.67999999999999
840,2,2017,23.35
840,2,2018,2.2
840,2,2019,9.9
840,2,2020,60.5
840,2,2021,91.2
840,2,2022,4.4
840,2,2023,18.2
840,2,2024,85.7
840,2,2025,88.5
840,20,1981,5.0
840,20,1982,2.5
840,20,1989,0.8
840,20,1990,3.2
840,20,1991,3.2
840,20,2015,4.5
840,20,2019,1.5
840,20,2020,3.0
840,20,2022,3.0
840,20,2023,1.5
840,140,2020,27.0
840,140,2024,1.75
840,140,2025,3.15
840,200,1977,34.03
840,200,1981,3.0
840,200,1982,1.4999999999999998
840,200,1997,36.0
840,200,2007,3.4
840,200,2019,29.0
840,200,2020,1.0
840,210,1981,17.0
840,210,1982,8.5
840,210,2015,0.48
840,211,1996,3.0
840,211,1997,3.6
840,211,1998,0.6
840,211,2015,3.96
840,220,1997,6.0
840,220,2019,4.0
840,220,2021,3.6
840,220,2025,30.0
840,230,2015,25.0
840,230,2016,12.5
840,230,2019,12.5
840,230,2022,25.34
840,230,2023,16.45
840,230,2025,1.36
840,235,1979,2.0
840,235,1980,2.0
840,255,2013,4.4
840,255,2016,2.4
840,255,2017,2.4
840,255,2019,7.8
840,255,2020,23.8
840,255,2021,16.0
840,255,2022,0.71
840,255,2023,6.99
840,255,2024,6.0
840,255,2025,30.33
840,260,1979,28.0
840,290,2012,14.8
840,290,2013,14.8
840,325,1973,5.76
840,325,1974,5.279999999999999
840,325,1976,6.75
840,325,1977,6.75
840,325,1994,12.0
840,325,2013,8.25
840,325,2015,27.5
840,325,2020,5.25
840,325,2021,5.25
840,325,2025,10.5
840,380,2022,15.0
840,640,2004,0.3
840,640,2010,1.8
840,640,2022,42.5
840,640,2023,7.7
840,640,2024,21.5
840,640,2025,20.0
840,663,1997,6.4
840,663,2019,6.0
840,666,1983,5.95
840,666,2001,0.3
840,666,2015,6.4
840,666,2016,4.0
840,666,2017,33.08
840,666,2018,3.7
840,666,2019,47.2
840,666,2020,18.0
840,666,2022,159.4
840,666,2023,29.499999999999996
840,666,2024,98.25
840,666,2025,35.65
840,713,1989,12.8
840,732,1993,13.12
840,732,1994,6.56
840,732,1995,9.6
840,732,1996,24.0
840,732,1998,32.0
840,732,2006,9.6
840,732,2009,0.6
840,732,2015,32.9
840,732,2016,32.9
840,732,2017,131.6
840,732,2019,73.36
840,732,2020,246.25
840,732,2021,249.25
840,732,2022,15.0
840,732,2025,542.0
840,740,1958,2.28
840,740,1959,39.56
840,740,1966,0.5
840,740,1974,28.0
840,740,1979,11.09
840,740,2017,2.28
840,740,2018,3.42
840,740,2023,13.0
840,740,2024,13.0
840,740,2025,13.0
840,750,2024,58.0
840,750,2025,58.0
840,800,2003,7.2
840,800,2004,7.2
840,830,1975,16.8
840,830,2004,6.92
840,850,2016,84.85
840,850,2017,84.85
840,850,2018,7.6
840,900,1975,6.0
840,900,1976,10.5
840,900,1980,1.5
840,900,1990,1.8
840,900,2015,6.4
840,900,2016,9.6
850,2,1950,0.48
850,2,1951,0.48
850,2,1952,0.48
850,2,1953,5.880000000000001
850,2,1954,0.24
850,2,1955,1.32
850,2,1958,55.2
850,2,1960,185.10999999999999
850,2,1961,183.52
850,2,1962,14.549999999999999
850,2,1963,2.85
850,2,1964,1.9
850,2,1965,1.48
850,2,1966,7.3
850,2,1967,1.36
850,2,1968,0.4
850,2,1969,0.9
850,2,1970,19.5
850,2,1971,85.68
850,2,1972,5.16
850,2,1973,45.76
850,2,1974,71.0
850,2,1976,81.60000000000001
850,2,1977,50.160000000000004
850,2,1978,82.56
850,2,1979,54.0
850,2,1980,311.0
850,2,1981,84.0
850,2,1982,183.85
850,2,1983,117.74
850,2,1984,25.97
850,2,1985,13.1
850,2,1986,22.0
850,2,1987,0.48
850,2,1988,32.55
850,2,1989,67.95
850,2,1990,188.1
850,2,1991,2.25
850,2,1994,3.0
850,2,1995,3.0
850,2,1996,16.0
850,2,1997,4.5
850,2,1998,4.65
850,2,1999,20.9
850,2,2000,1.15
850,2,2002,0.5
850,2,2003,5.5
850,2,2004,0.5
850,2,2005,0.5
850,2,2006,9.7
850,2,2007,14.5
850,2,2008,10.0
850,2,2011,0.36
850,2,2012,0.3999999999999986
850,2,2013,25.960000000000008
850,2,2014,119.63999999999999
850,2,2015,83.89999999999999
850,2,2016,94.23
850,2,2017,245.57
850,2,2018,89.27
850,2,2019,11.34
850,2,2020,86.3
850,2,2021,101.6
850,2,2022,1.1999999999999993
850,2,2023,120.9
850,2,2024,83.13
850,2,2025,14.0
850,20,1958,1.6
850,20,1959,0.64
850,20,1960,2.4
850,20,1961,0.38
850,20,1981,7.5
850,20,1982,7.5
850,20,2003,2.1
850,20,2005,0.35
850,20,2007,0.7
850,20,2008,1.05
850,20,2011,0.35
850,20,2012,7.45
850,20,2013,4.5
850,20,2014,5.0
850,20,2015,5.0
850,20,2016,2.0
850,20,2021,2.35
850,20,2022,0.7
850,140,2012,18.0
850,140,2014,24.0
850,140,2015,48.0
850,140,2016,18.0
850,140,2020,27.0
850,200,1956,18.0
850,200,1958,3.0
850,200,1959,3.36
850,200,1960,41.22
850,200,1961,89.96000000000001
850,200,1962,8.58
850,200,1970,7.5
850,200,1975,0.6
850,200,1976,12.0
850,200,1979,6.0
850,200,1980,63.0
850,200,1981,52.5
850,200,1983,42.5
850,200,1984,25.5
850,200,1985,237.68
850,200,1986,254.92
850,200,1987,165.0
850,200,1992,29.7
850,200,1993,13.0
850,200,1994,13.06
850,200,1995,26.06
850,200,1996,191.17000000000002
850,200,1997,46.36
850,200,1998,66.6
850,200,1999,128.0
850,200,2000,66.0
850,200,2014,600.75
850,200,2015,18.0
850,200,2016,14.52
850,200,2017,26.34
850,200,2018,16.62
850,200,2019,16.5
850,200,2020,14.52
850,200,2021,16.5
850,200,2022,16.5
850,200,2023,16.5
850,200,2025,10.0
850,210,1950,194.67
850,210,1951,57.64
850,210,1952,13.59
850,210,1976,56.0
850,210,1977,9.9
850,210,1978,9.9
850,210,1979,97.6
850,210,1980,230.39
850,210,1981,60.11
850,210,1982,1.28
850,210,1986,128.98
850,210,1987,72.74
850,210,1988,174.24
850,210,1989,120.0
850,210,1990,6.0
850,210,1991,6.0
850,210,2000,14.5
850,210,2002,7.25
850,210,2004,7.25
850,210,2007,303.0
850,210,2008,151.5
850,210,2009,151.5
850,211,2013,13.2
850,211,2014,0.5
850,211,2015,5.0
850,211,2016,4.0
850,211,2017,17.07
850,211,2018,15.85
850,211,2024,14.4
850,220,1961,49.4
850,220,1962,91.6
850,220,1963,55.0
850,220,1964,10.0
850,220,1966,9.5
850,220,1969,4.9
850,220,1979,42.0
850,220,1980,96.0
850,220,1981,106.8
850,220,1982,15.8
850,220,1983,5.0
850,220,1994,0.8
850,220,1996,12.0
850,220,1997,15.120000000000001
850,220,1998,5.4
850,220,2000,7.5
850,220,2001,1.4000000000000004
850,220,2002,11.3
850,220,2003,2.8
850,220,2004,0.40000000000000036
850,220,2005,5.6
850,220,2006,23.5
850,220,2007,42.0
850,220,2008,13.7
850,220,2009,15.1
850,220,2010,27.0
850,220,2011,27.0
850,220,2012,13.5
850,220,2013,3.76
850,220,2014,10.079999999999998
850,220,2015,39.81
850,220,2016,30.580000000000002
850,220,2017,73.7
850,220,2018,20.0
850,220,2019,34.620000000000005
850,220,2020,44.09
850,220,2021,18.25
850,220,2022,18.0
850,220,2023,18.0
850,220,2024,8.0
850,220,2025,180.0
850,225,1981,3.0
850,225,1984,3.0
850,225,2014,33.0
850,225,2015,90.0
850,225,2020,57.0
850,230,2025,73.0
850,255,1993,155.09999999999997
850,255,1994,453.75
850,255,1995,209.55
850,255,1996,158.4
850,255,2000,4.799999999999997
850,255,2001,4.8
850,255,2002,4.800000000000001
850,255,2003,4.8
850,255,2004,4.800000000000001
850,255,2005,4.8
850,255,2011,0.75
850,255,2012,0.75
850,255,2013,10.06
850,255,2014,80.04
850,255,2015,31.389999999999997
850,255,2016,112.96
850,255,2017,76.44
850,255,2018,23.4
850,255,2019,3.18
850,255,2020,0.36
850,255,2021,21.0
850,255,2023,121.0
850,255,2025,28.0
850,260,1954,16.0
850,260,1955,24.0
850,260,1956,24.0
850,260,1957,16.0
850,260,1958,21.9
850,260,1959,91.9
850,260,1960,99.2
850,260,1979,4.0
850,260,1980,7.000000000000002
850,260,1981,253.0
850,290,1960,0.4
850,290,2007,8.42
850,290,2009,8.98
850,290,2016,1.12
850,305,2017,1.35
850,305,2024,14.95
850,315,1964,9.0
850,315,1965,9.0
850,316,2003,1.44
850,316,2004,0.72
850,316,2008,1.08
850,316,2016,7.6
850,316,2019,12.0
850,317,1998,8.1
850,317,2000,3.96
850,325,1958,194.0
850,325,1986,4.5
850,325,1987,4.5
850,325,2007,8.0
850,325,2008,5.25
850,325,2009,5.25
850,325,2014,8.25
850,325,2017,6.49
850,325,2018,18.59
850,325,2019,28.8
850,325,2023,12.5
850,325,2025,920.0
850,345,1958,42.0
850,345,1964,22.5
850,345,1965,12.5
850,345,1981,69.35
850,365,1958,349.2
850,365,1959,438.09999999999997
850,365,1960,119.52
850,365,1961,395.27
850,365,1962,911.12
850,365,1963,148.12
850,365,1964,552.86
850,365,1965,293.7
850,365,2002,10.8
850,365,2003,230.0
850,365,2004,29.0
850,365,2008,43.5
850,365,2009,165.0
850,365,2010,187.8
850,365,2011,63.0
850,365,2012,19.5
850,365,2013,357.0
850,365,2014,55.5
850,369,1997,1.2
850,369,1998,0.72
850,369,1999,2.5
850,369,2008,4.75
850,369,2009,4.75
850,369,2010,4.75
850,369,2011,4.75
850,369,2012,4.75
850,369,2013,4.75
850,369,2015,0.38
850,369,2016,4.369999999999999
850,369,2020,0.3
850,380,1979,9.5
850,380,1980,14.5
850,380,1982,28.25
850,380,1988,2.5
850,380,1989,2.5
850,380,1992,2.5
850,380,1993,2.5
850,380,2000,5.0
850,380,2002,2.5
850,380,2004,2.5
850,380,2017,0.2
850,380,2022,5.0
850,380,2023,5.0
850,385,2020,15.0
850,385,2021,15.0
850,390,2003,2.4
850,390,2007,4.8
850,390,2009,2.4
850,390,2011,2.4
850,390,2015,4.75
850,390,2019,2.4
850,390,2022,17.0
850,390,2023,17.0
850,560,2004,0.16
850,640,2025,43.0
850,666,1979,14.4
850,666,1980,43.2
850,666,1981,3.6
850,666,1982,28.8
850,666,1983,28.8
850,666,2012,1.2
850,666,2024,13.8
850,696,1995,26.44
850,710,1958,20.28
850,710,1959,42.0
850,710,2006,10.0
850,710,2007,3.0
850,710,2008,2.7
850,710,2010,1.5
850,710,2011,8.0
850,710,2012,10.4
850,710,2013,74.4
850,710,2014,29.400000000000002
850,710,2015,22.0
850,710,2016,24.700000000000003
850,710,2017,12.0
850,710,2019,9.0
850,710,2020,17.0
850,710,2021,1.6
850,710,2024,5.0
850,732,1979,105.0
850,732,1980,105.0
850,732,1981,126.0
850,732,1982,63.0
850,732,2000,26.4
850,732,2003,96.25
850,732,2004,5.0
850,732,2005,1.9
850,732,2007,3.8000000000000114
850,732,2008,5.7
850,732,2009,3.5999999999999943
850,732,2011,32.39999999999999
850,732,2012,6.120000000000001
850,732,2013,203.0
850,732,2014,132.12
850,732,2015,6.0
850,732,2020,6.0
850,732,2021,1.9000000000000057
850,732,2022,3.8
850,740,1959,0.19
850,740,1961,61.06
850,800,2019,1.5
850,820,1971,6.72
850,830,1997,5.0
850,830,2002,3.62
850,835,2011,24.0
850,900,1969,2.94
850,900,1970,0.48
850,900,1973,26.799999999999997
850,900,1974,2.4
850,900,1975,3.0
850,900,1976,6.0
850,900,1978,5.15
850,900,1979,8.0
850,900,1981,7.5
850,900,1982,11.46
850,900,1983,7.92
850,900,1985,7.92
850,900,1986,3.96
850,900,1997,14.1
850,900,2003,8.0
850,900,2013,18.48
850,900,2014,19.53
850,900,2015,36.96
850,900,2016,22.4
850,900,2017,33.6
850,900,2023,2.1
850,920,1972,0.16
860,710,2010,18.0
860,732,2011,14.4
900,2,1951,20.6
900,2,1952,100.0
900,2,1955,10.0
900,2,1958,115.0
900,2,1959,163.1
900,2,1960,37.26
900,2,1961,35.82
900,2,1962,198.0
900,2,1963,18.0
900,2,1964,33.8
900,2,1965,587.92
900,2,1966,375.79
900,2,1967,425.85
900,2,1968,113.37
900,2,1969,336.89
900,2,1970,179.43
900,2,1971,231.49
900,2,1972,13.75
900,2,1973,625.1
900,2,1974,802.5
900,2,1975,44.5
900,2,1976,32.5
900,2,1977,131.75
900,2,1978,789.25
900,2,1979,142.0
900,2,1980,341.25
900,2,1981,314.5
900,2,1982,61.0
900,2,1983,487.3
900,2,1984,552.0
900,2,1985,288.7
900,2,1986,201.29999999999995
900,2,1987,6.600000000000023
900,2,1988,96.34000000000003
900,2,1989,238.5
900,2,1990,110.5
900,2,1991,25.540000000000006
900,2,1992,26.600000000000023
900,2,1993,147.85000000000002
900,2,1994,255.99
900,2,1995,47.85
900,2,1996,57.71
900,2,1997,34.5
900,2,1998,18.05
900,2,1999,303.1
900,2,2000,205.4
900,2,2001,85.75
900,2,2002,104.95
900,2,2003,140.98
900,2,2004,58.2
900,2,2005,58.3
900,2,2006,311.05
900,2,2007,486.36
900,2,2008,276.4
900,2,2009,109.12
900,2,2010,908.54
900,2,2011,757.4
900,2,2012,219.05
900,2,2013,93.37
900,2,2014,114.47999999999999
900,2,2015,804.4
900,2,2016,738.1
900,2,2017,409.05999999999995
900,2,2018,185.39999999999998
900,2,2019,59.059999999999945
900,2,2020,173.55999999999995
900,2,2021,118.24000000000001
900,2,2022,122.55999999999995
900,2,2023,139.14999999999998
900,2,2024,455.3499999999999
900,2,2025,460.74999999999994
900,20,1953,1.6
900,20,1955,0.38
900,20,1957,0.76
900,20,1960,0.38
900,20,1961,0.38
900,20,1963,27.5
900,20,1964,27.5
900,20,1965,22.5
900,20,1966,26.25
900,20,1968,7.5
900,20,1969,3.75
900,20,1971,3.75
900,20,1983,35.6
900,20,1987,1.75
900,20,1988,2.8
900,20,1989,4.2
900,20,1990,6.3
900,20,1991,8.52
900,20,1996,3.7800000000000002
900,20,2017,15.8
900,20,2018,7.5
900,20,2019,19.2
900,200,1950,228.0
900,200,1951,121.38
900,200,1952,122.24999999999997
900,200,1953,36.749999999999986
900,200,1954,45.58
900,200,1955,558.58
900,200,1956,291.72
900,200,1957,129.29000000000002
900,200,1958,102.5
900,200,1959,27.0
900,200,1960,22.1
900,200,1961,5.450000000000003
900,200,1962,152.24
900,200,1963,181.60000000000002
900,200,1964,56.639999999999986
900,200,1965,0.68
900,200,1966,3.08
900,200,1967,79.8
900,200,1968,117.0
900,200,1969,191.2
900,200,1970,8.48
900,200,1971,9.32
900,200,1972,6.8
900,200,1973,17.0
900,200,1974,61.9
900,200,1975,50.0
900,200,1977,75.0
900,200,1978,110.0
900,200,1979,45.0
900,200,1980,45.0
900,200,1981,40.0
900,200,1983,30.0
900,200,1989,22.0
900,200,1996,6.0
900,200,2000,3.4200000000000017
900,200,2001,9.0
900,200,2002,117.78
900,200,2003,25.200000000000003
900,200,2004,9.0
900,200,2011,80.0
900,200,2012,48.6
900,200,2014,17.0
900,200,2015,2.0
900,200,2017,2.4
900,200,2018,10.0
900,200,2019,10.0
900,200,2024,34.65
900,200,2025,19.5
900,210,1963,8.0
900,210,1964,4.0
900,210,1965,4.0
900,210,1968,4.0
900,210,1969,20.0
900,210,1971,16.0
900,210,1973,16.0
900,210,2017,45.0
900,220,1964,7.350000000000023
900,220,1965,4.5
900,220,1966,2.0
900,220,1967,23.899999999999977
900,220,1968,2.0
900,220,1981,1.5
900,220,1982,24.75
900,220,1983,24.75
900,220,1984,23.4
900,220,1985,1.2
900,220,1996,20.0
900,220,1998,20.0
900,220,1999,15.0
900,220,2001,35.0
900,220,2002,5.0
900,220,2003,20.0
900,220,2004,5.0
900,220,2005,5.0
900,220,2006,5.0
900,220,2007,5.0
900,220,2008,10.0
900,220,2009,5.0
900,220,2010,2.0
900,220,2011,4.0
900,220,2013,4.0
900,220,2014,18.0
900,220,2015,32.0
900,220,2016,18.0
900,220,2017,8.0
900,220,2018,10.0
900,220,2019,10.0
900,225,1968,4.5
900,225,1969,2.25
900,225,1971,1.8
900,225,2017,50.0
900,225,2018,75.0
900,225,2019,120.0
900,230,2021,248.0
900,230,2023,30.0
900,255,2008,5.759999999999998
900,255,2014,6.0
900,255,2015,8.25
900,255,2016,20.25
900,255,2017,11.25
900,255,2020,9.0
900,255,2021,12.0
900,255,2024,9.0
900,255,2025,9.480000000000004
900,260,1976,52.5
900,260,1977,65.9
900,260,1978,125.0
900,260,1979,5.0
900,260,1980,5.0
900,260,1982,5.0
900,260,1983,5.0
900,260,1984,5.0
900,260,1985,5.0
900,305,2017,0.6
900,305,2018,0.6
900,305,2019,1.2
900,325,1960,9.0
900,325,1988,2.38
900,325,1989,2.38
900,325,1990,2.38
900,325,1991,2.38
900,325,1992,2.38
900,325,2007,5.5
900,325,2015,32.0
900,325,2016,32.0
900,325,2017,48.0
900,325,2018,48.0
900,325,2021,12.0
900,380,1987,8.0
900,380,1996,7.5
900,380,1998,7.5
900,380,2001,7.5
900,380,2002,7.5
900,380,2003,10.5
900,380,2004,10.5
900,380,2005,10.5
900,380,2006,10.5
900,380,2007,3.0
900,380,2012,15.0
900,380,2013,7.5
900,380,2014,7.5
900,380,2015,7.5
900,385,2012,26.0
900,385,2024,5.0
900,560,1989,0.15
900,666,1991,20.0
900,666,1992,20.0
900,666,2002,15.0
900,666,2003,12.5
900,666,2004,12.5
900,666,2005,5.0
900,666,2006,18.0
900,666,2007,19.0
900,666,2009,50.0
900,666,2010,20.0
900,710,2021,2.4
900,732,2006,30.0
900,920,1968,0.54
900,920,1974,2.25
900,920,1975,3.3
900,920,1981,0.6
900,920,1982,1.5
900,920,1991,33.6
910,2,1991,1.0
910,2,1992,1.0
910,200,1994,0.5
910,230,1991,9.0
910,230,1992,9.0
910,666,1986,8.25
910,710,2017,0.35
910,830,1996,0.75
910,830,1997,7.08
910,900,1975,32.0
910,900,1977,3.0
910,900,1978,1.5
910,900,1981,2.0
910,900,1982,4.0
910,900,1984,2.0
910,900,1987,12.0
910,900,1988,6.0
910,900,1989,6.0
910,900,1990,4.19
910,900,2014,3.2
910,900,2018,7.0
910,900,2021,14.0
910,900,2023,7.0
910,920,2018,0.9
910,920,2023,1.8
920,2,1960,4.4
920,2,1962,8.0
920,2,1965,0.72
920,2,1966,238.91
920,2,1967,3.75
920,2,1968,56.0
920,2,1970,168.26
920,2,1971,8.0
920,2,1972,8.75
920,2,1973,10.0
920,2,1974,10.0
920,2,1975,8.75
920,2,1976,2.62
920,2,1981,30.85
920,2,1983,5.0
920,2,1984,5.0
920,2,1985,7.38
920,2,1986,22.18
920,2,1988,1.5
920,2,1989,15.09
920,2,1990,12.0
920,2,1991,6.0
920,2,1992,9.0
920,2,1995,7.0
920,2,1996,7.0
920,2,1997,45.5
920,2,1998,13.02
920,2,1999,39.85
920,2,2001,45.0
920,2,2002,15.0
920,2,2003,48.150000000000006
920,2,2004,33.15
920,2,2006,0.72
920,2,2007,1.32
920,2,2008,2.88
920,2,2014,59.3
920,2,2015,83.0
920,2,2018,5.7
920,2,2019,2.85
920,2,2020,2.85
920,2,2021,4.55
920,2,2022,130.0
920,2,2023,391.29
920,2,2024,200.0
920,20,2003,61.550000000000004
920,20,2004,61.900000000000006
920,20,2014,3.5
920,20,2015,2.0
920,200,1950,41.190000000000005
920,200,1951,69.5
920,200,1952,110.7
920,200,1953,12.3
920,200,1955,35.18
920,200,1956,147.0
920,200,1957,90.0
920,200,1958,57.8
920,200,1960,110.84
920,200,1961,111.24
920,200,1963,4.86
920,200,1965,9.2
920,200,1966,167.2
920,200,1971,125.0
920,200,1972,13.9
920,200,1973,12.5
920,200,1974,0.32
920,200,1975,42.18
920,200,1976,4.76
920,200,1977,34.0
920,200,1982,61.75
920,200,1983,94.66999999999999
920,200,1985,0.96
920,200,1986,0.38
920,200,1987,4.8
920,200,1988,4.8
920,200,1989,4.8
920,200,1990,1.28
920,200,1991,2.4
920,200,1992,2.4
920,200,1993,2.4
920,200,2020,28.0
920,200,2021,31.5
920,200,2022,28.0
920,210,1990,9.5
920,210,1992,9.5
920,210,2003,43.86
920,210,2006,5.0
920,210,2007,75.0
920,210,2020,12.5
920,210,2022,12.5
920,220,1997,5.18
920,220,1998,2.25
920,220,1999,5.9
920,220,2011,14.0
920,220,2012,14.0
920,220,2013,21.0
920,220,2014,14.0
920,255,1997,251.25
920,255,1999,251.25
920,255,2010,12.0
920,255,2020,4.8
920,325,1960,3.6
920,325,1991,33.6
920,325,1992,33.6
920,325,1993,33.6
920,325,2011,11.0
920,325,2012,11.0
920,375,2007,5.0
920,380,1997,7.5
920,380,1999,7.5
920,385,2020,2.4
920,390,1988,1.5
920,390,1994,16.0
920,663,1986,6.0
920,666,2011,2.5
920,666,2012,5.0
920,666,2013,5.0
920,666,2014,2.5
920,732,1988,53.5
920,732,2020,95.8
920,900,1952,36.0
920,900,1984,36.0
920,900,1989,6.0
920,900,2014,4.4
920,900,2015,3.6
920,900,2018,0.7
920,900,2023,15.05
935,900,1987,6.0
935,900,2021,7.0
940,900,1988,6.0
940,900,1991,6.0
940,900,2019,7.0
940,900,2021,7.0
950,2,1975,8.0
950,2,1976,4.0
950,220,1990,1.3
950,220,1992,3.25
950,900,1994,6.0
950,900,1995,12.0
950,900,2017,1.4
950,900,2020,7.0
950,900,2024,15.96
955,2,1996,0.26
955,900,1989,6.0
955,900,1990,6.0
955,900,1991,6.0
955,900,2019,7.0
955,900,2020,7.0
955,920,1986,0.03
